"ID","Gender","Education","Offences","IntRate","Income","DTI","LoanAmt","HistLen","Utilisation","Age","EmpStatus","HomeOwn","Purpose","default","LoanAmt_raw"
"84574","Male","Grade 12",3,24.75,727037,1.95,1304907,1.76,15,29.1,"Contract","Mortgage","Vehicle",1,"1304907"
"84574","Male","Grade 12",3,24.75,727037,1.95,1304907,1.76,15,29.1,"Contract","Mortgage","Vehicle",1,"1304907"
"84574","Male","Grade 12",3,24.75,727037,1.95,1304907,1.76,15,29.1,"Contract","Mortgage","Vehicle",1,"1304907"
"84574","Male","Grade 12",3,24.75,727037,1.95,1304907,1.76,15,29.1,"Contract","Mortgage","Vehicle",1,"1304907"
"84574","Male","Grade 12",3,24.75,727037,1.95,1304907,1.76,15,29.1,"Contract","Mortgage","Vehicle",1,"1304907"
"84574","Male","Grade 12",3,24.75,727037,1.95,1304907,1.76,15,29.1,"Contract","Mortgage","Vehicle",1,"1304907"
"84574","Male","Grade 12",3,24.75,727037,1.95,1304907,1.76,15,29.1,"Contract","Mortgage","Vehicle",1,"1304907"
"84574","Male","Grade 12",3,24.75,727037,1.95,1304907,1.76,15,29.1,"Contract","Mortgage","Vehicle",1,"1304907"
"84574","Male","Grade 12",3,24.75,727037,1.95,1304907,1.76,15,29.1,"Contract","Mortgage","Vehicle",1,"1304907"
"84574","Male","Grade 12",3,24.75,727037,1.95,1304907,1.76,15,29.1,"Contract","Mortgage","Vehicle",1,"1304907"
"84574","Male","Grade 12",3,24.75,727037,1.95,1304907,1.76,15,29.1,"Contract","Mortgage","Vehicle",1,"1304907"
"84574","Male","Grade 12",3,24.75,727037,1.95,1304907,1.76,15,29.1,"Contract","Mortgage","Vehicle",1,"1304907"
"84574","Male","Grade 12",3,24.75,727037,1.95,1304907,1.76,15,29.1,"Contract","Mortgage","Vehicle",1,"1304907"
"84574","Male","Grade 12",3,24.75,727037,1.95,1304907,1.76,15,29.1,"Contract","Mortgage","Vehicle",1,"1304907"
"84574","Male","Grade 12",3,24.75,727037,1.95,1304907,1.76,15,29.1,"Contract","Mortgage","Vehicle",1,"1304907"
"84574","Male","Grade 12",3,24.75,727037,1.95,1304907,1.76,15,29.1,"Contract","Mortgage","Vehicle",1,"1304907"
"84574","Male","Grade 12",3,24.75,727037,1.95,1304907,1.76,15,29.1,"Contract","Mortgage","Vehicle",1,"1304907"
"84574","Male","Grade 12",3,24.75,727037,1.95,1304907,1.76,15,29.1,"Contract","Mortgage","Vehicle",1,"1304907"
"84574","Male","Grade 12",3,24.75,727037,1.95,1304907,1.76,15,29.1,"Contract","Mortgage","Vehicle",1,"1304907"
"84574","Male","Grade 12",3,24.75,727037,1.95,1304907,1.76,15,29.1,"Contract","Mortgage","Vehicle",1,"1304907"
"84574","Male","Grade 12",3,24.75,727037,1.95,1304907,1.76,15,29.1,"Contract","Mortgage","Vehicle",1,"1304907"
"90003","Male","Diploma",0,18.75,205127,1.43,716055,22.54,75.08,52.8,"Salaried","Rent","Vehicle",0,"716055"
"90003","Male","Diploma",0,18.75,205127,1.43,716055,22.54,75.08,52.8,"Salaried","Rent","Vehicle",0,"716055"
"90006","Male","Degree",1,17.75,350150,1.31,1034110,19.93,67.03,53.4,"Salaried","Mortgage","Vehicle",0,"1034110"
"90006","Male","Degree",1,17.75,350150,1.31,1034110,19.93,67.03,53.4,"Salaried","Mortgage","Vehicle",0,"1034110"
"90007","Male","Grade 12",0,34.75,5215,0.54,19525,19.69,71.6,52.5,"Unemployed","Mortgage","Debt_consolidation",1,"19525"
"90007","Male","Grade 12",0,34.75,5215,0.54,19525,19.69,71.6,52.5,"Unemployed","Mortgage","Debt_consolidation",1,"19525"
"90015","Female","Postgrad",0,32.25,2890,0.45,7806,31.13,105.99,55,"Unemployed","Rent","Debt_consolidation",0,"7806"
"90015","Female","Postgrad",0,32.25,2890,0.45,7806,31.13,105.99,55,"Unemployed","Rent","Debt_consolidation",0,"7806"
"90016","Male","Grade 12",1,18.75,324719,0.87,449911,9.34,42.05,33.3,"Salaried","Rent","Vehicle",0,"449911"
"90016","Male","Grade 12",1,18.75,324719,0.87,449911,9.34,42.05,33.3,"Salaried","Rent","Vehicle",0,"449911"
"90019","Female","No records",2,16.75,390408,1.52,902110,27.21,89.55,54.1,"Salaried","Mortgage","Home_improvement",0,"902110"
"90019","Female","No records",2,16.75,390408,1.52,902110,27.21,89.55,54.1,"Salaried","Mortgage","Home_improvement",0,"902110"
"90021","Male","Degree",0,14.25,489764,1.74,300640,22.14,78.8,56.2,"Salaried","Mortgage","Home_improvement",0,"300640"
"90021","Male","Degree",0,14.25,489764,1.74,300640,22.14,78.8,56.2,"Salaried","Mortgage","Home_improvement",0,"300640"
"90025","Male","Degree",1,22.75,1426910,2.22,3570464,34.37,114.94,68.1,"Self-employed","Own","Debt_consolidation",0,"3570464"
"90025","Male","Degree",1,22.75,1426910,2.22,3570464,34.37,114.94,68.1,"Self-employed","Own","Debt_consolidation",0,"3570464"
"90035","Female","Grade 12",0,23.25,436553,0.9,1589856,38.98,126.14,67.8,"Salaried","Rent","Other",0,"1589856"
"90035","Female","Grade 12",0,23.25,436553,0.9,1589856,38.98,126.14,67.8,"Salaried","Rent","Other",0,"1589856"
"90039","Male","Postgrad",2,18.25,556184,1.4,1544634,5.87,27.54,31.7,"Salaried","Mortgage","Home_improvement",0,"1544634"
"90039","Male","Postgrad",2,18.25,556184,1.4,1544634,5.87,27.54,31.7,"Salaried","Mortgage","Home_improvement",0,"1544634"
"90041","Male","Grade 12",1,33.25,4138,0.45,3555,13.15,49.51,40,"Unemployed","Rent","Other",0,"3555"
"90041","Male","Grade 12",1,33.25,4138,0.45,3555,13.15,49.51,40,"Unemployed","Rent","Other",0,"3555"
"90043","Male","Diploma",1,19.25,398954,1.45,1187624,18.18,60.8,52,"Salaried","Own","Debt_consolidation",0,"1187624"
"90043","Male","Diploma",1,19.25,398954,1.45,1187624,18.18,60.8,52,"Salaried","Own","Debt_consolidation",0,"1187624"
"90053","Male","No records",0,19.25,223243,1.36,184539,11.42,44.67,39.8,"Salaried","Own","Debt_consolidation",0,"184539"
"90053","Male","No records",0,19.25,223243,1.36,184539,11.42,44.67,39.8,"Salaried","Own","Debt_consolidation",0,"184539"
"90062","Male","Diploma",1,17.75,430067,1.39,655662,19.44,69.36,43.8,"Salaried","Mortgage","Vehicle",0,"655662"
"90062","Male","Diploma",1,17.75,430067,1.39,655662,19.44,69.36,43.8,"Salaried","Mortgage","Vehicle",0,"655662"
"90084","Male","No records",2,16.75,469278,1.57,470294,7.39,36.27,32,"Salaried","Mortgage","Home_improvement",1,"470294"
"90084","Male","No records",2,16.75,469278,1.57,470294,7.39,36.27,32,"Salaried","Mortgage","Home_improvement",1,"470294"
"90095","Male","Grade 12",0,19.25,578437,1.99,1537593,15.96,63.01,41.9,"Salaried","Own","Debt_consolidation",1,"1537593"
"90095","Male","Grade 12",0,19.25,578437,1.99,1537593,15.96,63.01,41.9,"Salaried","Own","Debt_consolidation",1,"1537593"
"90099","Female","No records",3,16.75,379738,1.09,665987,13.61,54.06,43.1,"Salaried","Mortgage","Home_improvement",0,"665987"
"90099","Female","No records",3,16.75,379738,1.09,665987,13.61,54.06,43.1,"Salaried","Mortgage","Home_improvement",0,"665987"
"90100","Female","Diploma",1,17.75,306618,1.45,742943,14.72,54.55,49.6,"Salaried","Mortgage","Vehicle",0,"742943"
"90100","Female","Diploma",1,17.75,306618,1.45,742943,14.72,54.55,49.6,"Salaried","Mortgage","Vehicle",0,"742943"
"90128","Male","Grade 12",1,18.25,293173,1.55,1017950,3.95,21.14,31.3,"Salaried","Mortgage","Home_improvement",0,"1017950"
"90128","Male","Grade 12",1,18.25,293173,1.55,1017950,3.95,21.14,31.3,"Salaried","Mortgage","Home_improvement",0,"1017950"
"90132","Female","Grade 12",0,25.25,2323307,1.64,8709853,33.44,108.99,68.3,"Self-employed","Rent","Other",1,"8709853"
"90132","Female","Grade 12",0,25.25,2323307,1.64,8709853,33.44,108.99,68.3,"Self-employed","Rent","Other",1,"8709853"
"90136","Female","Grade 12",0,18.25,463720,1.57,1292740,3.45,19.53,34.1,"Salaried","Mortgage","Home_improvement",1,"1292740"
"90136","Female","Grade 12",0,18.25,463720,1.57,1292740,3.45,19.53,34.1,"Salaried","Mortgage","Home_improvement",1,"1292740"
"90140","Male","Diploma",0,17.75,187944,1.06,518766,13.76,54.75,38,"Salaried","Mortgage","Vehicle",0,"518766"
"90140","Male","Diploma",0,17.75,187944,1.06,518766,13.76,54.75,38,"Salaried","Mortgage","Vehicle",0,"518766"
"90141","Male","Diploma",2,18.75,573702,2.43,368397,38.83,128.61,62.2,"Self-employed","Mortgage","Vehicle",1,"368397"
"90141","Male","Diploma",2,18.75,573702,2.43,368397,38.83,128.61,62.2,"Self-employed","Mortgage","Vehicle",1,"368397"
"90155","Male","Diploma",2,18.75,442052,0.96,1315611,23.37,83.32,52.5,"Salaried","Rent","Vehicle",0,"1315611"
"90155","Male","Diploma",2,18.75,442052,0.96,1315611,23.37,83.32,52.5,"Salaried","Rent","Vehicle",0,"1315611"
"90156","Female","Grade 12",0,25.25,3043681,2.24,10475612,36.37,116.59,66.1,"Self-employed","Rent","Other",1,"10475612"
"90156","Female","Grade 12",0,25.25,3043681,2.24,10475612,36.37,116.59,66.1,"Self-employed","Rent","Other",1,"10475612"
"90157","Male","Diploma",0,15.25,305706,0.97,120220,11.51,43.21,35.1,"Salaried","Mortgage","Vehicle",0,"120220"
"90157","Male","Diploma",0,15.25,305706,0.97,120220,11.51,43.21,35.1,"Salaried","Mortgage","Vehicle",0,"120220"
"90159","Female","Grade 12",0,17.75,272556,1.39,630197,32.42,108.54,55,"Salaried","Mortgage","Vehicle",0,"630197"
"90159","Female","Grade 12",0,17.75,272556,1.39,630197,32.42,108.54,55,"Salaried","Mortgage","Vehicle",0,"630197"
"90173","Female","Diploma",2,34.75,6005,0.57,10777,15.62,51.4,49.6,"Unemployed","Mortgage","Debt_consolidation",1,"10777"
"90173","Female","Diploma",2,34.75,6005,0.57,10777,15.62,51.4,49.6,"Unemployed","Mortgage","Debt_consolidation",1,"10777"
"90182","Male","Grade 12",1,16.75,283755,0.92,468380,29.99,101.1,53.3,"Salaried","Mortgage","Home_improvement",1,"468380"
"90182","Male","Grade 12",1,16.75,283755,0.92,468380,29.99,101.1,53.3,"Salaried","Mortgage","Home_improvement",1,"468380"
"90186","Female","Grade 12",0,18.25,291425,1.46,652660,30.39,104.53,65.2,"Salaried","Mortgage","Home_improvement",1,"652660"
"90186","Female","Grade 12",0,18.25,291425,1.46,652660,30.39,104.53,65.2,"Salaried","Mortgage","Home_improvement",1,"652660"
"90189","Female","Postgrad",2,18.75,412903,1.99,316855,12.1,45.55,46.3,"Salaried","Rent","Vehicle",0,"316855"
"90189","Female","Postgrad",2,18.75,412903,1.99,316855,12.1,45.55,46.3,"Salaried","Rent","Vehicle",0,"316855"
"90199","Female","Degree",0,18.25,181915,1.28,628804,3.46,18.92,26.8,"Salaried","Mortgage","Home_improvement",1,"628804"
"90199","Female","Degree",0,18.25,181915,1.28,628804,3.46,18.92,26.8,"Salaried","Mortgage","Home_improvement",1,"628804"
"90210","Female","Diploma",0,16.75,552238,1.2,283628,36.6,119.62,63.8,"Salaried","Mortgage","Vehicle",1,"283628"
"90210","Female","Diploma",0,16.75,552238,1.2,283628,36.6,119.62,63.8,"Salaried","Mortgage","Vehicle",1,"283628"
"90241","Female","No records",1,22.75,519029,1.19,956042,0.64,7.43,24.9,"Salaried","Mortgage","Vehicle",0,"956042"
"90241","Female","No records",1,22.75,519029,1.19,956042,0.64,7.43,24.9,"Salaried","Mortgage","Vehicle",0,"956042"
"90266","Male","Diploma",0,23.25,397886,1.54,1043837,5.1,21.41,27.3,"Salaried","Rent","Other",1,"1043837"
"90266","Male","Diploma",0,23.25,397886,1.54,1043837,5.1,21.41,27.3,"Salaried","Rent","Other",1,"1043837"
"90280","Female","Grade 12",0,17.75,302746,1.67,410426,25.25,85.78,58.2,"Salaried","Mortgage","Vehicle",0,"410426"
"90280","Female","Grade 12",0,17.75,302746,1.67,410426,25.25,85.78,58.2,"Salaried","Mortgage","Vehicle",0,"410426"
"90291","Female","Diploma",1,20.25,516206,1.67,277345,28.25,96.54,60.9,"Self-employed","Own","Debt_consolidation",1,"277345"
"90291","Female","Diploma",1,20.25,516206,1.67,277345,28.25,96.54,60.9,"Self-employed","Own","Debt_consolidation",1,"277345"
"90295","Male","Diploma",1,17.75,458392,1.6,1203033,29.08,94.18,59.6,"Salaried","Mortgage","Vehicle",0,"1203033"
"90295","Male","Diploma",1,17.75,458392,1.6,1203033,29.08,94.18,59.6,"Salaried","Mortgage","Vehicle",0,"1203033"
"90307","Male","No records",1,25.25,2672592,2.08,4477423,39.45,127.69,73.7,"Self-employed","Rent","Other",1,"4477423"
"90307","Male","No records",1,25.25,2672592,2.08,4477423,39.45,127.69,73.7,"Self-employed","Rent","Other",1,"4477423"
"90315","Male","Degree",2,15.75,463792,0.69,287468,39.85,130.56,67,"Salaried","Mortgage","Home_improvement",1,"287468"
"90315","Male","Degree",2,15.75,463792,0.69,287468,39.85,130.56,67,"Salaried","Mortgage","Home_improvement",1,"287468"
"90318","Female","No records",0,21.75,345653,1.42,359606,25.05,83.33,54.4,"Salaried","Rent","Other",0,"359606"
"90318","Female","No records",0,21.75,345653,1.42,359606,25.05,83.33,54.4,"Salaried","Rent","Other",0,"359606"
"90322","Male","Postgrad",0,17.75,130519,1.52,155956,18.51,68.35,48.6,"Salaried","Mortgage","Vehicle",0,"155956"
"90322","Male","Postgrad",0,17.75,130519,1.52,155956,18.51,68.35,48.6,"Salaried","Mortgage","Vehicle",0,"155956"
"90326","Female","Grade 12",4,17.75,176049,1.55,328187,10.97,48.11,39.3,"Salaried","Mortgage","Vehicle",0,"328187"
"90326","Female","Grade 12",4,17.75,176049,1.55,328187,10.97,48.11,39.3,"Salaried","Mortgage","Vehicle",0,"328187"
"90328","Male","Postgrad",1,18.75,647261,2.34,466282,29.21,95.45,54.5,"Self-employed","Mortgage","Home_improvement",1,"466282"
"90328","Male","Postgrad",1,18.75,647261,2.34,466282,29.21,95.45,54.5,"Self-employed","Mortgage","Home_improvement",1,"466282"
"90329","Male","Grade 12",0,22.75,249767,1.12,620440,0.61,10.35,35.1,"Salaried","Own","Debt_consolidation",1,"620440"
"90329","Male","Grade 12",0,22.75,249767,1.12,620440,0.61,10.35,35.1,"Salaried","Own","Debt_consolidation",1,"620440"
"90330","Female","Grade 12",3,23.75,564678,1.52,1225348,18.49,60.52,45.5,"Self-employed","Rent","Other",1,"1225348"
"90330","Female","Grade 12",3,23.75,564678,1.52,1225348,18.49,60.52,45.5,"Self-employed","Rent","Other",1,"1225348"
"90348","Female","Grade 12",1,17.25,1762965,1.67,1004702,26.4,95.44,52.4,"Self-employed","Mortgage","Vehicle",1,"1004702"
"90348","Female","Grade 12",1,17.25,1762965,1.67,1004702,26.4,95.44,52.4,"Self-employed","Mortgage","Vehicle",1,"1004702"
"90366","Male","Degree",0,25.25,948900,1.83,1832393,13.44,51.48,40.1,"Contract","Rent","Other",1,"1832393"
"90366","Male","Degree",0,25.25,948900,1.83,1832393,13.44,51.48,40.1,"Contract","Rent","Other",1,"1832393"
"90378","Female","No records",0,25.25,582082,1.97,1153449,10.07,43.65,43.4,"Contract","Rent","Other",0,"1153449"
"90378","Female","No records",0,25.25,582082,1.97,1153449,10.07,43.65,43.4,"Contract","Rent","Other",0,"1153449"
"90384","Female","Degree",1,18.75,3217720,1.93,5626485,15.75,57.8,50.2,"Self-employed","Mortgage","Home_improvement",0,"5626485"
"90384","Female","Degree",1,18.75,3217720,1.93,5626485,15.75,57.8,50.2,"Self-employed","Mortgage","Home_improvement",0,"5626485"
"90389","Male","Diploma",1,23.75,965868,1.92,2137705,25.27,90.43,52.6,"Self-employed","Rent","Other",1,"2137705"
"90389","Male","Diploma",1,23.75,965868,1.92,2137705,25.27,90.43,52.6,"Self-employed","Rent","Other",1,"2137705"
"90398","Female","Grade 12",2,16.75,110657,1,330191,8.4,39.27,32.4,"Salaried","Mortgage","Home_improvement",0,"330191"
"90398","Female","Grade 12",2,16.75,110657,1,330191,8.4,39.27,32.4,"Salaried","Mortgage","Home_improvement",0,"330191"
"90413","Female","Degree",1,21.25,310106,2.05,550930,13.56,52.21,40.8,"Contract","Mortgage","Vehicle",1,"550930"
"90413","Female","Degree",1,21.25,310106,2.05,550930,13.56,52.21,40.8,"Contract","Mortgage","Vehicle",1,"550930"
"90422","Male","No records",1,16.75,292462,2.27,592582,18.04,62.59,52.1,"Salaried","Mortgage","Home_improvement",1,"592582"
"90422","Male","No records",1,16.75,292462,2.27,592582,18.04,62.59,52.1,"Salaried","Mortgage","Home_improvement",1,"592582"
"90433","Male","No records",0,16.75,265296,1.48,902957,16.61,61.57,51.3,"Salaried","Mortgage","Home_improvement",0,"902957"
"90433","Male","No records",0,16.75,265296,1.48,902957,16.61,61.57,51.3,"Salaried","Mortgage","Home_improvement",0,"902957"
"90436","Female","No records",0,20.75,227992,1.18,400380,34.17,116.31,64.2,"Salaried","Own","Debt_consolidation",1,"400380"
"90436","Female","No records",0,20.75,227992,1.18,400380,34.17,116.31,64.2,"Salaried","Own","Debt_consolidation",1,"400380"
"90457","Female","Degree",0,25.25,1573002,2.33,4540291,21.55,78.02,45,"Contract","Rent","Other",1,"4540291"
"90457","Female","Degree",0,25.25,1573002,2.33,4540291,21.55,78.02,45,"Contract","Rent","Other",1,"4540291"
"90461","Male","Degree",0,19.25,174998,1.45,222533,20.83,75.1,45.8,"Salaried","Own","Debt_consolidation",0,"222533"
"90461","Male","Degree",0,19.25,174998,1.45,222533,20.83,75.1,45.8,"Salaried","Own","Debt_consolidation",0,"222533"
"90464","Male","Grade 12",1,35,7098,0.49,9574,29.94,106.77,57,"Unemployed","Rent","Debt_consolidation",1,"9574"
"90464","Male","Grade 12",1,35,7098,0.49,9574,29.94,106.77,57,"Unemployed","Rent","Debt_consolidation",1,"9574"
"90465","Male","No records",0,25.25,2018849,2.13,1796669,30.41,101.74,63.4,"Self-employed","Rent","Other",1,"1796669"
"90465","Male","No records",0,25.25,2018849,2.13,1796669,30.41,101.74,63.4,"Self-employed","Rent","Other",1,"1796669"
"90468","Male","No records",0,35,5726,0.51,18658,16.36,56.09,39.4,"Unemployed","Rent","Debt_consolidation",1,"18658"
"90468","Male","No records",0,35,5726,0.51,18658,16.36,56.09,39.4,"Unemployed","Rent","Debt_consolidation",1,"18658"
"90477","Female","Diploma",0,22.75,383963,1.79,729436,36.66,121.62,70.4,"Contract","Mortgage","Vehicle",1,"729436"
"90477","Female","Diploma",0,22.75,383963,1.79,729436,36.66,121.62,70.4,"Contract","Mortgage","Vehicle",1,"729436"
"90482","Male","Grade 12",0,20.25,526058,1.63,1441736,37.67,113.86,61.5,"Salaried","Rent","Vehicle",0,"1441736"
"90482","Male","Grade 12",0,20.25,526058,1.63,1441736,37.67,113.86,61.5,"Salaried","Rent","Vehicle",0,"1441736"
"90493","Female","No records",2,35,5144,0.58,10372,24.81,90.6,47,"Unemployed","Rent","Debt_consolidation",1,"10372"
"90493","Female","No records",2,35,5144,0.58,10372,24.81,90.6,47,"Unemployed","Rent","Debt_consolidation",1,"10372"
"90494","Female","Grade 12",0,20.25,266195,1.24,522366,3.17,13.68,30.9,"Salaried","Rent","Vehicle",0,"522366"
"90494","Female","Grade 12",0,20.25,266195,1.24,522366,3.17,13.68,30.9,"Salaried","Rent","Vehicle",0,"522366"
"90495","Female","Grade 12",1,18.75,865920,1.83,451590,16.1,59.86,40.3,"Contract","Mortgage","Vehicle",0,"451590"
"90495","Female","Grade 12",1,18.75,865920,1.83,451590,16.1,59.86,40.3,"Contract","Mortgage","Vehicle",0,"451590"
"90512","Male","No records",2,20.25,301775,1.55,963058,30.77,98.43,62.6,"Salaried","Rent","Vehicle",1,"963058"
"90512","Male","No records",2,20.25,301775,1.55,963058,30.77,98.43,62.6,"Salaried","Rent","Vehicle",1,"963058"
"90513","Female","No records",2,21.25,141237,1.38,44034,16.65,59.34,46.1,"Contract","Rent","Other",1,"44034"
"90513","Female","No records",2,21.25,141237,1.38,44034,16.65,59.34,46.1,"Contract","Rent","Other",1,"44034"
"90516","Male","Grade 12",0,17.75,291993,1.88,399502,19.63,65.27,46.2,"Salaried","Mortgage","Vehicle",1,"399502"
"90516","Male","Grade 12",0,17.75,291993,1.88,399502,19.63,65.27,46.2,"Salaried","Mortgage","Vehicle",1,"399502"
"90519","Male","Diploma",0,16.75,415382,1.03,358885,16.06,56.35,49.8,"Salaried","Mortgage","Home_improvement",0,"358885"
"90519","Male","Diploma",0,16.75,415382,1.03,358885,16.06,56.35,49.8,"Salaried","Mortgage","Home_improvement",0,"358885"
"90529","Male","Diploma",0,21.25,551335,1.37,1398583,31.89,103.11,64.2,"Self-employed","Mortgage","Vehicle",1,"1398583"
"90529","Male","Diploma",0,21.25,551335,1.37,1398583,31.89,103.11,64.2,"Self-employed","Mortgage","Vehicle",1,"1398583"
"90534","Female","No records",0,18.75,118717,1.97,236299,7.34,31.69,42.2,"Salaried","Rent","Vehicle",0,"236299"
"90534","Female","No records",0,18.75,118717,1.97,236299,7.34,31.69,42.2,"Salaried","Rent","Vehicle",0,"236299"
"90537","Male","Diploma",2,18.25,307200,1.71,1163335,39.42,127.02,73.8,"Salaried","Mortgage","Home_improvement",1,"1163335"
"90537","Male","Diploma",2,18.25,307200,1.71,1163335,39.42,127.02,73.8,"Salaried","Mortgage","Home_improvement",1,"1163335"
"90541","Female","Diploma",1,35,2995,0.56,9814,14.13,53.38,42.8,"Unemployed","Rent","Other",1,"9814"
"90541","Female","Diploma",1,35,2995,0.56,9814,14.13,53.38,42.8,"Unemployed","Rent","Other",1,"9814"
"90551","Female","No records",0,16.75,195994,1.53,695243,17.04,62.32,46.3,"Salaried","Mortgage","Home_improvement",0,"695243"
"90551","Female","No records",0,16.75,195994,1.53,695243,17.04,62.32,46.3,"Salaried","Mortgage","Home_improvement",0,"695243"
"90566","Female","No records",1,19.25,199616,1.54,467034,6.69,26.72,35.4,"Salaried","Mortgage","Vehicle",0,"467034"
"90566","Female","No records",1,19.25,199616,1.54,467034,6.69,26.72,35.4,"Salaried","Mortgage","Vehicle",0,"467034"
"90575","Female","Grade 12",0,18.75,683844,1.17,1026998,34.08,115.79,57.8,"Salaried","Rent","Vehicle",0,"1026998"
"90575","Female","Grade 12",0,18.75,683844,1.17,1026998,34.08,115.79,57.8,"Salaried","Rent","Vehicle",0,"1026998"
"90591","Female","Grade 12",0,18.25,243295,0.95,431637,3.08,17.9,30.6,"Salaried","Mortgage","Home_improvement",0,"431637"
"90591","Female","Grade 12",0,18.25,243295,0.95,431637,3.08,17.9,30.6,"Salaried","Mortgage","Home_improvement",0,"431637"
"90594","Male","No records",0,35,4023,0.52,6877,4.53,24.48,35,"Unemployed","Rent","Debt_consolidation",0,"6877"
"90594","Male","No records",0,35,4023,0.52,6877,4.53,24.48,35,"Unemployed","Rent","Debt_consolidation",0,"6877"
"90610","Female","Diploma",1,21.25,717548,1.6,322607,32.1,111.14,61.3,"Contract","Rent","Vehicle",0,"322607"
"90610","Female","Diploma",1,21.25,717548,1.6,322607,32.1,111.14,61.3,"Contract","Rent","Vehicle",0,"322607"
"90627","Male","Grade 12",0,17.75,384764,0.67,264650,11.66,42.18,38.6,"Salaried","Mortgage","Vehicle",0,"264650"
"90627","Male","Grade 12",0,17.75,384764,0.67,264650,11.66,42.18,38.6,"Salaried","Mortgage","Vehicle",0,"264650"
"90631","Female","Grade 12",0,23.75,1354487,1.79,2705963,31.1,105.06,61.5,"Contract","Rent","Vehicle",1,"2705963"
"90631","Female","Grade 12",0,23.75,1354487,1.79,2705963,31.1,105.06,61.5,"Contract","Rent","Vehicle",1,"2705963"
"90649","Male","No records",2,23.75,301242,1.37,784083,1.6,14.74,24.4,"Salaried","Rent","Vehicle",1,"784083"
"90649","Male","No records",2,23.75,301242,1.37,784083,1.6,14.74,24.4,"Salaried","Rent","Vehicle",1,"784083"
"90659","Female","No records",0,21.75,349995,0.82,1160269,17.45,62.17,51.4,"Salaried","Rent","Other",0,"1160269"
"90659","Female","No records",0,21.75,349995,0.82,1160269,17.45,62.17,51.4,"Salaried","Rent","Other",0,"1160269"
"90660","Female","Degree",2,16.25,392955,2.01,136899,30.88,106.55,56.5,"Salaried","Rent","Vehicle",1,"136899"
"90660","Female","Degree",2,16.25,392955,2.01,136899,30.88,106.55,56.5,"Salaried","Rent","Vehicle",1,"136899"
"90666","Female","Postgrad",0,19.25,588218,1.49,1699681,31.33,108.73,62.6,"Salaried","Mortgage","Vehicle",0,"1699681"
"90666","Female","Postgrad",0,19.25,588218,1.49,1699681,31.33,108.73,62.6,"Salaried","Mortgage","Vehicle",0,"1699681"
"90705","Female","Grade 12",0,22.25,784170,1.66,1938497,18.3,63.56,44.9,"Contract","Rent","Vehicle",0,"1938497"
"90705","Female","Grade 12",0,22.25,784170,1.66,1938497,18.3,63.56,44.9,"Contract","Rent","Vehicle",0,"1938497"
"90729","Male","No records",0,27.25,6288,0.34,2591,10.79,43.31,41.7,"Unemployed","Rent","Debt_consolidation",1,"2591"
"90729","Male","No records",0,27.25,6288,0.34,2591,10.79,43.31,41.7,"Unemployed","Rent","Debt_consolidation",1,"2591"
"90744","Male","Degree",0,17.75,285074,1.8,360363,15.08,55.52,48.2,"Salaried","Mortgage","Vehicle",1,"360363"
"90744","Male","Degree",0,17.75,285074,1.8,360363,15.08,55.52,48.2,"Salaried","Mortgage","Vehicle",1,"360363"
"90745","Male","Grade 12",0,19.25,278541,1.6,488028,12.62,47.41,35.2,"Salaried","Own","Debt_consolidation",1,"488028"
"90745","Male","Grade 12",0,19.25,278541,1.6,488028,12.62,47.41,35.2,"Salaried","Own","Debt_consolidation",1,"488028"
"90750","Female","No records",0,35,5165,0.46,11129,35.54,117.06,59.6,"Unemployed","Rent","Debt_consolidation",0,"11129"
"90750","Female","No records",0,35,5165,0.46,11129,35.54,117.06,59.6,"Unemployed","Rent","Debt_consolidation",0,"11129"
"90757","Female","Grade 12",0,19.25,338148,1.56,478003,15.65,61.24,42.6,"Salaried","Own","Debt_consolidation",0,"478003"
"90757","Female","Grade 12",0,19.25,338148,1.56,478003,15.65,61.24,42.6,"Salaried","Own","Debt_consolidation",0,"478003"
"90780","Female","Diploma",0,19.25,362370,1.78,1177280,22.29,76.36,55.7,"Salaried","Own","Debt_consolidation",0,"1177280"
"90780","Female","Diploma",0,19.25,362370,1.78,1177280,22.29,76.36,55.7,"Salaried","Own","Debt_consolidation",0,"1177280"
"90796","Male","Diploma",2,19.25,318232,1.19,849875,13.76,47.32,38.6,"Salaried","Own","Debt_consolidation",0,"849875"
"90796","Male","Diploma",2,19.25,318232,1.19,849875,13.76,47.32,38.6,"Salaried","Own","Debt_consolidation",0,"849875"
"90805","Male","Grade 12",0,23.75,3270128,1.41,3696447,22.29,75.09,55.6,"Self-employed","Rent","Other",0,"3696447"
"90805","Male","Grade 12",0,23.75,3270128,1.41,3696447,22.29,75.09,55.6,"Self-employed","Rent","Other",0,"3696447"
"90807","Male","Degree",1,18.75,683117,1.44,2507726,19.25,67.14,52,"Salaried","Rent","Vehicle",0,"2507726"
"90807","Male","Degree",1,18.75,683117,1.44,2507726,19.25,67.14,52,"Salaried","Rent","Vehicle",0,"2507726"
"90821","Male","No records",0,34.75,2717,0.56,9070,22.62,75.01,46.5,"Unemployed","Mortgage","Debt_consolidation",1,"9070"
"90821","Male","No records",0,34.75,2717,0.56,9070,22.62,75.01,46.5,"Unemployed","Mortgage","Debt_consolidation",1,"9070"
"90834","Male","Degree",0,19.25,211011,1.28,168655,13.66,47.71,36.4,"Salaried","Own","Debt_consolidation",0,"168655"
"90834","Male","Degree",0,19.25,211011,1.28,168655,13.66,47.71,36.4,"Salaried","Own","Debt_consolidation",0,"168655"
"90841","Male","Grade 12",0,16.25,575401,1.74,237587,27.4,95.18,51.6,"Salaried","Rent","Vehicle",0,"237587"
"90841","Male","Grade 12",0,16.25,575401,1.74,237587,27.4,95.18,51.6,"Salaried","Rent","Vehicle",0,"237587"
"90855","Female","Grade 12",0,16.75,374068,1.46,418559,8.01,31.25,33,"Salaried","Mortgage","Home_improvement",0,"418559"
"90855","Female","Grade 12",0,16.75,374068,1.46,418559,8.01,31.25,33,"Salaried","Mortgage","Home_improvement",0,"418559"
"90909","Male","Diploma",4,21.25,788079,1.52,1875998,25.88,84.72,52.3,"Contract","Mortgage","Vehicle",0,"1875998"
"90909","Male","Diploma",4,21.25,788079,1.52,1875998,25.88,84.72,52.3,"Contract","Mortgage","Vehicle",0,"1875998"
"90918","Male","Diploma",2,23.75,3083801,2.35,10148983,25.54,84.63,56.7,"Self-employed","Rent","Other",1,"10148983"
"90918","Male","Diploma",2,23.75,3083801,2.35,10148983,25.54,84.63,56.7,"Self-employed","Rent","Other",1,"10148983"
"90925","Female","Degree",0,18.75,456833,1.22,486897,28.68,98.73,59.2,"Salaried","Rent","Vehicle",1,"486897"
"90925","Female","Degree",0,18.75,456833,1.22,486897,28.68,98.73,59.2,"Salaried","Rent","Vehicle",1,"486897"
"90948","Female","Diploma",0,21.75,314054,1.45,794589,22.86,77.51,52.6,"Salaried","Rent","Other",0,"794589"
"90948","Female","Diploma",0,21.75,314054,1.45,794589,22.86,77.51,52.6,"Salaried","Rent","Other",0,"794589"
"90949","Male","Grade 12",0,21.25,905570,1.39,1056175,4.36,20.64,31.4,"Self-employed","Mortgage","Vehicle",0,"1056175"
"90949","Male","Grade 12",0,21.25,905570,1.39,1056175,4.36,20.64,31.4,"Self-employed","Mortgage","Vehicle",0,"1056175"
"90951","Female","Diploma",0,16.75,391963,1.59,427559,15.66,62.59,43,"Salaried","Mortgage","Home_improvement",0,"427559"
"90951","Female","Diploma",0,16.75,391963,1.59,427559,15.66,62.59,43,"Salaried","Mortgage","Home_improvement",0,"427559"
"90963","Male","Grade 12",0,21.75,107769,1.3,73139,2.33,14.31,24.4,"Salaried","Mortgage","Home_improvement",0,"73139"
"90963","Male","Grade 12",0,21.75,107769,1.3,73139,2.33,14.31,24.4,"Salaried","Mortgage","Home_improvement",0,"73139"
"90964","Female","Grade 12",0,17.75,333526,1.52,732707,17.64,62.68,51.2,"Salaried","Mortgage","Vehicle",0,"732707"
"90964","Female","Grade 12",0,17.75,333526,1.52,732707,17.64,62.68,51.2,"Salaried","Mortgage","Vehicle",0,"732707"
"90973","Male","No records",1,17.75,383153,1.56,608303,8.97,42.32,40.5,"Salaried","Mortgage","Vehicle",0,"608303"
"90973","Male","No records",1,17.75,383153,1.56,608303,8.97,42.32,40.5,"Salaried","Mortgage","Vehicle",0,"608303"
"90991","Male","No records",0,25.25,1829556,2.05,5864096,3.87,13.83,27.3,"Self-employed","Rent","Other",1,"5864096"
"90991","Male","No records",0,25.25,1829556,2.05,5864096,3.87,13.83,27.3,"Self-employed","Rent","Other",1,"5864096"
"91007","Male","Grade 12",0,18.75,834831,1.42,2041861,14.76,50.42,43.8,"Salaried","Rent","Vehicle",0,"2041861"
"91007","Male","Grade 12",0,18.75,834831,1.42,2041861,14.76,50.42,43.8,"Salaried","Rent","Vehicle",0,"2041861"
"91014","Male","Grade 12",1,16.25,3012826,2.36,1666978,22.78,77.15,51.9,"Self-employed","Mortgage","Home_improvement",1,"1666978"
"91014","Male","Grade 12",1,16.25,3012826,2.36,1666978,22.78,77.15,51.9,"Self-employed","Mortgage","Home_improvement",1,"1666978"
"91016","Female","Grade 12",0,21.25,1160314,1.7,1091831,7.13,33.63,36.9,"Contract","Mortgage","Vehicle",1,"1091831"
"91016","Female","Grade 12",0,21.25,1160314,1.7,1091831,7.13,33.63,36.9,"Contract","Mortgage","Vehicle",1,"1091831"
"91020","Male","No records",0,25.25,3256916,1.78,8175536,6.85,31.93,41.8,"Self-employed","Rent","Other",0,"8175536"
"91020","Male","No records",0,25.25,3256916,1.78,8175536,6.85,31.93,41.8,"Self-employed","Rent","Other",0,"8175536"
"91032","Female","Grade 12",0,20.75,314991,2.05,453419,32.65,105.47,62.6,"Salaried","Own","Debt_consolidation",1,"453419"
"91032","Female","Grade 12",0,20.75,314991,2.05,453419,32.65,105.47,62.6,"Salaried","Own","Debt_consolidation",1,"453419"
"91040","Male","Grade 12",0,19.25,691295,1.4,503330,6.84,27.9,37.6,"Salaried","Mortgage","Vehicle",0,"503330"
"91040","Male","Grade 12",0,19.25,691295,1.4,503330,6.84,27.9,37.6,"Salaried","Mortgage","Vehicle",0,"503330"
"91049","Male","Grade 12",0,22.25,212409,1.8,377896,14.03,50.44,46.3,"Contract","Rent","Vehicle",0,"377896"
"91049","Male","Grade 12",0,22.25,212409,1.8,377896,14.03,50.44,46.3,"Contract","Rent","Vehicle",0,"377896"
"91054","Female","Diploma",0,24.75,499744,1.46,1889280,5.79,28.5,37.3,"Contract","Mortgage","Debt_consolidation",0,"1889280"
"91054","Female","Diploma",0,24.75,499744,1.46,1889280,5.79,28.5,37.3,"Contract","Mortgage","Debt_consolidation",0,"1889280"
"91077","Female","Diploma",0,16.75,463041,1.17,1006495,18.94,64.37,52.1,"Salaried","Mortgage","Home_improvement",0,"1006495"
"91077","Female","Diploma",0,16.75,463041,1.17,1006495,18.94,64.37,52.1,"Salaried","Mortgage","Home_improvement",0,"1006495"
"91088","Male","Diploma",1,18.75,357102,1.31,358509,24.37,81.04,54.6,"Salaried","Rent","Vehicle",1,"358509"
"91088","Male","Diploma",1,18.75,357102,1.31,358509,24.37,81.04,54.6,"Salaried","Rent","Vehicle",1,"358509"
"91098","Female","Degree",1,16.75,285097,1.21,147757,3.93,27.66,31.4,"Salaried","Mortgage","Vehicle",0,"147757"
"91098","Female","Degree",1,16.75,285097,1.21,147757,3.93,27.66,31.4,"Salaried","Mortgage","Vehicle",0,"147757"
"91108","Female","Grade 12",0,17.75,319436,1.5,585705,13.38,52.1,40.6,"Salaried","Mortgage","Vehicle",0,"585705"
"91108","Female","Grade 12",0,17.75,319436,1.5,585705,13.38,52.1,40.6,"Salaried","Mortgage","Vehicle",0,"585705"
"91114","Female","Grade 12",0,16.75,71348,1.18,193550,30.07,96.97,58.5,"Salaried","Mortgage","Home_improvement",0,"193550"
"91114","Female","Grade 12",0,16.75,71348,1.18,193550,30.07,96.97,58.5,"Salaried","Mortgage","Home_improvement",0,"193550"
"91125","Female","Grade 12",1,35,5793,0.65,6341,5.47,23.44,40.4,"Unemployed","Rent","Debt_consolidation",0,"6341"
"91125","Female","Grade 12",1,35,5793,0.65,6341,5.47,23.44,40.4,"Unemployed","Rent","Debt_consolidation",0,"6341"
"91126","Male","Diploma",0,33.25,2156,0.35,4285,0.59,12.03,30.9,"Unemployed","Rent","Debt_consolidation",1,"4285"
"91126","Male","Diploma",0,33.25,2156,0.35,4285,0.59,12.03,30.9,"Unemployed","Rent","Debt_consolidation",1,"4285"
"91137","Female","No records",0,33.75,8726,0.68,15420,10.75,44.83,35.7,"Unemployed","Rent","Vehicle",1,"15420"
"91137","Female","No records",0,33.75,8726,0.68,15420,10.75,44.83,35.7,"Unemployed","Rent","Vehicle",1,"15420"
"91145","Male","Grade 12",1,23.75,2060561,2,2801013,19.99,70.9,42.9,"Self-employed","Rent","Other",0,"2801013"
"91145","Male","Grade 12",1,23.75,2060561,2,2801013,19.99,70.9,42.9,"Self-employed","Rent","Other",0,"2801013"
"91149","Female","Degree",2,25.75,1108021,1.69,2445841,2.63,11.49,25.8,"Contract","Rent","Vehicle",1,"2445841"
"91149","Female","Degree",2,25.75,1108021,1.69,2445841,2.63,11.49,25.8,"Contract","Rent","Vehicle",1,"2445841"
"91152","Female","No records",0,21.75,318332,1.65,1078233,18.73,67.34,49.3,"Salaried","Rent","Other",0,"1078233"
"91152","Female","No records",0,21.75,318332,1.65,1078233,18.73,67.34,49.3,"Salaried","Rent","Other",0,"1078233"
"91162","Female","Diploma",0,20.25,364558,1.25,1354589,28.25,95.85,60.2,"Salaried","Rent","Vehicle",0,"1354589"
"91162","Female","Diploma",0,20.25,364558,1.25,1354589,28.25,95.85,60.2,"Salaried","Rent","Vehicle",0,"1354589"
"91170","Female","Diploma",0,23.75,3873622,2.52,6697379,30.06,97.1,53,"Self-employed","Rent","Other",1,"6697379"
"91170","Female","Diploma",0,23.75,3873622,2.52,6697379,30.06,97.1,53,"Self-employed","Rent","Other",1,"6697379"
"91176","Female","Grade 12",2,17.25,3107052,1.4,1590711,30.78,108.98,54.3,"Self-employed","Mortgage","Vehicle",0,"1590711"
"91176","Female","Grade 12",2,17.25,3107052,1.4,1590711,30.78,108.98,54.3,"Self-employed","Mortgage","Vehicle",0,"1590711"
"91178","Male","Degree",0,20.75,504487,1.59,225983,5.11,26.98,35.7,"Salaried","Rent","Other",0,"225983"
"91178","Male","Degree",0,20.75,504487,1.59,225983,5.11,26.98,35.7,"Salaried","Rent","Other",0,"225983"
"91182","Male","Grade 12",1,22.75,427911,1.29,766131,11.8,48.91,40.2,"Contract","Own","Debt_consolidation",0,"766131"
"91182","Male","Grade 12",1,22.75,427911,1.29,766131,11.8,48.91,40.2,"Contract","Own","Debt_consolidation",0,"766131"
"91183","Male","Grade 12",0,18.75,695714,1.24,882971,23.08,81.04,57.6,"Salaried","Rent","Vehicle",0,"882971"
"91183","Male","Grade 12",0,18.75,695714,1.24,882971,23.08,81.04,57.6,"Salaried","Rent","Vehicle",0,"882971"
"91186","Male","No records",0,12.75,203412,0.98,63120,12.62,45.45,46.2,"Salaried","Mortgage","Home_improvement",0,"63120"
"91186","Male","No records",0,12.75,203412,0.98,63120,12.62,45.45,46.2,"Salaried","Mortgage","Home_improvement",0,"63120"
"91213","Male","Grade 12",0,21.75,969790,2.12,1828179,15.68,51.17,42.7,"Self-employed","Mortgage","Debt_consolidation",0,"1828179"
"91213","Male","Grade 12",0,21.75,969790,2.12,1828179,15.68,51.17,42.7,"Self-employed","Mortgage","Debt_consolidation",0,"1828179"
"91215","Female","Grade 12",3,16.75,314482,1.51,1108412,23.92,85.86,47.8,"Salaried","Mortgage","Home_improvement",1,"1108412"
"91215","Female","Grade 12",3,16.75,314482,1.51,1108412,23.92,85.86,47.8,"Salaried","Mortgage","Home_improvement",1,"1108412"
"91229","Male","Grade 12",0,35,2824,0.61,2756,27.99,91.37,62.8,"Unemployed","Rent","Debt_consolidation",1,"2756"
"91229","Male","Grade 12",0,35,2824,0.61,2756,27.99,91.37,62.8,"Unemployed","Rent","Debt_consolidation",1,"2756"
"91230","Male","Grade 12",1,16.75,400023,1.54,997166,22.74,78.45,44.9,"Salaried","Mortgage","Home_improvement",1,"997166"
"91230","Male","Grade 12",1,16.75,400023,1.54,997166,22.74,78.45,44.9,"Salaried","Mortgage","Home_improvement",1,"997166"
"91233","Male","Diploma",0,21.75,278250,1.43,916884,15.21,55.94,40.5,"Salaried","Rent","Other",1,"916884"
"91233","Male","Diploma",0,21.75,278250,1.43,916884,15.21,55.94,40.5,"Salaried","Rent","Other",1,"916884"
"91242","Male","Diploma",2,29.75,4418,0.35,6698,16.53,60.7,45.2,"Unemployed","Rent","Debt_consolidation",0,"6698"
"91242","Male","Diploma",2,29.75,4418,0.35,6698,16.53,60.7,45.2,"Unemployed","Rent","Debt_consolidation",0,"6698"
"91252","Female","Grade 12",1,21.75,657801,1.38,2219136,22.03,70.72,50.6,"Salaried","Rent","Other",0,"2219136"
"91252","Female","Grade 12",1,21.75,657801,1.38,2219136,22.03,70.72,50.6,"Salaried","Rent","Other",0,"2219136"
"91265","Female","Degree",0,18.25,493731,1.38,1529428,5.34,25.93,34.8,"Salaried","Mortgage","Home_improvement",0,"1529428"
"91265","Female","Degree",0,18.25,493731,1.38,1529428,5.34,25.93,34.8,"Salaried","Mortgage","Home_improvement",0,"1529428"
"91268","Male","Postgrad",2,17.75,540944,1.12,790553,19.23,61.38,50.9,"Salaried","Mortgage","Vehicle",0,"790553"
"91268","Male","Postgrad",2,17.75,540944,1.12,790553,19.23,61.38,50.9,"Salaried","Mortgage","Vehicle",0,"790553"
"91279","Female","No records",1,17.75,409394,1.61,1368240,34.27,115,57.9,"Salaried","Mortgage","Vehicle",1,"1368240"
"91279","Female","No records",1,17.75,409394,1.61,1368240,34.27,115,57.9,"Salaried","Mortgage","Vehicle",1,"1368240"
"91299","Male","No records",0,19.75,449041,1.08,1280786,28.05,92.11,53.1,"Self-employed","Mortgage","Vehicle",0,"1280786"
"91299","Male","No records",0,19.75,449041,1.08,1280786,28.05,92.11,53.1,"Self-employed","Mortgage","Vehicle",0,"1280786"
"91302","Female","Postgrad",1,19.25,188333,1.77,484814,25.74,87.23,56.8,"Salaried","Own","Debt_consolidation",0,"484814"
"91302","Female","Postgrad",1,19.25,188333,1.77,484814,25.74,87.23,56.8,"Salaried","Own","Debt_consolidation",0,"484814"
"91309","Male","Postgrad",0,23.75,1080493,1.85,924940,29.32,104.23,59.2,"Self-employed","Rent","Other",0,"924940"
"91309","Male","Postgrad",0,23.75,1080493,1.85,924940,29.32,104.23,59.2,"Self-employed","Rent","Other",0,"924940"
"91310","Male","Postgrad",0,19.25,356840,1.72,543051,37.27,117.92,69.6,"Salaried","Mortgage","Vehicle",0,"543051"
"91310","Male","Postgrad",0,19.25,356840,1.72,543051,37.27,117.92,69.6,"Salaried","Mortgage","Vehicle",0,"543051"
"91319","Male","Grade 12",0,20.75,129649,1.74,104021,30.12,103.65,61.1,"Salaried","Own","Debt_consolidation",0,"104021"
"91319","Male","Grade 12",0,20.75,129649,1.74,104021,30.12,103.65,61.1,"Salaried","Own","Debt_consolidation",0,"104021"
"91333","Male","No records",1,20.75,590909,0.88,1581397,34.08,112.84,61,"Salaried","Own","Debt_consolidation",1,"1581397"
"91333","Male","No records",1,20.75,590909,0.88,1581397,34.08,112.84,61,"Salaried","Own","Debt_consolidation",1,"1581397"
"91334","Male","Diploma",1,18.75,223679,2.18,799788,32.04,105.56,59.4,"Salaried","Rent","Vehicle",1,"799788"
"91334","Male","Diploma",1,18.75,223679,2.18,799788,32.04,105.56,59.4,"Salaried","Rent","Vehicle",1,"799788"
"91335","Female","Diploma",0,35,6141,0.5,10186,31.8,103.23,65.3,"Unemployed","Rent","Other",1,"10186"
"91335","Female","Diploma",0,35,6141,0.5,10186,31.8,103.23,65.3,"Unemployed","Rent","Other",1,"10186"
"91346","Male","Grade 12",0,19.25,358326,1.56,623850,10.2,40,35.3,"Salaried","Own","Debt_consolidation",1,"623850"
"91346","Male","Grade 12",0,19.25,358326,1.56,623850,10.2,40,35.3,"Salaried","Own","Debt_consolidation",1,"623850"
"91349","Male","Degree",0,25.25,924624,2.28,1992315,24.52,83.11,47.6,"Contract","Rent","Other",1,"1992315"
"91349","Male","Degree",0,25.25,924624,2.28,1992315,24.52,83.11,47.6,"Contract","Rent","Other",1,"1992315"
"91358","Female","Diploma",2,18.75,2600082,1.18,4092660,15.14,53.97,40.5,"Self-employed","Mortgage","Home_improvement",0,"4092660"
"91358","Female","Diploma",2,18.75,2600082,1.18,4092660,15.14,53.97,40.5,"Self-employed","Mortgage","Home_improvement",0,"4092660"
"91362","Female","No records",1,22.75,278603,1.64,456867,1.79,15.67,24,"Salaried","Mortgage","Vehicle",0,"456867"
"91362","Female","No records",1,22.75,278603,1.64,456867,1.79,15.67,24,"Salaried","Mortgage","Vehicle",0,"456867"
"91378","Male","Grade 12",0,18.25,284357,1.39,903012,33.17,113.41,64.2,"Salaried","Mortgage","Home_improvement",0,"903012"
"91378","Male","Grade 12",0,18.25,284357,1.39,903012,33.17,113.41,64.2,"Salaried","Mortgage","Home_improvement",0,"903012"
"91382","Male","Postgrad",0,17.75,493062,1.26,1750522,19.77,66.75,52.2,"Salaried","Mortgage","Vehicle",0,"1750522"
"91382","Male","Postgrad",0,17.75,493062,1.26,1750522,19.77,66.75,52.2,"Salaried","Mortgage","Vehicle",0,"1750522"
"91383","Female","No records",1,14.25,248492,2.28,124013,7.87,37.45,31.1,"Salaried","Mortgage","Home_improvement",1,"124013"
"91383","Female","No records",1,14.25,248492,2.28,124013,7.87,37.45,31.1,"Salaried","Mortgage","Home_improvement",1,"124013"
"91398","Male","No records",1,22.75,2583886,1.58,1382758,36.88,118.59,65.1,"Self-employed","Rent","Other",0,"1382758"
"91398","Male","No records",1,22.75,2583886,1.58,1382758,36.88,118.59,65.1,"Self-employed","Rent","Other",0,"1382758"
"91410","Female","Grade 12",0,21.75,508821,1.76,788636,13.04,48.41,44.1,"Salaried","Rent","Other",1,"788636"
"91410","Female","Grade 12",0,21.75,508821,1.76,788636,13.04,48.41,44.1,"Salaried","Rent","Other",1,"788636"
"91426","Female","Diploma",0,24.75,538327,1.24,769994,2.31,16.64,29.5,"Contract","Mortgage","Vehicle",1,"769994"
"91426","Female","Diploma",0,24.75,538327,1.24,769994,2.31,16.64,29.5,"Contract","Mortgage","Vehicle",1,"769994"
"91436","Female","Grade 12",1,22.75,1914451,1.78,6485747,34.44,111.89,63.1,"Self-employed","Own","Debt_consolidation",1,"6485747"
"91436","Female","Grade 12",1,22.75,1914451,1.78,6485747,34.44,111.89,63.1,"Self-employed","Own","Debt_consolidation",1,"6485747"
"91446","Male","Degree",0,16.75,562048,1.1,1897299,13.01,48.6,42.6,"Salaried","Mortgage","Home_improvement",0,"1897299"
"91446","Male","Degree",0,16.75,562048,1.1,1897299,13.01,48.6,42.6,"Salaried","Mortgage","Home_improvement",0,"1897299"
"91449","Male","No records",1,19.25,1281269,2.43,516916,31.58,100.32,57.2,"Self-employed","Mortgage","Debt_consolidation",1,"516916"
"91449","Male","No records",1,19.25,1281269,2.43,516916,31.58,100.32,57.2,"Self-employed","Mortgage","Debt_consolidation",1,"516916"
"91450","Female","Diploma",0,16.75,182692,1.52,347404,23.46,78.99,50.3,"Salaried","Mortgage","Home_improvement",1,"347404"
"91450","Female","Diploma",0,16.75,182692,1.52,347404,23.46,78.99,50.3,"Salaried","Mortgage","Home_improvement",1,"347404"
"91459","Female","Diploma",2,21.75,488685,1.44,412632,19.49,67.34,42.3,"Salaried","Rent","Other",0,"412632"
"91459","Female","Diploma",2,21.75,488685,1.44,412632,19.49,67.34,42.3,"Salaried","Rent","Other",0,"412632"
"91469","Female","No records",0,26.75,378025,1.71,632830,31.63,104.52,62.4,"Contract","Rent","Other",0,"632830"
"91469","Female","No records",0,26.75,378025,1.71,632830,31.63,104.52,62.4,"Contract","Rent","Other",0,"632830"
"91470","Female","Degree",1,17.75,638756,1.58,1088080,15.91,53.78,48.6,"Salaried","Mortgage","Vehicle",0,"1088080"
"91470","Female","Degree",1,17.75,638756,1.58,1088080,15.91,53.78,48.6,"Salaried","Mortgage","Vehicle",0,"1088080"
"91490","Male","Degree",1,16.75,243558,1.82,330650,15.13,55.03,44.5,"Salaried","Mortgage","Home_improvement",0,"330650"
"91490","Male","Degree",1,16.75,243558,1.82,330650,15.13,55.03,44.5,"Salaried","Mortgage","Home_improvement",0,"330650"
"91497","Male","Degree",3,18.75,781411,1.14,1974555,7.28,30.99,33.4,"Salaried","Rent","Vehicle",0,"1974555"
"91497","Male","Degree",3,18.75,781411,1.14,1974555,7.28,30.99,33.4,"Salaried","Rent","Vehicle",0,"1974555"
"91503","Male","Grade 12",0,18.75,452288,1.73,1462731,18.47,63.02,42.6,"Salaried","Rent","Vehicle",1,"1462731"
"91503","Male","Grade 12",0,18.75,452288,1.73,1462731,18.47,63.02,42.6,"Salaried","Rent","Vehicle",1,"1462731"
"91505","Female","Grade 12",0,19.25,424191,1.29,1506032,5.97,26.59,39.9,"Salaried","Mortgage","Vehicle",1,"1506032"
"91505","Female","Grade 12",0,19.25,424191,1.29,1506032,5.97,26.59,39.9,"Salaried","Mortgage","Vehicle",1,"1506032"
"91506","Male","Grade 12",3,21.75,387395,1.15,258152,6.49,28.22,35.2,"Contract","Own","Debt_consolidation",0,"258152"
"91506","Male","Grade 12",3,21.75,387395,1.15,258152,6.49,28.22,35.2,"Contract","Own","Debt_consolidation",0,"258152"
"91509","Female","Grade 12",1,22.75,886794,1.85,3214221,28.02,90.77,62.4,"Contract","Mortgage","Vehicle",0,"3214221"
"91509","Female","Grade 12",1,22.75,886794,1.85,3214221,28.02,90.77,62.4,"Contract","Mortgage","Vehicle",0,"3214221"
"91514","Female","Grade 12",0,19.25,237604,1.37,598849,14.87,59.33,37.9,"Salaried","Own","Debt_consolidation",0,"598849"
"91514","Female","Grade 12",0,19.25,237604,1.37,598849,14.87,59.33,37.9,"Salaried","Own","Debt_consolidation",0,"598849"
"91519","Male","Diploma",0,18.75,193346,1.18,434927,19.58,68.1,50.1,"Salaried","Rent","Vehicle",0,"434927"
"91519","Male","Diploma",0,18.75,193346,1.18,434927,19.58,68.1,50.1,"Salaried","Rent","Vehicle",0,"434927"
"91522","Male","Grade 12",2,25.25,358558,2.3,885258,9.61,42.56,39.6,"Contract","Rent","Other",1,"885258"
"91522","Male","Grade 12",2,25.25,358558,2.3,885258,9.61,42.56,39.6,"Contract","Rent","Other",1,"885258"
"91535","Female","Diploma",3,16.75,578183,1.48,1781294,9.04,34.98,41.4,"Salaried","Mortgage","Home_improvement",0,"1781294"
"91535","Female","Diploma",3,16.75,578183,1.48,1781294,9.04,34.98,41.4,"Salaried","Mortgage","Home_improvement",0,"1781294"
"91539","Male","Diploma",0,32.75,6623,0.59,9801,18.65,67.74,46.4,"Unemployed","Rent","Home_improvement",1,"9801"
"91539","Male","Diploma",0,32.75,6623,0.59,9801,18.65,67.74,46.4,"Unemployed","Rent","Home_improvement",1,"9801"
"91542","Female","No records",0,17.25,1944689,1.83,788265,11.67,47.96,44.2,"Self-employed","Mortgage","Vehicle",0,"788265"
"91542","Female","No records",0,17.25,1944689,1.83,788265,11.67,47.96,44.2,"Self-employed","Mortgage","Vehicle",0,"788265"
"91543","Male","Grade 12",1,18.75,368966,1.31,1037210,17.2,58.15,39.9,"Salaried","Rent","Vehicle",0,"1037210"
"91543","Male","Grade 12",1,18.75,368966,1.31,1037210,17.2,58.15,39.9,"Salaried","Rent","Vehicle",0,"1037210"
"91544","Female","Grade 12",2,25.25,417296,1.68,877321,16.94,59.13,47.2,"Contract","Rent","Other",0,"877321"
"91544","Female","Grade 12",2,25.25,417296,1.68,877321,16.94,59.13,47.2,"Contract","Rent","Other",0,"877321"
"91572","Female","No records",0,18.75,334535,1.19,333146,9.66,40.02,41.5,"Salaried","Rent","Vehicle",0,"333146"
"91572","Female","No records",0,18.75,334535,1.19,333146,9.66,40.02,41.5,"Salaried","Rent","Vehicle",0,"333146"
"91587","Female","No records",0,21.25,232037,0.96,554262,1.47,16.67,36,"Salaried","Mortgage","Vehicle",0,"554262"
"91587","Female","No records",0,21.25,232037,0.96,554262,1.47,16.67,36,"Salaried","Mortgage","Vehicle",0,"554262"
"91612","Female","Degree",2,16.75,205225,1.63,646138,25.69,85.64,48.7,"Salaried","Mortgage","Home_improvement",0,"646138"
"91612","Female","Degree",2,16.75,205225,1.63,646138,25.69,85.64,48.7,"Salaried","Mortgage","Home_improvement",0,"646138"
"91622","Male","No records",2,19.75,716429,1.67,860699,32.04,111.33,56.9,"Self-employed","Mortgage","Vehicle",1,"860699"
"91622","Male","No records",2,19.75,716429,1.67,860699,32.04,111.33,56.9,"Self-employed","Mortgage","Vehicle",1,"860699"
"91626","Male","Grade 12",0,21.75,437308,1.14,1230184,23.79,78.74,50.5,"Salaried","Rent","Other",1,"1230184"
"91626","Male","Grade 12",0,21.75,437308,1.14,1230184,23.79,78.74,50.5,"Salaried","Rent","Other",1,"1230184"
"91644","Male","Grade 12",0,21.75,102743,2.11,369137,10.3,37.15,41.1,"Salaried","Rent","Other",1,"369137"
"91644","Male","Grade 12",0,21.75,102743,2.11,369137,10.3,37.15,41.1,"Salaried","Rent","Other",1,"369137"
"91646","Male","No records",0,23.25,717369,1.48,2283053,4.65,18.48,37.3,"Self-employed","Mortgage","Debt_consolidation",0,"2283053"
"91646","Male","No records",0,23.25,717369,1.48,2283053,4.65,18.48,37.3,"Self-employed","Mortgage","Debt_consolidation",0,"2283053"
"91652","Male","Diploma",0,21.75,272121,1.24,221035,20.64,74.82,49.1,"Salaried","Rent","Other",1,"221035"
"91652","Male","Diploma",0,21.75,272121,1.24,221035,20.64,74.82,49.1,"Salaried","Rent","Other",1,"221035"
"91661","Female","No records",1,17.75,322492,1.66,605642,31.4,97.69,57.1,"Salaried","Mortgage","Vehicle",1,"605642"
"91661","Female","No records",1,17.75,322492,1.66,605642,31.4,97.69,57.1,"Salaried","Mortgage","Vehicle",1,"605642"
"91676","Male","Grade 12",0,17.75,251868,1.29,577103,19.07,63.45,42.9,"Salaried","Mortgage","Vehicle",0,"577103"
"91676","Male","Grade 12",0,17.75,251868,1.29,577103,19.07,63.45,42.9,"Salaried","Mortgage","Vehicle",0,"577103"
"91677","Male","Grade 12",0,19.25,122184,1.22,116094,37.42,124.73,62.4,"Salaried","Mortgage","Vehicle",0,"116094"
"91677","Male","Grade 12",0,19.25,122184,1.22,116094,37.42,124.73,62.4,"Salaried","Mortgage","Vehicle",0,"116094"
"91679","Male","Degree",0,17.75,349687,1.51,758257,26.12,93.38,51.4,"Salaried","Mortgage","Vehicle",0,"758257"
"91679","Male","Degree",0,17.75,349687,1.51,758257,26.12,93.38,51.4,"Salaried","Mortgage","Vehicle",0,"758257"
"91695","Female","No records",0,22.25,1416832,1.89,5185421,23.62,80.19,52.6,"Contract","Rent","Vehicle",1,"5185421"
"91695","Female","No records",0,22.25,1416832,1.89,5185421,23.62,80.19,52.6,"Contract","Rent","Vehicle",1,"5185421"
"91701","Male","Diploma",0,23.25,422273,1.81,420333,32.06,111.55,60.5,"Salaried","Rent","Other",1,"420333"
"91701","Male","Diploma",0,23.25,422273,1.81,420333,32.06,111.55,60.5,"Salaried","Rent","Other",1,"420333"
"91704","Male","Grade 12",0,25.25,2829675,1.46,7297706,36.85,119.6,62.3,"Self-employed","Rent","Other",1,"7297706"
"91704","Male","Grade 12",0,25.25,2829675,1.46,7297706,36.85,119.6,62.3,"Self-employed","Rent","Other",1,"7297706"
"91751","Female","Postgrad",1,17.75,455531,1.81,479898,9.01,41.38,35.5,"Salaried","Mortgage","Vehicle",1,"479898"
"91751","Female","Postgrad",1,17.75,455531,1.81,479898,9.01,41.38,35.5,"Salaried","Mortgage","Vehicle",1,"479898"
"91755","Male","Grade 12",0,20.25,2236231,1.7,1329671,36.26,121.59,66.7,"Self-employed","Own","Debt_consolidation",1,"1329671"
"91755","Male","Grade 12",0,20.25,2236231,1.7,1329671,36.26,121.59,66.7,"Self-employed","Own","Debt_consolidation",1,"1329671"
"91761","Male","Grade 12",0,19.25,503131,1.3,849266,38.4,125.87,61.8,"Salaried","Mortgage","Vehicle",0,"849266"
"91761","Male","Grade 12",0,19.25,503131,1.3,849266,38.4,125.87,61.8,"Salaried","Mortgage","Vehicle",0,"849266"
"91763","Female","Grade 12",1,20.75,472290,2.09,535804,32.45,107.08,60.9,"Salaried","Own","Debt_consolidation",0,"535804"
"91763","Female","Grade 12",1,20.75,472290,2.09,535804,32.45,107.08,60.9,"Salaried","Own","Debt_consolidation",0,"535804"
"91772","Female","Grade 12",0,19.25,448269,1.34,255342,7.05,32.45,30.1,"Salaried","Rent","Other",0,"255342"
"91772","Female","Grade 12",0,19.25,448269,1.34,255342,7.05,32.45,30.1,"Salaried","Rent","Other",0,"255342"
"91779","Female","Postgrad",0,16.75,525499,1.59,1266112,18.83,72.18,50.2,"Salaried","Mortgage","Home_improvement",1,"1266112"
"91779","Female","Postgrad",0,16.75,525499,1.59,1266112,18.83,72.18,50.2,"Salaried","Mortgage","Home_improvement",1,"1266112"
"91786","Female","Degree",2,21.25,440336,1.1,796648,11.17,41.58,39.4,"Contract","Mortgage","Vehicle",0,"796648"
"91786","Female","Degree",2,21.25,440336,1.1,796648,11.17,41.58,39.4,"Contract","Mortgage","Vehicle",0,"796648"
"91795","Male","Diploma",0,20.25,390987,1.22,590481,38.72,127.49,70.1,"Salaried","Rent","Vehicle",1,"590481"
"91795","Male","Diploma",0,20.25,390987,1.22,590481,38.72,127.49,70.1,"Salaried","Rent","Vehicle",1,"590481"
"91804","Female","Diploma",0,16.75,604108,1.99,1267387,26.67,90.1,55.6,"Salaried","Mortgage","Home_improvement",1,"1267387"
"91804","Female","Diploma",0,16.75,604108,1.99,1267387,26.67,90.1,55.6,"Salaried","Mortgage","Home_improvement",1,"1267387"
"91815","Male","Diploma",3,18.75,388590,1.01,1237828,33.11,109.5,58.5,"Salaried","Rent","Vehicle",1,"1237828"
"91815","Male","Diploma",3,18.75,388590,1.01,1237828,33.11,109.5,58.5,"Salaried","Rent","Vehicle",1,"1237828"
"91821","Male","Degree",2,19.25,169332,1.29,277850,14.26,50.74,46.4,"Salaried","Own","Debt_consolidation",0,"277850"
"91821","Male","Degree",2,19.25,169332,1.29,277850,14.26,50.74,46.4,"Salaried","Own","Debt_consolidation",0,"277850"
"91858","Female","Degree",0,26.75,782931,1.37,2862311,38.42,121.02,61.6,"Contract","Rent","Other",1,"2862311"
"91858","Female","Degree",0,26.75,782931,1.37,2862311,38.42,121.02,61.6,"Contract","Rent","Other",1,"2862311"
"91869","Male","No records",0,19.25,448382,1.39,1139052,33.41,109,64.2,"Salaried","Mortgage","Vehicle",0,"1139052"
"91869","Male","No records",0,19.25,448382,1.39,1139052,33.41,109,64.2,"Salaried","Mortgage","Vehicle",0,"1139052"
"91880","Female","Postgrad",0,18.75,434370,1.6,395847,31.13,104.87,59.6,"Salaried","Rent","Vehicle",0,"395847"
"91880","Female","Postgrad",0,18.75,434370,1.6,395847,31.13,104.87,59.6,"Salaried","Rent","Vehicle",0,"395847"
"91885","Male","No records",0,34.75,4947,0.46,12278,24.59,83.58,56.6,"Unemployed","Mortgage","Debt_consolidation",0,"12278"
"91885","Male","No records",0,34.75,4947,0.46,12278,24.59,83.58,56.6,"Unemployed","Mortgage","Debt_consolidation",0,"12278"
"91897","Female","Grade 12",0,22.75,1754767,1.39,612052,34.62,106.55,60.2,"Self-employed","Rent","Other",1,"612052"
"91897","Female","Grade 12",0,22.75,1754767,1.39,612052,34.62,106.55,60.2,"Self-employed","Rent","Other",1,"612052"
"91900","Female","Postgrad",0,18.25,177808,0.89,506267,39.08,128.69,64.7,"Salaried","Mortgage","Home_improvement",0,"506267"
"91900","Female","Postgrad",0,18.25,177808,0.89,506267,39.08,128.69,64.7,"Salaried","Mortgage","Home_improvement",0,"506267"
"91902","Female","Grade 12",2,22.25,626312,1.59,1903121,11.23,44.42,37,"Contract","Rent","Vehicle",1,"1903121"
"91902","Female","Grade 12",2,22.25,626312,1.59,1903121,11.23,44.42,37,"Contract","Rent","Vehicle",1,"1903121"
"91903","Female","Degree",0,35,2075,0.49,4250,35.68,116.46,58.2,"Unemployed","Rent","Debt_consolidation",1,"4250"
"91903","Female","Degree",0,35,2075,0.49,4250,35.68,116.46,58.2,"Unemployed","Rent","Debt_consolidation",1,"4250"
"91922","Male","Diploma",1,22.25,446885,1.68,890564,34.1,114.18,58.1,"Contract","Rent","Vehicle",1,"890564"
"91922","Male","Diploma",1,22.25,446885,1.68,890564,34.1,114.18,58.1,"Contract","Rent","Vehicle",1,"890564"
"91925","Female","Grade 12",0,22.75,1354004,1.69,452776,35.68,114.14,65.7,"Self-employed","Rent","Other",0,"452776"
"91925","Female","Grade 12",0,22.75,1354004,1.69,452776,35.68,114.14,65.7,"Self-employed","Rent","Other",0,"452776"
"91929","Female","Grade 12",0,17.75,121954,1.57,149947,7.92,39.53,35.9,"Salaried","Mortgage","Vehicle",0,"149947"
"91929","Female","Grade 12",0,17.75,121954,1.57,149947,7.92,39.53,35.9,"Salaried","Mortgage","Vehicle",0,"149947"
"91935","Male","Diploma",1,16.75,160079,1.56,361036,7.95,31.88,40,"Salaried","Mortgage","Home_improvement",0,"361036"
"91935","Male","Diploma",1,16.75,160079,1.56,361036,7.95,31.88,40,"Salaried","Mortgage","Home_improvement",0,"361036"
"91941","Male","Grade 12",2,35,6142,0.55,8303,8.47,35.84,31.8,"Unemployed","Rent","Debt_consolidation",0,"8303"
"91941","Male","Grade 12",2,35,6142,0.55,8303,8.47,35.84,31.8,"Unemployed","Rent","Debt_consolidation",0,"8303"
"91946","Female","Postgrad",0,18.25,227291,1.26,641261,34.76,113.1,64.5,"Salaried","Mortgage","Home_improvement",1,"641261"
"91946","Female","Postgrad",0,18.25,227291,1.26,641261,34.76,113.1,64.5,"Salaried","Mortgage","Home_improvement",1,"641261"
"91949","Female","Diploma",0,22.75,233835,1.84,224943,26.51,94.5,53.8,"Contract","Own","Debt_consolidation",1,"224943"
"91949","Female","Diploma",0,22.75,233835,1.84,224943,26.51,94.5,53.8,"Contract","Own","Debt_consolidation",1,"224943"
"91957","Female","No records",1,18.75,246747,1.39,203682,18.87,65.86,53.4,"Salaried","Rent","Vehicle",1,"203682"
"91957","Female","No records",1,18.75,246747,1.39,203682,18.87,65.86,53.4,"Salaried","Rent","Vehicle",1,"203682"
"91962","Female","Grade 12",0,19.25,766020,0.74,2881486,22.87,80.36,50,"Salaried","Own","Debt_consolidation",0,"2881486"
"91962","Female","Grade 12",0,19.25,766020,0.74,2881486,22.87,80.36,50,"Salaried","Own","Debt_consolidation",0,"2881486"
"91963","Male","Diploma",0,16.75,535441,1.33,657448,28.42,95.11,58,"Salaried","Mortgage","Home_improvement",0,"657448"
"91963","Male","Diploma",0,16.75,535441,1.33,657448,28.42,95.11,58,"Salaried","Mortgage","Home_improvement",0,"657448"
"91968","Female","Postgrad",0,25.25,315845,1.77,968507,36.63,123.43,70.8,"Self-employed","Rent","Other",1,"968507"
"91968","Female","Postgrad",0,25.25,315845,1.77,968507,36.63,123.43,70.8,"Self-employed","Rent","Other",1,"968507"
"91970","Male","Degree",0,18.25,252929,1.7,455635,38.45,124.57,61.4,"Salaried","Mortgage","Home_improvement",0,"455635"
"91970","Male","Degree",0,18.25,252929,1.7,455635,38.45,124.57,61.4,"Salaried","Mortgage","Home_improvement",0,"455635"
"91976","Male","Diploma",1,22.25,422102,1.3,1406761,2,16.68,34.3,"Salaried","Rent","Vehicle",0,"1406761"
"91976","Male","Diploma",1,22.25,422102,1.3,1406761,2,16.68,34.3,"Salaried","Rent","Vehicle",0,"1406761"
"91979","Male","Grade 12",1,25.25,2354538,1.98,8072493,4.44,19.32,32.2,"Self-employed","Rent","Other",1,"8072493"
"91979","Male","Grade 12",1,25.25,2354538,1.98,8072493,4.44,19.32,32.2,"Self-employed","Rent","Other",1,"8072493"
"91982","Female","Diploma",1,23.25,279975,0.93,342618,5.81,24.62,29.2,"Salaried","Rent","Other",0,"342618"
"91982","Female","Diploma",1,23.25,279975,0.93,342618,5.81,24.62,29.2,"Salaried","Rent","Other",0,"342618"
"91988","Male","No records",0,32.25,2014,0.42,2524,19.24,72.07,41.5,"Unemployed","Rent","Debt_consolidation",1,"2524"
"91988","Male","No records",0,32.25,2014,0.42,2524,19.24,72.07,41.5,"Unemployed","Rent","Debt_consolidation",1,"2524"
"91991","Female","Postgrad",1,18.75,338983,2.05,684565,20.86,68.29,51.5,"Salaried","Rent","Vehicle",1,"684565"
"91991","Female","Postgrad",1,18.75,338983,2.05,684565,20.86,68.29,51.5,"Salaried","Rent","Vehicle",1,"684565"
"91996","Male","Grade 12",0,21.25,474383,1.24,1470886,20.65,71.37,42.7,"Contract","Mortgage","Vehicle",1,"1470886"
"91996","Male","Grade 12",0,21.25,474383,1.24,1470886,20.65,71.37,42.7,"Contract","Mortgage","Vehicle",1,"1470886"
"92003","Female","Degree",1,18.75,113626,1.33,371892,23.58,81.14,46.7,"Salaried","Rent","Vehicle",0,"371892"
"92003","Female","Degree",1,18.75,113626,1.33,371892,23.58,81.14,46.7,"Salaried","Rent","Vehicle",0,"371892"
"92004","Female","No records",0,22.25,197194,1.17,184901,0.9,15.01,31.7,"Salaried","Rent","Vehicle",0,"184901"
"92004","Female","No records",0,22.25,197194,1.17,184901,0.9,15.01,31.7,"Salaried","Rent","Vehicle",0,"184901"
"92043","Male","Diploma",2,23.25,1893767,2.22,5236188,26.7,86.08,61.4,"Self-employed","Mortgage","Debt_consolidation",1,"5236188"
"92043","Male","Diploma",2,23.25,1893767,2.22,5236188,26.7,86.08,61.4,"Self-employed","Mortgage","Debt_consolidation",1,"5236188"
"92044","Male","Grade 12",0,18.25,107729,2,353764,4.66,20.92,32.7,"Salaried","Mortgage","Home_improvement",0,"353764"
"92044","Male","Grade 12",0,18.25,107729,2,353764,4.66,20.92,32.7,"Salaried","Mortgage","Home_improvement",0,"353764"
"92046","Female","Diploma",1,19.75,3339891,1.53,3244873,18.14,67.06,40.7,"Self-employed","Mortgage","Vehicle",1,"3244873"
"92046","Female","Diploma",1,19.75,3339891,1.53,3244873,18.14,67.06,40.7,"Self-employed","Mortgage","Vehicle",1,"3244873"
"92054","Female","Diploma",0,18.75,512289,2.23,1496815,15.24,55.48,42.5,"Salaried","Rent","Vehicle",0,"1496815"
"92054","Female","Diploma",0,18.75,512289,2.23,1496815,15.24,55.48,42.5,"Salaried","Rent","Vehicle",0,"1496815"
"92062","Male","Grade 12",1,23.75,897220,2.18,3208313,32.43,105.87,58.4,"Self-employed","Rent","Other",1,"3208313"
"92062","Male","Grade 12",1,23.75,897220,2.18,3208313,32.43,105.87,58.4,"Self-employed","Rent","Other",1,"3208313"
"92066","Male","No records",1,17.75,746488,0.96,1999031,18.8,64.69,52.3,"Salaried","Mortgage","Vehicle",0,"1999031"
"92066","Male","No records",1,17.75,746488,0.96,1999031,18.8,64.69,52.3,"Salaried","Mortgage","Vehicle",0,"1999031"
"92079","Female","Grade 12",1,27.25,1379754,1.77,1275573,1.71,20.9,25.7,"Self-employed","Rent","Other",1,"1275573"
"92079","Female","Grade 12",1,27.25,1379754,1.77,1275573,1.71,20.9,25.7,"Self-employed","Rent","Other",1,"1275573"
"92081","Female","No records",2,16.75,301613,1.6,174612,22.77,83.64,56.7,"Salaried","Own","Debt_consolidation",0,"174612"
"92081","Female","No records",2,16.75,301613,1.6,174612,22.77,83.64,56.7,"Salaried","Own","Debt_consolidation",0,"174612"
"92086","Female","Grade 12",0,33.25,4812,0.61,1858,12.8,51.06,44.9,"Unemployed","Rent","Debt_consolidation",1,"1858"
"92086","Female","Grade 12",0,33.25,4812,0.61,1858,12.8,51.06,44.9,"Unemployed","Rent","Debt_consolidation",1,"1858"
"92106","Male","Degree",0,23.75,2499006,2.27,2653905,15.59,58.88,44.7,"Self-employed","Rent","Other",1,"2653905"
"92106","Male","Degree",0,23.75,2499006,2.27,2653905,15.59,58.88,44.7,"Self-employed","Rent","Other",1,"2653905"
"92125","Female","No records",0,18.75,164211,1.38,273680,28.73,96.97,51.5,"Salaried","Rent","Vehicle",0,"273680"
"92125","Female","No records",0,18.75,164211,1.38,273680,28.73,96.97,51.5,"Salaried","Rent","Vehicle",0,"273680"
"92140","Female","Diploma",0,16.75,641906,1.46,1976104,21.5,75.51,48.8,"Salaried","Mortgage","Home_improvement",1,"1976104"
"92140","Female","Diploma",0,16.75,641906,1.46,1976104,21.5,75.51,48.8,"Salaried","Mortgage","Home_improvement",1,"1976104"
"92146","Female","Diploma",0,32.25,7297,0.45,27644,17.8,64.96,46.9,"Unemployed","Rent","Debt_consolidation",1,"27644"
"92146","Female","Diploma",0,32.25,7297,0.45,27644,17.8,64.96,46.9,"Unemployed","Rent","Debt_consolidation",1,"27644"
"92157","Female","Diploma",0,35,6340,0.49,17428,34.32,116.15,61.3,"Unemployed","Rent","Debt_consolidation",1,"17428"
"92157","Female","Diploma",0,35,6340,0.49,17428,34.32,116.15,61.3,"Unemployed","Rent","Debt_consolidation",1,"17428"
"92180","Male","No records",0,18.75,608823,1.51,1162071,10.5,43.05,33.4,"Salaried","Rent","Vehicle",0,"1162071"
"92180","Male","No records",0,18.75,608823,1.51,1162071,10.5,43.05,33.4,"Salaried","Rent","Vehicle",0,"1162071"
"92182","Female","Diploma",0,33.25,5390,0.32,20357,2.45,20.4,31.3,"Unemployed","Rent","Debt_consolidation",0,"20357"
"92182","Female","Diploma",0,33.25,5390,0.32,20357,2.45,20.4,31.3,"Unemployed","Rent","Debt_consolidation",0,"20357"
"92186","Male","Diploma",2,18.75,501944,1.49,1140090,36.41,116.4,59.1,"Salaried","Rent","Vehicle",1,"1140090"
"92186","Male","Diploma",2,18.75,501944,1.49,1140090,36.41,116.4,59.1,"Salaried","Rent","Vehicle",1,"1140090"
"92191","Male","Grade 12",0,18.75,521488,1.55,1015665,26.59,86.45,51.7,"Salaried","Rent","Vehicle",0,"1015665"
"92191","Male","Grade 12",0,18.75,521488,1.55,1015665,26.59,86.45,51.7,"Salaried","Rent","Vehicle",0,"1015665"
"92196","Female","Grade 12",1,19.25,531089,1.73,1779733,30.63,106.06,65.5,"Salaried","Mortgage","Vehicle",1,"1779733"
"92196","Female","Grade 12",1,19.25,531089,1.73,1779733,30.63,106.06,65.5,"Salaried","Mortgage","Vehicle",1,"1779733"
"92220","Male","Grade 12",0,25.25,452776,2.22,1175201,13.49,55.11,46.1,"Contract","Rent","Other",0,"1175201"
"92220","Male","Grade 12",0,25.25,452776,2.22,1175201,13.49,55.11,46.1,"Contract","Rent","Other",0,"1175201"
"92221","Male","Grade 12",2,19.25,127768,1.74,313534,20.95,74.4,44.3,"Salaried","Own","Debt_consolidation",1,"313534"
"92221","Male","Grade 12",2,19.25,127768,1.74,313534,20.95,74.4,44.3,"Salaried","Own","Debt_consolidation",1,"313534"
"92262","Male","Grade 12",0,14.25,296390,1.4,153651,11.76,43.76,34.2,"Salaried","Mortgage","Home_improvement",0,"153651"
"92262","Male","Grade 12",0,14.25,296390,1.4,153651,11.76,43.76,34.2,"Salaried","Mortgage","Home_improvement",0,"153651"
"92282","Male","No records",2,21.25,1071343,1.62,2808285,30.81,101.7,60.7,"Self-employed","Mortgage","Vehicle",1,"2808285"
"92282","Male","No records",2,21.25,1071343,1.62,2808285,30.81,101.7,60.7,"Self-employed","Mortgage","Vehicle",1,"2808285"
"92296","Female","Degree",2,18.75,238054,1.61,553391,26.29,86.64,57.8,"Salaried","Rent","Vehicle",1,"553391"
"92296","Female","Degree",2,18.75,238054,1.61,553391,26.29,86.64,57.8,"Salaried","Rent","Vehicle",1,"553391"
"92299","Female","Grade 12",0,21.75,108845,1.83,238373,9.39,37.67,31.9,"Salaried","Rent","Other",0,"238373"
"92299","Female","Grade 12",0,21.75,108845,1.83,238373,9.39,37.67,31.9,"Salaried","Rent","Other",0,"238373"
"92304","Male","Diploma",0,19.75,1460132,2.15,5447955,36.52,121.63,59.2,"Self-employed","Mortgage","Vehicle",1,"5447955"
"92304","Male","Diploma",0,19.75,1460132,2.15,5447955,36.52,121.63,59.2,"Self-employed","Mortgage","Vehicle",1,"5447955"
"92309","Male","Grade 12",0,35,4636,0.6,12009,24.79,88.73,53.4,"Unemployed","Rent","Other",1,"12009"
"92309","Male","Grade 12",0,35,4636,0.6,12009,24.79,88.73,53.4,"Unemployed","Rent","Other",1,"12009"
"92314","Female","Diploma",2,21.75,154529,1.71,416195,7.42,32.5,33.6,"Salaried","Rent","Other",1,"416195"
"92314","Female","Diploma",2,21.75,154529,1.71,416195,7.42,32.5,33.6,"Salaried","Rent","Other",1,"416195"
"92320","Female","Grade 12",0,21.75,3436982,2,12582743,32.77,110.49,59.5,"Self-employed","Mortgage","Debt_consolidation",1,"12582743"
"92320","Female","Grade 12",0,21.75,3436982,2,12582743,32.77,110.49,59.5,"Self-employed","Mortgage","Debt_consolidation",1,"12582743"
"92334","Female","Diploma",0,21.25,2505411,2.19,2635112,20.82,69.57,47.5,"Self-employed","Own","Debt_consolidation",1,"2635112"
"92334","Female","Diploma",0,21.25,2505411,2.19,2635112,20.82,69.57,47.5,"Self-employed","Own","Debt_consolidation",1,"2635112"
"92341","Male","Grade 12",1,34.75,6122,0.56,6148,33.66,107.09,58,"Unemployed","Mortgage","Debt_consolidation",1,"6148"
"92341","Male","Grade 12",1,34.75,6122,0.56,6148,33.66,107.09,58,"Unemployed","Mortgage","Debt_consolidation",1,"6148"
"92369","Male","Grade 12",0,16.75,228910,0.71,820052,14.47,52.12,39.3,"Salaried","Mortgage","Home_improvement",0,"820052"
"92369","Male","Grade 12",0,16.75,228910,0.71,820052,14.47,52.12,39.3,"Salaried","Mortgage","Home_improvement",0,"820052"
"92371","Female","No records",0,19.25,459731,1.24,1299195,7.14,32.15,37.9,"Salaried","Own","Debt_consolidation",0,"1299195"
"92371","Female","No records",0,19.25,459731,1.24,1299195,7.14,32.15,37.9,"Salaried","Own","Debt_consolidation",0,"1299195"
"92381","Male","Diploma",0,19.25,511386,1.45,790460,23.37,82.16,258,"Salaried","Own","Debt_consolidation",1,"790460"
"92381","Male","Diploma",0,19.25,511386,1.45,790460,23.37,82.16,58,"Salaried","Own","Debt_consolidation",1,"790460"
"92392","Male","Diploma",0,23.75,702072,2.13,1675572,16.01,61.85,38.7,"Self-employed","Rent","Other",1,"1675572"
"92392","Male","Diploma",0,23.75,702072,2.13,1675572,16.01,61.85,38.7,"Self-employed","Rent","Other",1,"1675572"
"92411","Female","No records",1,18.75,139158,1.48,185389,14.9,52.95,38.3,"Salaried","Rent","Vehicle",0,"185389"
"92411","Female","No records",1,18.75,139158,1.48,185389,14.9,52.95,38.3,"Salaried","Rent","Vehicle",0,"185389"
"92414","Male","Grade 12",3,16.75,539186,1.84,252244,3.99,23.49,31.1,"Salaried","Mortgage","Vehicle",0,"252244"
"92414","Male","Grade 12",3,16.75,539186,1.84,252244,3.99,23.49,31.1,"Salaried","Mortgage","Vehicle",0,"252244"
"92415","Female","Degree",0,20.25,483242,1.76,1548142,5,28.37,33.4,"Salaried","Rent","Vehicle",0,"1548142"
"92415","Female","Degree",0,20.25,483242,1.76,1548142,5,28.37,33.4,"Salaried","Rent","Vehicle",0,"1548142"
"92440","Male","Diploma",0,20.25,2156798,2.04,2573317,38.15,125.87,70.2,"Self-employed","Mortgage","Home_improvement",0,"2573317"
"92440","Male","Diploma",0,20.25,2156798,2.04,2573317,38.15,125.87,70.2,"Self-employed","Mortgage","Home_improvement",0,"2573317"
"92443","Male","Diploma",2,35,4060,0.67,14543,27.58,91.62,56.8,"Unemployed","Rent","Debt_consolidation",1,"14543"
"92443","Male","Diploma",2,35,4060,0.67,14543,27.58,91.62,56.8,"Unemployed","Rent","Debt_consolidation",1,"14543"
"92450","Female","Diploma",3,35,6963,0.48,12072,39.89,130.43,70,"Unemployed","Rent","Debt_consolidation",1,"12072"
"92450","Female","Diploma",3,35,6963,0.48,12072,39.89,130.43,70,"Unemployed","Rent","Debt_consolidation",1,"12072"
"92458","Male","Grade 12",1,23.75,1008550,1.58,1656973,32.79,106.82,60.1,"Contract","Rent","Vehicle",0,"1656973"
"92458","Male","Grade 12",1,23.75,1008550,1.58,1656973,32.79,106.82,60.1,"Contract","Rent","Vehicle",0,"1656973"
"92464","Female","Degree",0,23.25,217934,1.65,498709,39.21,128.61,62.5,"Salaried","Rent","Other",1,"498709"
"92464","Female","Degree",0,23.25,217934,1.65,498709,39.21,128.61,62.5,"Salaried","Rent","Other",1,"498709"
"92483","Male","Postgrad",0,25.25,2701742,1.4,6378018,36.58,117.74,69.9,"Self-employed","Rent","Other",1,"6378018"
"92483","Male","Postgrad",0,25.25,2701742,1.4,6378018,36.58,117.74,69.9,"Self-employed","Rent","Other",1,"6378018"
"92484","Male","Diploma",0,35,3433,0.54,11493,31.73,100.48,59.7,"Unemployed","Rent","Debt_consolidation",1,"11493"
"92484","Male","Diploma",0,35,3433,0.54,11493,31.73,100.48,59.7,"Unemployed","Rent","Debt_consolidation",1,"11493"
"92496","Female","Degree",0,21.75,3574427,2.39,9760045,15.42,57.27,45.2,"Self-employed","Mortgage","Debt_consolidation",1,"9760045"
"92496","Female","Degree",0,21.75,3574427,2.39,9760045,15.42,57.27,45.2,"Self-employed","Mortgage","Debt_consolidation",1,"9760045"
"92514","Female","Diploma",0,18.25,304358,1.9,927954,34.65,111.12,66.7,"Salaried","Mortgage","Home_improvement",1,"927954"
"92514","Female","Diploma",0,18.25,304358,1.9,927954,34.65,111.12,66.7,"Salaried","Mortgage","Home_improvement",1,"927954"
"92515","Female","Diploma",2,20.25,567216,1.89,698192,38.11,124.57,64.9,"Salaried","Rent","Vehicle",0,"698192"
"92515","Female","Diploma",2,20.25,567216,1.89,698192,38.11,124.57,64.9,"Salaried","Rent","Vehicle",0,"698192"
"92529","Female","Diploma",2,16.75,567735,1.38,1759545,22.43,76.29,52,"Salaried","Mortgage","Home_improvement",1,"1759545"
"92529","Female","Diploma",2,16.75,567735,1.38,1759545,22.43,76.29,52,"Salaried","Mortgage","Home_improvement",1,"1759545"
"92530","Male","No records",0,21.25,1128611,1.78,2015502,18.24,62.9,47.8,"Contract","Mortgage","Vehicle",1,"2015502"
"92530","Male","No records",0,21.25,1128611,1.78,2015502,18.24,62.9,47.8,"Contract","Mortgage","Vehicle",1,"2015502"
"92565","Female","Grade 12",1,16.25,359412,1.21,235229,15.78,59.89,49.6,"Salaried","Rent","Vehicle",0,"235229"
"92565","Female","Grade 12",1,16.25,359412,1.21,235229,15.78,59.89,49.6,"Salaried","Rent","Vehicle",0,"235229"
"92567","Male","Grade 12",0,18.75,414759,1.05,1437903,23.34,83.26,50,"Salaried","Rent","Vehicle",0,"1437903"
"92567","Male","Grade 12",0,18.75,414759,1.05,1437903,23.34,83.26,50,"Salaried","Rent","Vehicle",0,"1437903"
"92578","Male","Diploma",2,16.75,524159,1.48,1133014,17.45,63.92,50.5,"Salaried","Mortgage","Home_improvement",1,"1133014"
"92578","Male","Diploma",2,16.75,524159,1.48,1133014,17.45,63.92,50.5,"Salaried","Mortgage","Home_improvement",1,"1133014"
"92580","Male","Grade 12",0,23.75,237454,1.99,689300,30.67,103.13,65.6,"Contract","Rent","Vehicle",0,"689300"
"92580","Male","Grade 12",0,23.75,237454,1.99,689300,30.67,103.13,65.6,"Contract","Rent","Vehicle",0,"689300"
"92581","Male","Grade 12",1,19.25,501423,0.79,841404,3.81,16.03,37.6,"Salaried","Mortgage","Vehicle",0,"841404"
"92581","Male","Grade 12",1,19.25,501423,0.79,841404,3.81,16.03,37.6,"Salaried","Mortgage","Vehicle",0,"841404"
"92595","Female","Diploma",1,17.75,404797,1.55,600741,19.36,66.4,46.5,"Salaried","Mortgage","Vehicle",0,"600741"
"92595","Female","Diploma",1,17.75,404797,1.55,600741,19.36,66.4,46.5,"Salaried","Mortgage","Vehicle",0,"600741"
"92613","Male","Degree",2,17.75,259419,1.15,629326,12.02,49.89,38.8,"Salaried","Mortgage","Vehicle",0,"629326"
"92613","Male","Degree",2,17.75,259419,1.15,629326,12.02,49.89,38.8,"Salaried","Mortgage","Vehicle",0,"629326"
"92618","Female","Grade 12",1,18.75,408905,1.73,1520890,24.22,84.2,56.2,"Salaried","Rent","Vehicle",1,"1520890"
"92618","Female","Grade 12",1,18.75,408905,1.73,1520890,24.22,84.2,56.2,"Salaried","Rent","Vehicle",1,"1520890"
"92623","Female","Diploma",0,18.75,355208,0.86,493086,8.33,40.15,34.7,"Salaried","Rent","Vehicle",0,"493086"
"92623","Female","Diploma",0,18.75,355208,0.86,493086,8.33,40.15,34.7,"Salaried","Rent","Vehicle",0,"493086"
"92624","Male","Grade 12",0,23.75,794016,1.66,2260508,25.62,86.15,59.6,"Self-employed","Rent","Other",1,"2260508"
"92624","Male","Grade 12",0,23.75,794016,1.66,2260508,25.62,86.15,59.6,"Self-employed","Rent","Other",1,"2260508"
"92626","Male","Grade 12",0,35,2085,0.5,6293,39.05,125.51,73.2,"Unemployed","Rent","Vehicle",0,"6293"
"92626","Male","Grade 12",0,35,2085,0.5,6293,39.05,125.51,73.2,"Unemployed","Rent","Vehicle",0,"6293"
"92642","Male","Grade 12",0,16.75,573073,1.53,708456,16.65,59.33,45.8,"Salaried","Mortgage","Home_improvement",0,"708456"
"92642","Male","Grade 12",0,16.75,573073,1.53,708456,16.65,59.33,45.8,"Salaried","Mortgage","Home_improvement",0,"708456"
"92649","Female","Grade 12",0,20.75,139907,1.45,506689,3.71,20.97,29.3,"Salaried","Own","Debt_consolidation",0,"506689"
"92649","Female","Grade 12",0,20.75,139907,1.45,506689,3.71,20.97,29.3,"Salaried","Own","Debt_consolidation",0,"506689"
"92650","Male","Grade 12",0,18.75,124344,1.36,377755,14.91,57.7,41.3,"Salaried","Rent","Vehicle",0,"377755"
"92650","Male","Grade 12",0,18.75,124344,1.36,377755,14.91,57.7,41.3,"Salaried","Rent","Vehicle",0,"377755"
"92672","Female","No records",0,35,3228,0.51,11835,19.36,69.78,51.8,"Unemployed","Rent","Other",1,"11835"
"92672","Female","No records",0,35,3228,0.51,11835,19.36,69.78,51.8,"Unemployed","Rent","Other",1,"11835"
"92681","Female","Diploma",0,21.75,345441,1.59,739331,14.98,52.16,42.9,"Salaried","Rent","Other",1,"739331"
"92681","Female","Diploma",0,21.75,345441,1.59,739331,14.98,52.16,42.9,"Salaried","Rent","Other",1,"739331"
"92683","Female","Grade 12",0,17.75,454277,1.38,1141939,21.97,74.73,50.1,"Salaried","Mortgage","Vehicle",0,"1141939"
"92683","Female","Grade 12",0,17.75,454277,1.38,1141939,21.97,74.73,50.1,"Salaried","Mortgage","Vehicle",0,"1141939"
"92684","Female","No records",2,35,8885,0.53,10444,12.19,47.35,35.9,"Unemployed","Rent","Debt_consolidation",1,"10444"
"92684","Female","No records",2,35,8885,0.53,10444,12.19,47.35,35.9,"Unemployed","Rent","Debt_consolidation",1,"10444"
"92722","Female","No records",0,19.25,520830,1.55,1785569,26.87,90.89,60.7,"Salaried","Mortgage","Vehicle",0,"1785569"
"92722","Female","No records",0,19.25,520830,1.55,1785569,26.87,90.89,60.7,"Salaried","Mortgage","Vehicle",0,"1785569"
"92723","Female","No records",2,18.25,291504,1.64,1075409,5.83,27.09,28.7,"Salaried","Mortgage","Home_improvement",1,"1075409"
"92723","Female","No records",2,18.25,291504,1.64,1075409,5.83,27.09,28.7,"Salaried","Mortgage","Home_improvement",1,"1075409"
"92729","Male","No records",0,19.75,749402,1.61,1168764,22.86,76.66,57,"Self-employed","Mortgage","Vehicle",1,"1168764"
"92729","Male","No records",0,19.75,749402,1.61,1168764,22.86,76.66,57,"Self-employed","Mortgage","Vehicle",1,"1168764"
"92733","Male","Degree",0,35,7711,0.56,11759,0.82,11.42,32.9,"Unemployed","Rent","Debt_consolidation",0,"11759"
"92733","Male","Degree",0,35,7711,0.56,11759,0.82,11.42,32.9,"Unemployed","Rent","Debt_consolidation",0,"11759"
"92739","Male","Grade 12",0,23.25,1948937,1.31,7316655,2.29,19.37,33.7,"Self-employed","Mortgage","Vehicle",1,"7316655"
"92739","Male","Grade 12",0,23.25,1948937,1.31,7316655,2.29,19.37,33.7,"Self-employed","Mortgage","Vehicle",1,"7316655"
"92753","Male","Diploma",0,25.25,1480169,1.71,3727146,3.96,20.87,32.9,"Self-employed","Rent","Other",0,"3727146"
"92753","Male","Diploma",0,25.25,1480169,1.71,3727146,3.96,20.87,32.9,"Self-employed","Rent","Other",0,"3727146"
"92757","Male","Grade 12",3,18.25,501204,1.87,1610812,32.13,106.22,65.5,"Salaried","Mortgage","Home_improvement",0,"1610812"
"92757","Male","Grade 12",3,18.25,501204,1.87,1610812,32.13,106.22,65.5,"Salaried","Mortgage","Home_improvement",0,"1610812"
"92765","Female","Postgrad",0,23.25,2716023,1.78,9289310,6.42,25.75,39.7,"Self-employed","Mortgage","Debt_consolidation",1,"9289310"
"92765","Female","Postgrad",0,23.25,2716023,1.78,9289310,6.42,25.75,39.7,"Self-employed","Mortgage","Debt_consolidation",1,"9289310"
"92767","Male","Grade 12",1,16.75,675621,1.42,769676,20.84,76.36,55.6,"Salaried","Mortgage","Home_improvement",1,"769676"
"92767","Male","Grade 12",1,16.75,675621,1.42,769676,20.84,76.36,55.6,"Salaried","Mortgage","Home_improvement",1,"769676"
"92773","Male","Diploma",3,16.75,305925,1.62,975662,9.78,39.4,42.5,"Salaried","Mortgage","Home_improvement",1,"975662"
"92773","Male","Diploma",3,16.75,305925,1.62,975662,9.78,39.4,42.5,"Salaried","Mortgage","Home_improvement",1,"975662"
"92779","Female","Grade 12",0,17.75,208068,1.23,560280,24.55,83.26,0.53,"Salaried","Mortgage","Vehicle",0,"560280"
"92779","Female","Grade 12",0,17.75,208068,1.23,560280,24.55,83.26,51,"Salaried","Mortgage","Vehicle",0,"560280"
"92795","Male","Grade 12",0,20.25,776357,1.39,782704,33.37,106.25,66.7,"Salaried","Rent","Vehicle",0,"782704"
"92795","Male","Grade 12",0,20.25,776357,1.39,782704,33.37,106.25,66.7,"Salaried","Rent","Vehicle",0,"782704"
"92796","Female","Diploma",0,17.75,281443,1.32,576368,30.02,103.16,52.7,"Salaried","Mortgage","Vehicle",1,"576368"
"92796","Female","Diploma",0,17.75,281443,1.32,576368,30.02,103.16,52.7,"Salaried","Mortgage","Vehicle",1,"576368"
"92810","Male","No records",0,25.25,2103663,2.07,4146203,35.68,117.56,62.4,"Self-employed","Rent","Other",1,"4146203"
"92810","Male","No records",0,25.25,2103663,2.07,4146203,35.68,117.56,62.4,"Self-employed","Rent","Other",1,"4146203"
"92814","Female","Grade 12",0,18.25,464934,1.35,523772,5.02,21.55,29.8,"Salaried","Mortgage","Home_improvement",0,"523772"
"92814","Female","Grade 12",0,18.25,464934,1.35,523772,5.02,21.55,29.8,"Salaried","Mortgage","Home_improvement",0,"523772"
"92818","Female","Grade 12",0,20.25,659334,1.35,632836,34.4,111.66,59.5,"Contract","Mortgage","Home_improvement",1,"632836"
"92818","Female","Grade 12",0,20.25,659334,1.35,632836,34.4,111.66,59.5,"Contract","Mortgage","Home_improvement",1,"632836"
"92823","Female","Diploma",0,21.75,3302254,1.9,11383338,11.26,44.7,37.7,"Self-employed","Mortgage","Debt_consolidation",1,"11383338"
"92823","Female","Diploma",0,21.75,3302254,1.9,11383338,11.26,44.7,37.7,"Self-employed","Mortgage","Debt_consolidation",1,"11383338"
"92839","Female","No records",2,16.75,140964,1.24,412031,13.67,50.18,39.5,"Salaried","Mortgage","Home_improvement",0,"412031"
"92839","Female","No records",2,16.75,140964,1.24,412031,13.67,50.18,39.5,"Salaried","Mortgage","Home_improvement",0,"412031"
"92863","Female","Grade 12",0,23.75,1423320,2.63,4593712,25.87,84.25,53.8,"Self-employed","Rent","Other",1,"4593712"
"92863","Female","Grade 12",0,23.75,1423320,2.63,4593712,25.87,84.25,53.8,"Self-employed","Rent","Other",1,"4593712"
"92867","Female","Grade 12",3,18.75,303342,1.42,196873,0.48,9.67,33,"Salaried","Mortgage","Vehicle",0,"196873"
"92867","Female","Grade 12",3,18.75,303342,1.42,196873,0.48,9.67,33,"Salaried","Mortgage","Vehicle",0,"196873"
"92872","Male","Diploma",0,16.75,718781,1.07,2578061,15.09,56.78,40.4,"Salaried","Mortgage","Home_improvement",0,"2578061"
"92872","Male","Diploma",0,16.75,718781,1.07,2578061,15.09,56.78,40.4,"Salaried","Mortgage","Home_improvement",0,"2578061"
"92884","Female","No records",1,18.25,415040,1.99,1087446,6.81,34.1,40.3,"Salaried","Mortgage","Home_improvement",1,"1087446"
"92884","Female","No records",1,18.25,415040,1.99,1087446,6.81,34.1,40.3,"Salaried","Mortgage","Home_improvement",1,"1087446"
"92886","Male","No records",1,29.75,7836,0.4,3112,20.15,73.94,44,"Unemployed","Rent","Debt_consolidation",0,"3112"
"92886","Male","No records",1,29.75,7836,0.4,3112,20.15,73.94,44,"Unemployed","Rent","Debt_consolidation",0,"3112"
"92888","Female","No records",0,19.25,452024,1.17,1387396,17.63,63.31,49.6,"Salaried","Own","Debt_consolidation",1,"1387396"
"92888","Female","No records",0,19.25,452024,1.17,1387396,17.63,63.31,49.6,"Salaried","Own","Debt_consolidation",1,"1387396"
"92889","Female","No records",1,20.25,545669,2.06,643230,3.39,19.48,30.6,"Salaried","Rent","Vehicle",1,"643230"
"92889","Female","No records",1,20.25,545669,2.06,643230,3.39,19.48,30.6,"Salaried","Rent","Vehicle",1,"643230"
"92891","Female","Degree",0,17.75,349772,1.79,766186,30,103.64,55.5,"Salaried","Mortgage","Vehicle",1,"766186"
"92891","Female","Degree",0,17.75,349772,1.79,766186,30,103.64,55.5,"Salaried","Mortgage","Vehicle",1,"766186"
"92909","Male","No records",0,19.75,1169125,1.68,1828386,28.11,92.85,57.2,"Self-employed","Mortgage","Vehicle",1,"1828386"
"92909","Male","No records",0,19.75,1169125,1.68,1828386,28.11,92.85,57.2,"Self-employed","Mortgage","Vehicle",1,"1828386"
"92923","Male","Grade 12",1,25.25,1688857,1.41,2609135,39.17,130.86,72.4,"Self-employed","Rent","Other",1,"2609135"
"92923","Male","Grade 12",1,25.25,1688857,1.41,2609135,39.17,130.86,72.4,"Self-employed","Rent","Other",1,"2609135"
"92957","Male","Diploma",0,25.25,495958,2.13,1589114,7.57,29.56,39.9,"Contract","Rent","Other",0,"1589114"
"92957","Male","Diploma",0,25.25,495958,2.13,1589114,7.57,29.56,39.9,"Contract","Rent","Other",0,"1589114"
"92960","Male","Diploma",3,25.25,186731,1.46,390010,0.35,9.99,33.3,"Salaried","Rent","Other",0,"390010"
"92960","Male","Diploma",3,25.25,186731,1.46,390010,0.35,9.99,33.3,"Salaried","Rent","Other",0,"390010"
"92961","Female","Grade 12",1,17.75,138592,1.73,397470,15.19,52.74,43.1,"Salaried","Mortgage","Vehicle",0,"397470"
"92961","Female","Grade 12",1,1775,138592,1.73,397470,15.19,52.74,43.1,"Salaried","Mortgage","Vehicle",0,"397470"
"92979","Male","Diploma",0,16.75,317811,1.37,808073,28.1,96.94,50.8,"Salaried","Mortgage","Home_improvement",0,"808073"
"92979","Male","Diploma",0,16.75,317811,1.37,808073,28.1,96.94,50.8,"Salaried","Mortgage","Home_improvement",0,"808073"
"92984","Male","Diploma",0,25.25,317233,1.25,570985,0.75,12.55,27.5,"Salaried","Rent","Other",1,"570985"
"92984","Male","Diploma",0,25.25,317233,1.25,570985,0.75,12.55,27.5,"Salaried","Rent","Other",1,"570985"
"92994","Male","Diploma",0,35,4363,0.53,6174,17.44,65.07,45,"Unemployed","Rent","Debt_consolidation",1,"6174"
"92994","Male","Diploma",0,35,4363,0.53,6174,17.44,65.07,45,"Unemployed","Rent","Debt_consolidation",1,"6174"
"93006","Female","Degree",0,17.75,158527,1.45,68828,28.72,94.89,60.9,"Salaried","Rent","Vehicle",1,"68828"
"93006","Female","Degree",0,17.75,158527,1.45,68828,28.72,94.89,60.9,"Salaried","Rent","Vehicle",1,"68828"
"93007","Female","Diploma",1,17.75,750008,1.62,2018570,12.52,43.13,36.4,"Salaried","Mortgage","Vehicle",0,"2018570"
"93007","Female","Diploma",1,17.75,750008,1.62,2018570,12.52,43.13,36.4,"Salaried","Mortgage","Vehicle",0,"2018570"
"93021","Female","Degree",0,22.75,1949375,2.47,5015371,36.81,117.71,66.3,"Self-employed","Own","Debt_consolidation",1,"5015371"
"93021","Female","Degree",0,22.75,1949375,2.47,5015371,36.81,117.71,66.3,"Self-employed","Own","Debt_consolidation",1,"5015371"
"93025","Male","No records",0,16.75,194241,1.39,370575,22.75,77.79,48.1,"Salaried","Mortgage","Home_improvement",0,"370575"
"93025","Male","No records",0,16.75,194241,1.39,370575,22.75,77.79,48.1,"Salaried","Mortgage","Home_improvement",0,"370575"
"93029","Female","No records",0,17.75,466882,1.21,795702,36.66,122.15,59.9,"Salaried","Mortgage","Vehicle",1,"795702"
"93029","Female","No records",0,17.75,466882,1.21,795702,36.66,122.15,59.9,"Salaried","Mortgage","Vehicle",1,"795702"
"93039","Male","Grade 12",1,34.75,6282,0.46,9275,16.23,61.28,48.4,"Unemployed","Mortgage","Debt_consolidation",1,"9275"
"93039","Male","Grade 12",1,34.75,6282,0.46,9275,16.23,61.28,48.4,"Unemployed","Mortgage","Debt_consolidation",1,"9275"
"93045","Male","Grade 12",0,21.75,1324491,1.32,1622571,12.55,43.24,46.2,"Self-employed","Mortgage","Debt_consolidation",1,"1622571"
"93045","Male","Grade 12",0,21.75,1324491,1.32,1622571,12.55,43.24,46.2,"Self-employed","Mortgage","Debt_consolidation",1,"1622571"
"93057","Female","Postgrad",0,18.75,314914,1.43,566542,26.99,88.5,52.2,"Salaried","Rent","Vehicle",1,"566542"
"93057","Female","Postgrad",0,18.75,314914,1.43,566542,26.99,88.5,52.2,"Salaried","Rent","Vehicle",1,"566542"
"93065","Female","No records",2,18.25,175456,1.76,477339,4.11,24.44,33.3,"Salaried","Mortgage","Home_improvement",0,"477339"
"93065","Female","No records",2,18.25,175456,1.76,477339,4.11,24.44,33.3,"Salaried","Mortgage","Home_improvement",0,"477339"
"93142","Female","Grade 12",0,20.25,339099,2.06,539336,39.59,130.65,64.1,"Salaried","Rent","Vehicle",1,"539336"
"93142","Female","Grade 12",0,20.25,339099,2.06,539336,39.59,130.65,64.1,"Salaried","Rent","Vehicle",1,"539336"
"93151","Female","Degree",0,25.25,3422757,1.87,6235116,3.58,21.41,34.6,"Self-employed","Rent","Other",0,"6235116"
"93151","Female","Degree",0,25.25,3422757,1.87,6235116,3.58,21.41,34.6,"Self-employed","Rent","Other",0,"6235116"
"93152","Male","Diploma",0,23.75,2007017,2.31,6048437,21.4,75.03,54.1,"Self-employed","Rent","Other",0,"6048437"
"93152","Male","Diploma",0,23.75,2007017,2.31,6048437,21.4,75.03,54.1,"Self-employed","Rent","Other",0,"6048437"
"93153","Female","Grade 12",0,18.75,340898,1.46,798979,17.22,65.86,44.2,"Salaried","Rent","Vehicle",0,"798979"
"93153","Female","Grade 12",0,18.75,340898,1.46,798979,17.22,65.86,44.2,"Salaried","Rent","Vehicle",0,"798979"
"93162","Female","No records",0,31.25,9802,0.33,17972,3.46,23.45,35.8,"Unemployed","Rent","Debt_consolidation",1,"17972"
"93162","Female","No records",0,31.25,9802,0.33,17972,3.46,23.45,35.8,"Unemployed","Rent","Debt_consolidation",1,"17972"
"93176","Male","Degree",0,25.25,615726,1.18,1947443,0.24,11.25,27.1,"Salaried","Rent","Other",1,"1947443"
"93176","Male","Degree",0,25.25,615726,1.18,1947443,0.24,11.25,27.1,"Salaried","Rent","Other",1,"1947443"
"93235","Male","No records",2,33.75,3727,0.44,3357,29.7,101.09,64.5,"Unemployed","Rent","Debt_consolidation",0,"3357"
"93235","Male","No records",2,33.75,3727,0.44,3357,29.7,101.09,64.5,"Unemployed","Rent","Debt_consolidation",0,"3357"
"93248","Female","Grade 12",0,18.25,545830,1.53,809931,32.58,103.88,63.1,"Salaried","Mortgage","Home_improvement",0,"809931"
"93248","Female","Grade 12",0,18.25,545830,1.53,809931,32.58,103.88,63.1,"Salaried","Mortgage","Home_improvement",0,"809931"
"93251","Female","No records",0,18.25,408009,1.95,634143,35.11,114.91,65.3,"Salaried","Mortgage","Home_improvement",0,"634143"
"93251","Female","No records",0,18.25,408009,1.95,634143,35.11,114.91,65.3,"Salaried","Mortgage","Home_improvement",0,"634143"
"93264","Male","Diploma",0,21.25,918386,1.53,819564,29.69,98.78,55.4,"Self-employed","Own","Debt_consolidation",0,"819564"
"93264","Male","Diploma",0,21.25,918386,1.53,819564,29.69,98.78,55.4,"Self-employed","Own","Debt_consolidation",0,"819564"
"93283","Female","No records",0,22.75,582740,2.19,796885,29.56,101.2,56.2,"Contract","Own","Debt_consolidation",1,"796885"
"93283","Female","No records",0,22.75,582740,2.19,796885,29.56,101.2,56.2,"Contract","Own","Debt_consolidation",1,"796885"
"93286","Male","Degree",1,3075,4584,0.36,11323,18.29,67.71,42.6,"Unemployed","Rent","Other",1,"11323"
"93286","Male","Degree",1,30.75,4584,0.36,11323,18.29,67.71,42.6,"Unemployed","Rent","Other",1,"11323"
"93288","Male","No records",2,20.25,493680,1.7,1015551,2.25,17.19,37,"Salaried","Mortgage","Home_improvement",0,"1015551"
"93288","Male","No records",2,20.25,493680,1.7,1015551,2.25,17.19,37,"Salaried","Mortgage","Home_improvement",0,"1015551"
"93295","Female","Diploma",2,17.75,165074,1.7,601331,21.76,78.3,48.6,"Salaried","Mortgage","Vehicle",0,"601331"
"93295","Female","Diploma",2,17.75,165074,1.7,601331,21.76,78.3,48.6,"Salaried","Mortgage","Vehicle",0,"601331"
"93305","Male","Grade 12",4,16.75,168196,1.45,86230,31.79,109.57,54.8,"Salaried","Own","Debt_consolidation",0,"86230"
"93305","Male","Grade 12",4,16.75,168196,1.45,86230,31.79,109.57,54.8,"Salaried","Own","Debt_consolidation",0,"86230"
"93307","Female","No records",0,16.75,894294,1.47,2225863,10,41.42,38.6,"Salaried","Mortgage","Home_improvement",0,"2225863"
"93307","Female","No records",0,16.75,894294,1.47,2225863,10,41.42,38.6,"Salaried","Mortgage","Home_improvement",0,"2225863"
"93325","Male","Degree",0,24.75,1132445,1.72,4241657,5,26.64,39.1,"Contract","Mortgage","Debt_consolidation",0,"4241657"
"93325","Male","Degree",0,24.75,1132445,1.72,4241657,5,26.64,39.1,"Contract","Mortgage","Debt_consolidation",0,"4241657"
"93329","Female","Diploma",0,22.75,2085775,2.46,5633331,32.68,111.36,61.8,"Self-employed","Own","Debt_consolidation",0,"5633331"
"93329","Female","Diploma",0,22.75,2085775,2.46,5633331,32.68,111.36,61.8,"Self-employed","Own","Debt_consolidation",0,"5633331"
"93339","Female","Grade 12",0,17.25,1289843,1.47,531832,23.11,77.27,56.1,"Self-employed","Mortgage","Vehicle",0,"531832"
"93339","Female","Grade 12",0,17.25,1289843,1.47,531832,23.11,77.27,56.1,"Self-employed","Mortgage","Vehicle",0,"531832"
"93342","Female","Grade 12",0,19.25,447538,1.76,867972,29.56,98.1,59.1,"Salaried","Own","Debt_consolidation",0,"867972"
"93342","Female","Grade 12",0,19.25,447538,1.76,867972,29.56,98.1,59.1,"Salaried","Own","Debt_consolidation",0,"867972"
"93343","Male","Diploma",0,18.75,442391,1.64,408202,18.86,62.11,41.3,"Salaried","Rent","Vehicle",0,"408202"
"93343","Male","Diploma",0,18.75,442391,1.64,408202,18.86,62.11,41.3,"Salaried","Rent","Vehicle",0,"408202"
"93345","Male","Degree",2,18.25,81757,1.72,277257,36.52,122.46,62.4,"Salaried","Mortgage","Home_improvement",1,"277257"
"93345","Male","Degree",2,18.25,81757,1.72,277257,36.52,122.46,62.4,"Salaried","Mortgage","Home_improvement",1,"277257"
"93374","Male","No records",0,22.25,1627065,2.36,2648561,21.96,73.53,55.9,"Contract","Rent","Vehicle",1,"2648561"
"93374","Male","No records",0,22.25,1627065,2.36,2648561,21.96,73.53,55.9,"Contract","Rent","Vehicle",1,"2648561"
"93377","Female","No records",0,17.75,371809,1.48,556979,18.2,63.42,41.2,"Salaried","Mortgage","Vehicle",1,"556979"
"93377","Female","No records",0,17.75,371809,1.48,556979,18.2,63.42,41.2,"Salaried","Mortgage","Vehicle",1,"556979"
"93380","Female","No records",0,22.75,1191067,1.61,4341155,34.79,113.53,68.2,"Self-employed","Own","Debt_consolidation",1,"4341155"
"93380","Female","No records",0,22.75,1191067,1.61,4341155,34.79,113.53,68.2,"Self-employed","Own","Debt_consolidation",1,"4341155"
"93383","Female","Grade 12",0,23.25,118848,1.68,203836,35.28,117.52,66.2,"Salaried","Rent","Other",1,"203836"
"93383","Female","Grade 12",0,23.25,118848,1.68,203836,35.28,117.52,66.2,"Salaried","Rent","Other",1,"203836"
"93401","Male","Postgrad",1,19.25,180992,1.46,517114,39.11,128.4,65.9,"Salaried","Mortgage","Vehicle",0,"517114"
"93401","Male","Postgrad",1,19.25,180992,1.46,517114,39.11,128.4,65.9,"Salaried","Mortgage","Vehicle",0,"517114"
"93403","Female","Grade 12",0,23.75,1018080,1.64,1868584,23.44,84.03,53.7,"Self-employed","Rent","Other",1,"1868584"
"93403","Female","Grade 12",0,23.75,1018080,1.64,1868584,23.44,84.03,53.7,"Self-employed","Rent","Other",1,"1868584"
"93408","Male","Diploma",1,20.25,349742,1.25,369635,33.18,105.66,66.8,"Salaried","Rent","Vehicle",1,"369635"
"93408","Male","Diploma",1,20.25,349742,1.25,369635,33.18,105.66,66.8,"Salaried","Rent","Vehicle",1,"369635"
"93414","Male","No records",1,18.75,840813,1.97,2327037,27.21,87.77,56.6,"Self-employed","Mortgage","Home_improvement",1,"2327037"
"93414","Male","No records",1,18.75,840813,1.97,2327037,27.21,87.77,56.6,"Self-employed","Mortgage","Home_improvement",1,"2327037"
"93415","Female","Grade 12",0,17.75,744356,1.65,2827517,17.86,63.57,45.2,"Salaried","Mortgage","Vehicle",1,"2827517"
"93415","Female","Grade 12",0,17.75,744356,1.65,2827517,17.86,63.57,45.2,"Salaried","Mortgage","Vehicle",1,"2827517"
"93438","Female","Grade 12",1,20.25,707285,2.85,1718934,5.17,30.3,32.4,"Self-employed","Mortgage","Home_improvement",1,"1718934"
"93438","Female","Grade 12",1,20.25,707285,2.85,1718934,5.17,30.3,32.4,"Self-employed","Mortgage","Home_improvement",1,"1718934"
"93443","Male","Degree",2,25.25,271299,1.11,250650,0.15,11.28,27.8,"Salaried","Rent","Other",0,"250650"
"93443","Male","Degree",2,25.25,271299,1.11,250650,0.15,11.28,27.8,"Salaried","Rent","Other",0,"250650"
"93471","Male","No records",0,20.25,1528388,1.79,578200,29.88,98.24,62,"Contract","Mortgage","Vehicle",0,"578200"
"93471","Male","No records",0,20.25,1528388,1.79,578200,29.88,98.24,62,"Contract","Mortgage","Vehicle",0,"578200"
"93490","Female","No records",0,18.75,81549,1.32,308622,16.68,59.2,45.5,"Salaried","Rent","Vehicle",0,"308622"
"93490","Female","No records",0,18.75,81549,1.32,308622,16.68,59.2,45.5,"Salaried","Rent","Vehicle",0,"308622"
"93506","Male","Degree",0,20.25,404498,1.24,577169,36.67,119.01,65.1,"Salaried","Rent","Vehicle",1,"577169"
"93506","Male","Degree",0,20.25,404498,1.24,577169,36.67,119.01,65.1,"Salaried","Rent","Vehicle",1,"577169"
"93508","Male","Grade 12",1,16.75,219504,1.41,152362,30.28,102.73,52.5,"Salaried","Mortgage","Home_improvement",1,"152362"
"93508","Male","Grade 12",1,16.75,219504,1.41,152362,30.28,102.73,52.5,"Salaried","Mortgage","Home_improvement",1,"152362"
"93521","Male","Postgrad",0,22.25,1419775,1.26,1529406,22.91,83.31,54,"Contract","Rent","Vehicle",0,"1529406"
"93521","Male","Postgrad",0,22.25,1419775,1.26,1529406,22.91,83.31,54,"Contract","Rent","Vehicle",0,"1529406"
"93523","Male","Grade 12",0,30.25,6120,0.44,19316,21.34,76.54,54.1,"Unemployed","Rent","Vehicle",1,"19316"
"93523","Male","Grade 12",0,30.25,6120,0.44,19316,21.34,76.54,54.1,"Unemployed","Rent","Vehicle",1,"19316"
"93540","Male","Diploma",2,32.25,6728,0.4,10134,19.62,69.14,49.4,"Unemployed","Rent","Debt_consolidation",0,"10134"
"93540","Male","Diploma",2,32.25,6728,0.4,10134,19.62,69.14,49.4,"Unemployed","Rent","Debt_consolidation",0,"10134"
"93553","Female","No records",0,17.75,457928,1.69,384239,18.47,65.86,43.3,"Salaried","Mortgage","Vehicle",0,"384239"
"93553","Female","No records",0,17.75,457928,1.69,384239,18.47,65.86,43.3,"Salaried","Mortgage","Vehicle",0,"384239"
"93558","Male","Diploma",2,16.75,289087,1.28,823586,29.76,100.71,56.3,"Salaried","Mortgage","Home_improvement",0,"823586"
"93558","Male","Diploma",2,16.75,289087,1.28,823586,29.76,100.71,56.3,"Salaried","Mortgage","Home_improvement",0,"823586"
"93580","Male","Degree",1,20.75,298867,1.78,273797,36.52,121.12,67.6,"Salaried","Own","Debt_consolidation",1,"273797"
"93580","Male","Degree",1,20.75,298867,1.78,273797,36.52,121.12,67.6,"Salaried","Own","Debt_consolidation",1,"273797"
"93582","Female","Grade 12",3,17.75,553788,1.35,395118,29.56,97.85,52,"Salaried","Mortgage","Vehicle",0,"395118"
"93582","Female","Grade 12",3,17.75,553788,1.35,395118,29.56,97.85,52,"Salaried","Mortgage","Vehicle",0,"395118"
"93588","Male","Diploma",0,18.25,91527,1.4,74730,35.08,114.28,66.6,"Salaried","Mortgage","Home_improvement",1,"74730"
"93588","Male","Diploma",0,18.25,91527,1.4,74730,35.08,114.28,66.6,"Salaried","Mortgage","Home_improvement",1,"74730"
"93590","Male","Grade 12",1,18.25,364225,1.33,607067,38.62,123.98,73.2,"Salaried","Mortgage","Home_improvement",1,"607067"
"93590","Male","Grade 12",1,18.25,364225,1.33,607067,38.62,123.98,73.2,"Salaried","Mortgage","Home_improvement",1,"607067"
"93594","Female","No records",0,15.25,263975,1.63,144453,35.6,117.77,59.7,"Salaried","Mortgage","Vehicle",1,"144453"
"93594","Female","No records",0,15.25,263975,1.63,144453,35.6,117.77,59.7,"Salaried","Mortgage","Vehicle",1,"144453"
"93615","Female","Grade 12",0,18.75,437894,1.48,699617,13.89,54.21,42.3,"Salaried","Rent","Vehicle",1,"699617"
"93615","Female","Grade 12",0,18.75,437894,1.48,699617,13.89,54.21,42.3,"Salaried","Rent","Vehicle",1,"699617"
"93618","Female","Diploma",2,16.75,553060,1.45,1217931,13.37,50.3,41.6,"Salaried","Mortgage","Home_improvement",1,"1217931"
"93618","Female","Diploma",2,16.75,553060,1.45,1217931,13.37,50.3,41.6,"Salaried","Mortgage","Home_improvement",1,"1217931"
"93634","Male","Grade 12",0,19.25,186346,1.42,375640,31.73,105.04,61.6,"Salaried","Mortgage","Vehicle",1,"375640"
"93634","Male","Grade 12",0,19.25,186346,1.42,375640,31.73,105.04,61.6,"Salaried","Mortgage","Vehicle",1,"375640"
"93640","Male","Grade 12",2,17.75,202641,1.98,88848,34.08,110.85,62.9,"Salaried","Rent","Vehicle",1,"88848"
"93640","Male","Grade 12",2,17.75,202641,1.98,88848,34.08,110.85,62.9,"Salaried","Rent","Vehicle",1,"88848"
"93648","Female","No records",0,19.25,123846,1.18,46007,29.62,106.07,59.4,"Salaried","Rent","Other",1,"46007"
"93648","Female","No records",0,19.25,123846,1.18,46007,29.62,106.07,59.4,"Salaried","Rent","Other",1,"46007"
"93657","Male","Grade 12",0,20.75,503737,1.75,786728,37.86,119.66,67,"Salaried","Own","Debt_consolidation",1,"786728"
"93657","Male","Grade 12",0,20.75,503737,1.75,786728,37.86,119.66,67,"Salaried","Own","Debt_consolidation",1,"786728"
"93671","Female","Postgrad",0,35,6633,0.63,10770,29.18,91.43,51.4,"Unemployed","Rent","Debt_consolidation",1,"10770"
"93671","Female","Postgrad",0,35,6633,0.63,10770,29.18,91.43,51.4,"Unemployed","Rent","Debt_consolidation",1,"10770"
"93700","Female","Degree",0,18.75,474287,1.08,528702,19.12,64.33,46.6,"Salaried","Rent","Vehicle",1,"528702"
"93700","Female","Degree",0,18.75,474287,1.08,528702,19.12,64.33,46.6,"Salaried","Rent","Vehicle",1,"528702"
"93723","Male","Grade 12",0,32.25,3420,0.41,4245,18.54,68.62,48.5,"Unemployed","Rent","Debt_consolidation",1,"4245"
"93723","Male","Grade 12",0,32.25,3420,0.41,4245,18.54,68.62,48.5,"Unemployed","Rent","Debt_consolidation",1,"4245"
"93727","Female","Diploma",0,35,4832,0.54,14840,3.88,22.39,27.6,"Unemployed","Rent","Debt_consolidation",0,"14840"
"93727","Female","Diploma",0,35,4832,0.54,14840,3.88,22.39,27.6,"Unemployed","Rent","Debt_consolidation",0,"14840"
"93731","Female","No records",0,21.75,394278,1.24,1296163,26.21,88.19,51.7,"Salaried","Rent","Other",0,"1296163"
"93731","Female","No records",0,21.75,394278,1.24,1296163,26.21,88.19,51.7,"Salaried","Rent","Other",0,"1296163"
"93741","Female","Grade 12",0,17.75,330135,1.4,677190,8.73,35.65,40.2,"Salaried","Mortgage","Vehicle",0,"677190"
"93741","Female","Grade 12",0,17.75,330135,1.4,677190,8.73,35.65,40.2,"Salaried","Mortgage","Vehicle",0,"677190"
"93743","Female","Grade 12",2,35,6469,0.57,22766,4.24,23.01,30,"Unemployed","Rent","Debt_consolidation",0,"22766"
"93743","Female","Grade 12",2,35,6469,0.57,22766,4.24,23.01,30,"Unemployed","Rent","Debt_consolidation",0,"22766"
"93755","Male","Diploma",0,18.75,652210,1.74,2102935,24.51,86.8,53.3,"Salaried","Rent","Vehicle",0,"2102935"
"93755","Male","Diploma",0,18.75,652210,1.74,2102935,24.51,86.8,53.3,"Salaried","Rent","Vehicle",0,"2102935"
"93756","Male","No records",0,18.25,483752,1.77,229935,35.03,111.07,60.7,"Salaried","Own","Debt_consolidation",0,"229935"
"93756","Male","No records",0,18.25,483752,1.77,229935,35.03,111.07,60.7,"Salaried","Own","Debt_consolidation",0,"229935"
"93764","Male","Grade 12",0,2075,586979,2.06,2228346,6.75,31.48,31.3,"Salaried","Own","Debt_consolidation",1,"2228346"
"93764","Male","Grade 12",0,20.75,586979,2.06,2228346,6.75,31.48,31.3,"Salaried","Own","Debt_consolidation",1,"2228346"
"93767","Female","Postgrad",0,35,2174,0.58,4559,20.44,68.49,43.8,"Unemployed","Rent","Other",1,"4559"
"93767","Female","Postgrad",0,35,2174,0.58,4559,20.44,68.49,43.8,"Unemployed","Rent","Other",1,"4559"
"93768","Female","Grade 12",1,22.25,980700,2.05,1215871,13.58,58.22,36.3,"Contract","Rent","Vehicle",1,"1215871"
"93768","Female","Grade 12",1,22.25,980700,2.05,1215871,13.58,58.22,36.3,"Contract","Rent","Vehicle",1,"1215871"
"93769","Female","Grade 12",1,23.75,548776,1.45,1935426,35.69,114.56,70,"Contract","Rent","Vehicle",1,"1935426"
"93769","Female","Grade 12",1,23.75,548776,1.45,1935426,35.69,114.56,70,"Contract","Rent","Vehicle",1,"1935426"
"93784","Male","Postgrad",0,18.75,405887,0.91,1467443,7.84,33.42,39.9,"Salaried","Rent","Vehicle",0,"1467443"
"93784","Male","Postgrad",0,18.75,405887,0.91,1467443,7.84,33.42,39.9,"Salaried","Rent","Vehicle",0,"1467443"
"93785","Female","Grade 12",1,35,3831,0.54,4188,1.91,15.01,31.1,"Unemployed","Rent","Debt_consolidation",0,"4188"
"93785","Female","Grade 12",1,35,3831,0.54,4188,1.91,15.01,31.1,"Unemployed","Rent","Debt_consolidation",0,"4188"
"93788","Male","Grade 12",2,17.75,257783,1.2,366394,28.79,97.42,51.3,"Salaried","Mortgage","Vehicle",0,"366394"
"93788","Male","Grade 12",2,17.75,257783,1.2,366394,28.79,97.42,51.3,"Salaried","Mortgage","Vehicle",0,"366394"
"93806","Female","Diploma",1,22.25,811733,1.47,922984,22.77,76.92,54.9,"Contract","Rent","Vehicle",0,"922984"
"93806","Female","Diploma",1,22.25,811733,1.47,922984,22.77,76.92,54.9,"Contract","Rent","Vehicle",0,"922984"
"93814","Male","Degree",2,23.25,727402,1.45,2318504,4.93,27.38,28.4,"Salaried","Rent","Other",0,"2318504"
"93814","Male","Degree",2,23.25,727402,1.45,2318504,4.93,27.38,28.4,"Salaried","Rent","Other",0,"2318504"
"93829","Female","No records",0,20.25,1672242,0.99,5834744,36.37,121.79,67.3,"Self-employed","Mortgage","Home_improvement",0,"5834744"
"93829","Female","No records",0,20.25,1672242,0.99,5834744,36.37,121.79,67.3,"Self-employed","Mortgage","Home_improvement",0,"5834744"
"93835","Male","Grade 12",0,22.75,235851,1.34,267159,31.95,104.39,62,"Contract","Mortgage","Vehicle",0,"267159"
"93835","Male","Grade 12",0,22.75,235851,1.34,267159,31.95,104.39,62,"Contract","Mortgage","Vehicle",0,"267159"
"93851","Male","Degree",0,23.75,2697539,1.98,7043965,16.22,59.7,41.6,"Self-employed","Rent","Other",1,"7043965"
"93851","Male","Degree",0,23.75,2697539,1.98,7043965,16.22,59.7,41.6,"Self-employed","Rent","Other",1,"7043965"
"93854","Male","No records",0,18.75,335097,1.1,518322,21.33,73.4,48.2,"Salaried","Rent","Vehicle",1,"518322"
"93854","Male","No records",0,18.75,335097,1.1,518322,21.33,73.4,48.2,"Salaried","Rent","Vehicle",1,"518322"
"93858","Female","No records",0,17.75,436197,1.36,1577046,21.13,77.99,53,"Salaried","Mortgage","Vehicle",0,"1577046"
"93858","Female","No records",0,17.75,436197,1.36,1577046,21.13,77.99,53,"Salaried","Mortgage","Vehicle",0,"1577046"
"93860","Male","Degree",1,19.25,382540,0.98,322850,3.18,19.97,36.1,"Salaried","Mortgage","Vehicle",0,"322850"
"93860","Male","Degree",1,19.25,382540,0.98,322850,3.18,19.97,36.1,"Salaried","Mortgage","Vehicle",0,"322850"
"93863","Female","Diploma",0,20.75,302690,1.67,612112,32.44,104.92,62.3,"Salaried","Own","Debt_consolidation",1,"612112"
"93863","Female","Diploma",0,20.75,302690,1.67,612112,32.44,104.92,62.3,"Salaried","Own","Debt_consolidation",1,"612112"
"93864","Male","Grade 12",0,16.75,563048,1.4,1227883,22.35,73.71,55.2,"Salaried","Mortgage","Home_improvement",0,"1227883"
"93864","Male","Grade 12",0,16.75,563048,1.4,1227883,22.35,73.71,55.2,"Salaried","Mortgage","Home_improvement",0,"1227883"
"93868","Male","Postgrad",1,14.25,884381,1.56,383752,11.41,46.81,33.9,"Salaried","Mortgage","Home_improvement",0,"383752"
"93868","Male","Postgrad",1,14.25,884381,1.56,383752,11.41,46.81,33.9,"Salaried","Mortgage","Home_improvement",0,"383752"
"93895","Male","Degree",1,19.25,339272,1.35,543562,17.13,60.81,44.9,"Salaried","Own","Debt_consolidation",0,"543562"
"93895","Male","Degree",1,19.25,339272,1.35,543562,17.13,60.81,44.9,"Salaried","Own","Debt_consolidation",0,"543562"
"93903","Female","Degree",0,22.75,1012335,1.83,3034534,39.83,129.35,64.1,"Contract","Mortgage","Vehicle",1,"3034534"
"93903","Female","Degree",0,22.75,1012335,1.83,3034534,39.83,129.35,64.1,"Contract","Mortgage","Vehicle",1,"3034534"
"93910","Female","No records",0,25.25,617312,1.75,955806,0.59,9.34,23.7,"Contract","Mortgage","Home_improvement",1,"955806"
"93910","Female","No records",0,25.25,617312,1.75,955806,0.59,9.34,23.7,"Contract","Mortgage","Home_improvement",1,"955806"
"93914","Male","Diploma",3,35,4895,0.54,6421,38.93,127.62,70.5,"Unemployed","Rent","Debt_consolidation",1,"6421"
"93914","Male","Diploma",3,35,4895,0.54,6421,38.93,127.62,70.5,"Unemployed","Rent","Debt_consolidation",1,"6421"
"93922","Male","Degree",1,21.25,1745432,1.72,4748451,27.69,94.57,60.3,"Self-employed","Mortgage","Vehicle",1,"4748451"
"93922","Male","Degree",1,21.25,1745432,1.72,4748451,27.69,94.57,60.3,"Self-employed","Mortgage","Vehicle",1,"4748451"
"93936","Female","Diploma",0,20.25,1913576,1.83,5759944,36.1,123.03,63,"Self-employed","Mortgage","Home_improvement",1,"5759944"
"93936","Female","Diploma",0,20.25,1913576,1.83,5759944,36.1,123.03,63,"Self-employed","Mortgage","Home_improvement",1,"5759944"
"93938","Male","Degree",0,18.25,490733,1.92,1429591,29.02,94.1,62.3,"Salaried","Mortgage","Home_improvement",1,"1429591"
"93938","Male","Degree",0,18.25,490733,1.92,1429591,29.02,94.1,62.3,"Salaried","Mortgage","Home_improvement",1,"1429591"
"93945","Female","No records",1,21.75,549228,1.77,1199131,3.34,24.75,37.7,"Contract","Mortgage","Home_improvement",1,"1199131"
"93945","Female","No records",1,21.75,549228,1.77,1199131,3.34,24.75,37.7,"Contract","Mortgage","Home_improvement",1,"1199131"
"93948","Female","Diploma",0,15.75,204402,1.57,94043,39.83,129.49,73,"Salaried","Mortgage","Home_improvement",0,"94043"
"93948","Female","Diploma",0,15.75,204402,1.57,94043,39.83,129.49,73,"Salaried","Mortgage","Home_improvement",0,"94043"
"93959","Female","No records",0,21.75,212378,0.72,744048,10.88,38.62,39.8,"Salaried","Rent","Other",0,"744048"
"93959","Female","No records",0,21.75,212378,0.72,744048,10.88,38.62,39.8,"Salaried","Rent","Other",0,"744048"
"93970","Male","Grade 12",2,17.25,844903,1.71,368230,28.28,95.47,50.9,"Self-employed","Mortgage","Vehicle",1,"368230"
"93970","Male","Grade 12",2,17.25,844903,1.71,368230,28.28,95.47,50.9,"Self-employed","Mortgage","Vehicle",1,"368230"
"93971","Female","Diploma",0,16.75,130414,1.71,245238,14.81,54.63,44.6,"Salaried","Mortgage","Home_improvement",0,"245238"
"93971","Female","Diploma",0,16.75,130414,1.71,245238,14.81,54.63,44.6,"Salaried","Mortgage","Home_improvement",0,"245238"
"93975","Female","Grade 12",1,18.75,526954,1.52,1159610,9.93,38.84,33.1,"Salaried","Rent","Vehicle",1,"1159610"
"93975","Female","Grade 12",1,18.75,526954,1.52,1159610,9.93,38.84,33.1,"Salaried","Rent","Vehicle",1,"1159610"
"93979","Male","Diploma",0,20.25,697456,1.59,458761,38.07,125.88,67.1,"Contract","Mortgage","Vehicle",1,"458761"
"93979","Male","Diploma",0,20.25,697456,1.59,458761,38.07,125.88,67.1,"Contract","Mortgage","Vehicle",1,"458761"
"93983","Male","Grade 12",0,18.75,217379,0.87,344118,26.34,91.58,53.9,"Salaried","Rent","Vehicle",1,"344118"
"93983","Male","Grade 12",0,18.75,217379,0.87,344118,26.34,91.58,53.9,"Salaried","Rent","Vehicle",1,"344118"
"93989","Male","No records",2,16.75,322871,1.85,474551,13.61,54.07,44.1,"Salaried","Mortgage","Home_improvement",0,"474551"
"93989","Male","No records",2,16.75,322871,1.85,474551,13.61,54.07,44.1,"Salaried","Mortgage","Home_improvement",0,"474551"
"93997","Male","No records",0,21.25,1027281,1.31,1597251,18.74,65.86,52.7,"Contract","Mortgage","Vehicle",0,"1597251"
"93997","Male","No records",0,21.25,1027281,1.31,1597251,18.74,65.86,52.7,"Contract","Mortgage","Vehicle",0,"1597251"
"94003","Female","Grade 12",0,20.25,258571,1.78,382519,34.71,112.96,66.9,"Salaried","Rent","Vehicle",1,"382519"
"94003","Female","Grade 12",0,20.25,258571,1.78,382519,34.71,112.96,66.9,"Salaried","Rent","Vehicle",1,"382519"
"94004","Male","No records",0,16.75,564205,1.15,546606,26.11,93.76,53.4,"Salaried","Mortgage","Home_improvement",1,"546606"
"94004","Male","No records",0,16.75,564205,1.15,546606,26.11,93.76,53.4,"Salaried","Mortgage","Home_improvement",1,"546606"
"94006","Male","Diploma",0,18.25,526723,1.5,158970,2.61,17.24,28,"Salaried","Rent","Vehicle",0,"158970"
"94006","Male","Diploma",0,18.25,526723,1.5,158970,2.61,17.24,28,"Salaried","Rent","Vehicle",0,"158970"
"94009","Female","Grade 12",0,23.75,1615911,1.76,2837776,19.29,68.4,48,"Self-employed","Rent","Other",0,"2837776"
"94009","Female","Grade 12",0,23.75,1615911,1.76,2837776,19.29,68.4,48,"Self-employed","Rent","Other",0,"2837776"
"94012","Male","No records",0,15.75,350489,1.75,156244,35.09,114.12,68.2,"Salaried","Mortgage","Home_improvement",0,"156244"
"94012","Male","No records",0,15.75,350489,1.75,156244,35.09,114.12,68.2,"Salaried","Mortgage","Home_improvement",0,"156244"
"94015","Female","Diploma",0,17.75,363236,1.79,1005374,16.54,55.77,48.9,"Salaried","Mortgage","Vehicle",1,"1005374"
"94015","Female","Diploma",0,17.75,363236,1.79,1005374,16.54,55.77,48.9,"Salaried","Mortgage","Vehicle",1,"1005374"
"94035","Male","Grade 12",0,16.75,350653,1.7,903633,22.78,78.52,52.1,"Salaried","Mortgage","Home_improvement",0,"903633"
"94035","Male","Grade 12",0,16.75,350653,1.7,903633,22.78,78.52,52.1,"Salaried","Mortgage","Home_improvement",0,"903633"
"94038","Male","Grade 12",0,16.75,263819,1.5,597497,18.79,62.58,43.4,"Salaried","Mortgage","Home_improvement",0,"597497"
"94038","Male","Grade 12",0,16.75,263819,1.5,597497,18.79,62.58,43.4,"Salaried","Mortgage","Home_improvement",0,"597497"
"94039","Female","No records",0,17.75,457956,1.54,798555,19.19,61.83,51.3,"Salaried","Mortgage","Vehicle",0,"798555"
"94039","Female","No records",0,17.75,457956,1.54,798555,19.19,61.83,51.3,"Salaried","Mortgage","Vehicle",0,"798555"
"94041","Male","Degree",0,23.25,265090,1.51,487440,3.72,18.05,29.3,"Salaried","Rent","Other",0,"487440"
"94041","Male","Degree",0,23.25,265090,1.51,487440,3.72,18.05,29.3,"Salaried","Rent","Other",0,"487440"
"94050","Female","Grade 12",0,16.75,365467,1.13,444098,22.11,79.27,50.1,"Salaried","Mortgage","Home_improvement",1,"444098"
"94050","Female","Grade 12",0,16.75,365467,1.13,444098,22.11,79.27,50.1,"Salaried","Mortgage","Home_improvement",1,"444098"
"94051","Male","Diploma",0,16.75,571971,1.16,1894162,8.2,35.85,40.2,"Salaried","Mortgage","Home_improvement",1,"1894162"
"94051","Male","Diploma",0,16.75,571971,1.16,1894162,8.2,35.85,40.2,"Salaried","Mortgage","Home_improvement",1,"1894162"
"94062","Male","Degree",2,35,5262,0.4,6655,2.83,23.62,32.7,"Unemployed","Rent","Debt_consolidation",1,"6655"
"94062","Male","Degree",2,35,5262,0.4,6655,2.83,23.62,32.7,"Unemployed","Rent","Debt_consolidation",1,"6655"
"94066","Male","Grade 12",0,18.75,612132,1.16,494614,10.69,38.48,38.9,"Salaried","Rent","Vehicle",0,"494614"
"94066","Male","Grade 12",0,18.75,612132,1.16,494614,10.69,38.48,38.9,"Salaried","Rent","Vehicle",0,"494614"
"94073","Female","Degree",0,35,5021,0.66,14340,32.11,104.87,65.3,"Unemployed","Rent","Debt_consolidation",0,"14340"
"94073","Female","Degree",0,35,5021,0.66,14340,32.11,104.87,65.3,"Unemployed","Rent","Debt_consolidation",0,"14340"
"94079","Female","No records",0,22.75,186644,1.52,677766,1.94,16.7,26.3,"Salaried","Own","Debt_consolidation",0,"677766"
"94079","Female","No records",0,22.75,186644,1.52,677766,1.94,16.7,26.3,"Salaried","Own","Debt_consolidation",0,"677766"
"94086","Female","Grade 12",0,19.25,929397,1.15,525984,6.39,28.48,28.5,"Contract","Mortgage","Home_improvement",1,"525984"
"94086","Female","Grade 12",0,19.25,929397,1.15,525984,6.39,28.48,28.5,"Contract","Mortgage","Home_improvement",1,"525984"
"94088","Male","Grade 12",2,21.25,1297918,1.49,2145962,15.79,57.54,45,"Contract","Mortgage","Vehicle",1,"2145962"
"94088","Male","Grade 12",2,21.25,1297918,1.49,2145962,15.79,57.54,45,"Contract","Mortgage","Vehicle",1,"2145962"
"94092","Male","Grade 12",2,21.75,633027,1.39,770739,17.32,57.91,45.8,"Salaried","Rent","Other",0,"770739"
"94092","Male","Grade 12",2,21.75,633027,1.39,770739,17.32,57.91,45.8,"Salaried","Rent","Other",0,"770739"
"94095","Female","Diploma",0,21.25,455809,2.33,1162878,28.92,93.36,63,"Self-employed","Mortgage","Vehicle",1,"1162878"
"94095","Female","Diploma",0,21.25,455809,2.33,1162878,28.92,93.36,63,"Self-employed","Mortgage","Vehicle",1,"1162878"
"94120","Male","No records",0,34.25,6942,0.61,3102,16.27,62.39,50.1,"Unemployed","Rent","Other",1,"3102"
"94120","Male","No records",0,34.25,6942,0.61,3102,16.27,62.39,50.1,"Unemployed","Rent","Other",1,"3102"
"94133","Male","Grade 12",0,17.75,311490,1.76,215300,21.87,74.26,54.8,"Salaried","Mortgage","Vehicle",1,"215300"
"94133","Male","Grade 12",0,17.75,311490,1.76,215300,21.87,74.26,54.8,"Salaried","Mortgage","Vehicle",1,"215300"
"94137","Female","Diploma",1,19.25,614434,1.51,1189267,26.16,87.9,54.9,"Salaried","Own","Debt_consolidation",0,"1189267"
"94137","Female","Diploma",1,19.25,614434,1.51,1189267,26.16,87.9,54.9,"Salaried","Own","Debt_consolidation",0,"1189267"
"94147","Female","Degree",0,21.25,868496,1.38,642784,28.69,98.79,56.9,"Contract","Mortgage","Vehicle",1,"642784"
"94147","Female","Degree",0,21.25,868496,1.38,642784,28.69,98.79,56.9,"Contract","Mortgage","Vehicle",1,"642784"
"94155","Female","Grade 12",0,18.75,258905,1.71,221519,24.07,86.23,48.1,"Salaried","Rent","Vehicle",1,"221519"
"94155","Female","Grade 12",0,18.75,258905,1.71,221519,24.07,86.23,48.1,"Salaried","Rent","Vehicle",1,"221519"
"94164","Male","Degree",1,18.75,145247,1.32,176518,11.07,45.39,36.2,"Salaried","Rent","Vehicle",0,"176518"
"94164","Male","Degree",1,18.75,145247,1.32,176518,11.07,45.39,36.2,"Salaried","Rent","Vehicle",0,"176518"
"94170","Female","No records",1,21.25,743437,1.75,579861,0.77,13,30.3,"Salaried","Mortgage","Vehicle",0,"579861"
"94170","Female","No records",1,21.25,743437,1.75,579861,0.77,13,30.3,"Salaried","Mortgage","Vehicle",0,"579861"
"94171","Male","Degree",0,21.25,316418,2.21,874381,21.36,70.43,51.5,"Contract","Mortgage","Vehicle",1,"874381"
"94171","Male","Degree",0,21.25,316418,2.21,874381,21.36,70.43,51.5,"Contract","Mortgage","Vehicle",1,"874381"
"94201","Female","Grade 12",0,17.75,210573,1.6,234929,27.54,92.03,56.7,"Salaried","Mortgage","Vehicle",0,"234929"
"94201","Female","Grade 12",0,17.75,210573,1.6,234929,27.54,92.03,56.7,"Salaried","Mortgage","Vehicle",0,"234929"
"94208","Female","Grade 12",0,21.25,387232,1.69,731887,22.85,81.29,54.2,"Contract","Mortgage","Vehicle",1,"731887"
"94208","Female","Grade 12",0,21.25,387232,1.69,731887,22.85,81.29,54.2,"Contract","Mortgage","Vehicle",1,"731887"
"94211","Female","Grade 12",2,20.25,436459,0.85,724483,1,18.1,33,"Salaried","Mortgage","Home_improvement",1,"724483"
"94211","Female","Grade 12",2,20.25,436459,0.85,724483,1,18.1,33,"Salaried","Mortgage","Home_improvement",1,"724483"
"94212","Female","Grade 12",0,17.75,306315,1.25,890633,15.11,54.67,39.9,"Salaried","Mortgage","Vehicle",0,"890633"
"94212","Female","Grade 12",0,17.75,306315,1.25,890633,15.11,54.67,39.9,"Salaried","Mortgage","Vehicle",0,"890633"
"94213","Male","Postgrad",2,19.25,170391,1.69,196049,6.01,28.19,40.8,"Salaried","Mortgage","Vehicle",0,"196049"
"94213","Male","Postgrad",2,19.25,170391,1.69,196049,6.01,28.19,40.8,"Salaried","Mortgage","Vehicle",0,"196049"
"94215","Female","Grade 12",1,19.75,1418572,2.29,5181561,9.43,35.95,43,"Self-employed","Mortgage","Vehicle",1,"5181561"
"94215","Female","Grade 12",1,19.75,1418572,2.29,5181561,9.43,35.95,43,"Self-employed","Mortgage","Vehicle",1,"5181561"
"94217","Male","No records",3,19.25,262613,1.37,331465,15.05,58.47,40.4,"Salaried","Own","Debt_consolidation",0,"331465"
"94217","Male","No records",3,19.25,262613,1.37,331465,15.05,58.47,40.4,"Salaried","Own","Debt_consolidation",0,"331465"
"94226","Female","Degree",2,26.75,154587,2.44,367298,4.04,19.95,28.6,"Contract","Rent","Other",1,"367298"
"94226","Female","Degree",2,26.75,154587,2.44,367298,4.04,19.95,28.6,"Contract","Rent","Other",1,"367298"
"94229","Female","Diploma",0,18.75,2755873,1.54,2887777,24.44,82.83,50,"Self-employed","Mortgage","Home_improvement",1,"2887777"
"94229","Female","Diploma",0,18.75,2755873,1.54,2887777,24.44,82.83,50,"Self-employed","Mortgage","Home_improvement",1,"2887777"
"94231","Male","No records",2,21.75,298662,0.92,1081782,21.63,77.8,53.2,"Salaried","Rent","Other",1,"1081782"
"94231","Male","No records",2,21.75,298662,0.92,1081782,21.63,77.8,53.2,"Salaried","Rent","Other",1,"1081782"
"94244","Female","Grade 12",1,35,7326,0.5,23298,16.18,56.52,45.2,"Unemployed","Rent","Debt_consolidation",1,"23298"
"94244","Female","Grade 12",1,35,7326,0.5,23298,16.18,56.52,45.2,"Unemployed","Rent","Debt_consolidation",1,"23298"
"94245","Female","No records",1,19.75,1175751,1.36,2111763,14.19,52.3,44.1,"Self-employed","Mortgage","Vehicle",0,"2111763"
"94245","Female","No records",1,19.75,1175751,1.36,2111763,14.19,52.3,44.1,"Self-employed","Mortgage","Vehicle",0,"2111763"
"94247","Male","Diploma",0,15.25,76639,1.78,28671,9.2,33.73,34.3,"Salaried","Mortgage","Vehicle",0,"28671"
"94247","Male","Diploma",0,15.25,76639,1.78,28671,9.2,33.73,34.3,"Salaried","Mortgage","Vehicle",0,"28671"
"94248","Female","No records",0,17.75,181033,1.41,614155,24.75,84.27,52.1,"Salaried","Mortgage","Vehicle",0,"614155"
"94248","Female","No records",0,17.75,181033,1.41,614155,24.75,84.27,52.1,"Salaried","Mortgage","Vehicle",0,"614155"
"94254","Female","Grade 12",3,22.75,437296,1.44,1327577,1.53,12.47,25.6,"Salaried","Own","Debt_consolidation",0,"1327577"
"94254","Female","Grade 12",3,22.75,437296,1.44,1327577,1.53,12.47,25.6,"Salaried","Own","Debt_consolidation",0,"1327577"
"94256","Male","No records",3,35,4697,0.52,5788,1.18,14.22,26.5,"Unemployed","Mortgage","Debt_consolidation",1,"5788"
"94256","Male","No records",3,35,4697,0.52,5788,1.18,14.22,26.5,"Unemployed","Mortgage","Debt_consolidation",1,"5788"
"94257","Female","Diploma",0,21.25,318797,1.29,655152,19.35,64.22,43,"Contract","Mortgage","Vehicle",1,"655152"
"94257","Female","Diploma",0,21.25,318797,1.29,655152,19.35,64.22,43,"Contract","Mortgage","Vehicle",1,"655152"
"94271","Male","Diploma",3,19.25,373283,0.86,307136,27.96,97.18,57.3,"Salaried","Own","Debt_consolidation",0,"307136"
"94271","Male","Diploma",3,19.25,373283,0.86,307136,27.96,97.18,57.3,"Salaried","Own","Debt_consolidation",0,"307136"
"94280","Female","Diploma",0,18.75,663110,1.33,814052,9.5,43.41,36.9,"Salaried","Rent","Vehicle",0,"814052"
"94280","Female","Diploma",0,18.75,663110,1.33,814052,9.5,43.41,36.9,"Salaried","Rent","Vehicle",0,"814052"
"94285","Female","Diploma",0,20.25,249630,1.7,746543,36.13,117.06,64.1,"Salaried","Rent","Vehicle",0,"746543"
"94285","Female","Diploma",0,20.25,249630,1.7,746543,36.13,117.06,64.1,"Salaried","Rent","Vehicle",0,"746543"
"94312","Female","No records",0,20.25,206458,1.41,310628,6.76,30.6,39.4,"Salaried","Rent","Vehicle",0,"310628"
"94312","Female","No records",0,20.25,206458,1.41,310628,6.76,30.6,39.4,"Salaried","Rent","Vehicle",0,"310628"
"94323","Male","Grade 12",0,20.25,348616,1.31,983255,28.66,93.35,61.5,"Salaried","Rent","Vehicle",0,"983255"
"94323","Male","Grade 12",0,20.25,348616,1.31,983255,28.66,93.35,61.5,"Salaried","Rent","Vehicle",0,"983255"
"94326","Female","Diploma",0,21.25,2163447,1.17,1914513,21.79,71.61,49.8,"Self-employed","Own","Debt_consolidation",1,"1914513"
"94326","Female","Diploma",0,21.25,2163447,1.17,1914513,21.79,71.61,49.8,"Self-employed","Own","Debt_consolidation",1,"1914513"
"94328","Female","Degree",0,31.75,8125,0.51,2568,24.18,82.1,55.2,"Unemployed","Rent","Debt_consolidation",0,"2568"
"94328","Female","Degree",0,31.75,8125,0.51,2568,24.18,82.1,55.2,"Unemployed","Rent","Debt_consolidation",0,"2568"
"94331","Male","Diploma",0,18.75,176507,2.04,133593,26.81,93.06,50.6,"Salaried","Rent","Vehicle",1,"133593"
"94331","Male","Diploma",0,18.75,176507,2.04,133593,26.81,93.06,50.6,"Salaried","Rent","Vehicle",1,"133593"
"94333","Female","Degree",0,18.75,293622,1.43,392112,9.91,38,34.1,"Salaried","Rent","Vehicle",0,"392112"
"94333","Female","Degree",0,18.75,293622,1.43,392112,9.91,38,34.1,"Salaried","Rent","Vehicle",0,"392112"
"94334","Female","Grade 12",0,18.75,350941,1.96,530410,20.85,72.3,50.8,"Salaried","Rent","Vehicle",0,"530410"
"94334","Female","Grade 12",0,18.75,350941,1.96,530410,20.85,72.3,50.8,"Salaried","Rent","Vehicle",0,"530410"
"94336","Male","Grade 12",1,18.75,186225,1.52,566370,14.59,53.82,40.4,"Salaried","Rent","Vehicle",0,"566370"
"94336","Male","Grade 12",1,18.75,186225,1.52,566370,14.59,53.82,40.4,"Salaried","Rent","Vehicle",0,"566370"
"94348","Male","Diploma",2,19.25,1890419,1.83,579848,1.64,18.19,34.6,"Self-employed","Mortgage","Vehicle",0,"579848"
"94348","Male","Diploma",2,19.25,1890419,1.83,579848,1.64,18.19,34.6,"Self-employed","Mortgage","Vehicle",0,"579848"
"94351","Male","Grade 12",0,20.25,438628,1.72,1443291,2.03,11.24,30.9,"Salaried","Mortgage","Home_improvement",0,"1443291"
"94351","Male","Grade 12",0,20.25,438628,1.72,1443291,2.03,11.24,30.9,"Salaried","Mortgage","Home_improvement",0,"1443291"
"94361","Male","Grade 12",2,17.75,206916,1.02,469683,29.97,100.92,59.1,"Salaried","Mortgage","Vehicle",0,"469683"
"94361","Male","Grade 12",2,17.75,206916,1.02,469683,29.97,100.92,59.1,"Salaried","Mortgage","Vehicle",0,"469683"
"94364","Female","Diploma",0,35,6205,0.64,14337,35.66,115.7,62.3,"Unemployed","Rent","Debt_consolidation",1,"14337"
"94364","Female","Diploma",0,35,6205,0.64,14337,35.66,115.7,62.3,"Unemployed","Rent","Debt_consolidation",1,"14337"
"94366","Female","No records",0,21.25,1499992,2.29,4232584,9.79,40.89,32.7,"Self-employed","Own","Debt_consolidation",1,"4232584"
"94366","Female","No records",0,21.25,1499992,2.29,4232584,9.79,40.89,32.7,"Self-employed","Own","Debt_consolidation",1,"4232584"
"94383","Female","Diploma",0,35,5255,0.53,10497,26.3,78.3,57.6,"Unemployed","Rent","Other",1,"10497"
"94383","Female","Diploma",0,35,5255,0.53,10497,26.3,78.3,57.6,"Unemployed","Rent","Other",1,"10497"
"94385","Female","Grade 12",2,18.75,285612,1.83,272183,24.91,83.09,55.1,"Salaried","Rent","Vehicle",1,"272183"
"94385","Female","Grade 12",2,18.75,285612,1.83,272183,24.91,83.09,55.1,"Salaried","Rent","Vehicle",1,"272183"
"94389","Male","Grade 12",1,18.25,228883,1.44,684375,4.76,21.39,28.5,"Salaried","Mortgage","Home_improvement",0,"684375"
"94389","Male","Grade 12",1,18.25,228883,1.44,684375,4.76,21.39,28.5,"Salaried","Mortgage","Home_improvement",0,"684375"
"94391","Male","Grade 12",0,19.25,434035,1.68,1002424,19.13,72.84,46.8,"Salaried","Own","Debt_consolidation",1,"1002424"
"94391","Male","Grade 12",0,19.25,434035,1.68,1002424,19.13,72.84,46.8,"Salaried","Own","Debt_consolidation",1,"1002424"
"94400","Female","Diploma",0,17.75,212292,1.56,723170,24.72,84.88,54.3,"Salaried","Mortgage","Vehicle",1,"723170"
"94400","Female","Diploma",0,17.75,212292,1.56,723170,24.72,84.88,54.3,"Salaried","Mortgage","Vehicle",1,"723170"
"94403","Male","Diploma",2,18.75,526380,1.64,1548836,14.62,52.04,40.7,"Salaried","Rent","Vehicle",1,"1548836"
"94403","Male","Diploma",2,18.75,526380,1.64,1548836,14.62,52.04,40.7,"Salaried","Rent","Vehicle",1,"1548836"
"94406","Male","Degree",0,19.25,369204,0.92,755782,34.93,112.97,61.9,"Salaried","Mortgage","Vehicle",0,"755782"
"94406","Male","Degree",0,19.25,369204,0.92,755782,34.93,112.97,61.9,"Salaried","Mortgage","Vehicle",0,"755782"
"94429","Female","Grade 12",0,25.25,1304671,1.52,4748013,4.03,20.76,27.3,"Self-employed","Rent","Other",0,"4748013"
"94429","Female","Grade 12",0,25.25,1304671,1.52,4748013,4.03,20.76,27.3,"Self-employed","Rent","Other",0,"4748013"
"94458","Female","No records",3,17.75,402664,0.96,486001,26.27,84.46,49.5,"Salaried","Mortgage","Vehicle",1,"486001"
"94458","Female","No records",3,17.75,402664,0.96,486001,26.27,84.46,49.5,"Salaried","Mortgage","Vehicle",1,"486001"
"94465","Male","No records",1,23.75,1464518,2.05,3015875,22.04,78.81,47.9,"Self-employed","Rent","Other",0,"3015875"
"94465","Male","No records",1,23.75,1464518,2.05,3015875,22.04,78.81,47.9,"Self-employed","Rent","Other",0,"3015875"
"94477","Male","No records",2,17.75,754248,1.75,1737735,12.6,40.51,44.1,"Salaried","Mortgage","Vehicle",1,"1737735"
"94477","Male","No records",2,17.75,754248,1.75,1737735,12.6,40.51,44.1,"Salaried","Mortgage","Vehicle",1,"1737735"
"94490","Male","Grade 12",0,20.25,223636,1.32,614113,1.76,14.71,32.6,"Salaried","Mortgage","Home_improvement",0,"614113"
"94490","Male","Grade 12",0,20.25,223636,1.32,614113,1.76,14.71,32.6,"Salaried","Mortgage","Home_improvement",0,"614113"
"94496","Female","Grade 12",0,21.25,299151,1.42,627012,0.42,11.64,30.5,"Salaried","Mortgage","Vehicle",0,"627012"
"94496","Female","Grade 12",0,21.25,299151,1.42,627012,0.42,11.64,30.5,"Salaried","Mortgage","Vehicle",0,"627012"
"94532","Male","No records",1,33.25,3437,0.39,7997,20.25,69.82,48.8,"Unemployed","Rent","Other",0,"7997"
"94532","Male","No records",1,33.25,3437,0.39,7997,20.25,69.82,48.8,"Unemployed","Rent","Other",0,"7997"
"94538","Male","Degree",0,16.75,309666,1.51,1107777,22.05,78.82,44.8,"Salaried","Mortgage","Home_improvement",0,"1107777"
"94538","Male","Degree",0,16.75,309666,1.51,1107777,22.05,78.82,44.8,"Salaried","Mortgage","Home_improvement",0,"1107777"
"94540","Female","Degree",0,18.75,477497,1.82,1165267,7.42,32.37,36.6,"Salaried","Rent","Vehicle",0,"1165267"
"94540","Female","Degree",0,18.75,477497,1.82,1165267,7.42,32.37,36.6,"Salaried","Rent","Vehicle",0,"1165267"
"94542","Female","Grade 12",1,19.25,146099,1.54,476079,21.81,77.79,55.4,"Salaried","Own","Debt_consolidation",0,"476079"
"94542","Female","Grade 12",1,19.25,146099,1.54,476079,21.81,77.79,55.4,"Salaried","Own","Debt_consolidation",0,"476079"
"94547","Male","Grade 12",0,19.25,452410,1.67,454889,34.46,111.83,64.5,"Salaried","Mortgage","Vehicle",1,"454889"
"94547","Male","Grade 12",0,19.25,452410,1.67,454889,34.46,111.83,64.5,"Salaried","Mortgage","Vehicle",1,"454889"
"94556","Male","Diploma",0,17.75,294788,1.12,913997,16.78,63.42,51.1,"Salaried","Mortgage","Vehicle",1,"913997"
"94556","Male","Diploma",0,17.75,294788,1.12,913997,16.78,63.42,51.1,"Salaried","Mortgage","Vehicle",1,"913997"
"94559","Female","No records",2,18.75,178332,1.94,256025,7.43,27.63,40.1,"Salaried","Rent","Vehicle",0,"256025"
"94559","Female","No records",2,18.75,178332,1.94,256025,7.43,27.63,40.1,"Salaried","Rent","Vehicle",0,"256025"
"94565","Female","Diploma",0,16.75,361249,1.6,128545,8.74,36.74,31.4,"Salaried","Own","Debt_consolidation",0,"128545"
"94565","Female","Diploma",0,16.75,361249,1.6,128545,8.74,36.74,31.4,"Salaried","Own","Debt_consolidation",0,"128545"
"94571","Male","No records",0,22.75,862611,1.72,364060,15.44,53.89,40.9,"Contract","Rent","Other",1,"364060"
"94571","Male","No records",0,22.75,862611,1.72,364060,15.44,53.89,40.9,"Contract","Rent","Other",1,"364060"
"94574","Male","Grade 12",3,15.25,478670,1.18,273067,19.39,67.98,45,"Salaried","Mortgage","Vehicle",0,"273067"
"94574","Male","Grade 12",3,15.25,478670,1.18,273067,19.39,67.98,45,"Salaried","Mortgage","Vehicle",0,"273067"
"94580","Female","No records",0,18.25,317806,1.67,130374,32.86,106.02,63,"Salaried","Own","Debt_consolidation",1,"130374"
"94580","Female","No records",0,18.25,317806,1.67,130374,32.86,106.02,63,"Salaried","Own","Debt_consolidation",1,"130374"
"94589","Male","Grade 12",0,23.25,3456079,1.84,6131397,0.17,9.76,30.3,"Self-employed","Mortgage","Vehicle",0,"6131397"
"94589","Male","Grade 12",0,23.25,3456079,1.84,6131397,0.17,9.76,30.3,"Self-employed","Mortgage","Vehicle",0,"6131397"
"94593","Male","Grade 12",0,19.25,227576,1.27,704177,36.77,119.52,67,"Salaried","Mortgage","Vehicle",1,"704177"
"94593","Male","Grade 12",0,19.25,227576,1.27,704177,36.77,119.52,67,"Salaried","Mortgage","Vehicle",1,"704177"
"94602","Female","Grade 12",1,21.75,614803,0.96,709835,24.13,80.02,47.5,"Salaried","Rent","Other",1,"709835"
"94602","Female","Grade 12",1,21.75,614803,0.96,709835,24.13,80.02,47.5,"Salaried","Rent","Other",1,"709835"
"94603","Female","Diploma",0,20.25,1331634,1.17,2599135,5.84,29,40,"Self-employed","Mortgage","Home_improvement",0,"2599135"
"94603","Female","Diploma",0,20.25,1331634,1.17,2599135,5.84,29,40,"Self-employed","Mortgage","Home_improvement",0,"2599135"
"94615","Female","Grade 12",2,16.75,339650,0.6,1211607,30.68,108.35,58.3,"Salaried","Mortgage","Home_improvement",1,"1211607"
"94615","Female","Grade 12",2,16.75,339650,0.6,1211607,30.68,108.35,58.3,"Salaried","Mortgage","Home_improvement",1,"1211607"
"94637","Female","No records",0,18.75,508372,1.87,703070,17.69,64.29,40.5,"Salaried","Rent","Vehicle",1,"703070"
"94637","Female","No records",0,18.75,508372,1.87,703070,17.69,64.29,40.5,"Salaried","Rent","Vehicle",1,"703070"
"94645","Female","Degree",0,21.75,596574,1.59,708294,12.29,47.18,45.7,"Salaried","Rent","Other",0,"708294"
"94645","Female","Degree",0,21.75,596574,1.59,708294,12.29,47.18,45.7,"Salaried","Rent","Other",0,"708294"
"94654","Female","Grade 12",2,20.25,368042,1.18,832962,33.76,108.99,62.3,"Salaried","Rent","Vehicle",1,"832962"
"94654","Female","Grade 12",2,20.25,368042,1.18,832962,33.76,108.99,62.3,"Salaried","Rent","Vehicle",1,"832962"
"94672","Male","Diploma",1,22.25,602056,1.53,476426,33.13,108.24,57.1,"Contract","Rent","Vehicle",1,"476426"
"94672","Male","Diploma",1,22.25,602056,1.53,476426,33.13,108.24,57.1,"Contract","Rent","Vehicle",1,"476426"
"94699","Female","Grade 12",0,17.75,553218,1.26,1426791,14.41,59.24,37.8,"Salaried","Mortgage","Vehicle",0,"1426791"
"94699","Female","Grade 12",0,17.75,553218,1.26,1426791,14.41,59.24,37.8,"Salaried","Mortgage","Vehicle",0,"1426791"
"94723","Female","Diploma",0,35,7623,0.49,16096,24.68,86.63,58.1,"Unemployed","Rent","Debt_consolidation",0,"16096"
"94723","Female","Diploma",0,35,7623,0.49,16096,24.68,86.63,58.1,"Unemployed","Rent","Debt_consolidation",0,"16096"
"94727","Female","No records",0,21.75,328509,1.14,329151,11.77,48.4,39.1,"Salaried","Rent","Other",1,"329151"
"94727","Female","No records",0,21.75,328509,1.14,329151,11.77,48.4,39.1,"Salaried","Rent","Other",1,"329151"
"94745","Male","No records",0,16.75,334232,1.97,587324,10.32,43.86,37.6,"Salaried","Mortgage","Home_improvement",1,"587324"
"94745","Male","No records",0,16.75,334232,1.97,587324,10.32,43.86,37.6,"Salaried","Mortgage","Home_improvement",1,"587324"
"94753","Female","Degree",0,16.75,787956,1.11,489297,32.5,104.43,60.8,"Salaried","Mortgage","Vehicle",1,"489297"
"94753","Female","Degree",0,16.75,787956,1.11,489297,32.5,104.43,60.8,"Salaried","Mortgage","Vehicle",1,"489297"
"94757","Male","Grade 12",0,19.75,1598318,1.91,1540349,33.62,111.32,56.4,"Self-employed","Mortgage","Vehicle",1,"1540349"
"94757","Male","Grade 12",0,19.75,1598318,1.91,1540349,33.62,111.32,56.4,"Self-employed","Mortgage","Vehicle",1,"1540349"
"94760","Female","No records",0,23.25,307417,1.11,550345,33.67,107.96,60.5,"Salaried","Rent","Other",1,"550345"
"94760","Female","No records",0,23.25,307417,1.11,550345,33.67,107.96,60.5,"Salaried","Rent","Other",1,"550345"
"94762","Female","Diploma",0,20.25,583244,1.3,1750287,22.2,78,51.9,"Contract","Mortgage","Home_improvement",1,"1750287"
"94762","Female","Diploma",0,20.25,583244,1.3,1750287,22.2,78,51.9,"Contract","Mortgage","Home_improvement",1,"1750287"
"94795","Male","Grade 12",1,24.25,231584,1.3,178625,0.85,10.14,23.2,"Salaried","Own","Debt_consolidation",0,"178625"
"94795","Male","Grade 12",1,24.25,231584,1.3,178625,0.85,10.14,23.2,"Salaried","Own","Debt_consolidation",0,"178625"
"94806","Female","Diploma",0,23.25,745193,1.66,1513017,28.73,90.63,52.5,"Contract","Mortgage","Debt_consolidation",1,"1513017"
"94806","Female","Diploma",0,23.25,745193,1.66,1513017,28.73,90.63,52.5,"Contract","Mortgage","Debt_consolidation",1,"1513017"
"94812","Male","Grade 12",0,24.25,1118917,1.78,1296149,39.24,129.65,72.7,"Contract","Own","Debt_consolidation",1,"1296149"
"94812","Male","Grade 12",0,24.25,1118917,1.78,1296149,39.24,129.65,72.7,"Contract","Own","Debt_consolidation",1,"1296149"
"94835","Female","Grade 12",4,18.75,308380,1.41,742765,24.36,80.53,49.4,"Salaried","Rent","Vehicle",1,"742765"
"94835","Female","Grade 12",4,18.75,308380,1.41,742765,24.36,80.53,49.4,"Salaried","Rent","Vehicle",1,"742765"
"94842","Female","Postgrad",2,18.75,659029,1.38,1989418,28.86,97.47,57,"Salaried","Rent","Vehicle",0,"1989418"
"94842","Female","Postgrad",2,18.75,659029,1.38,1989418,28.86,97.47,57,"Salaried","Rent","Vehicle",0,"1989418"
"94858","Female","No records",0,35,4737,0.52,15397,27.01,89,55.8,"Unemployed","Rent","Debt_consolidation",1,"15397"
"94858","Female","No records",0,35,4737,0.52,15397,27.01,89,55.8,"Unemployed","Rent","Debt_consolidation",1,"15397"
"94861","Female","Diploma",0,18.75,309684,1.57,349770,9.26,41.02,39.2,"Salaried","Rent","Vehicle",0,"349770"
"94861","Female","Diploma",0,18.75,309684,1.57,349770,9.26,41.02,39.2,"Salaried","Rent","Vehicle",0,"349770"
"94872","Male","Grade 12",0,17.75,700223,1.41,493301,16.87,65.65,43.1,"Salaried","Mortgage","Vehicle",1,"493301"
"94872","Male","Grade 12",0,17.75,700223,1.41,493301,16.87,65.65,43.1,"Salaried","Mortgage","Vehicle",1,"493301"
"94875","Male","No records",0,20.75,537023,1.4,1954389,39.76,136.38,70.6,"Salaried","Own","Debt_consolidation",0,"1954389"
"94875","Male","No records",0,20.75,537023,1.4,1954389,39.76,136.38,70.6,"Salaried","Own","Debt_consolidation",0,"1954389"
"94891","Female","Diploma",0,16.75,264673,1.48,1005443,25.09,85.13,49.4,"Salaried","Mortgage","Home_improvement",0,"1005443"
"94891","Female","Diploma",0,16.75,264673,1.48,1005443,25.09,85.13,49.4,"Salaried","Mortgage","Home_improvement",0,"1005443"
"94898","Male","Grade 12",0,20.25,562062,1.05,1143823,38.99,125.39,73.6,"Salaried","Rent","Vehicle",0,"1143823"
"94898","Male","Grade 12",0,20.25,562062,1.05,1143823,38.99,125.39,73.6,"Salaried","Rent","Vehicle",0,"1143823"
"94901","Male","Diploma",1,16.75,107529,1.21,318853,23.62,78.01,52.9,"Salaried","Mortgage","Home_improvement",0,"318853"
"94901","Male","Diploma",1,16.75,107529,1.21,318853,23.62,78.01,52.9,"Salaried","Mortgage","Home_improvement",0,"318853"
"94905","Female","Grade 12",0,21.75,362180,1.64,300532,29.19,99.59,53.3,"Salaried","Rent","Other",1,"300532"
"94905","Female","Grade 12",0,21.75,362180,1.64,300532,29.19,99.59,53.3,"Salaried","Rent","Other",1,"300532"
"94925","Female","No records",0,21.25,1009472,1.65,2790126,30.95,100.34,58.5,"Contract","Mortgage","Vehicle",1,"2790126"
"94925","Female","No records",0,21.25,1009472,1.65,2790126,30.95,100.34,58.5,"Contract","Mortgage","Vehicle",1,"2790126"
"94931","Male","Grade 12",0,23.25,2001441,1.27,3513241,5.67,22.94,28.9,"Self-employed","Mortgage","Debt_consolidation",0,"3513241"
"94931","Male","Grade 12",0,23.25,2001441,1.27,3513241,5.67,22.94,28.9,"Self-employed","Mortgage","Debt_consolidation",0,"3513241"
"94936","Male","Degree",2,16.75,226110,1.55,124725,29.55,99.66,61.3,"Salaried","Mortgage","Vehicle",0,"124725"
"94936","Male","Degree",2,16.75,226110,1.55,124725,29.55,99.66,61.3,"Salaried","Mortgage","Vehicle",0,"124725"
"94959","Female","No records",0,35,2785,0.61,7578,38.06,123.17,63,"Unemployed","Rent","Debt_consolidation",1,"7578"
"94959","Female","No records",0,35,2785,0.61,7578,38.06,123.17,63,"Unemployed","Rent","Debt_consolidation",1,"7578"
"94967","Male","No records",0,23.75,429753,1.61,336403,7.13,27.98,29.4,"Self-employed","Rent","Other",0,"336403"
"94967","Male","No records",0,23.75,429753,1.61,336403,7.13,27.98,29.4,"Self-employed","Rent","Other",0,"336403"
"94971","Female","Degree",0,20.25,519898,1.49,1257882,31.66,106.13,65.1,"Salaried","Rent","Vehicle",0,"1257882"
"94971","Female","Degree",0,20.25,519898,1.49,1257882,31.66,106.13,65.1,"Salaried","Rent","Vehicle",0,"1257882"
"95021","Female","Degree",0,23.25,156447,1.78,402537,38.56,122.78,72.9,"Salaried","Rent","Other",0,"402537"
"95021","Female","Degree",0,23.25,156447,1.78,402537,38.56,122.78,72.9,"Salaried","Rent","Other",0,"402537"
"95032","Female","Diploma",3,18.25,496111,1.56,1462385,33.76,113.14,63.5,"Salaried","Mortgage","Home_improvement",1,"1462385"
"95032","Female","Diploma",3,18.25,496111,1.56,1462385,33.76,113.14,63.5,"Salaried","Mortgage","Home_improvement",1,"1462385"
"95075","Male","No records",0,19.75,578884,1.39,487959,11.8,44.7,37.7,"Self-employed","Mortgage","Vehicle",1,"487959"
"95075","Male","No records",0,19.75,578884,1.39,487959,11.8,44.7,37.7,"Self-employed","Mortgage","Vehicle",1,"487959"
"95079","Male","No records",0,17.75,223760,1.49,750200,15.08,58.59,41.5,"Salaried","Mortgage","Vehicle",0,"750200"
"95079","Male","No records",0,17.75,223760,1.49,750200,15.08,58.59,41.5,"Salaried","Mortgage","Vehicle",0,"750200"
"95080","Male","Degree",0,19.25,142112,1.08,156161,4.91,23.64,38.3,"Salaried","Mortgage","Vehicle",0,"156161"
"95080","Male","Degree",0,19.25,142112,1.08,156161,4.91,23.64,38.3,"Salaried","Mortgage","Vehicle",0,"156161"
"95086","Male","Diploma",2,18.75,339505,0.99,624775,33.9,115.21,57.5,"Salaried","Rent","Vehicle",0,"624775"
"95086","Male","Diploma",2,18.75,339505,0.99,624775,33.9,115.21,57.5,"Salaried","Rent","Vehicle",0,"624775"
"95111","Male","No records",2,20.75,222848,1.58,825483,3.2,18.68,35.4,"Salaried","Own","Debt_consolidation",0,"825483"
"95111","Male","No records",2,20.75,222848,1.58,825483,3.2,18.68,35.4,"Salaried","Own","Debt_consolidation",0,"825483"
"95112","Female","No records",1,19.75,366390,2.25,383142,21.63,75.52,52.8,"Self-employed","Mortgage","Vehicle",1,"383142"
"95112","Female","No records",1,19.75,366390,2.25,383142,21.63,75.52,52.8,"Self-employed","Mortgage","Vehicle",1,"383142"
"95121","Female","Grade 12",0,16.75,300265,1.02,825727,27.51,93.56,55.8,"Salaried","Mortgage","Home_improvement",1,"825727"
"95121","Female","Grade 12",0,16.75,300265,1.02,825727,27.51,93.56,55.8,"Salaried","Mortgage","Home_improvement",1,"825727"
"95122","Male","Grade 12",0,22.75,412742,1.36,767698,0.58,18.16,24.5,"Salaried","Mortgage","Vehicle",0,"767698"
"95122","Male","Grade 12",0,22.75,412742,1.36,767698,0.58,18.16,24.5,"Salaried","Mortgage","Vehicle",0,"767698"
"95128","Male","No records",0,18.25,571408,1.29,533352,38.69,125.69,62.1,"Salaried","Mortgage","Home_improvement",1,"533352"
"95128","Male","No records",0,18.25,571408,1.29,533352,38.69,125.69,62.1,"Salaried","Mortgage","Home_improvement",1,"533352"
"95134","Male","Diploma",0,35,5148,0.59,6970,33.39,110.42,65.3,"Unemployed","Rent","Debt_consolidation",1,"6970"
"95134","Male","Diploma",0,35,5148,0.59,6970,33.39,110.42,65.3,"Unemployed","Rent","Debt_consolidation",1,"6970"
"95150","Male","Grade 12",0,34.25,3783,0.67,11551,6.59,31.4,39.8,"Unemployed","Rent","Home_improvement",1,"11551"
"95150","Male","Grade 12",0,34.25,3783,0.67,11551,6.59,31.4,39.8,"Unemployed","Rent","Home_improvement",1,"11551"
"95163","Male","Diploma",1,22.25,190232,1.71,449115,0.05,6.8,27.1,"Salaried","Rent","Vehicle",0,"449115"
"95163","Male","Diploma",1,22.25,190232,1.71,449115,0.05,6.8,27.1,"Salaried","Rent","Vehicle",0,"449115"
"95171","Female","Degree",0,32.75,8854,0.45,17256,3.98,21.15,37.9,"Unemployed","Mortgage","Debt_consolidation",1,"17256"
"95171","Female","Degree",0,32.75,8854,0.45,17256,3.98,21.15,37.9,"Unemployed","Mortgage","Debt_consolidation",1,"17256"
"95190","Female","Diploma",1,25.25,1134985,2.09,1406165,3.3,22.27,28,"Self-employed","Rent","Other",1,"1406165"
"95190","Female","Diploma",1,25.25,1134985,2.09,1406165,3.3,22.27,28,"Self-employed","Rent","Other",1,"1406165"
"95191","Male","Diploma",3,33.75,1440,0.65,3348,11.12,43.32,39.7,"Unemployed","Rent","Vehicle",0,"3348"
"95191","Male","Diploma",3,33.75,1440,0.65,3348,11.12,43.32,39.7,"Unemployed","Rent","Vehicle",0,"3348"
"95221","Female","Grade 12",0,18.25,426165,1.35,234446,5.11,24.13,28.4,"Salaried","Own","Debt_consolidation",0,"234446"
"95221","Female","Grade 12",0,18.25,426165,1.35,234446,5.11,24.13,28.4,"Salaried","Own","Debt_consolidation",0,"234446"
"95238","Male","Diploma",0,25.25,1230180,1.94,2778622,32.36,107.66,61.2,"Self-employed","Rent","Other",1,"2778622"
"95238","Male","Diploma",0,25.25,1230180,1.94,2778622,32.36,107.66,61.2,"Self-employed","Rent","Other",1,"2778622"
"95239","Male","Postgrad",0,18.75,430096,1.52,1621230,16.44,57.71,41.3,"Salaried","Rent","Vehicle",0,"1621230"
"95239","Male","Postgrad",0,18.75,430096,1.52,1621230,16.44,57.71,41.3,"Salaried","Rent","Vehicle",0,"1621230"
"95243","Female","Grade 12",1,20.25,538709,1.08,1422524,3.45,20.09,30.5,"Salaried","Rent","Vehicle",0,"1422524"
"95243","Female","Grade 12",1,20.25,538709,1.08,1422524,3.45,20.09,30.5,"Salaried","Rent","Vehicle",0,"1422524"
"95251","Female","Grade 12",1,33.25,7522,0.42,10994,25.67,86.32,59.3,"Unemployed","Rent","Other",1,"10994"
"95251","Female","Grade 12",1,33.25,7522,0.42,10994,25.67,86.32,59.3,"Unemployed","Rent","Other",1,"10994"
"95253","Male","Degree",0,16.75,393330,1.25,992576,28.83,93.03,54.1,"Salaried","Mortgage","Home_improvement",0,"992576"
"95253","Male","Degree",0,16.75,393330,1.25,992576,28.83,93.03,54.1,"Salaried","Mortgage","Home_improvement",0,"992576"
"95257","Female","Diploma",0,16.75,611169,1,1106213,7.3,32.28,29.5,"Salaried","Mortgage","Home_improvement",0,"1106213"
"95257","Female","Diploma",0,16.75,611169,1,1106213,7.3,32.28,29.5,"Salaried","Mortgage","Home_improvement",0,"1106213"
"95260","Male","Degree",1,17.75,212274,1.42,507580,31.34,104.29,59.2,"Salaried","Mortgage","Vehicle",1,"507580"
"95260","Male","Degree",1,17.75,212274,1.42,507580,31.34,104.29,59.2,"Salaried","Mortgage","Vehicle",1,"507580"
"95269","Male","Grade 12",1,25.25,1388658,1.99,1790232,39.19,128.68,65.7,"Self-employed","Rent","Other",1,"1790232"
"95269","Male","Grade 12",1,25.25,1388658,1.99,1790232,39.19,128.68,65.7,"Self-employed","Rent","Other",1,"1790232"
"95271","Female","Diploma",1,20.75,224321,2.16,480509,6.25,26,39.6,"Salaried","Own","Debt_consolidation",0,"480509"
"95271","Female","Diploma",1,20.75,224321,2.16,480509,6.25,26,39.6,"Salaried","Own","Debt_consolidation",0,"480509"
"95291","Female","Diploma",2,16.75,257363,1.77,932849,25.86,84.15,51.9,"Salaried","Mortgage","Home_improvement",1,"932849"
"95291","Female","Diploma",2,16.75,257363,1.77,932849,25.86,84.15,51.9,"Salaried","Mortgage","Home_improvement",1,"932849"
"95311","Male","Postgrad",2,35,3369,0.58,12321,19.99,69.81,49.3,"Unemployed","Rent","Debt_consolidation",0,"12321"
"95311","Male","Postgrad",2,35,3369,0.58,12321,19.99,69.81,49.3,"Unemployed","Rent","Debt_consolidation",0,"12321"
"95321","Male","No records",0,23.25,670880,1.14,1077835,30.62,101.11,63.6,"Salaried","Rent","Other",1,"1077835"
"95321","Male","No records",0,23.25,670880,1.14,1077835,30.62,101.11,63.6,"Salaried","Rent","Other",1,"1077835"
"95323","Female","No records",0,16.25,270645,1.1,109574,12.49,49.28,35.7,"Salaried","Rent","Vehicle",1,"109574"
"95323","Female","No records",0,16.25,270645,1.1,109574,12.49,49.28,35.7,"Salaried","Rent","Vehicle",1,"109574"
"95326","Female","Grade 12",1,23.75,1574888,2.41,5065262,13.72,55.56,42.9,"Self-employed","Rent","Other",0,"5065262"
"95326","Female","Grade 12",1,23.75,1574888,2.41,5065262,13.72,55.56,42.9,"Self-employed","Rent","Other",0,"5065262"
"95346","Female","Diploma",3,21.75,201794,1.05,323209,31.37,104.34,56,"Salaried","Rent","Other",1,"323209"
"95346","Female","Diploma",3,21.75,201794,1.05,323209,31.37,104.34,56,"Salaried","Rent","Other",1,"323209"
"95358","Male","Diploma",1,18.75,243935,1.09,616421,37.04,120.09,59.2,"Salaried","Rent","Vehicle",0,"616421"
"95358","Male","Diploma",1,18.75,243935,1.09,616421,37.04,120.09,59.2,"Salaried","Rent","Vehicle",0,"616421"
"95385","Female","Postgrad",0,18.75,616748,1.29,1585157,28.11,94.73,52.5,"Salaried","Rent","Vehicle",1,"1585157"
"95385","Female","Postgrad",0,18.75,616748,1.29,1585157,28.11,94.73,52.5,"Salaried","Rent","Vehicle",1,"1585157"
"95387","Female","Diploma",0,35,6677,0.64,13928,34.73,110.21,69.3,"Unemployed","Rent","Debt_consolidation",1,"13928"
"95387","Female","Diploma",0,35,6677,0.64,13928,34.73,110.21,69.3,"Unemployed","Rent","Debt_consolidation",1,"13928"
"95391","Male","Grade 12",0,22.75,430700,1.74,161693,17.31,62.01,50.3,"Contract","Rent","Other",1,"161693"
"95391","Male","Grade 12",0,22.75,430700,1.74,161693,17.31,62.01,50.3,"Contract","Rent","Other",1,"161693"
"95392","Female","Grade 12",2,19.25,601287,1.97,1938467,13.08,51.38,43.2,"Salaried","Own","Debt_consolidation",1,"1938467"
"95392","Female","Grade 12",2,19.25,601287,1.97,1938467,13.08,51.38,43.2,"Salaried","Own","Debt_consolidation",1,"1938467"
"95394","Female","Diploma",2,19.25,345629,2.15,172782,23.92,83.07,57.8,"Salaried","Rent","Other",1,"172782"
"95394","Female","Diploma",2,19.25,345629,2.15,172782,23.92,83.07,57.8,"Salaried","Rent","Other",1,"172782"
"95397","Female","Diploma",0,18.75,360232,1.36,787536,27.97,89.52,51.1,"Salaried","Rent","Vehicle",0,"787536"
"95397","Female","Diploma",0,18.75,360232,1.36,787536,27.97,89.52,51.1,"Salaried","Rent","Vehicle",0,"787536"
"95401","Male","Grade 12",1,15.25,666670,1.53,205973,23.41,75.23,52.2,"Salaried","Own","Debt_consolidation",0,"205973"
"95401","Male","Grade 12",1,15.25,666670,1.53,205973,23.41,75.23,52.2,"Salaried","Own","Debt_consolidation",0,"205973"
"95402","Male","No records",2,34.75,1977,0.49,7447,7.93,33.66,31.7,"Unemployed","Mortgage","Debt_consolidation",0,"7447"
"95402","Male","No records",2,34.75,1977,0.49,7447,7.93,33.66,31.7,"Unemployed","Mortgage","Debt_consolidation",0,"7447"
"95411","Female","Grade 12",0,18.25,663808,1.8,1078858,29.51,96.91,60.1,"Salaried","Mortgage","Home_improvement",1,"1078858"
"95411","Female","Grade 12",0,18.25,663808,1.8,1078858,29.51,96.91,60.1,"Salaried","Mortgage","Home_improvement",1,"1078858"
"95417","Female","No records",0,17.75,598299,0.91,1695372,30.67,100.72,59,"Salaried","Mortgage","Vehicle",1,"1695372"
"95417","Female","No records",0,17.75,598299,0.91,1695372,30.67,100.72,59,"Salaried","Mortgage","Vehicle",1,"1695372"
"95428","Female","Grade 12",0,17.75,399506,1.61,897949,27,90.08,51.8,"Salaried","Mortgage","Vehicle",0,"897949"
"95428","Female","Grade 12",0,17.75,399506,1.61,897949,27,90.08,51.8,"Salaried","Mortgage","Vehicle",0,"897949"
"95434","Male","Grade 12",0,25.25,2570509,1.39,5404312,29.67,100.07,64.6,"Self-employed","Rent","Other",1,"5404312"
"95434","Male","Grade 12",0,25.25,2570509,1.39,5404312,29.67,100.07,64.6,"Self-employed","Rent","Other",1,"5404312"
"95437","Female","Diploma",0,20.25,338267,1.45,376750,1.99,15.62,35.9,"Salaried","Mortgage","Home_improvement",0,"376750"
"95437","Female","Diploma",0,20.25,338267,1.45,376750,1.99,15.62,35.9,"Salaried","Mortgage","Home_improvement",0,"376750"
"95455","Male","Postgrad",2,23.75,1276905,1.47,2401914,33.06,110.11,67.4,"Contract","Rent","Vehicle",0,"2401914"
"95455","Male","Postgrad",2,23.75,1276905,1.47,2401914,33.06,110.11,67.4,"Contract","Rent","Vehicle",0,"2401914"
"95463","Male","Grade 12",3,21.75,265127,1.9,718801,35.66,112.3,68.3,"Contract","Mortgage","Home_improvement",0,"718801"
"95463","Male","Grade 12",3,21.75,265127,1.9,718801,35.66,112.3,68.3,"Contract","Mortgage","Home_improvement",0,"718801"
"95469","Male","Diploma",0,20.25,421959,1.51,969758,4.32,23.62,31.5,"Salaried","Rent","Vehicle",1,"969758"
"95469","Male","Diploma",0,20.25,421959,1.51,969758,4.32,23.62,31.5,"Salaried","Rent","Vehicle",1,"969758"
"95482","Female","Grade 12",0,18.25,350822,1.11,1285870,38.33,130.43,71.4,"Salaried","Mortgage","Home_improvement",1,"1285870"
"95482","Female","Grade 12",0,18.25,350822,1.11,1285870,38.33,130.43,71.4,"Salaried","Mortgage","Home_improvement",1,"1285870"
"95484","Male","Grade 12",0,20.75,3498733,1.3,2190510,39.45,127.66,69,"Self-employed","Mortgage","Debt_consolidation",1,"2190510"
"95484","Male","Grade 12",0,20.75,3498733,1.3,2190510,39.45,127.66,69,"Self-employed","Mortgage","Debt_consolidation",1,"2190510"
"95494","Male","No records",0,23.75,1888140,1.9,2208101,9.26,32.77,39,"Self-employed","Rent","Other",1,"2208101"
"95494","Male","No records",0,23.75,1888140,1.9,2208101,9.26,32.77,39,"Self-employed","Rent","Other",1,"2208101"
"95535","Female","Grade 12",0,22.75,262054,1.23,694834,6.41,30.34,35.3,"Contract","Mortgage","Vehicle",1,"694834"
"95535","Female","Grade 12",0,22.75,262054,1.23,694834,6.41,30.34,35.3,"Contract","Mortgage","Vehicle",1,"694834"
"95564","Female","Grade 12",0,20.25,465648,1.7,933327,29.38,99.46,62.1,"Salaried","Rent","Vehicle",1,"933327"
"95564","Female","Grade 12",0,20.25,465648,1.7,933327,29.38,99.46,62.1,"Salaried","Rent","Vehicle",1,"933327"
"95571","Female","Degree",3,19.25,724927,1.49,2574392,9.97,35.38,43.6,"Salaried","Own","Debt_consolidation",0,"2574392"
"95571","Female","Degree",3,19.25,724927,1.49,2574392,9.97,35.38,43.6,"Salaried","Own","Debt_consolidation",0,"2574392"
"95582","Female","Diploma",0,18.75,247483,1.28,632042,21.4,71.28,48.5,"Salaried","Rent","Vehicle",0,"632042"
"95582","Female","Diploma",0,18.75,247483,1.28,632042,21.4,71.28,48.5,"Salaried","Rent","Vehicle",0,"632042"
"95592","Male","Grade 12",0,16.75,219936,1.54,473953,20.66,71.48,46.2,"Salaried","Mortgage","Home_improvement",0,"473953"
"95592","Male","Grade 12",0,16.75,219936,1.54,473953,20.66,71.48,46.2,"Salaried","Mortgage","Home_improvement",0,"473953"
"95603","Female","No records",0,23.75,2224101,2,7959052,1.08,16.56,24.9,"Self-employed","Mortgage","Home_improvement",0,"7959052"
"95603","Female","No records",0,23.75,2224101,2,7959052,1.08,16.56,24.9,"Self-employed","Mortgage","Home_improvement",0,"7959052"
"95626","Male","Diploma",1,15.25,596786,1.72,186586,20.77,70.12,46.2,"Salaried","Own","Debt_consolidation",0,"186586"
"95626","Male","Diploma",1,15.25,596786,1.72,186586,20.77,70.12,46.2,"Salaried","Own","Debt_consolidation",0,"186586"
"95646","Male","Grade 12",0,31.25,4685,0.6,2915,14.71,55.53,39.7,"Unemployed","Rent","Vehicle",0,"2915"
"95646","Male","Grade 12",0,31.25,4685,0.6,2915,14.71,55.53,39.7,"Unemployed","Rent","Vehicle",0,"2915"
"95689","Male","Grade 12",0,18.25,296596,1.35,878884,5.14,20.27,35.4,"Salaried","Mortgage","Home_improvement",1,"878884"
"95689","Male","Grade 12",0,18.25,296596,1.35,878884,5.14,20.27,35.4,"Salaried","Mortgage","Home_improvement",1,"878884"
"95694","Male","Grade 12",1,20.25,291604,1.14,273143,37.59,122.74,61.6,"Salaried","Rent","Vehicle",0,"273143"
"95694","Male","Grade 12",1,20.25,291604,1.14,273143,37.59,122.74,61.6,"Salaried","Rent","Vehicle",0,"273143"
"95708","Male","Grade 12",1,23.75,1815068,1.84,6160135,24,78.37,49.9,"Self-employed","Rent","Other",1,"6160135"
"95708","Male","Grade 12",1,23.75,1815068,1.84,6160135,24,78.37,49.9,"Self-employed","Rent","Other",1,"6160135"
"95717","Female","Grade 12",0,26.75,763020,1.32,2033130,37.13,117.66,62.7,"Contract","Rent","Other",1,"2033130"
"95717","Female","Grade 12",0,26.75,763020,1.32,2033130,37.13,117.66,62.7,"Contract","Rent","Other",1,"2033130"
"95720","Male","Degree",1,20.25,274392,1.74,764762,34.18,120.72,68.9,"Salaried","Rent","Vehicle",1,"764762"
"95720","Male","Degree",1,20.25,274392,1.74,764762,34.18,120.72,68.9,"Salaried","Rent","Vehicle",1,"764762"
"95747","Male","Grade 12",0,18.75,228598,1.47,424661,8.63,38.22,38.2,"Salaried","Rent","Vehicle",0,"424661"
"95747","Male","Grade 12",0,18.75,228598,1.47,424661,8.63,38.22,38.2,"Salaried","Rent","Vehicle",0,"424661"
"95751","Female","Grade 12",1,18.75,331147,1.18,426497,30.42,99.35,55.4,"Salaried","Rent","Vehicle",1,"426497"
"95751","Female","Grade 12",1,18.75,331147,1.18,426497,30.42,99.35,55.4,"Salaried","Rent","Vehicle",1,"426497"
"95753","Male","Degree",0,17.75,197618,0.96,560129,25.9,88.66,53.9,"Salaried","Mortgage","Vehicle",0,"560129"
"95753","Male","Degree",0,17.75,197618,0.96,560129,25.9,88.66,53.9,"Salaried","Mortgage","Vehicle",0,"560129"
"95758","Female","Diploma",0,28.25,5266,0.36,5918,4.15,20.66,39,"Unemployed","Rent","Home_improvement",0,"5918"
"95758","Female","Diploma",0,28.25,5266,0.36,5918,4.15,20.66,39,"Unemployed","Rent","Home_improvement",0,"5918"
"95759","Male","Degree",0,17.75,208500,1.68,387588,20.81,73.81,44.8,"Salaried","Mortgage","Vehicle",0,"387588"
"95759","Male","Degree",0,17.75,208500,1.68,387588,20.81,73.81,44.8,"Salaried","Mortgage","Vehicle",0,"387588"
"95770","Male","Diploma",0,33.75,4823,0.44,12197,4.46,26.75,33.6,"Unemployed","Rent","Debt_consolidation",1,"12197"
"95770","Male","Diploma",0,33.75,4823,0.44,12197,4.46,26.75,33.6,"Unemployed","Rent","Debt_consolidation",1,"12197"
"95774","Female","Grade 12",2,17.75,275607,1.19,641769,13.5,50.48,42.6,"Salaried","Mortgage","Vehicle",0,"641769"
"95774","Female","Grade 12",2,17.75,275607,1.19,641769,13.5,50.48,42.6,"Salaried","Mortgage","Vehicle",0,"641769"
"95776","Female","Degree",1,21.75,603453,1.6,2258280,13.84,51.71,36.2,"Salaried","Rent","Other",1,"2258280"
"95776","Female","Degree",1,21.75,603453,1.6,2258280,13.84,51.71,36.2,"Salaried","Rent","Other",1,"2258280"
"95779","Male","Grade 12",0,17.75,519368,1.89,1204057,23.75,80.11,57.1,"Salaried","Mortgage","Vehicle",0,"1204057"
"95779","Male","Grade 12",0,17.75,519368,1.89,1204057,23.75,80.11,57.1,"Salaried","Mortgage","Vehicle",0,"1204057"
"95780","Female","Diploma",1,16.75,695474,1.63,279094,3.39,20.6,37.4,"Salaried","Mortgage","Vehicle",0,"279094"
"95780","Female","Diploma",1,16.75,695474,1.63,279094,3.39,20.6,37.4,"Salaried","Mortgage","Vehicle",0,"279094"
"95784","Female","Grade 12",0,18.75,188078,1.07,526121,9.05,31.91,32.1,"Salaried","Rent","Vehicle",1,"526121"
"95784","Female","Grade 12",0,18.75,188078,1.07,526121,9.05,31.91,32.1,"Salaried","Rent","Vehicle",1,"526121"
"95788","Female","Degree",1,32.25,4546,0.39,16787,35.68,115.81,58.9,"Unemployed","Rent","Debt_consolidation",1,"16787"
"95788","Female","Degree",1,32.25,4546,0.39,16787,35.68,115.81,58.9,"Unemployed","Rent","Debt_consolidation",1,"16787"
"95794","Male","Grade 12",1,20.25,852558,2.69,2824534,19.56,66.43,54.3,"Contract","Mortgage","Home_improvement",0,"2824534"
"95794","Male","Grade 12",1,20.25,852558,2.69,2824534,19.56,66.43,54.3,"Contract","Mortgage","Home_improvement",0,"2824534"
"95802","Male","Diploma",1,21.75,450002,1.96,885776,12.38,48.91,44.7,"Salaried","Rent","Other",0,"885776"
"95802","Male","Diploma",1,21.75,450002,1.96,885776,12.38,48.91,44.7,"Salaried","Rent","Other",0,"885776"
"95815","Female","Diploma",0,25.25,1859129,2.05,4710063,32.02,103.74,63.1,"Self-employed","Rent","Other",1,"4710063"
"95815","Female","Diploma",0,25.25,1859129,2.05,4710063,32.02,103.74,63.1,"Self-employed","Rent","Other",1,"4710063"
"95816","Male","Grade 12",2,18.75,185296,1.26,674370,9.18,38.58,37.5,"Salaried","Rent","Vehicle",0,"674370"
"95816","Male","Grade 12",2,18.75,185296,1.26,674370,9.18,38.58,37.5,"Salaried","Rent","Vehicle",0,"674370"
"95817","Female","No records",1,17.75,302964,1.69,973317,8.87,36.41,43.1,"Salaried","Mortgage","Vehicle",0,"973317"
"95817","Female","No records",1,17.75,302964,1.69,973317,8.87,36.41,43.1,"Salaried","Mortgage","Vehicle",0,"973317"
"95820","Male","No records",2,17.75,158545,1.72,413010,8.73,28.08,31.2,"Salaried","Mortgage","Vehicle",0,"413010"
"95820","Male","No records",2,17.75,158545,1.72,413010,8.73,28.08,31.2,"Salaried","Mortgage","Vehicle",0,"413010"
"95841","Male","Degree",0,25.25,186597,1.04,128758,39.22,124.73,61.4,"Self-employed","Rent","Other",1,"128758"
"95841","Male","Degree",0,25.25,186597,1.04,128758,39.22,124.73,61.4,"Self-employed","Rent","Other",1,"128758"
"95851","Male","Grade 12",0,18.75,296158,2.09,911235,12.7,48.15,39.9,"Salaried","Rent","Vehicle",0,"911235"
"95851","Male","Grade 12",0,18.75,296158,2.09,911235,12.7,48.15,39.9,"Salaried","Rent","Vehicle",0,"911235"
"95880","Female","Diploma",2,22.25,632510,1.95,2199381,7.7,27.73,40.5,"Contract","Rent","Vehicle",1,"2199381"
"95880","Female","Diploma",2,22.25,632510,1.95,2199381,7.7,27.73,40.5,"Contract","Rent","Vehicle",1,"2199381"
"95915","Male","Grade 12",0,21.75,564146,1.55,804076,7.26,30.81,40.8,"Salaried","Rent","Other",1,"804076"
"95915","Male","Grade 12",0,21.75,564146,1.55,804076,7.26,30.81,40.8,"Salaried","Rent","Other",1,"804076"
"95922","Female","Grade 12",0,22.75,1469518,2.07,3397806,4.22,22.72,33.7,"Self-employed","Own","Debt_consolidation",1,"3397806"
"95922","Female","Grade 12",0,22.75,1469518,2.07,3397806,4.22,22.72,33.7,"Self-employed","Own","Debt_consolidation",1,"3397806"
"95923","Male","Degree",0,19.25,639331,1.52,1266885,9.73,37.23,40.3,"Salaried","Own","Debt_consolidation",1,"1266885"
"95923","Male","Degree",0,19.25,639331,1.52,1266885,9.73,37.23,40.3,"Salaried","Own","Debt_consolidation",1,"1266885"
"95950","Male","No records",0,30.25,3644,0.39,8527,23.17,74.99,57.3,"Unemployed","Rent","Vehicle",0,"8527"
"95950","Male","No records",0,30.25,3644,0.39,8527,23.17,74.99,57.3,"Unemployed","Rent","Vehicle",0,"8527"
"95961","Male","Diploma",0,20.75,92813,1.86,45981,33.88,114.52,61.3,"Salaried","Rent","Other",0,"45981"
"95961","Male","Diploma",0,20.75,92813,1.86,45981,33.88,114.52,61.3,"Salaried","Rent","Other",0,"45981"
"95962","Male","Grade 12",2,20.75,414246,1.06,1445401,37.2,123.51,60.5,"Salaried","Own","Debt_consolidation",1,"1445401"
"95962","Male","Grade 12",2,20.75,414246,1.06,1445401,37.2,123.51,60.5,"Salaried","Own","Debt_consolidation",1,"1445401"
"95972","Female","Grade 12",1,21.75,405910,2.17,372163,36.65,125.44,59.9,"Salaried","Rent","Other",1,"372163"
"95972","Female","Grade 12",1,21.75,405910,2.17,372163,36.65,125.44,59.9,"Salaried","Rent","Other",1,"372163"
"95978","Male","Diploma",0,35,6024,0.59,16151,37.56,121.08,67.2,"Unemployed","Rent","Debt_consolidation",1,"16151"
"95978","Male","Diploma",0,35,6024,0.59,16151,37.56,121.08,67.2,"Unemployed","Rent","Debt_consolidation",1,"16151"
"95994","Male","Grade 12",0,24.75,655531,1.55,1248942,0.62,14.3,28.3,"Contract","Mortgage","Vehicle",1,"1248942"
"95994","Male","Grade 12",0,24.75,655531,1.55,1248942,0.62,14.3,28.3,"Contract","Mortgage","Vehicle",1,"1248942"
"95997","Female","Diploma",0,23.25,707401,1.54,1185293,32.14,106.41,58.9,"Contract","Mortgage","Debt_consolidation",0,"1185293"
"95997","Female","Diploma",0,23.25,707401,1.54,1185293,32.14,106.41,58.9,"Contract","Mortgage","Debt_consolidation",0,"1185293"
"96011","Female","No records",1,20.25,339874,1.25,1290157,34.51,111.45,60.2,"Salaried","Rent","Vehicle",1,"1290157"
"96011","Female","No records",1,20.25,339874,1.25,1290157,34.51,111.45,60.2,"Salaried","Rent","Vehicle",1,"1290157"
"96032","Female","Grade 12",0,21.75,869986,1.31,685795,18.63,60.29,51,"Self-employed","Mortgage","Debt_consolidation",1,"685795"
"96032","Female","Grade 12",0,21.75,869986,1.31,685795,18.63,60.29,51,"Self-employed","Mortgage","Debt_consolidation",1,"685795"
"96034","Female","No records",2,19.75,1172865,1.54,2629851,14.69,54.1,49.2,"Self-employed","Mortgage","Vehicle",1,"2629851"
"96034","Female","No records",2,19.75,1172865,1.54,2629851,14.69,54.1,49.2,"Self-employed","Mortgage","Vehicle",1,"2629851"
"96038","Male","Diploma",0,16.75,135220,1.08,78514,18.05,62.71,42.5,"Salaried","Own","Debt_consolidation",0,"78514"
"96038","Male","Diploma",0,16.75,135220,1.08,78514,18.05,62.71,42.5,"Salaried","Own","Debt_consolidation",0,"78514"
"96041","Male","Grade 12",2,17.75,205763,2.01,450727,11.75,42.69,43.1,"Salaried","Mortgage","Vehicle",1,"450727"
"96041","Male","Grade 12",2,17.75,205763,2.01,450727,11.75,42.69,43.1,"Salaried","Mortgage","Vehicle",1,"450727"
"96048","Male","No records",0,22.75,852376,1.4,917153,38.94,125.4,63.6,"Contract","Mortgage","Vehicle",0,"917153"
"96048","Male","No records",0,22.75,852376,1.4,917153,38.94,125.4,63.6,"Contract","Mortgage","Vehicle",0,"917153"
"96054","Male","Grade 12",3,25.25,1946399,1.35,5915248,26.4,84.6,60.7,"Self-employed","Rent","Other",0,"5915248"
"96054","Male","Grade 12",3,25.25,1946399,1.35,5915248,26.4,84.6,60.7,"Self-employed","Rent","Other",0,"5915248"
"96060","Female","Degree",1,15.25,603143,1.26,334061,20.83,73.94,52.5,"Salaried","Mortgage","Vehicle",1,"334061"
"96060","Female","Degree",1,15.25,603143,1.26,334061,20.83,73.94,52.5,"Salaried","Mortgage","Vehicle",1,"334061"
"96069","Female","Diploma",1,22.75,296927,1.44,757368,28.9,97.47,52.3,"Contract","Own","Debt_consolidation",1,"757368"
"96069","Female","Diploma",1,22.75,296927,1.44,757368,28.9,97.47,52.3,"Contract","Own","Debt_consolidation",1,"757368"
"96087","Female","Degree",0,21.25,1275997,1.46,3567185,21.33,76.61,55.4,"Self-employed","Own","Debt_consolidation",1,"3567185"
"96087","Female","Degree",0,21.25,1275997,1.46,3567185,21.33,76.61,55.4,"Self-employed","Own","Debt_consolidation",1,"3567185"
"96133","Female","Degree",0,28.75,7444,0.29,24326,24.1,85.74,52.4,"Unemployed","Mortgage","Debt_consolidation",1,"24326"
"96133","Female","Degree",0,28.75,7444,0.29,24326,24.1,85.74,52.4,"Unemployed","Mortgage","Debt_consolidation",1,"24326"
"96139","Male","Grade 12",0,18.25,305515,1.23,627777,35.59,116.97,62.7,"Salaried","Mortgage","Home_improvement",1,"627777"
"96139","Male","Grade 12",0,18.25,305515,1.23,627777,35.59,116.97,62.7,"Salaried","Mortgage","Home_improvement",1,"627777"
"96182","Female","Grade 12",0,19.25,541174,1.81,511517,36.56,116.93,60.5,"Salaried","Mortgage","Vehicle",1,"511517"
"96182","Female","Grade 12",0,19.25,541174,1.81,511517,36.56,116.93,60.5,"Salaried","Mortgage","Vehicle",1,"511517"
"96188","Female","Grade 12",1,21.75,284931,1.21,703285,6.27,26.69,36.1,"Contract","Mortgage","Home_improvement",1,"703285"
"96188","Female","Grade 12",1,21.75,284931,1.21,703285,6.27,26.69,36.1,"Contract","Mortgage","Home_improvement",1,"703285"
"96192","Female","Degree",2,18.75,507058,1.56,912736,22.47,76.14,52.9,"Salaried","Rent","Vehicle",1,"912736"
"96192","Female","Degree",2,18.75,507058,1.56,912736,22.47,76.14,52.9,"Salaried","Rent","Vehicle",1,"912736"
"96202","Male","No records",1,33.25,2486,0.64,1137,12.47,47.53,44.2,"Unemployed","Rent","Debt_consolidation",1,"1137"
"96202","Male","No records",1,33.25,2486,0.64,1137,12.47,47.53,44.2,"Unemployed","Rent","Debt_consolidation",1,"1137"
"96215","Male","No records",0,16.25,528272,1.39,183148,29.9,101.92,56.4,"Salaried","Rent","Vehicle",0,"183148"
"96215","Male","No records",0,16.25,528272,1.39,183148,29.9,101.92,56.4,"Salaried","Rent","Vehicle",0,"183148"
"96235","Male","Diploma",0,18.25,350049,1.38,318104,3.68,21.58,27.5,"Salaried","Mortgage","Home_improvement",1,"318104"
"96235","Male","Diploma",0,18.25,350049,1.38,318104,3.68,21.58,27.5,"Salaried","Mortgage","Home_improvement",1,"318104"
"96258","Male","Diploma",2,17.75,349743,1.82,444862,7.12,31.89,40.3,"Salaried","Mortgage","Vehicle",0,"444862"
"96258","Male","Diploma",2,17.75,349743,1.82,444862,7.12,31.89,40.3,"Salaried","Mortgage","Vehicle",0,"444862"
"96269","Male","No records",0,16.75,152187,1.17,80442,6.92,33.8,30.6,"Salaried","Mortgage","Vehicle",0,"80442"
"96269","Male","No records",0,16.75,152187,1.17,80442,6.92,33.8,30.6,"Salaried","Mortgage","Vehicle",0,"80442"
"96328","Female","Grade 12",0,17.75,264744,1.54,476279,20.07,74.91,50.7,"Salaried","Mortgage","Vehicle",0,"476279"
"96328","Female","Grade 12",0,17.75,264744,1.54,476279,20.07,74.91,50.7,"Salaried","Mortgage","Vehicle",0,"476279"
"96336","Female","Grade 12",0,23.75,3590147,2.66,12571344,11.17,44.11,37,"Self-employed","Rent","Other",1,"12571344"
"96336","Female","Grade 12",0,23.75,3590147,2.66,12571344,11.17,44.11,37,"Self-employed","Rent","Other",1,"12571344"
"96342","Female","Grade 12",0,27.25,2401915,1.62,3445024,1.64,12.37,32.5,"Self-employed","Rent","Other",1,"3445024"
"96342","Female","Grade 12",0,27.25,2401915,1.62,3445024,1.64,12.37,32.5,"Self-employed","Rent","Other",1,"3445024"
"96350","Male","Diploma",0,20.75,646212,1.81,1382362,29.42,94.01,63.8,"Salaried","Own","Debt_consolidation",1,"1382362"
"96350","Male","Diploma",0,20.75,646212,1.81,1382362,29.42,94.01,63.8,"Salaried","Own","Debt_consolidation",1,"1382362"
"96352","Female","No records",1,18.25,525621,1.2,224281,6.68,28.02,33.2,"Salaried","Own","Debt_consolidation",0,"224281"
"96352","Female","No records",1,18.25,525621,1.2,224281,6.68,28.02,33.2,"Salaried","Own","Debt_consolidation",0,"224281"
"96362","Female","Diploma",0,16.75,388120,1.25,324909,12.16,45.31,41.1,"Salaried","Mortgage","Home_improvement",0,"324909"
"96362","Female","Diploma",0,16.75,388120,1.25,324909,12.16,45.31,41.1,"Salaried","Mortgage","Home_improvement",0,"324909"
"96371","Male","Postgrad",0,18.75,304947,1.79,272204,25.96,92.47,54.5,"Salaried","Rent","Vehicle",1,"272204"
"96371","Male","Postgrad",0,18.75,304947,1.79,272204,25.96,92.47,54.5,"Salaried","Rent","Vehicle",1,"272204"
"96379","Female","Grade 12",1,35,2118,0.49,4523,17.81,61.37,48.2,"Unemployed","Rent","Other",1,"4523"
"96379","Female","Grade 12",1,35,2118,0.49,4523,17.81,61.37,48.2,"Unemployed","Rent","Other",1,"4523"
"96384","Female","No records",0,35,6370,0.61,13053,39.08,123.03,67.1,"Unemployed","Rent","Debt_consolidation",1,"13053"
"96384","Female","No records",0,35,6370,0.61,13053,39.08,123.03,67.1,"Unemployed","Rent","Debt_consolidation",1,"13053"
"96387","Male","Degree",1,21.25,700355,1.45,1703874,7.44,37.88,38.2,"Contract","Mortgage","Vehicle",0,"1703874"
"96387","Male","Degree",1,21.25,700355,1.45,1703874,7.44,37.88,38.2,"Contract","Mortgage","Vehicle",0,"1703874"
"96393","Female","Grade 12",0,34.75,7983,0.56,7500,28.17,94,51.9,"Unemployed","Mortgage","Debt_consolidation",1,"7500"
"96393","Female","Grade 12",0,34.75,7983,0.56,7500,28.17,94,51.9,"Unemployed","Mortgage","Debt_consolidation",1,"7500"
"96398","Female","Diploma",0,24.75,565074,1.92,1012814,34.57,113.82,69,"Contract","Mortgage","Debt_consolidation",1,"1012814"
"96398","Female","Diploma",0,24.75,565074,1.92,1012814,34.57,113.82,69,"Contract","Mortgage","Debt_consolidation",1,"1012814"
"96414","Male","Diploma",2,17.75,562509,1.35,1266939,12.13,42.13,43.5,"Salaried","Mortgage","Vehicle",1,"1266939"
"96414","Male","Diploma",2,17.75,562509,1.35,1266939,12.13,42.13,43.5,"Salaried","Mortgage","Vehicle",1,"1266939"
"96417","Male","Grade 12",0,16.75,353698,1.25,222883,6.35,32.09,38.1,"Salaried","Mortgage","Vehicle",1,"222883"
"96417","Male","Grade 12",0,16.75,353698,1.25,222883,6.35,32.09,38.1,"Salaried","Mortgage","Vehicle",1,"222883"
"96426","Female","Grade 12",0,23.25,319489,1.23,954053,38.88,122.31,73.6,"Salaried","Rent","Other",1,"954053"
"96426","Female","Grade 12",0,23.25,319489,1.23,954053,38.88,122.31,73.6,"Salaried","Rent","Other",1,"954053"
"96432","Male","Diploma",2,25.25,585393,1.77,899798,18.93,66.67,44.4,"Contract","Rent","Other",1,"899798"
"96432","Male","Diploma",2,25.25,585393,1.77,899798,18.93,66.67,44.4,"Contract","Rent","Other",1,"899798"
"96435","Female","Grade 12",0,20.25,758298,1.3,1739477,4.36,19.95,38.4,"Salaried","Rent","Vehicle",1,"1739477"
"96435","Female","Grade 12",0,20.25,758298,1.3,1739477,4.36,19.95,38.4,"Salaried","Rent","Vehicle",1,"1739477"
"96442","Female","Grade 12",0,20.75,548840,1.32,1185718,5.88,27.65,37.4,"Salaried","Own","Debt_consolidation",1,"1185718"
"96442","Female","Grade 12",0,20.75,548840,1.32,1185718,5.88,27.65,37.4,"Salaried","Own","Debt_consolidation",1,"1185718"
"96450","Female","Grade 12",1,33.75,4058,0.51,6050,15.3,57.86,43,"Unemployed","Rent","Vehicle",0,"6050"
"96450","Female","Grade 12",1,33.75,4058,0.51,6050,15.3,57.86,43,"Unemployed","Rent","Vehicle",0,"6050"
"96459","Female","No records",0,18.75,215678,1.41,403566,20.72,74.69,54.2,"Salaried","Rent","Vehicle",1,"403566"
"96459","Female","No records",0,18.75,215678,1.41,403566,20.72,74.69,54.2,"Salaried","Rent","Vehicle",1,"403566"
"96460","Male","Grade 12",0,17.75,257884,1.29,769013,18.55,70.65,53,"Salaried","Mortgage","Vehicle",1,"769013"
"96460","Male","Grade 12",0,17.75,257884,1.29,769013,18.55,70.65,53,"Salaried","Mortgage","Vehicle",1,"769013"
"96475","Female","Diploma",0,17.75,81579,1.59,206138,29.74,97.23,55.3,"Salaried","Mortgage","Vehicle",1,"206138"
"96475","Female","Diploma",0,17.75,81579,1.59,206138,29.74,97.23,55.3,"Salaried","Mortgage","Vehicle",1,"206138"
"96479","Male","No records",0,25.25,2036411,2.07,7684736,5.87,27.73,35.4,"Self-employed","Rent","Other",1,"7684736"
"96479","Male","No records",0,25.25,2036411,2.07,7684736,5.87,27.73,35.4,"Self-employed","Rent","Other",1,"7684736"
"96497","Male","Degree",0,17.25,2059686,1.85,641425,3.07,21.78,26.2,"Self-employed","Mortgage","Vehicle",0,"641425"
"96497","Male","Degree",0,17.25,2059686,1.85,641425,3.07,21.78,26.2,"Self-employed","Mortgage","Vehicle",0,"641425"
"96500","Male","Postgrad",0,23.25,1001926,1.97,3226646,13.96,52.7,42.4,"Contract","Mortgage","Debt_consolidation",1,"3226646"
"96500","Male","Postgrad",0,23.25,1001926,1.97,3226646,13.96,52.7,42.4,"Contract","Mortgage","Debt_consolidation",1,"3226646"
"96522","Male","No records",0,23.75,1004337,1.27,3305596,25.97,90.11,56.8,"Self-employed","Rent","Other",0,"3305596"
"96522","Male","No records",0,23.75,1004337,1.27,3305596,25.97,90.11,56.8,"Self-employed","Rent","Other",0,"3305596"
"96534","Female","No records",0,18.75,404765,1.65,512665,10.71,38.21,34.3,"Salaried","Rent","Vehicle",0,"512665"
"96534","Female","No records",0,18.75,404765,1.65,512665,10.71,38.21,34.3,"Salaried","Rent","Vehicle",0,"512665"
"96538","Male","Grade 12",0,35,5152,0.61,13696,11.01,44.83,43.6,"Unemployed","Rent","Debt_consolidation",1,"13696"
"96538","Male","Grade 12",0,35,5152,0.61,13696,11.01,44.83,43.6,"Unemployed","Rent","Debt_consolidation",1,"13696"
"96547","Female","Grade 12",1,20.25,271389,1.65,990494,2.46,15.12,30.8,"Salaried","Mortgage","Home_improvement",1,"990494"
"96547","Female","Grade 12",1,20.25,271389,1.65,990494,2.46,15.12,30.8,"Salaried","Mortgage","Home_improvement",1,"990494"
"96559","Female","Grade 12",0,23.75,2535013,1.93,5610332,28.53,88.12,54.1,"Self-employed","Rent","Other",0,"5610332"
"96559","Female","Grade 12",0,23.75,2535013,1.93,5610332,28.53,88.12,54.1,"Self-employed","Rent","Other",0,"5610332"
"96564","Female","Grade 12",1,18.75,212480,1.87,625494,20.93,70.42,50.8,"Salaried","Rent","Vehicle",0,"625494"
"96564","Female","Grade 12",1,18.75,212480,1.87,625494,20.93,70.42,50.8,"Salaried","Rent","Vehicle",0,"625494"
"96575","Female","Grade 12",0,21.25,2224389,1.89,1654293,30.36,95.96,58.9,"Self-employed","Own","Debt_consolidation",0,"1654293"
"96575","Female","Grade 12",0,21.25,2224389,1.89,1654293,30.36,95.96,58.9,"Self-employed","Own","Debt_consolidation",0,"1654293"
"96577","Male","Postgrad",1,20.25,414086,1.3,529400,6.74,29.62,36.7,"Salaried","Rent","Vehicle",0,"529400"
"96577","Male","Postgrad",1,20.25,414086,1.3,529400,6.74,29.62,36.7,"Salaried","Rent","Vehicle",0,"529400"
"96584","Female","Grade 12",0,16.75,271859,1.1,342649,26.04,89.37,59.8,"Salaried","Mortgage","Home_improvement",1,"342649"
"96584","Female","Grade 12",0,16.75,271859,1.1,342649,26.04,89.37,59.8,"Salaried","Mortgage","Home_improvement",1,"342649"
"96590","Male","Grade 12",0,17.75,126992,1.35,135548,17.96,60.9,49.5,"Salaried","Mortgage","Vehicle",1,"135548"
"96590","Male","Grade 12",0,17.75,126992,1.35,135548,17.96,60.9,49.5,"Salaried","Mortgage","Vehicle",1,"135548"
"96591","Male","Grade 12",2,24.25,655792,1.68,1364364,37.22,120.56,65.9,"Contract","Own","Debt_consolidation",0,"1364364"
"96591","Male","Grade 12",2,24.25,655792,1.68,1364364,37.22,120.56,65.9,"Contract","Own","Debt_consolidation",0,"1364364"
"96602","Female","Grade 12",3,23.25,200719,1.99,257694,37.61,126.47,65.6,"Salaried","Rent","Other",1,"257694"
"96602","Female","Grade 12",3,23.25,200719,1.99,257694,37.61,126.47,65.6,"Salaried","Rent","Other",1,"257694"
"96603","Male","No records",0,18.75,673295,2.07,731378,19.95,70.19,43.8,"Salaried","Rent","Vehicle",0,"731378"
"96603","Male","No records",0,18.75,673295,2.07,731378,19.95,70.19,43.8,"Salaried","Rent","Vehicle",0,"731378"
"96605","Male","Grade 12",0,17.75,229720,1.36,135828,3.75,20.01,27.6,"Salaried","Rent","Vehicle",0,"135828"
"96605","Male","Grade 12",0,17.75,229720,1.36,135828,3.75,20.01,27.6,"Salaried","Rent","Vehicle",0,"135828"
"96612","Male","No records",2,17.75,453623,1.72,509975,21.98,77.69,51.7,"Salaried","Mortgage","Vehicle",1,"509975"
"96612","Male","No records",2,17.75,453623,1.72,509975,21.98,77.69,51.7,"Salaried","Mortgage","Vehicle",1,"509975"
"96614","Male","Postgrad",1,34.75,4572,0.57,1703,4.78,27.8,39,"Unemployed","Rent","Debt_consolidation",0,"1703"
"96614","Male","Postgrad",1,34.75,4572,0.57,1703,4.78,27.8,39,"Unemployed","Rent","Debt_consolidation",0,"1703"
"96615","Male","No records",0,21.75,274658,1.66,682787,9.46,35.27,31.5,"Salaried","Rent","Other",0,"682787"
"96615","Male","No records",0,21.75,274658,1.66,682787,9.46,35.27,31.5,"Salaried","Rent","Other",0,"682787"
"96617","Male","No records",0,18.25,243928,1.43,807127,34.19,112.19,60.3,"Salaried","Mortgage","Home_improvement",1,"807127"
"96617","Male","No records",0,18.25,243928,1.43,807127,34.19,112.19,60.3,"Salaried","Mortgage","Home_improvement",1,"807127"
"96620","Male","No records",3,23.75,3305469,1.93,3851796,10.04,38.04,40.8,"Self-employed","Rent","Other",1,"3851796"
"96620","Male","No records",3,23.75,3305469,1.93,3851796,10.04,38.04,40.8,"Self-employed","Rent","Other",1,"3851796"
"96633","Female","Diploma",0,26.75,703849,2.24,1672337,31.68,105.86,64.8,"Contract","Rent","Other",1,"1672337"
"96633","Female","Diploma",0,26.75,703849,2.24,1672337,31.68,105.86,64.8,"Contract","Rent","Other",1,"1672337"
"96641","Female","Grade 12",1,32.25,4114,0.4,14904,12.78,49.78,38.3,"Unemployed","Rent","Debt_consolidation",1,"14904"
"96641","Female","Grade 12",1,32.25,4114,0.4,14904,12.78,49.78,38.3,"Unemployed","Rent","Debt_consolidation",1,"14904"
"96643","Female","Degree",1,23.75,2812957,1.45,1973638,10.14,45.34,43.3,"Self-employed","Rent","Other",1,"1973638"
"96643","Female","Degree",1,23.75,2812957,1.45,1973638,10.14,45.34,43.3,"Self-employed","Rent","Other",1,"1973638"
"96646","Female","Postgrad",2,20.25,341357,1.21,901344,33.97,108.5,61.5,"Salaried","Rent","Vehicle",0,"901344"
"96646","Female","Postgrad",2,20.25,341357,1.21,901344,33.97,108.5,61.5,"Salaried","Rent","Vehicle",0,"901344"
"96652","Female","Grade 12",0,21.75,1384912,1.92,1334172,27.47,89.11,55,"Self-employed","Mortgage","Debt_consolidation",1,"1334172"
"96652","Female","Grade 12",0,21.75,1384912,1.92,1334172,27.47,89.11,55,"Self-employed","Mortgage","Debt_consolidation",1,"1334172"
"96659","Female","Diploma",3,23.75,456387,1.78,1257509,4.19,22.91,28.1,"Contract","Rent","Vehicle",0,"1257509"
"96659","Female","Diploma",3,23.75,456387,1.78,1257509,4.19,22.91,28.1,"Contract","Rent","Vehicle",0,"1257509"
"96672","Female","Diploma",0,18.75,1642433,2.19,3572712,29.15,98.9,53.9,"Self-employed","Mortgage","Home_improvement",1,"3572712"
"96672","Female","Diploma",0,18.75,1642433,2.19,3572712,29.15,98.9,53.9,"Self-employed","Mortgage","Home_improvement",1,"3572712"
"96673","Male","No records",2,20.25,339177,1.73,397348,6.36,33.16,34.3,"Salaried","Rent","Vehicle",0,"397348"
"96673","Male","No records",2,20.25,339177,1.73,397348,6.36,33.16,34.3,"Salaried","Rent","Vehicle",0,"397348"
"96680","Male","No records",0,19.25,536040,1.56,1828691,24.47,81.93,51.4,"Salaried","Own","Debt_consolidation",1,"1828691"
"96680","Male","No records",0,19.25,536040,1.56,1828691,24.47,81.93,51.4,"Salaried","Own","Debt_consolidation",1,"1828691"
"96688","Male","Grade 12",0,22.75,1231069,1.72,1941070,27.46,93.44,61.3,"Contract","Mortgage","Vehicle",1,"1941070"
"96688","Male","Grade 12",0,22.75,1231069,1.72,1941070,27.46,93.44,61.3,"Contract","Mortgage","Vehicle",1,"1941070"
"96713","Male","Grade 12",1,20.25,779009,1.89,801983,0.43,14.14,33,"Salaried","Mortgage","Home_improvement",0,"801983"
"96713","Male","Grade 12",1,20.25,779009,1.89,801983,0.43,14.14,33,"Salaried","Mortgage","Home_improvement",0,"801983"
"96732","Female","Diploma",1,22.75,2868525,2.06,4345307,6.1,27.4,35.2,"Self-employed","Own","Debt_consolidation",1,"4345307"
"96732","Female","Diploma",1,22.75,2868525,2.06,4345307,6.1,27.4,35.2,"Self-employed","Own","Debt_consolidation",1,"4345307"
"96737","Female","Grade 12",1,19.25,86053,1.29,139816,35.15,117.89,70.1,"Salaried","Mortgage","Vehicle",1,"139816"
"96737","Female","Grade 12",1,19.25,86053,1.29,139816,35.15,117.89,70.1,"Salaried","Mortgage","Vehicle",1,"139816"
"96743","Male","Diploma",1,23.25,1839816,1.72,2384684,4.39,25.86,36.8,"Self-employed","Mortgage","Debt_consolidation",0,"2384684"
"96743","Male","Diploma",1,23.25,1839816,1.72,2384684,4.39,25.86,36.8,"Self-employed","Mortgage","Debt_consolidation",0,"2384684"
"96754","Male","No records",0,17.75,197484,1.25,202024,7.34,29.88,35.2,"Salaried","Mortgage","Vehicle",0,"202024"
"96754","Male","No records",0,17.75,197484,1.25,202024,7.34,29.88,35.2,"Salaried","Mortgage","Vehicle",0,"202024"
"96761","Female","Grade 12",0,16.75,322759,1.63,264806,9.86,42.05,44.1,"Salaried","Mortgage","Home_improvement",0,"264806"
"96761","Female","Grade 12",0,16.75,322759,1.63,264806,9.86,42.05,44.1,"Salaried","Mortgage","Home_improvement",0,"264806"
"96768","Male","Grade 12",1,26.25,673707,1.69,2526086,2.03,20.66,30.1,"Contract","Own","Debt_consolidation",1,"2526086"
"96768","Male","Grade 12",1,26.25,673707,1.69,2526086,2.03,20.66,30.1,"Contract","Own","Debt_consolidation",1,"2526086"
"96770","Male","Diploma",1,21.25,447000,1.23,1029280,16.12,60.21,48.2,"Self-employed","Own","Debt_consolidation",0,"1029280"
"96770","Male","Diploma",1,21.25,447000,1.23,1029280,16.12,60.21,48.2,"Self-employed","Own","Debt_consolidation",0,"1029280"
"96790","Female","Grade 12",1,19.25,209570,1.33,669316,6.37,33.69,29.1,"Salaried","Mortgage","Vehicle",1,"669316"
"96790","Female","Grade 12",1,19.25,209570,1.33,669316,6.37,33.69,29.1,"Salaried","Mortgage","Vehicle",1,"669316"
"96806","Female","No records",0,17.75,695585,1.33,787100,20.2,64.23,48.6,"Salaried","Mortgage","Vehicle",1,"787100"
"96806","Female","No records",0,17.75,695585,1.33,787100,20.2,64.23,48.6,"Salaried","Mortgage","Vehicle",1,"787100"
"96809","Male","Diploma",0,20.25,341969,1.18,1000864,6.35,26.31,36.6,"Salaried","Rent","Vehicle",0,"1000864"
"96809","Male","Diploma",0,20.25,341969,1.18,1000864,6.35,26.31,36.6,"Salaried","Rent","Vehicle",0,"1000864"
"96812","Male","Grade 12",1,16.75,629810,1.87,414251,31.64,101.7,64.9,"Salaried","Mortgage","Vehicle",0,"414251"
"96812","Male","Grade 12",1,16.75,629810,1.87,414251,31.64,101.7,64.9,"Salaried","Mortgage","Vehicle",0,"414251"
"96813","Female","Postgrad",0,16.75,116655,1.58,144052,18.08,65.08,50.5,"Salaried","Mortgage","Home_improvement",0,"144052"
"96813","Female","Postgrad",0,16.75,116655,1.58,144052,18.08,65.08,50.5,"Salaried","Mortgage","Home_improvement",0,"144052"
"96814","Female","No records",0,23.25,1012872,1.77,3104084,30.21,102.11,58.4,"Contract","Mortgage","Debt_consolidation",1,"3104084"
"96814","Female","No records",0,23.25,1012872,1.77,3104084,30.21,102.11,58.4,"Contract","Mortgage","Debt_consolidation",1,"3104084"
"96815","Female","Grade 12",0,19.75,833005,2.22,271342,15.96,53.58,47.2,"Self-employed","Rent","Other",0,"271342"
"96815","Female","Grade 12",0,19.75,833005,2.22,271342,15.96,53.58,47.2,"Self-employed","Rent","Other",0,"271342"
"96817","Female","No records",0,18.75,361303,1.39,813553,27.98,100.18,58.1,"Salaried","Rent","Vehicle",0,"813553"
"96817","Female","No records",0,18.75,361303,1.39,813553,27.98,100.18,58.1,"Salaried","Rent","Vehicle",0,"813553"
"96829","Male","Grade 12",2,19.25,1738719,1.98,1027911,12.76,44.25,39.9,"Self-employed","Mortgage","Debt_consolidation",1,"1027911"
"96829","Male","Grade 12",2,19.25,1738719,1.98,1027911,12.76,44.25,39.9,"Self-employed","Mortgage","Debt_consolidation",1,"1027911"
"96846","Female","Degree",0,20.25,513648,1.48,1348926,38.48,124.73,60.8,"Salaried","Rent","Vehicle",1,"1348926"
"96846","Female","Degree",0,20.25,513648,1.48,1348926,38.48,124.73,60.8,"Salaried","Rent","Vehicle",1,"1348926"
"96861","Female","Diploma",2,27.25,2604610,1.66,9614634,2.09,15.97,28.7,"Self-employed","Rent","Other",1,"9614634"
"96861","Female","Diploma",2,27.25,2604610,1.66,9614634,2.09,15.97,28.7,"Self-employed","Rent","Other",1,"9614634"
"96871","Female","Grade 12",0,24.75,446718,1.45,1549709,27.71,89.64,61.7,"Contract","Mortgage","Debt_consolidation",1,"1549709"
"96871","Female","Grade 12",0,24.75,446718,1.45,1549709,27.71,89.64,61.7,"Contract","Mortgage","Debt_consolidation",1,"1549709"
"96875","Female","Degree",2,21.25,266151,0.96,745383,2.26,17.24,29.4,"Salaried","Mortgage","Vehicle",0,"745383"
"96875","Female","Degree",2,21.25,266151,0.96,745383,2.26,17.24,29.4,"Salaried","Mortgage","Vehicle",0,"745383"
"96876","Male","Degree",0,19.25,229919,1.46,258379,38.89,124.38,68.4,"Salaried","Mortgage","Vehicle",1,"258379"
"96876","Male","Degree",0,19.25,229919,1.46,258379,38.89,124.38,68.4,"Salaried","Mortgage","Vehicle",1,"258379"
"96896","Female","Grade 12",0,17.75,870022,2.34,565179,26.96,90.73,61.9,"Self-employed","Mortgage","Home_improvement",1,"565179"
"96896","Female","Grade 12",0,17.75,870022,2.34,565179,26.96,90.73,61.9,"Self-employed","Mortgage","Home_improvement",1,"565179"
"96900","Female","Postgrad",0,22.75,189144,1.68,531390,1.46,13.06,32.9,"Salaried","Own","Debt_consolidation",0,"531390"
"96900","Female","Postgrad",0,22.75,189144,1.68,531390,1.46,13.06,32.9,"Salaried","Own","Debt_consolidation",0,"531390"
"96910","Female","No records",1,18.75,177231,1.56,167844,13.13,48.48,45.7,"Salaried","Rent","Vehicle",0,"167844"
"96910","Female","No records",1,18.75,177231,1.56,167844,13.13,48.48,45.7,"Salaried","Rent","Vehicle",0,"167844"
"96917","Female","Grade 12",2,17.75,383040,2.09,301774,31.18,106.8,53.4,"Salaried","Mortgage","Vehicle",1,"301774"
"96917","Female","Grade 12",2,17.75,383040,2.09,301774,31.18,106.8,53.4,"Salaried","Mortgage","Vehicle",1,"301774"
"96921","Male","Diploma",2,19.25,543956,1.52,1931976,21.27,72.4,54.3,"Salaried","Own","Debt_consolidation",0,"1931976"
"96921","Male","Diploma",2,19.25,543956,1.52,1931976,21.27,72.4,54.3,"Salaried","Own","Debt_consolidation",0,"1931976"
"96958","Male","Grade 12",0,19.75,2550678,0.9,1931853,12.69,50.02,41.6,"Self-employed","Mortgage","Vehicle",0,"1931853"
"96958","Male","Grade 12",0,19.75,2550678,0.9,1931853,12.69,50.02,41.6,"Self-employed","Mortgage","Vehicle",0,"1931853"
"96961","Male","Grade 12",0,16.75,666454,2.09,1928586,11,39.62,43.2,"Salaried","Mortgage","Home_improvement",0,"1928586"
"96961","Male","Grade 12",0,16.75,666454,2.09,1928586,11,39.62,43.2,"Salaried","Mortgage","Home_improvement",0,"1928586"
"96967","Male","Grade 12",0,19.25,651508,1.57,1459567,35.15,116.74,66.7,"Salaried","Mortgage","Vehicle",1,"1459567"
"96967","Male","Grade 12",0,19.25,651508,1.57,1459567,35.15,116.74,66.7,"Salaried","Mortgage","Vehicle",1,"1459567"
"96970","Male","Diploma",0,21.25,2420072,1.78,8936157,9.71,35.4,43.4,"Self-employed","Own","Debt_consolidation",1,"8936157"
"96970","Male","Diploma",0,21.25,2420072,1.78,8936157,9.71,35.4,43.4,"Self-employed","Own","Debt_consolidation",1,"8936157"
"96972","Female","Grade 12",0,20.75,245644,1.36,261621,5.93,25.86,38.8,"Salaried","Own","Debt_consolidation",0,"261621"
"96972","Female","Grade 12",0,20.75,245644,1.36,261621,5.93,25.86,38.8,"Salaried","Own","Debt_consolidation",0,"261621"
"96976","Female","No records",2,16.75,415145,1.73,978377,7.52,30.56,35.5,"Salaried","Mortgage","Home_improvement",0,"978377"
"96976","Female","No records",2,16.75,415145,1.73,978377,7.52,30.56,35.5,"Salaried","Mortgage","Home_improvement",0,"978377"
"96978","Female","Grade 12",1,27.25,3405285,1.62,9804615,2.04,15.32,28.9,"Self-employed","Rent","Other",1,"9804615"
"96978","Female","Grade 12",1,27.25,3405285,1.62,9804615,2.04,15.32,28.9,"Self-employed","Rent","Other",1,"9804615"
"96999","Female","Diploma",0,21.75,390230,1.24,1117251,30.68,102.66,59.1,"Salaried","Rent","Other",0,"1117251"
"96999","Female","Diploma",0,21.75,390230,1.24,1117251,30.68,102.66,59.1,"Salaried","Rent","Other",0,"1117251"
"97015","Male","Diploma",0,24.75,1276944,1.78,2600935,1.14,12.54,28.8,"Self-employed","Own","Debt_consolidation",1,"2600935"
"97015","Male","Diploma",0,24.75,1276944,1.78,2600935,1.14,12.54,28.8,"Self-employed","Own","Debt_consolidation",1,"2600935"
"97021","Female","Diploma",0,16.75,165957,1.54,386272,31.25,106.07,56.1,"Salaried","Mortgage","Home_improvement",0,"386272"
"97021","Female","Diploma",0,16.75,165957,1.54,386272,31.25,106.07,56.1,"Salaried","Mortgage","Home_improvement",0,"386272"
"97041","Female","Grade 12",0,22.25,349626,1.7,770727,0.18,12.55,29.8,"Salaried","Rent","Vehicle",0,"770727"
"97041","Female","Grade 12",0,22.25,349626,1.7,770727,0.18,12.55,29.8,"Salaried","Rent","Vehicle",0,"770727"
"97042","Male","Grade 12",1,21.25,733561,1.77,937458,20.8,70.44,43.3,"Self-employed","Own","Debt_consolidation",1,"937458"
"97042","Male","Grade 12",1,21.25,733561,1.77,937458,20.8,70.44,43.3,"Self-employed","Own","Debt_consolidation",1,"937458"
"97045","Female","Grade 12",0,17.75,564387,1.6,1342737,22.08,74.44,51.7,"Salaried","Mortgage","Vehicle",1,"1342737"
"97045","Female","Grade 12",0,17.75,564387,1.6,1342737,22.08,74.44,51.7,"Salaried","Mortgage","Vehicle",1,"1342737"
"97055","Female","Grade 12",0,21.25,504968,2.3,464145,4.72,20.04,34.9,"Self-employed","Mortgage","Vehicle",0,"464145"
"97055","Female","Grade 12",0,21.25,504968,2.3,464145,4.72,20.04,34.9,"Self-employed","Mortgage","Vehicle",0,"464145"
"97067","Male","Grade 12",0,35,4011,0.63,5219,15.36,55.86,44.6,"Unemployed","Rent","Debt_consolidation",0,"5219"
"97067","Male","Grade 12",0,35,4011,0.63,5219,15.36,55.86,44.6,"Unemployed","Rent","Debt_consolidation",0,"5219"
"97071","Female","Diploma",2,25.25,968226,1.42,2757664,5.46,21.4,34.7,"Self-employed","Rent","Other",0,"2757664"
"97071","Female","Diploma",2,25.25,968226,1.42,2757664,5.46,21.4,34.7,"Self-employed","Rent","Other",0,"2757664"
"97084","Female","Grade 12",2,22.25,396144,1.76,1286363,1.02,11.54,34.9,"Salaried","Rent","Vehicle",0,"1286363"
"97084","Female","Grade 12",2,22.25,396144,1.76,1286363,1.02,11.54,34.9,"Salaried","Rent","Vehicle",0,"1286363"
"97127","Male","Degree",4,35,7101,0.6,7192,34.07,108.38,66.7,"Unemployed","Rent","Debt_consolidation",1,"7192"
"97127","Male","Degree",4,35,7101,0.6,7192,34.07,108.38,66.7,"Unemployed","Rent","Debt_consolidation",1,"7192"
"97142","Male","Grade 12",0,19.75,1487415,1.59,1249015,28.74,95.86,55.8,"Self-employed","Mortgage","Vehicle",1,"1249015"
"97142","Male","Grade 12",0,19.75,1487415,1.59,1249015,28.74,95.86,55.8,"Self-employed","Mortgage","Vehicle",1,"1249015"
"97146","Male","Grade 12",2,17.75,401676,1.4,1068261,7.72,32.16,30,"Salaried","Mortgage","Vehicle",1,"1068261"
"97146","Male","Grade 12",2,17.75,401676,1.4,1068261,7.72,32.16,30,"Salaried","Mortgage","Vehicle",1,"1068261"
"97155","Male","Diploma",3,18.25,194280,1.91,372269,37.29,119.09,68.7,"Salaried","Mortgage","Home_improvement",0,"372269"
"97155","Male","Diploma",3,18.25,194280,1.91,372269,37.29,119.09,68.7,"Salaried","Mortgage","Home_improvement",0,"372269"
"97186","Female","Grade 12",1,15.25,558321,1.26,200888,25.02,88.77,59.1,"Salaried","Mortgage","Vehicle",1,"200888"
"97186","Female","Grade 12",1,15.25,558321,1.26,200888,25.02,88.77,59.1,"Salaried","Mortgage","Vehicle",1,"200888"
"97215","Male","Grade 12",0,23.75,2446335,1.72,1401170,2.01,18.64,24.6,"Self-employed","Own","Debt_consolidation",1,"1401170"
"97215","Male","Grade 12",0,23.75,2446335,1.72,1401170,2.01,18.64,24.6,"Self-employed","Own","Debt_consolidation",1,"1401170"
"97222","Male","Diploma",0,18.75,602351,1.7,2056372,16.29,63.47,45.3,"Salaried","Rent","Vehicle",0,"2056372"
"97222","Male","Diploma",0,18.75,602351,1.7,2056372,16.29,63.47,45.3,"Salaried","Rent","Vehicle",0,"2056372"
"97230","Male","Diploma",1,17.75,260546,1.07,430858,17.83,63.81,50.5,"Salaried","Mortgage","Vehicle",1,"430858"
"97230","Male","Diploma",1,17.75,260546,1.07,430858,17.83,63.81,50.5,"Salaried","Mortgage","Vehicle",1,"430858"
"97232","Male","Grade 12",0,19.25,333868,1.27,589316,15.59,55.19,48.4,"Salaried","Own","Debt_consolidation",0,"589316"
"97232","Male","Grade 12",0,19.25,333868,1.27,589316,15.59,55.19,48.4,"Salaried","Own","Debt_consolidation",0,"589316"
"97236","Male","Diploma",0,20.25,354476,1.16,1251448,2.29,15.36,33.3,"Salaried","Mortgage","Home_improvement",0,"1251448"
"97236","Male","Diploma",0,20.25,354476,1.16,1251448,2.29,15.36,33.3,"Salaried","Mortgage","Home_improvement",0,"1251448"
"97245","Female","Grade 12",1,21.75,595887,1.59,598394,24.7,88.17,48.6,"Salaried","Rent","Other",1,"598394"
"97245","Female","Grade 12",1,21.75,595887,1.59,598394,24.7,88.17,48.6,"Salaried","Rent","Other",1,"598394"
"97251","Male","Degree",2,18.75,133028,2.15,267614,26.63,83.06,58,"Salaried","Rent","Vehicle",1,"267614"
"97251","Male","Degree",2,18.75,133028,2.15,267614,26.63,83.06,58,"Salaried","Rent","Vehicle",1,"267614"
"97259","Male","Diploma",0,22.75,1055130,1.6,2412772,7.75,30.2,39.2,"Contract","Own","Debt_consolidation",1,"2412772"
"97259","Male","Diploma",0,22.75,1055130,1.6,2412772,7.75,30.2,39.2,"Contract","Own","Debt_consolidation",1,"2412772"
"97267","Female","Diploma",0,23.25,1383708,2.34,4979642,8.28,37.92,35.4,"Contract","Mortgage","Debt_consolidation",1,"4979642"
"97267","Female","Diploma",0,23.25,1383708,2.34,4979642,8.28,37.92,35.4,"Contract","Mortgage","Debt_consolidation",1,"4979642"
"97272","Male","Grade 12",0,20.25,1197105,1.13,2253843,23.41,79.85,58.1,"Contract","Mortgage","Home_improvement",0,"2253843"
"97272","Male","Grade 12",0,20.25,1197105,1.13,2253843,23.41,79.85,58.1,"Contract","Mortgage","Home_improvement",0,"2253843"
"97278","Female","Degree",0,18.75,443020,1.46,1016626,25.54,87.85,58.2,"Salaried","Rent","Vehicle",1,"1016626"
"97278","Female","Degree",0,18.75,443020,1.46,1016626,25.54,87.85,58.2,"Salaried","Rent","Vehicle",1,"1016626"
"97283","Male","No records",1,15.25,154266,1.27,65812,24.63,86.01,55.2,"Salaried","Mortgage","Vehicle",0,"65812"
"97283","Male","No records",1,15.25,154266,1.27,65812,24.63,86.01,55.2,"Salaried","Mortgage","Vehicle",0,"65812"
"97292","Female","Postgrad",1,20.75,1243526,1.71,557388,11.47,42.9,37.1,"Contract","Mortgage","Debt_consolidation",1,"557388"
"97292","Female","Postgrad",1,20.75,1243526,1.71,557388,11.47,42.9,37.1,"Contract","Mortgage","Debt_consolidation",1,"557388"
"97308","Male","Grade 12",1,18.75,88724,1.36,177574,18.97,69.83,43.3,"Salaried","Rent","Vehicle",1,"177574"
"97308","Male","Grade 12",1,18.75,88724,1.36,177574,18.97,69.83,43.3,"Salaried","Rent","Vehicle",1,"177574"
"97309","Male","Grade 12",0,21.25,3159650,1.51,1549805,28.49,94.35,53.1,"Self-employed","Rent","Other",0,"1549805"
"97309","Male","Grade 12",0,21.25,3159650,1.51,1549805,28.49,94.35,53.1,"Self-employed","Rent","Other",0,"1549805"
"97337","Male","Grade 12",0,16.75,238284,1.4,344583,23.18,76.75,51.1,"Salaried","Mortgage","Home_improvement",1,"344583"
"97337","Male","Grade 12",0,16.75,238284,1.4,344583,23.18,76.75,51.1,"Salaried","Mortgage","Home_improvement",1,"344583"
"97342","Male","Grade 12",2,18.75,224434,1.19,220637,7.69,33.8,31,"Salaried","Rent","Vehicle",0,"220637"
"97342","Male","Grade 12",2,18.75,224434,1.19,220637,7.69,33.8,31,"Salaried","Rent","Vehicle",0,"220637"
"97352","Male","Postgrad",1,17.75,522292,1.39,1004246,15.95,55.93,39.4,"Salaried","Mortgage","Vehicle",0,"1004246"
"97352","Male","Postgrad",1,17.75,522292,1.39,1004246,15.95,55.93,39.4,"Salaried","Mortgage","Vehicle",0,"1004246"
"97358","Male","Degree",0,15.75,705599,1.32,357407,35.41,115.12,67.9,"Salaried","Mortgage","Home_improvement",1,"357407"
"97358","Male","Degree",0,15.75,705599,1.32,357407,35.41,115.12,67.9,"Salaried","Mortgage","Home_improvement",1,"357407"
"97366","Female","Grade 12",3,21.75,546579,1.31,1024848,25.48,85.49,48.4,"Salaried","Rent","Other",0,"1024848"
"97366","Female","Grade 12",3,21.75,546579,1.31,1024848,25.48,85.49,48.4,"Salaried","Rent","Other",0,"1024848"
"97371","Male","Grade 12",1,20.25,404596,1.52,899440,2.56,13.18,31.3,"Salaried","Mortgage","Home_improvement",0,"899440"
"97371","Male","Grade 12",1,20.25,404596,1.52,899440,2.56,13.18,31.3,"Salaried","Mortgage","Home_improvement",0,"899440"
"97377","Female","Postgrad",0,21.75,1738367,1.46,5167412,10.14,37.86,40.1,"Self-employed","Mortgage","Debt_consolidation",1,"5167412"
"97377","Female","Postgrad",0,21.75,1738367,1.46,5167412,10.14,37.86,40.1,"Self-employed","Mortgage","Debt_consolidation",1,"5167412"
"97385","Female","Grade 12",0,23.75,2203059,2.05,2149368,23.42,78.85,46.8,"Self-employed","Rent","Other",1,"2149368"
"97385","Female","Grade 12",0,23.75,2203059,2.05,2149368,23.42,78.85,46.8,"Self-employed","Rent","Other",1,"2149368"
"97387","Male","Grade 12",0,19.25,407388,1.72,1380099,15.04,55.94,42.3,"Salaried","Own","Debt_consolidation",0,"1380099"
"97387","Male","Grade 12",0,19.25,407388,1.72,1380099,15.04,55.94,42.3,"Salaried","Own","Debt_consolidation",0,"1380099"
"97396","Male","Degree",0,19.75,2737151,2.69,10266294,33.01,111.18,55.5,"Self-employed","Mortgage","Vehicle",1,"10266294"
"97396","Male","Degree",0,19.75,2737151,2.69,10266294,33.01,111.18,55.5,"Self-employed","Mortgage","Vehicle",1,"10266294"
"97401","Female","No records",0,20.25,296139,1.96,334191,33.78,113.14,65.5,"Salaried","Rent","Vehicle",1,"334191"
"97401","Female","No records",0,20.25,296139,1.96,334191,33.78,113.14,65.5,"Salaried","Rent","Vehicle",1,"334191"
"97409","Male","Diploma",0,19.75,1572378,1.91,4089659,15.54,56.57,39.4,"Self-employed","Mortgage","Vehicle",1,"4089659"
"97409","Male","Diploma",0,19.75,1572378,1.91,4089659,15.54,56.57,39.4,"Self-employed","Mortgage","Vehicle",1,"4089659"
"97412","Male","Grade 12",0,19.25,395552,2,737296,3.57,20.7,36,"Salaried","Mortgage","Vehicle",0,"737296"
"97412","Male","Grade 12",0,19.25,395552,2,737296,3.57,20.7,36,"Salaried","Mortgage","Vehicle",0,"737296"
"97413","Male","Degree",0,21.25,850754,2.04,2291639,33.79,114.41,64.7,"Self-employed","Mortgage","Vehicle",1,"2291639"
"97413","Male","Degree",0,21.25,850754,2.04,2291639,33.79,114.41,64.7,"Self-employed","Mortgage","Vehicle",1,"2291639"
"97433","Female","Degree",1,16.75,362379,1.14,1029960,17.93,70.6,41.3,"Salaried","Mortgage","Home_improvement",0,"1029960"
"97433","Female","Degree",1,16.75,362379,1.14,1029960,17.93,70.6,41.3,"Salaried","Mortgage","Home_improvement",0,"1029960"
"97438","Female","Grade 12",1,35,7426,0.62,21883,5.13,27.65,33.7,"Unemployed","Rent","Debt_consolidation",0,"21883"
"97438","Female","Grade 12",1,35,7426,0.62,21883,5.13,27.65,33.7,"Unemployed","Rent","Debt_consolidation",0,"21883"
"97439","Female","Grade 12",1,19.25,271953,1.48,895087,6.42,26.25,37.8,"Salaried","Mortgage","Vehicle",0,"895087"
"97439","Female","Grade 12",1,19.25,271953,1.48,895087,6.42,26.25,37.8,"Salaried","Mortgage","Vehicle",0,"895087"
"97447","Female","Grade 12",0,17.75,768328,0.9,2222514,22.8,73.92,46.2,"Salaried","Mortgage","Vehicle",0,"2222514"
"97447","Female","Grade 12",0,17.75,768328,0.9,2222514,22.8,73.92,46.2,"Salaried","Mortgage","Vehicle",0,"2222514"
"97450","Male","Diploma",0,20.25,430686,1.77,696357,35.99,119.43,63.8,"Salaried","Rent","Vehicle",1,"696357"
"97450","Male","Diploma",0,20.25,430686,1.77,696357,35.99,119.43,63.8,"Salaried","Rent","Vehicle",1,"696357"
"97451","Female","No records",0,23.25,385145,1.62,741961,39.55,125.86,62.1,"Salaried","Rent","Other",1,"741961"
"97451","Female","No records",0,23.25,385145,1.62,741961,39.55,125.86,62.1,"Salaried","Rent","Other",1,"741961"
"97463","Female","No records",0,20.75,96810,1.99,160135,6.79,29.56,35.2,"Salaried","Own","Debt_consolidation",0,"160135"
"97463","Female","No records",0,20.75,96810,1.99,160135,6.79,29.56,35.2,"Salaried","Own","Debt_consolidation",0,"160135"
"97470","Male","No records",0,22.25,322010,1.21,831035,2.04,15.25,32.9,"Salaried","Rent","Vehicle",0,"831035"
"97470","Male","No records",0,22.25,322010,1.21,831035,2.04,15.25,32.9,"Salaried","Rent","Vehicle",0,"831035"
"97474","Female","Diploma",0,19.75,1267384,2,3720253,27.63,90.78,56,"Self-employed","Mortgage","Vehicle",0,"3720253"
"97474","Female","Diploma",0,19.75,1267384,2,3720253,27.63,90.78,56,"Self-employed","Mortgage","Vehicle",0,"3720253"
"97491","Female","Grade 12",3,18.75,888075,1.27,292635,34.94,116.77,60.4,"Contract","Mortgage","Vehicle",1,"292635"
"97491","Female","Grade 12",3,18.75,888075,1.27,292635,34.94,116.77,60.4,"Contract","Mortgage","Vehicle",1,"292635"
"97499","Male","Grade 12",0,18.25,340384,1.63,1028723,37.88,124.42,63.5,"Salaried","Mortgage","Home_improvement",1,"1028723"
"97499","Male","Grade 12",0,18.25,340384,1.63,1028723,37.88,124.42,63.5,"Salaried","Mortgage","Home_improvement",1,"1028723"
"97505","Male","No records",2,16.75,309019,1.51,505265,29.03,95.58,59.6,"Salaried","Mortgage","Home_improvement",1,"505265"
"97505","Male","No records",2,16.75,309019,1.51,505265,29.03,95.58,59.6,"Salaried","Mortgage","Home_improvement",1,"505265"
"97507","Female","Diploma",0,16.75,184059,1.01,270124,17.49,62.19,43.5,"Salaried","Mortgage","Home_improvement",1,"270124"
"97507","Female","Diploma",0,16.75,184059,1.01,270124,17.49,62.19,43.5,"Salaried","Mortgage","Home_improvement",1,"270124"
"97518","Female","Grade 12",1,19.75,1953560,2.06,5043413,17.87,63.08,46.8,"Self-employed","Mortgage","Vehicle",1,"5043413"
"97518","Female","Grade 12",1,19.75,1953560,2.06,5043413,17.87,63.08,46.8,"Self-employed","Mortgage","Vehicle",1,"5043413"
"97526","Male","Grade 12",1,15.25,463133,1.43,195908,16.31,55.28,49.8,"Salaried","Mortgage","Vehicle",0,"195908"
"97526","Male","Grade 12",1,15.25,463133,1.43,195908,16.31,55.28,49.8,"Salaried","Mortgage","Vehicle",0,"195908"
"97528","Female","Grade 12",0,19.25,202333,1.7,344190,33.37,109.72,60.1,"Salaried","Mortgage","Vehicle",0,"344190"
"97528","Female","Grade 12",0,19.25,202333,1.7,344190,33.37,109.72,60.1,"Salaried","Mortgage","Vehicle",0,"344190"
"97536","Female","Diploma",2,19.25,541428,1.28,1008916,34.21,117.39,57.8,"Salaried","Own","Debt_consolidation",0,"1008916"
"97536","Female","Diploma",2,19.25,541428,1.28,1008916,34.21,117.39,57.8,"Salaried","Own","Debt_consolidation",0,"1008916"
"97545","Male","Degree",1,21.25,1487624,1.1,5147792,15.97,57.76,40.3,"Self-employed","Own","Debt_consolidation",1,"5147792"
"97545","Male","Degree",1,21.25,1487624,1.1,5147792,15.97,57.76,40.3,"Self-employed","Own","Debt_consolidation",1,"5147792"
"97549","Female","Grade 12",1,23.25,1141927,1.29,3465654,5.51,29.27,34.6,"Self-employed","Mortgage","Debt_consolidation",0,"3465654"
"97549","Female","Grade 12",1,23.25,1141927,1.29,3465654,5.51,29.27,34.6,"Self-employed","Mortgage","Debt_consolidation",0,"3465654"
"97553","Male","No records",0,21.75,2428920,1.81,6993972,21.75,75.9,49.2,"Self-employed","Mortgage","Debt_consolidation",1,"6993972"
"97553","Male","No records",0,21.75,2428920,1.81,6993972,21.75,75.9,49.2,"Self-employed","Mortgage","Debt_consolidation",1,"6993972"
"97563","Female","Diploma",0,20.25,2861712,2.21,7438580,37.54,125.14,70,"Self-employed","Mortgage","Home_improvement",1,"7438580"
"97563","Female","Diploma",0,20.25,2861712,2.21,7438580,37.54,125.14,70,"Self-employed","Mortgage","Home_improvement",1,"7438580"
"97602","Female","Diploma",0,17.75,549924,1.77,238462,39.3,128.5,74.2,"Salaried","Rent","Vehicle",1,"238462"
"97602","Female","Diploma",0,17.75,549924,1.77,238462,39.3,128.5,74.2,"Salaried","Rent","Vehicle",1,"238462"
"97633","Female","Grade 12",0,17.75,235756,1.72,252209,14.94,49.33,47.8,"Salaried","Mortgage","Vehicle",0,"252209"
"97633","Female","Grade 12",0,17.75,235756,1.72,252209,14.94,49.33,47.8,"Salaried","Mortgage","Vehicle",0,"252209"
"97638","Male","Diploma",1,27.25,1783267,1.12,4992803,0.14,14.01,28.1,"Self-employed","Rent","Other",0,"4992803"
"97638","Male","Diploma",1,27.25,1783267,1.12,4992803,0.14,14.01,28.1,"Self-employed","Rent","Other",0,"4992803"
"97658","Male","No records",2,17.75,244849,1.77,662028,19.98,72.68,46.7,"Salaried","Mortgage","Vehicle",0,"662028"
"97658","Male","No records",2,17.75,244849,1.77,662028,19.98,72.68,46.7,"Salaried","Mortgage","Vehicle",0,"662028"
"97659","Male","Degree",0,23.75,2590176,1.99,5419190,7.35,32.23,30,"Self-employed","Rent","Other",1,"5419190"
"97659","Male","Degree",0,23.75,2590176,1.99,5419190,7.35,32.23,30,"Self-employed","Rent","Other",1,"5419190"
"97662","Male","Diploma",4,20.75,523335,0.81,1099066,32.44,105.95,66.8,"Salaried","Own","Debt_consolidation",1,"1099066"
"97662","Male","Diploma",4,20.75,523335,0.81,1099066,32.44,105.95,66.8,"Salaried","Own","Debt_consolidation",1,"1099066"
"97678","Female","Grade 12",0,21.25,1468448,1.82,1610336,30.56,106.78,53.3,"Self-employed","Own","Debt_consolidation",1,"1610336"
"97678","Female","Grade 12",0,21.25,1468448,1.82,1610336,30.56,106.78,53.3,"Self-employed","Own","Debt_consolidation",1,"1610336"
"97679","Male","Grade 12",1,18.75,676557,1.46,2111822,24.76,82.66,49.6,"Salaried","Rent","Vehicle",0,"2111822"
"97679","Male","Grade 12",1,18.75,676557,1.46,2111822,24.76,82.66,49.6,"Salaried","Rent","Vehicle",0,"2111822"
"97689","Male","No records",2,33.25,2635,0.47,1638,9.34,37.71,42.4,"Unemployed","Rent","Debt_consolidation",1,"1638"
"97689","Male","No records",2,33.25,2635,0.47,1638,9.34,37.71,42.4,"Unemployed","Rent","Debt_consolidation",1,"1638"
"97694","Female","Degree",0,17.75,433422,1.22,715775,19.87,68.63,52.8,"Salaried","Mortgage","Vehicle",0,"715775"
"97694","Female","Degree",0,17.75,433422,1.22,715775,19.87,68.63,52.8,"Salaried","Mortgage","Vehicle",0,"715775"
"97696","Female","Diploma",1,26.75,1085567,2.16,1406909,39.41,124.89,65.7,"Contract","Rent","Other",0,"1406909"
"97696","Female","Diploma",1,26.75,1085567,2.16,1406909,39.41,124.89,65.7,"Contract","Rent","Other",0,"1406909"
"97702","Male","Diploma",1,35,8206,0.7,13731,20.28,72.79,49.6,"Unemployed","Rent","Debt_consolidation",1,"13731"
"97702","Male","Diploma",1,35,8206,0.7,13731,20.28,72.79,49.6,"Unemployed","Rent","Debt_consolidation",1,"13731"
"97705","Male","Grade 12",0,20.75,158890,1.34,398075,33.79,108.52,66.7,"Salaried","Own","Debt_consolidation",0,"398075"
"97705","Male","Grade 12",0,20.75,158890,1.34,398075,33.79,108.52,66.7,"Salaried","Own","Debt_consolidation",0,"398075"
"97716","Male","Grade 12",0,16.75,185098,1.72,411270,12.72,46.7,36.3,"Salaried","Mortgage","Home_improvement",0,"411270"
"97716","Male","Grade 12",0,16.75,185098,1.72,411270,12.72,46.7,36.3,"Salaried","Mortgage","Home_improvement",0,"411270"
"97728","Male","Grade 12",1,21.25,2095617,1.72,6614685,13.74,56.17,47.6,"Self-employed","Own","Debt_consolidation",0,"6614685"
"97728","Male","Grade 12",1,21.25,2095617,1.72,6614685,13.74,56.17,47.6,"Self-employed","Own","Debt_consolidation",0,"6614685"
"97732","Male","Degree",0,18.75,234595,0.98,174061,15.05,56.28,37.5,"Salaried","Rent","Vehicle",1,"174061"
"97732","Male","Degree",0,18.75,234595,0.98,174061,15.05,56.28,37.5,"Salaried","Rent","Vehicle",1,"174061"
"97737","Female","Grade 12",0,16.75,200040,1.75,550530,19,69.06,53.6,"Salaried","Mortgage","Home_improvement",1,"550530"
"97737","Female","Grade 12",0,16.75,200040,1.75,550530,19,69.06,53.6,"Salaried","Mortgage","Home_improvement",1,"550530"
"97745","Female","Grade 12",0,16.75,718877,1.56,1667783,9.83,41.72,38.4,"Salaried","Mortgage","Home_improvement",1,"1667783"
"97745","Female","Grade 12",0,16.75,718877,1.56,1667783,9.83,41.72,38.4,"Salaried","Mortgage","Home_improvement",1,"1667783"
"97747","Male","Grade 12",3,29.25,1838,0.42,1514,22.04,75.17,47.6,"Unemployed","Rent","Home_improvement",1,"1514"
"97747","Male","Grade 12",3,29.25,1838,0.42,1514,22.04,75.17,47.6,"Unemployed","Rent","Home_improvement",1,"1514"
"97750","Male","Diploma",0,21.75,269987,1.47,714591,0.94,12.92,24.5,"Salaried","Mortgage","Home_improvement",0,"714591"
"97750","Male","Diploma",0,21.75,269987,1.47,714591,0.94,12.92,24.5,"Salaried","Mortgage","Home_improvement",0,"714591"
"97774","Female","Diploma",1,18.25,304971,1.66,990637,29.17,99.21,61.4,"Salaried","Mortgage","Home_improvement",0,"990637"
"97774","Female","Diploma",1,18.25,304971,1.66,990637,29.17,99.21,61.4,"Salaried","Mortgage","Home_improvement",0,"990637"
"97787","Male","Degree",1,19.25,186216,1.7,674978,26.11,88.69,61,"Salaried","Mortgage","Vehicle",1,"674978"
"97787","Male","Degree",1,19.25,186216,1.7,674978,26.11,88.69,61,"Salaried","Mortgage","Vehicle",1,"674978"
"97792","Female","Grade 12",0,18.75,197943,1.39,706250,26.13,87.79,55.3,"Salaried","Rent","Vehicle",1,"706250"
"97792","Female","Grade 12",0,18.75,197943,1.39,706250,26.13,87.79,55.3,"Salaried","Rent","Vehicle",1,"706250"
"97793","Male","No records",2,17.75,202725,1.16,647506,8.43,34.04,35,"Salaried","Mortgage","Vehicle",0,"647506"
"97793","Male","No records",2,17.75,202725,1.16,647506,8.43,34.04,35,"Salaried","Mortgage","Vehicle",0,"647506"
"97807","Female","Grade 12",0,19.25,133541,1.49,213335,15.43,60.26,41,"Salaried","Own","Debt_consolidation",1,"213335"
"97807","Female","Grade 12",0,19.25,133541,1.49,213335,15.43,60.26,41,"Salaried","Own","Debt_consolidation",1,"213335"
"97817","Female","Diploma",1,21.25,645853,2.3,886999,7.98,30.42,42.8,"Contract","Mortgage","Vehicle",0,"886999"
"97817","Female","Diploma",1,21.25,645853,2.3,886999,7.98,30.42,42.8,"Contract","Mortgage","Vehicle",0,"886999"
"97821","Female","Grade 12",2,18.75,350563,1.26,919947,7.07,35.88,41.5,"Salaried","Rent","Vehicle",0,"919947"
"97821","Female","Grade 12",2,18.75,350563,1.26,919947,7.07,35.88,41.5,"Salaried","Rent","Vehicle",0,"919947"
"97831","Male","No records",1,19.75,563762,1.79,927136,28.8,95.68,56.9,"Self-employed","Mortgage","Vehicle",1,"927136"
"97831","Male","No records",1,19.75,563762,1.79,927136,28.8,95.68,56.9,"Self-employed","Mortgage","Vehicle",1,"927136"
"97839","Female","Grade 12",0,18.75,263930,1.47,952068,27.62,88.76,57.8,"Salaried","Rent","Vehicle",0,"952068"
"97839","Female","Grade 12",0,18.75,263930,1.47,952068,27.62,88.76,57.8,"Salaried","Rent","Vehicle",0,"952068"
"97841","Female","Grade 12",0,33.25,8059,0.43,16160,16.86,62.53,44.4,"Unemployed","Rent","Other",0,"16160"
"97841","Female","Grade 12",0,33.25,8059,0.43,16160,16.86,62.53,44.4,"Unemployed","Rent","Other",0,"16160"
"97843","Female","Postgrad",0,17.75,705766,1.04,2368650,15.46,52.83,42.5,"Salaried","Mortgage","Vehicle",1,"2368650"
"97843","Female","Postgrad",0,17.75,705766,1.04,2368650,15.46,52.83,42.5,"Salaried","Mortgage","Vehicle",1,"2368650"
"97854","Female","Degree",0,19.25,240047,1.97,106137,19.95,65.58,43.9,"Salaried","Rent","Other",0,"106137"
"97854","Female","Degree",0,19.25,240047,1.97,106137,19.95,65.58,43.9,"Salaried","Rent","Other",0,"106137"
"97856","Female","Diploma",2,18.75,1243652,1.65,695248,7.36,33.75,40.8,"Contract","Mortgage","Vehicle",1,"695248"
"97856","Female","Diploma",2,18.75,1243652,1.65,695248,7.36,33.75,40.8,"Contract","Mortgage","Vehicle",1,"695248"
"97864","Female","Diploma",1,22.75,381607,1.69,1143245,1.78,9.94,34.9,"Salaried","Own","Debt_consolidation",1,"1143245"
"97864","Female","Diploma",1,22.75,381607,1.69,1143245,1.78,9.94,34.9,"Salaried","Own","Debt_consolidation",1,"1143245"
"97865","Female","Postgrad",1,35,4503,0.57,3108,32.19,108.75,58.8,"Unemployed","Rent","Other",1,"3108"
"97865","Female","Postgrad",1,35,4503,0.57,3108,32.19,108.75,58.8,"Unemployed","Rent","Other",1,"3108"
"97867","Male","Grade 12",0,19.75,2447285,0.96,1822731,7.8,33.74,41.5,"Self-employed","Mortgage","Vehicle",0,"1822731"
"97867","Male","Grade 12",0,19.75,2447285,0.96,1822731,7.8,33.74,41.5,"Self-employed","Mortgage","Vehicle",0,"1822731"
"97872","Female","Diploma",1,16.75,415297,2.01,1408869,9.75,35.53,39.1,"Salaried","Mortgage","Home_improvement",1,"1408869"
"97872","Female","Diploma",1,16.75,415297,2.01,1408869,9.75,35.53,39.1,"Salaried","Mortgage","Home_improvement",1,"1408869"
"97882","Female","Grade 12",2,16.75,206797,1.17,514940,10.36,38.38,38.7,"Salaried","Mortgage","Home_improvement",0,"514940"
"97882","Female","Grade 12",2,16.75,206797,1.17,514940,10.36,38.38,38.7,"Salaried","Mortgage","Home_improvement",0,"514940"
"97889","Male","Degree",2,21.25,1442468,1.61,1984015,39.23,127.88,65.7,"Self-employed","Mortgage","Vehicle",1,"1984015"
"97889","Male","Degree",2,21.25,1442468,1.61,1984015,39.23,127.88,65.7,"Self-employed","Mortgage","Vehicle",1,"1984015"
"97910","Female","No records",0,35,5235,0.46,9469,17.24,61.88,49.4,"Unemployed","Rent","Other",1,"9469"
"97910","Female","No records",0,35,5235,0.46,9469,17.24,61.88,49.4,"Unemployed","Rent","Other",1,"9469"
"97911","Female","Grade 12",1,19.75,1348092,1.37,4532067,21.68,77.79,51.1,"Self-employed","Mortgage","Vehicle",0,"4532067"
"97911","Female","Grade 12",1,19.75,1348092,1.37,4532067,21.68,77.79,51.1,"Self-employed","Mortgage","Vehicle",0,"4532067"
"97935","Male","Grade 12",0,33.75,4491,0.4,3378,34.25,117.53,63.4,"Unemployed","Rent","Debt_consolidation",1,"3378"
"97935","Male","Grade 12",0,33.75,4491,0.4,3378,34.25,117.53,63.4,"Unemployed","Rent","Debt_consolidation",1,"3378"
"97937","Female","Grade 12",0,24.75,354206,1.86,799334,2.25,15.22,26.3,"Self-employed","Own","Debt_consolidation",0,"799334"
"97937","Female","Grade 12",0,24.75,354206,1.86,799334,2.25,15.22,26.3,"Self-employed","Own","Debt_consolidation",0,"799334"
"97939","Female","No records",0,18.75,583951,1.71,2119758,11.06,43.23,40,"Salaried","Rent","Vehicle",1,"2119758"
"97939","Female","No records",0,18.75,583951,1.71,2119758,11.06,43.23,40,"Salaried","Rent","Vehicle",1,"2119758"
"97940","Male","Grade 12",4,18.75,389096,1.67,785176,21.41,67.01,50,"Salaried","Rent","Vehicle",0,"785176"
"97940","Male","Grade 12",4,18.75,389096,1.67,785176,21.41,67.01,50,"Salaried","Rent","Vehicle",0,"785176"
"97943","Male","No records",0,19.75,1642434,1.92,2073799,14.9,49.79,39.9,"Self-employed","Mortgage","Vehicle",1,"2073799"
"97943","Male","No records",0,19.75,1642434,1.92,2073799,14.9,49.79,39.9,"Self-employed","Mortgage","Vehicle",1,"2073799"
"97947","Female","Postgrad",0,14.25,165010,1.62,104738,20.5,74.37,49.7,"Salaried","Mortgage","Home_improvement",0,"104738"
"97947","Female","Postgrad",0,14.25,165010,1.62,104738,20.5,74.37,49.7,"Salaried","Mortgage","Home_improvement",0,"104738"
"97952","Male","Grade 12",0,18.25,369305,1.28,1132948,30.55,103.01,65.2,"Salaried","Mortgage","Home_improvement",0,"1132948"
"97952","Male","Grade 12",0,18.25,369305,1.28,1132948,30.55,103.01,65.2,"Salaried","Mortgage","Home_improvement",0,"1132948"
"97963","Male","Grade 12",0,18.75,368794,1.97,1027334,32.11,107.57,56.2,"Salaried","Rent","Vehicle",1,"1027334"
"97963","Male","Grade 12",0,18.75,368794,1.97,1027334,32.11,107.57,56.2,"Salaried","Rent","Vehicle",1,"1027334"
"97970","Female","Degree",0,23.25,209514,1.36,548718,39.99,129.8,68.1,"Salaried","Rent","Other",0,"548718"
"97970","Female","Degree",0,23.25,209514,1.36,548718,39.99,129.8,68.1,"Salaried","Rent","Other",0,"548718"
"97976","Male","No records",0,18.75,541677,1.7,852225,27.1,94.64,53.3,"Salaried","Rent","Vehicle",0,"852225"
"97976","Male","No records",0,18.75,541677,1.7,852225,27.1,94.64,53.3,"Salaried","Rent","Vehicle",0,"852225"
"97980","Male","Diploma",1,19.25,311241,0.79,1158997,8.47,32.69,40.8,"Salaried","Own","Debt_consolidation",0,"1158997"
"97980","Male","Diploma",1,19.25,311241,0.79,1158997,8.47,32.69,40.8,"Salaried","Own","Debt_consolidation",0,"1158997"
"97985","Male","Grade 12",1,20.25,487737,1.4,1737848,27.15,93.47,61.7,"Salaried","Rent","Vehicle",0,"1737848"
"97985","Male","Grade 12",1,20.25,487737,1.4,1737848,27.15,93.47,61.7,"Salaried","Rent","Vehicle",0,"1737848"
"98021","Male","Degree",2,26.75,798948,1.3,702113,37.87,124.57,70.7,"Contract","Rent","Other",1,"702113"
"98021","Male","Degree",2,26.75,798948,1.3,702113,37.87,124.57,70.7,"Contract","Rent","Other",1,"702113"
"98024","Male","Degree",0,21.75,458375,1.32,907963,20.85,69.42,51.7,"Salaried","Rent","Other",1,"907963"
"98024","Male","Degree",0,21.75,458375,1.32,907963,20.85,69.42,51.7,"Salaried","Rent","Other",1,"907963"
"98025","Female","No records",0,19.25,443119,1.56,1224986,10.16,42.26,34.6,"Salaried","Own","Debt_consolidation",0,"1224986"
"98025","Female","No records",0,19.25,443119,1.56,1224986,10.16,42.26,34.6,"Salaried","Own","Debt_consolidation",0,"1224986"
"98036","Male","Grade 12",0,17.75,316797,1.89,159498,33.88,112.59,66.9,"Salaried","Rent","Vehicle",1,"159498"
"98036","Male","Grade 12",0,17.75,316797,1.89,159498,33.88,112.59,66.9,"Salaried","Rent","Vehicle",1,"159498"
"98099","Male","Grade 12",0,22.75,993512,1.5,2866437,24.97,82.91,53.4,"Contract","Own","Debt_consolidation",0,"2866437"
"98099","Male","Grade 12",0,22.75,993512,1.5,2866437,24.97,82.91,53.4,"Contract","Own","Debt_consolidation",0,"2866437"
"98103","Male","Degree",1,23.75,1184249,1.28,1924191,25.08,82.38,57.1,"Self-employed","Rent","Other",0,"1924191"
"98103","Male","Degree",1,23.75,1184249,1.28,1924191,25.08,82.38,57.1,"Self-employed","Rent","Other",0,"1924191"
"98113","Male","No records",0,18.75,1847240,1.58,2106314,9.61,36.3,36.5,"Self-employed","Mortgage","Home_improvement",1,"2106314"
"98113","Male","No records",0,18.75,1847240,1.58,2106314,9.61,36.3,36.5,"Self-employed","Mortgage","Home_improvement",1,"2106314"
"98119","Female","Degree",0,19.25,1335228,1.89,751883,4.99,27,38.9,"Contract","Mortgage","Home_improvement",0,"751883"
"98119","Female","Degree",0,19.25,1335228,1.89,751883,4.99,27,38.9,"Contract","Mortgage","Home_improvement",0,"751883"
"98144","Male","Grade 12",1,24.25,502878,1.96,940075,4.17,22.04,32.5,"Contract","Own","Debt_consolidation",0,"940075"
"98144","Male","Grade 12",1,24.25,502878,1.96,940075,4.17,22.04,32.5,"Contract","Own","Debt_consolidation",0,"940075"
"98148","Female","No records",2,19.25,545466,1.32,2066111,5.16,25.12,35.7,"Salaried","Mortgage","Vehicle",0,"2066111"
"98148","Female","No records",2,19.25,545466,1.32,2066111,5.16,25.12,35.7,"Salaried","Mortgage","Vehicle",0,"2066111"
"98149","Male","Grade 12",0,19.25,548047,1.46,904298,15.84,59.79,39.8,"Salaried","Own","Debt_consolidation",0,"904298"
"98149","Male","Grade 12",0,19.25,548047,1.46,904298,15.84,59.79,39.8,"Salaried","Own","Debt_consolidation",0,"904298"
"98150","Female","Degree",1,19.75,3127993,1.96,9046399,19.18,71.54,49.9,"Self-employed","Mortgage","Vehicle",1,"9046399"
"98150","Female","Degree",1,19.75,3127993,1.96,9046399,19.18,71.54,49.9,"Self-employed","Mortgage","Vehicle",1,"9046399"
"98164","Female","No records",0,23.25,857582,1.58,795667,12.08,43.55,45,"Contract","Mortgage","Debt_consolidation",0,"795667"
"98164","Female","No records",0,23.25,857582,1.58,795667,12.08,43.55,45,"Contract","Mortgage","Debt_consolidation",0,"795667"
"98166","Male","Diploma",0,18.25,242756,1.48,548320,31.99,108.44,60.1,"Salaried","Mortgage","Home_improvement",0,"548320"
"98166","Male","Diploma",0,18.25,242756,1.48,548320,31.99,108.44,60.1,"Salaried","Mortgage","Home_improvement",0,"548320"
"98203","Female","Degree",2,18.75,357515,1.87,539918,15.16,53.11,40.2,"Salaried","Rent","Vehicle",0,"539918"
"98203","Female","Degree",2,18.75,357515,1.87,539918,15.16,53.11,40.2,"Salaried","Rent","Vehicle",0,"539918"
"98236","Male","Diploma",0,19.75,567160,2.12,262089,12.56,48.5,38.1,"Contract","Rent","Vehicle",0,"262089"
"98236","Male","Diploma",0,19.75,567160,2.12,262089,12.56,48.5,38.1,"Contract","Rent","Vehicle",0,"262089"
"98249","Male","Grade 12",0,33.25,4713,0.5,3129,24.22,87.53,57.3,"Unemployed","Rent","Debt_consolidation",0,"3129"
"98249","Male","Grade 12",0,33.25,4713,0.5,3129,24.22,87.53,57.3,"Unemployed","Rent","Debt_consolidation",0,"3129"
"98253","Male","Grade 12",1,20.25,921393,1.97,488674,27,94.85,55.4,"Contract","Own","Debt_consolidation",1,"488674"
"98253","Male","Grade 12",1,20.25,921393,1.97,488674,27,94.85,55.4,"Contract","Own","Debt_consolidation",1,"488674"
"98261","Male","Diploma",1,19.25,696140,1.7,2216530,38.66,127.64,65.3,"Salaried","Mortgage","Vehicle",1,"2216530"
"98261","Male","Diploma",1,19.25,696140,1.7,2216530,38.66,127.64,65.3,"Salaried","Mortgage","Vehicle",1,"2216530"
"98263","Female","Degree",0,21.25,271417,1.82,932266,0.6,13.17,31.4,"Salaried","Mortgage","Vehicle",0,"932266"
"98263","Female","Degree",0,21.25,271417,1.82,932266,0.6,13.17,31.4,"Salaried","Mortgage","Vehicle",0,"932266"
"98273","Female","Grade 12",0,32.25,1971,0.43,1740,24.01,81.05,53.7,"Unemployed","Rent","Debt_consolidation",1,"1740"
"98273","Female","Grade 12",0,32.25,1971,0.43,1740,24.01,81.05,53.7,"Unemployed","Rent","Debt_consolidation",1,"1740"
"98280","Female","Postgrad",1,20.75,254096,1.81,229060,3.18,18.68,31.5,"Salaried","Own","Debt_consolidation",0,"229060"
"98280","Female","Postgrad",1,20.75,254096,1.81,229060,3.18,18.68,31.5,"Salaried","Own","Debt_consolidation",0,"229060"
"98283","Male","Grade 12",2,18.25,543192,1.26,361152,32.68,105.37,63.8,"Salaried","Own","Debt_consolidation",1,"361152"
"98283","Male","Grade 12",2,18.25,543192,1.26,361152,32.68,105.37,63.8,"Salaried","Own","Debt_consolidation",1,"361152"
"98295","Female","Grade 12",0,17.75,387743,1.62,1294269,32.23,106.91,55.9,"Salaried","Mortgage","Vehicle",1,"1294269"
"98295","Female","Grade 12",0,17.75,387743,1.62,1294269,32.23,106.91,55.9,"Salaried","Mortgage","Vehicle",1,"1294269"
"98298","Female","Grade 12",0,20.25,392576,1.13,294777,1.16,12.68,28.2,"Salaried","Mortgage","Home_improvement",0,"294777"
"98298","Female","Grade 12",0,20.25,392576,1.13,294777,1.16,12.68,28.2,"Salaried","Mortgage","Home_improvement",0,"294777"
"98306","Female","Degree",0,18.75,443112,1.02,1618796,27.09,88.2,58,"Salaried","Rent","Vehicle",0,"1618796"
"98306","Female","Degree",0,18.75,443112,1.02,1618796,27.09,88.2,58,"Salaried","Rent","Vehicle",0,"1618796"
"98316","Female","Grade 12",0,16.75,687604,1.61,1549494,31.17,104.08,57.6,"Salaried","Mortgage","Home_improvement",0,"1549494"
"98316","Female","Grade 12",0,16.75,687604,1.61,1549494,31.17,104.08,57.6,"Salaried","Mortgage","Home_improvement",0,"1549494"
"98317","Male","Postgrad",1,16.75,434874,1.45,1025669,14.96,54.95,42.1,"Salaried","Mortgage","Home_improvement",0,"1025669"
"98317","Male","Postgrad",1,16.75,434874,1.45,1025669,14.96,54.95,42.1,"Salaried","Mortgage","Home_improvement",0,"1025669"
"98325","Female","Degree",0,20.75,172523,1.78,370231,39.28,132.66,66.3,"Salaried","Own","Debt_consolidation",1,"370231"
"98325","Female","Degree",0,20.75,172523,1.78,370231,39.28,132.66,66.3,"Salaried","Own","Debt_consolidation",1,"370231"
"98339","Female","Diploma",0,20.25,464653,1.53,760424,36.87,119.17,70.2,"Salaried","Rent","Vehicle",0,"760424"
"98339","Female","Diploma",0,20.25,464653,1.53,760424,36.87,119.17,70.2,"Salaried","Rent","Vehicle",0,"760424"
"98342","Female","Grade 12",0,22.25,312134,2.05,690007,1.61,11.68,32.6,"Salaried","Rent","Vehicle",1,"690007"
"98342","Female","Grade 12",0,22.25,312134,2.05,690007,1.61,11.68,32.6,"Salaried","Rent","Vehicle",1,"690007"
"98343","Male","Diploma",2,34.25,4204,0.63,1548,12.35,46.13,37.6,"Unemployed","Rent","Other",1,"1548"
"98343","Male","Diploma",2,34.25,4204,0.63,1548,12.35,46.13,37.6,"Unemployed","Rent","Other",1,"1548"
"98351","Female","Grade 12",3,19.25,856437,1.7,2875229,27.7,87.29,59.6,"Salaried","Own","Debt_consolidation",1,"2875229"
"98351","Female","Grade 12",3,19.25,856437,1.7,2875229,27.7,87.29,59.6,"Salaried","Own","Debt_consolidation",1,"2875229"
"98360","Male","Degree",0,19.25,167563,1.54,350696,17.69,64.02,45.4,"Salaried","Own","Debt_consolidation",1,"350696"
"98360","Male","Degree",0,19.25,167563,1.54,350696,17.69,64.02,45.4,"Salaried","Own","Debt_consolidation",1,"350696"
"98362","Female","Diploma",2,22.75,1127067,1.82,3576272,28.45,97.88,56.4,"Contract","Own","Debt_consolidation",1,"3576272"
"98362","Female","Diploma",2,22.75,1127067,1.82,3576272,28.45,97.88,56.4,"Contract","Own","Debt_consolidation",1,"3576272"
"98366","Male","Grade 12",1,21.75,706111,1.62,2038529,21.04,80.63,47.1,"Salaried","Rent","Other",0,"2038529"
"98366","Male","Grade 12",1,21.75,706111,1.62,2038529,21.04,80.63,47.1,"Salaried","Rent","Other",0,"2038529"
"98372","Female","Grade 12",2,21.25,989537,1.55,2879094,18.38,65.37,42.7,"Contract","Mortgage","Vehicle",1,"2879094"
"98372","Female","Grade 12",2,21.25,989537,1.55,2879094,18.38,65.37,42.7,"Contract","Mortgage","Vehicle",1,"2879094"
"98379","Male","Diploma",0,35,8545,0.55,5788,32.74,107.85,57.3,"Unemployed","Rent","Debt_consolidation",1,"5788"
"98379","Male","Diploma",0,35,8545,0.55,5788,32.74,107.85,57.3,"Unemployed","Rent","Debt_consolidation",1,"5788"
"98384","Female","No records",0,25.25,1031686,2.23,2238386,34.87,112.26,69.1,"Self-employed","Rent","Other",1,"2238386"
"98384","Female","No records",0,25.25,1031686,2.23,2238386,34.87,112.26,69.1,"Self-employed","Rent","Other",1,"2238386"
"98390","Female","Diploma",0,16.75,106345,1.69,218452,15.38,60.04,45.8,"Salaried","Mortgage","Home_improvement",1,"218452"
"98390","Female","Diploma",0,16.75,106345,1.69,218452,15.38,60.04,45.8,"Salaried","Mortgage","Home_improvement",1,"218452"
"98391","Female","Diploma",0,19.25,512900,1.78,614486,27.52,89.5,51.5,"Salaried","Own","Debt_consolidation",1,"614486"
"98391","Female","Diploma",0,19.25,512900,1.78,614486,27.52,89.5,51.5,"Salaried","Own","Debt_consolidation",1,"614486"
"98392","Male","Degree",0,25.25,2173294,2.08,1988907,33.2,111.68,67.1,"Self-employed","Rent","Other",1,"1988907"
"98392","Male","Degree",0,25.25,2173294,2.08,1988907,33.2,111.68,67.1,"Self-employed","Rent","Other",1,"1988907"
"98394","Female","No records",0,35,3840,0.55,7262,24.11,84.09,56.2,"Unemployed","Rent","Debt_consolidation",1,"7262"
"98394","Female","No records",0,35,3840,0.55,7262,24.11,84.09,56.2,"Unemployed","Rent","Debt_consolidation",1,"7262"
"98405","Female","Diploma",2,18.75,207960,1.38,436143,23.88,84.28,57.9,"Salaried","Rent","Vehicle",0,"436143"
"98405","Female","Diploma",2,18.75,207960,1.38,436143,23.88,84.28,57.9,"Salaried","Rent","Vehicle",0,"436143"
"98418","Female","Grade 12",2,21.75,239612,1.74,552367,16.72,63.42,49.2,"Salaried","Rent","Other",1,"552367"
"98418","Female","Grade 12",2,21.75,239612,1.74,552367,16.72,63.42,49.2,"Salaried","Rent","Other",1,"552367"
"98422","Female","Diploma",1,25.25,222423,1.49,213966,2.13,20.27,25.4,"Salaried","Rent","Other",0,"213966"
"98422","Female","Diploma",1,25.25,222423,1.49,213966,2.13,20.27,25.4,"Salaried","Rent","Other",0,"213966"
"98423","Male","Diploma",1,20.25,376755,1.78,991418,3.54,21.64,28.9,"Salaried","Rent","Vehicle",0,"991418"
"98423","Male","Diploma",1,20.25,376755,1.78,991418,3.54,21.64,28.9,"Salaried","Rent","Vehicle",0,"991418"
"98433","Female","Diploma",0,17.75,512180,2.13,763842,13.42,52.59,38.1,"Salaried","Mortgage","Vehicle",1,"763842"
"98433","Female","Diploma",0,17.75,512180,2.13,763842,13.42,52.59,38.1,"Salaried","Mortgage","Vehicle",1,"763842"
"98434","Male","Diploma",0,35,4765,0.55,11435,35.18,121.1,62.4,"Unemployed","Rent","Debt_consolidation",1,"11435"
"98434","Male","Diploma",0,35,4765,0.55,11435,35.18,121.1,62.4,"Unemployed","Rent","Debt_consolidation",1,"11435"
"98436","Male","No records",1,23.75,320777,2.31,352670,31.11,101.66,59.5,"Self-employed","Rent","Other",1,"352670"
"98436","Male","No records",1,23.75,320777,2.31,352670,31.11,101.66,59.5,"Self-employed","Rent","Other",1,"352670"
"98444","Male","No records",1,23.75,2212496,2.03,4355695,10.86,42.1,41.2,"Self-employed","Rent","Other",1,"4355695"
"98444","Male","No records",1,23.75,2212496,2.03,4355695,10.86,42.1,41.2,"Self-employed","Rent","Other",1,"4355695"
"98446","Male","No records",1,20.75,332972,1.74,1146353,31.07,106.08,62,"Salaried","Own","Debt_consolidation",1,"1146353"
"98446","Male","No records",1,20.75,332972,1.74,1146353,31.07,106.08,62,"Salaried","Own","Debt_consolidation",1,"1146353"
"98455","Female","Diploma",1,27.25,2420712,1.97,7830291,2.67,18.69,34.8,"Self-employed","Rent","Other",0,"7830291"
"98455","Female","Diploma",1,27.25,2420712,1.97,7830291,2.67,18.69,34.8,"Self-employed","Rent","Other",0,"7830291"
"98459","Female","Grade 12",3,22.25,483350,1.38,1602060,2.02,9.74,27.1,"Salaried","Rent","Vehicle",1,"1602060"
"98459","Female","Grade 12",3,22.25,483350,1.38,1602060,2.02,9.74,27.1,"Salaried","Rent","Vehicle",1,"1602060"
"98462","Male","Grade 12",0,18.25,373403,0.98,442085,36.15,120.64,63.8,"Salaried","Mortgage","Home_improvement",1,"442085"
"98462","Male","Grade 12",0,18.25,373403,0.98,442085,36.15,120.64,63.8,"Salaried","Mortgage","Home_improvement",1,"442085"
"98467","Female","Degree",0,22.25,291141,1.45,297610,10.45,40.34,37.8,"Contract","Rent","Vehicle",0,"297610"
"98467","Female","Degree",0,22.25,291141,1.45,297610,10.45,40.34,37.8,"Contract","Rent","Vehicle",0,"297610"
"98468","Female","No records",0,20.25,318623,1.74,867398,3.13,17.32,34.1,"Salaried","Rent","Vehicle",0,"867398"
"98468","Female","No records",0,20.25,318623,1.74,867398,3.13,17.32,34.1,"Salaried","Rent","Vehicle",0,"867398"
"98478","Male","Grade 12",2,13.75,210046,1.95,63465,18.92,63.05,44.1,"Salaried","Mortgage","Vehicle",0,"63465"
"98478","Male","Grade 12",2,13.75,210046,1.95,63465,18.92,63.05,44.1,"Salaried","Mortgage","Vehicle",0,"63465"
"98485","Female","No records",0,17.75,283631,1.59,433956,24.99,83.9,58.2,"Salaried","Mortgage","Vehicle",0,"433956"
"98485","Female","No records",0,17.75,283631,1.59,433956,24.99,83.9,58.2,"Salaried","Mortgage","Vehicle",0,"433956"
"98505","Male","Diploma",0,20.25,595714,1.14,261375,37.88,116.87,72.4,"Contract","Mortgage","Vehicle",1,"261375"
"98505","Male","Diploma",0,20.25,595714,1.14,261375,37.88,116.87,72.4,"Contract","Mortgage","Vehicle",1,"261375"
"98517","Male","Diploma",2,18.25,199474,1.37,500789,32.49,106.94,63.9,"Salaried","Mortgage","Home_improvement",1,"500789"
"98517","Male","Diploma",2,18.25,199474,1.37,500789,32.49,106.94,63.9,"Salaried","Mortgage","Home_improvement",1,"500789"
"98519","Female","Diploma",0,22.25,534717,2.21,511158,25.91,89.44,54.9,"Contract","Rent","Vehicle",1,"511158"
"98519","Female","Diploma",0,22.25,534717,2.21,511158,25.91,89.44,54.9,"Contract","Rent","Vehicle",1,"511158"
"98536","Male","Grade 12",2,21.75,90707,1.58,233703,34.71,119.42,58.3,"Salaried","Rent","Other",1,"233703"
"98536","Male","Grade 12",2,21.75,90707,1.58,233703,34.71,119.42,58.3,"Salaried","Rent","Other",1,"233703"
"98545","Female","No records",0,19.75,1750930,1.74,2858911,25.1,81.12,48.7,"Self-employed","Mortgage","Vehicle",1,"2858911"
"98545","Female","No records",0,19.75,1750930,1.74,2858911,25.1,81.12,48.7,"Self-employed","Mortgage","Vehicle",1,"2858911"
"98554","Male","No records",0,24.75,292355,2.08,405104,36.2,118.17,61.2,"Contract","Mortgage","Debt_consolidation",1,"405104"
"98554","Male","No records",0,24.75,292355,2.08,405104,36.2,118.17,61.2,"Contract","Mortgage","Debt_consolidation",1,"405104"
"98559","Female","Degree",0,18.75,82965,1.38,82190,8.7,39.51,40.3,"Salaried","Rent","Vehicle",1,"82190"
"98559","Female","Degree",0,18.75,82965,1.38,82190,8.7,39.51,40.3,"Salaried","Rent","Vehicle",1,"82190"
"98563","Female","Postgrad",2,19.25,500428,1.24,1347436,27.08,92.46,53.9,"Salaried","Own","Debt_consolidation",1,"1347436"
"98563","Female","Postgrad",2,19.25,500428,1.24,1347436,27.08,92.46,53.9,"Salaried","Own","Debt_consolidation",1,"1347436"
"98568","Male","Grade 12",0,17.75,439530,1.72,1138658,19.71,69.92,52.3,"Salaried","Mortgage","Vehicle",0,"1138658"
"98568","Male","Grade 12",0,17.75,439530,1.72,1138658,19.71,69.92,52.3,"Salaried","Mortgage","Vehicle",0,"1138658"
"98569","Female","Degree",0,16.75,168221,1.43,334643,23.51,82.89,56.3,"Salaried","Mortgage","Home_improvement",1,"334643"
"98569","Female","Degree",0,16.75,168221,1.43,334643,23.51,82.89,56.3,"Salaried","Mortgage","Home_improvement",1,"334643"
"98574","Female","Diploma",0,20.25,1239507,1.69,3168338,26.38,88.63,55.9,"Contract","Mortgage","Home_improvement",0,"3168338"
"98574","Female","Diploma",0,20.25,1239507,1.69,3168338,26.38,88.63,55.9,"Contract","Mortgage","Home_improvement",0,"3168338"
"98576","Male","Grade 12",0,21.25,841755,1.86,525624,33.85,103.54,66.6,"Contract","Rent","Vehicle",0,"525624"
"98576","Male","Grade 12",0,21.25,841755,1.86,525624,33.85,103.54,66.6,"Contract","Rent","Vehicle",0,"525624"
"98595","Male","No records",0,25.25,1654358,1.69,2888562,32.15,105.36,63.2,"Self-employed","Rent","Other",0,"2888562"
"98595","Male","No records",0,25.25,1654358,1.69,2888562,32.15,105.36,63.2,"Self-employed","Rent","Other",0,"2888562"
"98599","Male","Diploma",0,17.75,138470,1.28,187363,27.43,99.22,52.5,"Salaried","Mortgage","Vehicle",0,"187363"
"98599","Male","Diploma",0,17.75,138470,1.28,187363,27.43,99.22,52.5,"Salaried","Mortgage","Vehicle",0,"187363"
"98602","Male","Grade 12",0,19.75,765944,1.91,2819174,17.67,64.85,45.4,"Self-employed","Mortgage","Vehicle",1,"2819174"
"98602","Male","Grade 12",0,19.75,765944,1.91,2819174,17.67,64.85,45.4,"Self-employed","Mortgage","Vehicle",1,"2819174"
"98625","Female","Grade 12",0,17.75,245954,1.45,882891,31.03,102.25,58.7,"Salaried","Mortgage","Vehicle",0,"882891"
"98625","Female","Grade 12",0,17.75,245954,1.45,882891,31.03,102.25,58.7,"Salaried","Mortgage","Vehicle",0,"882891"
"98635","Female","No records",0,22.75,649650,1.87,964173,33.6,114.4,64.7,"Contract","Mortgage","Vehicle",1,"964173"
"98635","Female","No records",0,22.75,649650,1.87,964173,33.6,114.4,64.7,"Contract","Mortgage","Vehicle",1,"964173"
"98639","Female","Diploma",2,35,6350,0.47,4603,27.65,93.23,61.8,"Unemployed","Rent","Debt_consolidation",0,"4603"
"98639","Female","Diploma",2,35,6350,0.47,4603,27.65,93.23,61.8,"Unemployed","Rent","Debt_consolidation",0,"4603"
"98640","Male","Diploma",1,18.25,511863,1.28,740971,6.77,28.41,34.8,"Salaried","Mortgage","Home_improvement",0,"740971"
"98640","Male","Diploma",1,18.25,511863,1.28,740971,6.77,28.41,34.8,"Salaried","Mortgage","Home_improvement",0,"740971"
"98648","Male","Diploma",1,19.25,339128,0.94,628716,36.13,117.72,65.6,"Salaried","Mortgage","Vehicle",1,"628716"
"98648","Male","Diploma",1,19.25,339128,0.94,628716,36.13,117.72,65.6,"Salaried","Mortgage","Vehicle",1,"628716"
"98669","Male","Degree",0,17.75,311967,1.47,1042819,18.83,61.03,53.6,"Salaried","Mortgage","Vehicle",0,"1042819"
"98669","Male","Degree",0,17.75,311967,1.47,1042819,18.83,61.03,53.6,"Salaried","Mortgage","Vehicle",0,"1042819"
"98678","Male","Postgrad",0,21.75,100683,1.75,363056,21.89,79.55,50.4,"Salaried","Rent","Other",1,"363056"
"98678","Male","Postgrad",0,21.75,100683,1.75,363056,21.89,79.55,50.4,"Salaried","Rent","Other",1,"363056"
"98679","Male","Postgrad",1,19.25,288723,1.85,292836,24.43,85.21,48,"Salaried","Own","Debt_consolidation",1,"292836"
"98679","Male","Postgrad",1,19.25,288723,1.85,292836,24.43,85.21,48,"Salaried","Own","Debt_consolidation",1,"292836"
"98689","Male","Diploma",2,25.25,1029705,2.03,2726792,29.25,100.88,56.3,"Contract","Rent","Other",0,"2726792"
"98689","Male","Diploma",2,25.25,1029705,2.03,2726792,29.25,100.88,56.3,"Contract","Rent","Other",0,"2726792"
"98706","Male","Diploma",0,16.75,223478,1.5,669022,8.8,38.2,42.1,"Salaried","Mortgage","Home_improvement",1,"669022"
"98706","Male","Diploma",0,16.75,223478,1.5,669022,8.8,38.2,42.1,"Salaried","Mortgage","Home_improvement",1,"669022"
"98710","Female","Grade 12",1,27.25,1244424,1.76,3063515,0.95,14.59,35.8,"Self-employed","Rent","Other",1,"3063515"
"98710","Female","Grade 12",1,27.25,1244424,1.76,3063515,0.95,14.59,35.8,"Self-employed","Rent","Other",1,"3063515"
"98714","Male","Grade 12",0,17.75,241378,0.85,524593,8.04,36.37,31.5,"Salaried","Mortgage","Vehicle",0,"524593"
"98714","Male","Grade 12",0,17.75,241378,0.85,524593,8.04,36.37,31.5,"Salaried","Mortgage","Vehicle",0,"524593"
"98718","Male","Diploma",1,23.75,763898,1.76,1732866,29.28,96.15,56.7,"Self-employed","Rent","Other",0,"1732866"
"98718","Male","Diploma",1,23.75,763898,1.76,1732866,29.28,96.15,56.7,"Self-employed","Rent","Other",0,"1732866"
"98721","Female","Grade 12",0,26.75,255199,2.04,427079,30.71,103.35,62,"Contract","Rent","Other",0,"427079"
"98721","Female","Grade 12",0,26.75,255199,2.04,427079,30.71,103.35,62,"Contract","Rent","Other",0,"427079"
"98724","Female","Diploma",2,21.75,192802,2.07,260687,12.43,46.36,39,"Salaried","Rent","Other",1,"260687"
"98724","Female","Diploma",2,21.75,192802,2.07,260687,12.43,46.36,39,"Salaried","Rent","Other",1,"260687"
"98730","Female","Diploma",0,23.25,497391,1.32,1574950,32.12,112.38,65.3,"Salaried","Rent","Other",1,"1574950"
"98730","Female","Diploma",0,23.25,497391,1.32,1574950,32.12,112.38,65.3,"Salaried","Rent","Other",1,"1574950"
"98736","Female","No records",0,16.75,192203,1.83,528387,25.02,86.67,49.3,"Salaried","Mortgage","Home_improvement",0,"528387"
"98736","Female","No records",0,16.75,192203,1.83,528387,25.02,86.67,49.3,"Salaried","Mortgage","Home_improvement",0,"528387"
"98739","Female","Diploma",1,16.75,77473,1.65,282902,29.16,97.66,53.6,"Salaried","Mortgage","Home_improvement",1,"282902"
"98739","Female","Diploma",1,16.75,77473,1.65,282902,29.16,97.66,53.6,"Salaried","Mortgage","Home_improvement",1,"282902"
"98768","Male","No records",1,21.75,179990,1.47,497783,22.89,82.57,56.6,"Salaried","Rent","Other",1,"497783"
"98768","Male","No records",1,21.75,179990,1.47,497783,22.89,82.57,56.6,"Salaried","Rent","Other",1,"497783"
"98776","Male","Grade 12",4,23.75,534316,1.4,617476,9.15,36.56,43,"Self-employed","Rent","Other",1,"617476"
"98776","Male","Grade 12",4,23.75,534316,1.4,617476,9.15,36.56,43,"Self-employed","Rent","Other",1,"617476"
"98785","Female","Grade 12",0,35,2956,0.47,7234,37.55,120.18,70.2,"Unemployed","Rent","Debt_consolidation",1,"7234"
"98785","Female","Grade 12",0,35,2956,0.47,7234,37.55,120.18,70.2,"Unemployed","Rent","Debt_consolidation",1,"7234"
"98786","Male","Postgrad",0,20.25,637927,1.81,2092336,0.1,9.26,27.9,"Salaried","Mortgage","Home_improvement",0,"2092336"
"98786","Male","Postgrad",0,20.25,637927,1.81,2092336,0.1,9.26,27.9,"Salaried","Mortgage","Home_improvement",0,"2092336"
"98796","Male","Grade 12",0,19.75,1656699,2.14,4245142,23.29,75.51,48.7,"Self-employed","Mortgage","Vehicle",1,"4245142"
"98796","Male","Grade 12",0,19.75,1656699,2.14,4245142,23.29,75.51,48.7,"Self-employed","Mortgage","Vehicle",1,"4245142"
"98797","Male","Diploma",0,18.75,681443,1.37,1719949,18.08,66.65,48.7,"Salaried","Rent","Vehicle",1,"1719949"
"98797","Male","Diploma",0,18.75,681443,1.37,1719949,18.08,66.65,48.7,"Salaried","Rent","Vehicle",1,"1719949"
"98809","Female","Grade 12",2,17.75,323623,1.08,592781,20.72,70.9,49.2,"Salaried","Mortgage","Vehicle",0,"592781"
"98809","Female","Grade 12",2,17.75,323623,1.08,592781,20.72,70.9,49.2,"Salaried","Mortgage","Vehicle",0,"592781"
"98810","Male","Diploma",0,35,1228,0.56,1492,8.26,29.92,30.4,"Unemployed","Rent","Debt_consolidation",1,"1492"
"98810","Male","Diploma",0,35,1228,0.56,1492,8.26,29.92,30.4,"Unemployed","Rent","Debt_consolidation",1,"1492"
"98817","Female","Degree",3,35,2110,0.66,4054,15.06,53.88,42.4,"Unemployed","Rent","Debt_consolidation",0,"4054"
"98817","Female","Degree",3,35,2110,0.66,4054,15.06,53.88,42.4,"Unemployed","Rent","Debt_consolidation",0,"4054"
"98835","Male","Grade 12",0,19.25,216228,1.68,782611,6.26,29.03,38,"Salaried","Mortgage","Vehicle",0,"782611"
"98835","Male","Grade 12",0,19.25,216228,1.68,782611,6.26,29.03,38,"Salaried","Mortgage","Vehicle",0,"782611"
"98840","Male","Diploma",2,19.75,1203466,1.94,1960051,22.07,76.31,56,"Self-employed","Mortgage","Vehicle",1,"1960051"
"98840","Male","Diploma",2,19.75,1203466,1.94,1960051,22.07,76.31,56,"Self-employed","Mortgage","Vehicle",1,"1960051"
"98860","Female","Diploma",0,18.75,543223,1.77,222577,2.83,12.61,36.3,"Salaried","Mortgage","Vehicle",1,"222577"
"98860","Female","Diploma",0,18.75,543223,1.77,222577,2.83,12.61,36.3,"Salaried","Mortgage","Vehicle",1,"222577"
"98908","Male","No records",0,20.75,590226,1.42,1551409,5.31,25.07,35.3,"Salaried","Own","Debt_consolidation",0,"1551409"
"98908","Male","No records",0,20.75,590226,1.42,1551409,5.31,25.07,35.3,"Salaried","Own","Debt_consolidation",0,"1551409"
"98931","Male","Grade 12",0,21.75,707258,1.39,2019547,16.56,58.72,46.9,"Salaried","Rent","Other",0,"2019547"
"98931","Male","Grade 12",0,21.75,707258,1.39,2019547,16.56,58.72,46.9,"Salaried","Rent","Other",0,"2019547"
"98937","Male","Diploma",0,19.75,1277056,2.34,892197,23.8,87.23,49.9,"Self-employed","Mortgage","Vehicle",0,"892197"
"98937","Male","Diploma",0,19.75,1277056,2.34,892197,23.8,87.23,49.9,"Self-employed","Mortgage","Vehicle",0,"892197"
"98938","Female","No records",0,22.25,848573,1.65,2838017,12.88,47.47,41.7,"Contract","Rent","Vehicle",0,"2838017"
"98938","Female","No records",0,22.25,848573,1.65,2838017,12.88,47.47,41.7,"Contract","Rent","Vehicle",0,"2838017"
"98947","Female","Grade 12",1,16.75,692513,1.42,1269215,20.52,71.13,54.7,"Salaried","Mortgage","Home_improvement",0,"1269215"
"98947","Female","Grade 12",1,16.75,692513,1.42,1269215,20.52,71.13,54.7,"Salaried","Mortgage","Home_improvement",0,"1269215"
"98956","Male","No records",2,19.25,373918,1.49,781176,10.58,40.79,37.9,"Salaried","Own","Debt_consolidation",0,"781176"
"98956","Male","No records",2,19.25,373918,1.49,781176,10.58,40.79,37.9,"Salaried","Own","Debt_consolidation",0,"781176"
"98993","Male","No records",3,20.25,392124,1.55,1233022,5.84,31.36,31.4,"Salaried","Rent","Vehicle",1,"1233022"
"98993","Male","No records",3,20.25,392124,1.55,1233022,5.84,31.36,31.4,"Salaried","Rent","Vehicle",1,"1233022"
"99004","Female","Diploma",0,35,6772,0.6,22443,8.49,33.72,33.2,"Unemployed","Rent","Debt_consolidation",1,"22443"
"99004","Female","Diploma",0,35,6772,0.6,22443,8.49,33.72,33.2,"Unemployed","Rent","Debt_consolidation",1,"22443"
"99012","Female","Postgrad",0,19.25,716733,2.13,466408,25.95,87.58,56.4,"Salaried","Rent","Other",1,"466408"
"99012","Female","Postgrad",0,19.25,716733,2.13,466408,25.95,87.58,56.4,"Salaried","Rent","Other",1,"466408"
"99021","Male","Grade 12",2,20.25,316855,1.41,389277,4.15,20.14,29.8,"Salaried","Rent","Vehicle",1,"389277"
"99021","Male","Grade 12",2,20.25,316855,1.41,389277,4.15,20.14,29.8,"Salaried","Rent","Vehicle",1,"389277"
"99023","Male","Diploma",1,20.75,319181,1.36,194739,33.24,106.61,63.7,"Salaried","Rent","Other",1,"194739"
"99023","Male","Diploma",1,20.75,319181,1.36,194739,33.24,106.61,63.7,"Salaried","Rent","Other",1,"194739"
"99033","Female","Diploma",2,16.75,542173,1.56,1449875,16.32,58.44,44,"Salaried","Mortgage","Home_improvement",1,"1449875"
"99033","Female","Diploma",2,16.75,542173,1.56,1449875,16.32,58.44,44,"Salaried","Mortgage","Home_improvement",1,"1449875"
"99041","Male","Grade 12",2,17.75,188006,1.89,686268,12.62,41.89,38.2,"Salaried","Mortgage","Vehicle",1,"686268"
"99041","Male","Grade 12",2,17.75,188006,1.89,686268,12.62,41.89,38.2,"Salaried","Mortgage","Vehicle",1,"686268"
"99044","Female","Grade 12",3,20.25,431719,1.21,798509,30.07,100,60.4,"Salaried","Rent","Vehicle",0,"798509"
"99044","Female","Grade 12",3,20.25,431719,1.21,798509,30.07,100,60.4,"Salaried","Rent","Vehicle",0,"798509"
"99052","Female","Grade 12",2,18.75,212082,1.46,315242,17.9,68.7,51,"Salaried","Rent","Vehicle",0,"315242"
"99052","Female","Grade 12",2,18.75,212082,1.46,315242,17.9,68.7,51,"Salaried","Rent","Vehicle",0,"315242"
"99057","Male","No records",2,17.75,424512,1.18,809076,17.81,65.17,47,"Salaried","Mortgage","Vehicle",0,"809076"
"99057","Male","No records",2,17.75,424512,1.18,809076,17.81,65.17,47,"Salaried","Mortgage","Vehicle",0,"809076"
"99070","Male","Diploma",3,23.75,408540,1.51,938724,0.55,11.63,22.7,"Salaried","Rent","Vehicle",0,"938724"
"99070","Male","Diploma",3,23.75,408540,1.51,938724,0.55,11.63,22.7,"Salaried","Rent","Vehicle",0,"938724"
"99074","Male","No records",3,16.25,153102,1.8,80030,16.85,63.95,46.2,"Salaried","Rent","Vehicle",0,"80030"
"99074","Male","No records",3,16.25,153102,1.8,80030,16.85,63.95,46.2,"Salaried","Rent","Vehicle",0,"80030"
"99075","Female","Grade 12",0,19.25,102697,1.33,281180,20.41,70.97,53.3,"Salaried","Own","Debt_consolidation",1,"281180"
"99075","Female","Grade 12",0,19.25,102697,1.33,281180,20.41,70.97,53.3,"Salaried","Own","Debt_consolidation",1,"281180"
"99085","Female","Diploma",2,19.25,114729,1.6,395651,31.55,112.03,65.6,"Salaried","Mortgage","Vehicle",0,"395651"
"99085","Female","Diploma",2,19.25,114729,1.6,395651,31.55,112.03,65.6,"Salaried","Mortgage","Vehicle",0,"395651"
"99093","Male","No records",0,18.75,2752987,0.61,8352467,30.85,100.08,53.8,"Self-employed","Mortgage","Home_improvement",0,"8352467"
"99093","Male","No records",0,18.75,2752987,0.61,8352467,30.85,100.08,53.8,"Self-employed","Mortgage","Home_improvement",0,"8352467"
"99100","Female","Diploma",1,23.25,570793,1.99,497013,6.85,29.44,36.4,"Salaried","Rent","Other",0,"497013"
"99100","Female","Diploma",1,23.25,570793,1.99,497013,6.85,29.44,36.4,"Salaried","Rent","Other",0,"497013"
"99103","Male","Grade 12",0,18.25,431094,1.73,1406702,37.04,115.76,63.4,"Salaried","Mortgage","Home_improvement",0,"1406702"
"99103","Male","Grade 12",0,18.25,431094,1.73,1406702,37.04,115.76,63.4,"Salaried","Mortgage","Home_improvement",0,"1406702"
"99111","Female","No records",0,31.25,2375,0.34,4469,37.04,123.29,61.2,"Unemployed","Rent","Debt_consolidation",1,"4469"
"99111","Female","No records",0,31.25,2375,0.34,4469,37.04,123.29,61.2,"Unemployed","Rent","Debt_consolidation",1,"4469"
"99121","Male","No records",0,18.25,327820,1.96,319114,38.48,125.49,62.2,"Salaried","Mortgage","Home_improvement",1,"319114"
"99121","Male","No records",0,18.25,327820,1.96,319114,38.48,125.49,62.2,"Salaried","Mortgage","Home_improvement",1,"319114"
"99140","Female","Diploma",1,16.75,561379,1.62,1342573,16.33,58.71,42.7,"Salaried","Mortgage","Home_improvement",0,"1342573"
"99140","Female","Diploma",1,16.75,561379,1.62,1342573,16.33,58.71,42.7,"Salaried","Mortgage","Home_improvement",0,"1342573"
"99142","Male","Degree",0,23.75,361083,2.35,879207,20.42,73.76,49.7,"Self-employed","Rent","Other",1,"879207"
"99142","Male","Degree",0,23.75,361083,2.35,879207,20.42,73.76,49.7,"Self-employed","Rent","Other",1,"879207"
"99145","Male","Degree",0,18.75,481720,1.1,1127209,14.99,57.61,42.9,"Salaried","Rent","Vehicle",1,"1127209"
"99145","Male","Degree",0,18.75,481720,1.1,1127209,14.99,57.61,42.9,"Salaried","Rent","Vehicle",1,"1127209"
"99152","Female","Grade 12",0,18.75,331977,1.94,1175915,17.71,64.79,42.4,"Salaried","Rent","Vehicle",0,"1175915"
"99152","Female","Grade 12",0,18.75,331977,1.94,1175915,17.71,64.79,42.4,"Salaried","Rent","Vehicle",0,"1175915"
"99158","Female","Grade 12",2,19.75,1001585,2.05,2937465,29.02,99.65,51.5,"Self-employed","Mortgage","Vehicle",1,"2937465"
"99158","Female","Grade 12",2,19.75,1001585,2.05,2937465,29.02,99.65,51.5,"Self-employed","Mortgage","Vehicle",1,"2937465"
"99162","Female","No records",0,19.75,2431277,1.08,5360782,30.44,101.48,57.8,"Self-employed","Mortgage","Vehicle",1,"5360782"
"99162","Female","No records",0,19.75,2431277,1.08,5360782,30.44,101.48,57.8,"Self-employed","Mortgage","Vehicle",1,"5360782"
"99163","Male","Grade 12",0,25.25,2556272,1.79,8161302,5.62,24.42,30.7,"Self-employed","Rent","Other",1,"8161302"
"99163","Male","Grade 12",0,25.25,2556272,1.79,8161302,5.62,24.42,30.7,"Self-employed","Rent","Other",1,"8161302"
"99164","Female","Degree",0,17.75,521973,1.08,793511,23.77,83.56,49.9,"Salaried","Mortgage","Vehicle",0,"793511"
"99164","Female","Degree",0,17.75,521973,1.08,793511,23.77,83.56,49.9,"Salaried","Mortgage","Vehicle",0,"793511"
"99177","Male","Grade 12",0,18.75,241920,1.57,493606,15.9,59.11,39.5,"Salaried","Rent","Vehicle",0,"493606"
"99177","Male","Grade 12",0,18.75,241920,1.57,493606,15.9,59.11,39.5,"Salaried","Rent","Vehicle",0,"493606"
"99186","Female","Grade 12",0,21.75,2792488,1.56,2232878,11.34,44.55,44.9,"Self-employed","Mortgage","Debt_consolidation",1,"2232878"
"99186","Female","Grade 12",0,21.75,2792488,1.56,2232878,11.34,44.55,44.9,"Self-employed","Mortgage","Debt_consolidation",1,"2232878"
"99190","Male","Grade 12",0,16.75,775262,1.81,2917102,12.29,46.85,38,"Salaried","Mortgage","Home_improvement",0,"2917102"
"99190","Male","Grade 12",0,16.75,775262,1.81,2917102,12.29,46.85,38,"Salaried","Mortgage","Home_improvement",0,"2917102"
"99193","Female","Grade 12",1,19.75,1150366,1.69,1530426,21.71,74.91,48.5,"Self-employed","Mortgage","Vehicle",0,"1530426"
"99193","Female","Grade 12",1,19.75,1150366,1.69,1530426,21.71,74.91,48.5,"Self-employed","Mortgage","Vehicle",0,"1530426"
"99198","Male","Diploma",0,35,8213,0.51,20157,1.06,10.3,28.2,"Unemployed","Rent","Debt_consolidation",1,"20157"
"99198","Male","Diploma",0,35,8213,0.51,20157,1.06,10.3,28.2,"Unemployed","Rent","Debt_consolidation",1,"20157"
"99199","Male","Grade 12",0,35,7343,0.58,21789,25.27,81.86,49.7,"Unemployed","Rent","Debt_consolidation",1,"21789"
"99199","Male","Grade 12",0,35,7343,0.58,21789,25.27,81.86,49.7,"Unemployed","Rent","Debt_consolidation",1,"21789"
"99206","Male","Diploma",1,18.75,487600,1.56,1726999,21.15,71.65,55.1,"Salaried","Rent","Vehicle",1,"1726999"
"99206","Male","Diploma",1,18.75,487600,1.56,1726999,21.15,71.65,55.1,"Salaried","Rent","Vehicle",1,"1726999"
"99238","Female","Degree",0,35,8688,0.51,18467,32.31,102.21,62,"Unemployed","Rent","Debt_consolidation",1,"18467"
"99238","Female","Degree",0,35,8688,0.51,18467,32.31,102.21,62,"Unemployed","Rent","Debt_consolidation",1,"18467"
"99245","Female","Grade 12",2,20.25,429024,1.36,1159611,33.94,108.77,62.5,"Salaried","Rent","Vehicle",1,"1159611"
"99245","Female","Grade 12",2,20.25,429024,1.36,1159611,33.94,108.77,62.5,"Salaried","Rent","Vehicle",1,"1159611"
"99248","Male","Postgrad",0,18.75,338273,1.33,507370,24.28,83.23,52.4,"Salaried","Rent","Vehicle",1,"507370"
"99248","Male","Postgrad",0,18.75,338273,1.33,507370,24.28,83.23,52.4,"Salaried","Rent","Vehicle",1,"507370"
"99256","Female","No records",0,20.75,351362,1.72,470865,33.09,114.62,62.4,"Salaried","Own","Debt_consolidation",1,"470865"
"99256","Female","No records",0,20.75,351362,1.72,470865,33.09,114.62,62.4,"Salaried","Own","Debt_consolidation",1,"470865"
"99260","Male","Diploma",3,34.75,7062,0.62,7932,23.39,81.13,53.4,"Unemployed","Mortgage","Debt_consolidation",1,"7932"
"99260","Male","Diploma",3,34.75,7062,0.62,7932,23.39,81.13,53.4,"Unemployed","Mortgage","Debt_consolidation",1,"7932"
"99281","Male","Postgrad",0,17.75,91069,2.07,303766,18.83,72.87,41.4,"Salaried","Mortgage","Vehicle",0,"303766"
"99281","Male","Postgrad",0,17.75,91069,2.07,303766,18.83,72.87,41.4,"Salaried","Mortgage","Vehicle",0,"303766"
"99303","Female","Degree",0,16.75,137110,1.56,177456,26.02,87.81,58.4,"Salaried","Mortgage","Home_improvement",1,"177456"
"99303","Female","Degree",0,16.75,137110,1.56,177456,26.02,87.81,58.4,"Salaried","Mortgage","Home_improvement",1,"177456"
"99315","Male","No records",0,21.75,518289,1.64,1375482,16.79,65.25,44.4,"Salaried","Rent","Other",0,"1375482"
"99315","Male","No records",0,21.75,518289,1.64,1375482,16.79,65.25,44.4,"Salaried","Rent","Other",0,"1375482"
"99349","Female","Degree",2,19.75,473643,1.09,1232488,31.32,99.1,56.4,"Self-employed","Mortgage","Vehicle",1,"1232488"
"99349","Female","Degree",2,19.75,473643,1.09,1232488,31.32,99.1,56.4,"Self-employed","Mortgage","Vehicle",1,"1232488"
"99353","Male","No records",2,17.75,334859,1.42,1184311,35.45,120.48,58.9,"Salaried","Mortgage","Vehicle",1,"1184311"
"99353","Male","No records",2,17.75,334859,1.42,1184311,35.45,120.48,58.9,"Salaried","Mortgage","Vehicle",1,"1184311"
"99362","Male","Diploma",0,19.25,462959,1.15,1394219,31.61,105.38,61.1,"Salaried","Mortgage","Vehicle",0,"1394219"
"99362","Male","Diploma",0,19.25,462959,1.15,1394219,31.61,105.38,61.1,"Salaried","Mortgage","Vehicle",0,"1394219"
"99367","Male","Postgrad",3,20.25,405548,1.29,718293,0.75,11.66,34.7,"Salaried","Mortgage","Home_improvement",0,"718293"
"99367","Male","Postgrad",3,20.25,405548,1.29,718293,0.75,11.66,34.7,"Salaried","Mortgage","Home_improvement",0,"718293"
"99395","Male","Diploma",0,18.25,204615,1.29,150286,37.29,123.13,65.6,"Salaried","Mortgage","Home_improvement",1,"150286"
"99395","Male","Diploma",0,18.25,204615,1.29,150286,37.29,123.13,65.6,"Salaried","Mortgage","Home_improvement",1,"150286"
"99401","Female","Diploma",0,16.25,1700293,1.99,695200,17.72,63.68,46.3,"Self-employed","Mortgage","Home_improvement",1,"695200"
"99401","Female","Diploma",0,16.25,1700293,1.99,695200,17.72,63.68,46.3,"Self-employed","Mortgage","Home_improvement",1,"695200"
"99406","Male","Postgrad",0,19.25,325593,0.83,571069,16.43,56.43,51,"Salaried","Own","Debt_consolidation",1,"571069"
"99406","Male","Postgrad",0,19.25,325593,0.83,571069,16.43,56.43,51,"Salaried","Own","Debt_consolidation",1,"571069"
"99411","Female","No records",1,26.75,1424101,1.46,5357351,30.19,101.29,61.5,"Contract","Rent","Other",1,"5357351"
"99411","Female","No records",1,26.75,1424101,1.46,5357351,30.19,101.29,61.5,"Contract","Rent","Other",1,"5357351"
"99417","Male","Grade 12",3,18.25,459549,1.16,1036437,3.69,19.75,30.3,"Salaried","Mortgage","Home_improvement",0,"1036437"
"99417","Male","Grade 12",3,18.25,459549,1.16,1036437,3.69,19.75,30.3,"Salaried","Mortgage","Home_improvement",0,"1036437"
"99429","Male","No records",0,32.25,2863,0.4,8353,28.79,98.27,54.2,"Unemployed","Rent","Debt_consolidation",1,"8353"
"99429","Male","No records",0,32.25,2863,0.4,8353,28.79,98.27,54.2,"Unemployed","Rent","Debt_consolidation",1,"8353"
"99434","Male","Grade 12",1,25.25,852048,1.8,2179890,30.79,99.38,60.4,"Self-employed","Rent","Other",1,"2179890"
"99434","Male","Grade 12",1,25.25,852048,1.8,2179890,30.79,99.38,60.4,"Self-employed","Rent","Other",1,"2179890"
"99436","Male","Grade 12",0,17.25,1835658,2.07,920501,7.57,26.32,33.6,"Self-employed","Mortgage","Vehicle",0,"920501"
"99436","Male","Grade 12",0,17.25,1835658,2.07,920501,7.57,26.32,33.6,"Self-employed","Mortgage","Vehicle",0,"920501"
"99441","Male","Degree",0,14.25,555365,1.63,187923,32.93,112.31,55.5,"Salaried","Mortgage","Home_improvement",1,"187923"
"99441","Male","Degree",0,14.25,555365,1.63,187923,32.93,112.31,55.5,"Salaried","Mortgage","Home_improvement",1,"187923"
"99442","Female","Degree",0,35,1783,0.51,6307,15.8,57.94,43.9,"Unemployed","Rent","Debt_consolidation",1,"6307"
"99442","Female","Degree",0,35,1783,0.51,6307,15.8,57.94,43.9,"Unemployed","Rent","Debt_consolidation",1,"6307"
"99443","Female","Grade 12",2,18.75,72991,1.39,273287,7.11,26.69,40.2,"Salaried","Rent","Vehicle",0,"273287"
"99443","Female","Grade 12",2,18.75,72991,1.39,273287,7.11,26.69,40.2,"Salaried","Rent","Vehicle",0,"273287"
"99458","Female","No records",2,19.25,271207,1.36,711443,21.73,75.81,46.2,"Salaried","Own","Debt_consolidation",1,"711443"
"99458","Female","No records",2,19.25,271207,1.36,711443,21.73,75.81,46.2,"Salaried","Own","Debt_consolidation",1,"711443"
"99463","Female","Grade 12",2,20.25,434220,1.38,1370680,4.7,24.51,38.4,"Salaried","Rent","Vehicle",0,"1370680"
"99463","Female","Grade 12",2,20.25,434220,1.38,1370680,4.7,24.51,38.4,"Salaried","Rent","Vehicle",0,"1370680"
"99474","Female","No records",1,19.25,90386,1.49,225216,26.29,91.6,51.9,"Salaried","Own","Debt_consolidation",1,"225216"
"99474","Female","No records",1,19.25,90386,1.49,225216,26.29,91.6,51.9,"Salaried","Own","Debt_consolidation",1,"225216"
"99484","Female","Diploma",0,23.75,1535063,1.64,2668994,31.09,104.24,58.2,"Self-employed","Rent","Other",0,"2668994"
"99484","Female","Diploma",0,23.75,1535063,1.64,2668994,31.09,104.24,58.2,"Self-employed","Rent","Other",0,"2668994"
"99492","Female","Grade 12",0,18.75,407049,1.55,512626,10.94,45.13,36.9,"Salaried","Rent","Vehicle",0,"512626"
"99492","Female","Grade 12",0,18.75,407049,1.55,512626,10.94,45.13,36.9,"Salaried","Rent","Vehicle",0,"512626"
"99511","Female","Grade 12",0,25.25,2383909,1.87,8026732,34.16,112.53,68,"Self-employed","Rent","Other",1,"8026732"
"99511","Female","Grade 12",0,25.25,2383909,1.87,8026732,34.16,112.53,68,"Self-employed","Rent","Other",1,"8026732"
"99520","Male","Diploma",0,21.25,1575964,0.96,2603731,32.74,105.38,57.5,"Contract","Mortgage","Vehicle",1,"2603731"
"99520","Male","Diploma",0,21.25,1575964,0.96,2603731,32.74,105.38,57.5,"Contract","Mortgage","Vehicle",1,"2603731"
"99534","Female","Grade 12",0,21.75,456293,1.53,319730,19.67,69.47,44.4,"Salaried","Rent","Other",1,"319730"
"99534","Female","Grade 12",0,21.75,456293,1.53,319730,19.67,69.47,44.4,"Salaried","Rent","Other",1,"319730"
"99538","Male","Grade 12",0,18.75,419395,1.19,890930,22.24,74.63,54.4,"Salaried","Rent","Vehicle",0,"890930"
"99538","Male","Grade 12",0,18.75,419395,1.19,890930,22.24,74.63,54.4,"Salaried","Rent","Vehicle",0,"890930"
"99545","Male","Postgrad",0,18.75,235551,1.48,510253,24.32,83.36,57.2,"Salaried","Rent","Vehicle",1,"510253"
"99545","Male","Postgrad",0,18.75,235551,1.48,510253,24.32,83.36,57.2,"Salaried","Rent","Vehicle",1,"510253"
"99561","Female","No records",1,35,3367,0.62,9735,32.9,112.84,66.1,"Unemployed","Rent","Debt_consolidation",1,"9735"
"99561","Female","No records",1,35,3367,0.62,9735,32.9,112.84,66.1,"Unemployed","Rent","Debt_consolidation",1,"9735"
"99563","Female","Diploma",3,24.75,592866,2.06,1756893,1.36,16.28,29.1,"Self-employed","Own","Debt_consolidation",1,"1756893"
"99563","Female","Diploma",3,24.75,592866,2.06,1756893,1.36,16.28,29.1,"Self-employed","Own","Debt_consolidation",1,"1756893"
"99568","Male","Grade 12",0,18.75,337117,1.46,832194,27.56,94.3,49.7,"Salaried","Rent","Vehicle",1,"832194"
"99568","Male","Grade 12",0,18.75,337117,1.46,832194,27.56,94.3,49.7,"Salaried","Rent","Vehicle",1,"832194"
"99573","Male","No records",0,22.75,1519985,1.9,4269239,36.69,117.54,67,"Self-employed","Own","Debt_consolidation",1,"4269239"
"99573","Male","No records",0,22.75,1519985,1.9,4269239,36.69,117.54,67,"Self-employed","Own","Debt_consolidation",1,"4269239"
"99586","Female","Diploma",1,19.75,2352873,1.11,4698618,10.95,38.74,36,"Self-employed","Mortgage","Vehicle",0,"4698618"
"99586","Female","Diploma",1,19.75,2352873,1.11,4698618,10.95,38.74,36,"Self-employed","Mortgage","Vehicle",0,"4698618"
"99587","Female","Grade 12",0,17.75,207282,1.66,592295,18.02,63.05,42.5,"Salaried","Mortgage","Vehicle",0,"592295"
"99587","Female","Grade 12",0,17.75,207282,1.66,592295,18.02,63.05,42.5,"Salaried","Mortgage","Vehicle",0,"592295"
"99596","Male","Grade 12",0,21.25,894321,1.58,2180914,39.75,126.34,71.2,"Self-employed","Mortgage","Vehicle",1,"2180914"
"99596","Male","Grade 12",0,21.25,894321,1.58,2180914,39.75,126.34,71.2,"Self-employed","Mortgage","Vehicle",1,"2180914"
"99605","Male","Diploma",1,18.75,1883769,1.67,3670645,14.42,54.69,43.2,"Self-employed","Mortgage","Home_improvement",1,"3670645"
"99605","Male","Diploma",1,18.75,1883769,1.67,3670645,14.42,54.69,43.2,"Self-employed","Mortgage","Home_improvement",1,"3670645"
"99607","Female","Grade 12",0,20.25,457356,1.57,883371,31.74,102.82,65.3,"Salaried","Rent","Vehicle",1,"883371"
"99607","Female","Grade 12",0,20.25,457356,1.57,883371,31.74,102.82,65.3,"Salaried","Rent","Vehicle",1,"883371"
"99637","Male","Grade 12",1,21.25,347909,1.99,513202,13.66,54,41.7,"Contract","Mortgage","Vehicle",1,"513202"
"99637","Male","Grade 12",1,21.25,347909,1.99,513202,13.66,54,41.7,"Contract","Mortgage","Vehicle",1,"513202"
"99646","Female","Grade 12",0,22.25,323707,1.68,298768,1.93,17.98,29.1,"Salaried","Rent","Vehicle",0,"298768"
"99646","Female","Grade 12",0,22.25,323707,1.68,298768,1.93,17.98,29.1,"Salaried","Rent","Vehicle",0,"298768"
"99662","Female","No records",1,20.25,2181565,1.11,6013961,29.31,99.59,61.7,"Self-employed","Mortgage","Home_improvement",1,"6013961"
"99662","Female","No records",1,20.25,2181565,1.11,6013961,29.31,99.59,61.7,"Self-employed","Mortgage","Home_improvement",1,"6013961"
"99666","Male","Grade 12",1,18.25,266564,1.76,510000,34.34,116.72,69.2,"Salaried","Mortgage","Home_improvement",0,"510000"
"99666","Male","Grade 12",1,18.25,266564,1.76,510000,34.34,116.72,69.2,"Salaried","Mortgage","Home_improvement",0,"510000"
"99667","Female","No records",2,17.75,335686,1.46,284353,11.64,42.05,42.6,"Salaried","Mortgage","Vehicle",1,"284353"
"99667","Female","No records",2,17.75,335686,1.46,284353,11.64,42.05,42.6,"Salaried","Mortgage","Vehicle",1,"284353"
"99692","Female","Diploma",0,35,2075,0.5,5597,31.58,104.57,59.2,"Unemployed","Rent","Other",0,"5597"
"99692","Female","Diploma",0,35,2075,0.5,5597,31.58,104.57,59.2,"Unemployed","Rent","Other",0,"5597"
"99699","Female","Grade 12",0,18.75,721064,1.67,1421666,10.88,44.15,43.7,"Salaried","Rent","Vehicle",0,"1421666"
"99699","Female","Grade 12",0,18.75,721064,1.67,1421666,10.88,44.15,43.7,"Salaried","Rent","Vehicle",0,"1421666"
"99726","Male","Diploma",0,19.25,107479,1.15,326978,22.86,79.7,47.7,"Salaried","Own","Debt_consolidation",0,"326978"
"99726","Male","Diploma",0,19.25,107479,1.15,326978,22.86,79.7,47.7,"Salaried","Own","Debt_consolidation",0,"326978"
"99735","Female","Grade 12",1,19.75,1362692,1.91,3622177,22.53,78.13,49.2,"Self-employed","Mortgage","Vehicle",1,"3622177"
"99735","Female","Grade 12",1,19.75,1362692,1.91,3622177,22.53,78.13,49.2,"Self-employed","Mortgage","Vehicle",1,"3622177"
"99747","Male","No records",2,20.75,255880,1.57,764269,33.93,113.39,68.3,"Salaried","Own","Debt_consolidation",0,"764269"
"99747","Male","No records",2,20.75,255880,1.57,764269,33.93,113.39,68.3,"Salaried","Own","Debt_consolidation",0,"764269"
"99752","Female","Degree",1,19.25,491383,1.81,1335418,36.57,122.32,63.6,"Salaried","Mortgage","Vehicle",1,"1335418"
"99752","Female","Degree",1,19.25,491383,1.81,1335418,36.57,122.32,63.6,"Salaried","Mortgage","Vehicle",1,"1335418"
"99756","Female","Grade 12",2,19.25,320109,1.6,225272,36.02,118.58,63.5,"Salaried","Mortgage","Vehicle",1,"225272"
"99756","Female","Grade 12",2,19.25,320109,1.6,225272,36.02,118.58,63.5,"Salaried","Mortgage","Vehicle",1,"225272"
"99759","Male","Grade 12",0,21.25,883540,2.54,3113172,12.29,46.44,39.3,"Self-employed","Own","Debt_consolidation",1,"3113172"
"99759","Male","Grade 12",0,21.25,883540,2.54,3113172,12.29,46.44,39.3,"Self-employed","Own","Debt_consolidation",1,"3113172"
"99760","Male","No records",0,25.25,309564,1.48,1090471,0.81,18.09,28.9,"Salaried","Rent","Other",0,"1090471"
"99760","Male","No records",0,25.25,309564,1.48,1090471,0.81,18.09,28.9,"Salaried","Rent","Other",0,"1090471"
"99782","Male","No records",0,19.75,2768729,2.2,4031778,31.13,102.73,55,"Self-employed","Mortgage","Vehicle",1,"4031778"
"99782","Male","No records",0,19.75,2768729,2.2,4031778,31.13,102.73,55,"Self-employed","Mortgage","Vehicle",1,"4031778"
"99783","Female","No records",0,19.25,556322,1.33,1437213,39.97,126.82,74,"Salaried","Mortgage","Vehicle",0,"1437213"
"99783","Female","No records",0,19.25,556322,1.33,1437213,39.97,126.82,74,"Salaried","Mortgage","Vehicle",0,"1437213"
"99784","Male","No records",0,17.75,117590,0.91,417857,11.03,45.34,44.3,"Salaried","Mortgage","Vehicle",0,"417857"
"99784","Male","No records",0,17.75,117590,0.91,417857,11.03,45.34,44.3,"Salaried","Mortgage","Vehicle",0,"417857"
"99785","Male","Diploma",0,20.25,186804,1.37,627262,0.29,8.33,34.6,"Salaried","Mortgage","Home_improvement",0,"627262"
"99785","Male","Diploma",0,20.25,186804,1.37,627262,0.29,8.33,34.6,"Salaried","Mortgage","Home_improvement",0,"627262"
"99812","Male","No records",0,18.75,735299,2.32,956666,23.26,75.28,52.2,"Self-employed","Mortgage","Home_improvement",1,"956666"
"99812","Male","No records",0,18.75,735299,2.32,956666,23.26,75.28,52.2,"Self-employed","Mortgage","Home_improvement",1,"956666"
"99826","Male","Degree",0,21.75,662424,2.39,2290925,14.6,63.86,38.4,"Self-employed","Mortgage","Debt_consolidation",0,"2290925"
"99826","Male","Degree",0,21.75,662424,2.39,2290925,14.6,63.86,38.4,"Self-employed","Mortgage","Debt_consolidation",0,"2290925"
"99828","Male","Diploma",1,19.25,152630,1.95,360822,12.66,52.89,35,"Salaried","Own","Debt_consolidation",1,"360822"
"99828","Male","Diploma",1,19.25,152630,1.95,360822,12.66,52.89,35,"Salaried","Own","Debt_consolidation",1,"360822"
"99833","Female","Degree",1,23.25,439533,1.49,579422,3.19,23.07,30.5,"Salaried","Rent","Other",0,"579422"
"99833","Female","Degree",1,23.25,439533,1.49,579422,3.19,23.07,30.5,"Salaried","Rent","Other",0,"579422"
"99834","Female","Diploma",0,18.75,676749,1.89,215073,27.94,90.69,60.5,"Contract","Mortgage","Vehicle",1,"215073"
"99834","Female","Diploma",0,18.75,676749,1.89,215073,27.94,90.69,60.5,"Contract","Mortgage","Vehicle",1,"215073"
"99842","Female","Diploma",2,32.75,4775,0.6,9320,9.58,40.23,32,"Unemployed","Rent","Home_improvement",1,"9320"
"99842","Female","Diploma",2,32.75,4775,0.6,9320,9.58,40.23,32,"Unemployed","Rent","Home_improvement",1,"9320"
"99853","Female","Grade 12",0,14.25,251682,1.4,93236,35.83,110.13,59,"Salaried","Mortgage","Home_improvement",0,"93236"
"99853","Female","Grade 12",0,14.25,251682,1.4,93236,35.83,110.13,59,"Salaried","Mortgage","Home_improvement",0,"93236"
"99860","Male","No records",2,19.25,525656,1.78,796267,12.76,46.89,47.5,"Salaried","Own","Debt_consolidation",1,"796267"
"99860","Male","No records",2,19.25,525656,1.78,796267,12.76,46.89,47.5,"Salaried","Own","Debt_consolidation",1,"796267"
"99865","Male","Degree",0,19.25,531756,1.81,1943857,3.21,16.68,26.2,"Salaried","Mortgage","Vehicle",0,"1943857"
"99865","Male","Degree",0,19.25,531756,1.81,1943857,3.21,16.68,26.2,"Salaried","Mortgage","Vehicle",0,"1943857"
"99888","Female","Grade 12",0,25.25,559744,1.39,1847008,26.6,95.04,56.4,"Contract","Rent","Other",1,"1847008"
"99888","Female","Grade 12",0,25.25,559744,1.39,1847008,26.6,95.04,56.4,"Contract","Rent","Other",1,"1847008"
"99896","Male","Grade 12",1,21.75,94356,1.15,152607,39.59,131.24,61.9,"Contract","Mortgage","Home_improvement",0,"152607"
"99896","Male","Grade 12",1,21.75,94356,1.15,152607,39.59,131.24,61.9,"Contract","Mortgage","Home_improvement",0,"152607"
"99914","Male","No records",1,35,5056,0.51,5621,30.53,101.66,63.7,"Unemployed","Rent","Debt_consolidation",0,"5621"
"99914","Male","No records",1,35,5056,0.51,5621,30.53,101.66,63.7,"Unemployed","Rent","Debt_consolidation",0,"5621"
"99915","Male","Grade 12",0,21.25,3049932,1.49,10765154,6.2,23.2,28.7,"Self-employed","Mortgage","Vehicle",0,"10765154"
"99915","Male","Grade 12",0,21.25,3049932,1.49,10765154,6.2,23.2,28.7,"Self-employed","Mortgage","Vehicle",0,"10765154"
"99944","Female","Diploma",0,23.25,2957177,1.8,4862336,37.62,131.3,60.3,"Self-employed","Mortgage","Debt_consolidation",1,"4862336"
"99944","Female","Diploma",0,23.25,2957177,1.8,4862336,37.62,131.3,60.3,"Self-employed","Mortgage","Debt_consolidation",1,"4862336"
"99957","Female","Diploma",2,16.75,412738,2,813044,11.49,40.23,45.2,"Salaried","Mortgage","Home_improvement",0,"813044"
"99957","Female","Diploma",2,16.75,412738,2,813044,11.49,40.23,45.2,"Salaried","Mortgage","Home_improvement",0,"813044"
"99973","Female","Diploma",2,20.25,540395,1.56,2034218,18.32,61.28,50.4,"Contract","Mortgage","Home_improvement",1,"2034218"
"99973","Female","Diploma",2,20.25,540395,1.56,2034218,18.32,61.28,50.4,"Contract","Mortgage","Home_improvement",1,"2034218"
"99981","Female","Grade 12",0,32.75,3648,0.45,6496,0.46,9.17,32.3,"Unemployed","Rent","Home_improvement",1,"6496"
"99981","Female","Grade 12",0,32.75,3648,0.45,6496,0.46,9.17,32.3,"Unemployed","Rent","Home_improvement",1,"6496"
"99983","Male","Grade 12",0,21.75,735595,1.23,1407215,2.35,20.5,24.7,"Salaried","Mortgage","Home_improvement",0,"1407215"
"99983","Male","Grade 12",0,21.75,735595,1.23,1407215,2.35,20.5,24.7,"Salaried","Mortgage","Home_improvement",0,"1407215"
"99984","Female","Degree",2,26.75,308024,1.12,1012955,3.13,19.1,37.5,"Contract","Rent","Other",1,"1012955"
"99984","Female","Degree",2,26.75,308024,1.12,1012955,3.13,19.1,37.5,"Contract","Rent","Other",1,"1012955"
"99990","Male","Grade 12",0,17.75,209245,1.7,348287,26.59,86.9,56.7,"Salaried","Mortgage","Vehicle",0,"348287"
"99990","Male","Grade 12",0,17.75,209245,1.7,348287,26.59,86.9,56.7,"Salaried","Mortgage","Vehicle",0,"348287"
"99995","Female","Grade 12",0,14.75,643123,1.95,198908,18.81,65.65,51.8,"Salaried","Rent","Vehicle",1,"198908"
"99995","Female","Grade 12",0,14.75,643123,1.95,198908,18.81,65.65,51.8,"Salaried","Rent","Vehicle",1,"198908"
"99997","Male","No records",0,35,5728,0.55,8169,29.67,98.39,57,"Unemployed","Rent","Debt_consolidation",1,"8169"
"99997","Male","No records",0,35,5728,0.55,8169,29.67,98.39,57,"Unemployed","Rent","Debt_consolidation",1,"8169"
