"","ID","Gender","Education","Offences","IntRate","Income","DTI","LoanAmt","HistLen","Utilisation","Age","EmpStatus","HomeOwn","Purpose","default"
"3528",42264,"Male","Diploma",0,32.25,3581,0.4,6515,25.27,83.62,50.5,"Unemployed","Rent","Debt_consolidation",1
"9459",95112,"Female","No records",1,19.75,366390,2.25,383142,21.63,75.52,52.8,"Self-employed","Mortgage","Vehicle",1
"9809",98362,"Female","Diploma",2,22.75,1127067,1.82,3576272,28.45,97.88,56.4,"Contract","Own","Debt_consolidation",1
"990",19113,"Female","Diploma",0,20.75,444551,1.1,478905,6.94,31.73,41.4,"Salaried","Own","Debt_consolidation",0
"424",13987,"Male","No records",1,23.75,1173585,1.51,865137,21.86,73.75,56.3,"Self-employed","Rent","Other",0
"1643",24894,"Female","Diploma",0,19.25,286576,2,584964,35.4,112.48,66.8,"Salaried","Mortgage","Vehicle",1
"1253",21363,"Male","Diploma",2,17.75,680377,1.88,331262,12.06,45.19,46.8,"Contract","Mortgage","Home_improvement",1
"2570",33253,"Male","Diploma",2,16.75,303089,2.09,481062,10.34,35.91,35.3,"Salaried","Mortgage","Home_improvement",0
"3111",38528,"Male","Degree",0,20.75,372816,1.34,921338,30.77,102.14,64.4,"Salaried","Own","Debt_consolidation",0
"5623",61346,"Male","Diploma",2,19.25,155999,1.71,139427,17.22,60.16,48.1,"Salaried","Own","Debt_consolidation",1
"7746",79857,"Male","Degree",0,25.25,1428218,3.01,1344218,6.2,26.68,29,"Self-employed","Rent","Other",0
"69",10632,"Male","Grade 12",0,16.75,365449,1.74,859240,16.25,63.48,46.3,"Salaried","Mortgage","Home_improvement",0
"6492",68951,"Male","Degree",0,18.75,141074,1.65,312588,17.75,63.61,45.6,"Salaried","Rent","Vehicle",0
"6482",68878,"Male","Grade 12",0,18.75,149353,0.88,559714,11.86,51.39,35.2,"Salaried","Rent","Vehicle",0
"794",17364,"Female","No records",1,16.25,190404,1.69,106080,13.9,49.47,40.1,"Salaried","Rent","Vehicle",0
"963",18916,"Male","Grade 12",0,18.75,278958,1.56,293050,35.27,112.5,59.1,"Salaried","Rent","Vehicle",1
"5836",63282,"Female","Grade 12",0,19.25,383913,1.48,1104527,38.13,125.43,65.6,"Salaried","Mortgage","Vehicle",1
"8394",85780,"Male","Grade 12",0,22.25,1125047,2.32,1118570,23.11,82.07,48.4,"Contract","Rent","Vehicle",1
"6164",66268,"Female","Grade 12",0,21.25,837373,1.25,2187277,34.44,113.45,59.4,"Contract","Mortgage","Vehicle",0
"6625",70387,"Male","Diploma",1,23.25,144083,1.98,335068,37.53,124.89,63.8,"Salaried","Rent","Other",1
"4826",53979,"Female","No records",0,22.75,1105044,1.75,501327,36.32,114.8,68.3,"Self-employed","Rent","Other",0
"3723",43876,"Female","Diploma",0,19.25,577440,1.52,620929,26.53,90.53,61.3,"Salaried","Mortgage","Vehicle",1
"1611",24674,"Male","No records",2,18.75,1768777,2.02,5905881,10.15,36.26,37.9,"Self-employed","Mortgage","Home_improvement",1
"9594",96522,"Male","No records",0,23.75,1004337,1.27,3305596,25.97,90.11,56.8,"Self-employed","Rent","Other",0
"770",17085,"Female","No records",1,21.25,1917827,2.05,4505354,32.97,107.69,61.7,"Self-employed","Mortgage","Vehicle",0
"4428",50219,"Male","Degree",0,18.75,516079,1.86,1242890,19.65,69.85,45.8,"Salaried","Rent","Vehicle",0
"3197",39324,"Female","Grade 12",0,14.25,262138,0.64,125482,9.32,35.63,43.9,"Salaried","Mortgage","Home_improvement",0
"1817",26310,"Male","Diploma",1,23.75,696340,2.34,1116809,37.24,116.19,61.1,"Contract","Rent","Vehicle",1
"4135",47389,"Female","No records",0,20.25,438979,2.07,1104218,20.23,74.37,49.2,"Contract","Mortgage","Home_improvement",1
"932",18571,"Female","Diploma",0,18.75,1699307,1.56,919800,33.95,110.93,59.5,"Self-employed","Own","Debt_consolidation",1
"5487",59864,"Female","Degree",0,17.75,319295,1.55,438739,23.52,83.67,47.7,"Salaried","Mortgage","Vehicle",0
"9476",95260,"Male","Degree",1,17.75,212274,1.42,507580,31.34,104.29,59.2,"Salaried","Mortgage","Vehicle",1
"6405",68084,"Male","Grade 12",0,24.75,363894,1.58,289974,33.28,106.66,68,"Contract","Mortgage","Debt_consolidation",1
"9904",99140,"Female","Diploma",1,16.75,561379,1.62,1342573,16.33,58.71,42.7,"Salaried","Mortgage","Home_improvement",0
"9420",94615,"Female","Grade 12",2,16.75,339650,0.6,1211607,30.68,108.35,58.3,"Salaried","Mortgage","Home_improvement",1
"2164",29563,"Male","Grade 12",0,19.75,1025795,1.71,3447269,23.37,84.64,55.6,"Self-employed","Mortgage","Vehicle",0
"4577",51615,"Female","Grade 12",0,18.25,187887,2.01,697080,38.77,124.15,66,"Salaried","Mortgage","Home_improvement",0
"4832",54040,"Female","Grade 12",0,23.75,529307,2.37,1341707,36.14,117.41,58.1,"Self-employed","Rent","Other",0
"1673",25111,"Female","Diploma",1,21.75,98640,1.3,125704,7.68,31.3,33.6,"Salaried","Rent","Other",1
"8226",84232,"Male","Degree",0,18.75,554454,1.29,1456721,24.64,83.74,54.7,"Salaried","Rent","Vehicle",1
"7832",80614,"Male","No records",2,35,2161,0.73,1568,10.27,36.33,34.8,"Unemployed","Rent","Debt_consolidation",1
"9350",94095,"Female","Diploma",0,21.25,455809,2.33,1162878,28.92,93.36,63,"Self-employed","Mortgage","Vehicle",1
"8225",84224,"Male","No records",0,17.75,327015,1.78,610806,20.29,77.02,46.1,"Salaried","Mortgage","Vehicle",1
"64",10580,"Male","Diploma",1,18.75,2296946,1.22,3903252,10.23,41.07,44.3,"Self-employed","Mortgage","Home_improvement",0
"2893",36495,"Male","Diploma",2,35,9429,0.5,15624,36.71,122.92,67,"Unemployed","Rent","Vehicle",1
"4785",53586,"Male","Diploma",0,33.75,2045,0.42,1571,5.72,23.26,31.2,"Unemployed","Rent","Debt_consolidation",1
"1634",24812,"Female","No records",1,35,8652,0.49,25801,5.78,27.06,31.9,"Unemployed","Rent","Debt_consolidation",1
"2559",33171,"Female","Postgrad",2,35,8188,0.54,8425,38.39,125.9,61.9,"Unemployed","Rent","Debt_consolidation",1
"4812",53836,"Male","Degree",0,16.75,226294,1.41,204342,20.88,74.23,54,"Salaried","Mortgage","Home_improvement",1
"8328",85227,"Male","No records",0,29.75,3264,0.31,4530,27.53,90.85,55.3,"Unemployed","Rent","Debt_consolidation",1
"6261",66980,"Male","Grade 12",0,18.25,362755,1.46,1048883,37.8,125.33,61.7,"Salaried","Mortgage","Home_improvement",0
"3126",38737,"Female","Degree",1,16.75,142423,1.24,135201,25.97,87.72,59.3,"Salaried","Mortgage","Home_improvement",1
"6065",65366,"Female","Grade 12",1,21.75,254763,1.43,572131,17.21,57.84,49.1,"Salaried","Rent","Other",0
"5554",60628,"Female","Diploma",0,16.75,245924,0.85,223643,13.76,43.12,47.7,"Salaried","Mortgage","Home_improvement",0
"5603",61174,"Male","Diploma",0,17.75,339608,1.81,620553,7.24,26.4,35.8,"Salaried","Mortgage","Vehicle",0
"3796",44681,"Female","Grade 12",2,32.75,4331,0.39,10471,39.66,129.02,73.2,"Unemployed","Mortgage","Debt_consolidation",1
"7249",75307,"Male","Grade 12",0,16.75,384957,1.02,320727,25.75,87.22,59.2,"Salaried","Mortgage","Home_improvement",0
"4349",49388,"Female","No records",0,21.25,558047,1.96,258774,32.41,110.17,62.8,"Contract","Rent","Vehicle",1
"1781",26007,"Male","Grade 12",2,25.25,2323759,2.13,4647171,33.3,113.4,64.2,"Self-employed","Rent","Other",1
"8267",84638,"Male","Grade 12",3,26.75,1637191,1.72,3801130,4.78,24.9,34.6,"Contract","Rent","Other",1
"7922",81381,"Female","Grade 12",0,19.75,299575,1.72,889144,11.16,45,43.1,"Self-employed","Mortgage","Vehicle",0
"5588",60957,"Male","No records",0,22.25,251376,1.83,665571,24.4,84.73,50.1,"Contract","Rent","Vehicle",1
"9615",96643,"Female","Degree",1,23.75,2812957,1.45,1973638,10.14,45.34,43.3,"Self-employed","Rent","Other",1
"9395",94391,"Male","Grade 12",0,19.25,434035,1.68,1002424,19.13,72.84,46.8,"Salaried","Own","Debt_consolidation",1
"3552",42554,"Female","Postgrad",0,27.75,840214,1.99,540214,0.52,10.14,23.2,"Contract","Rent","Other",0
"3526",42250,"Male","Diploma",1,21.75,238262,1.66,701309,25.84,85.63,57.7,"Salaried","Rent","Other",0
"6105",65703,"Female","Grade 12",0,22.75,431522,2.05,1271051,26.37,86.85,50.3,"Contract","Own","Debt_consolidation",1
"6121",65890,"Female","Grade 12",0,34.25,3032,0.48,1773,8.85,38.56,35.4,"Unemployed","Rent","Other",0
"1969",27611,"Female","No records",0,20.25,654935,0.83,2217939,0.68,16.14,33.2,"Salaried","Mortgage","Home_improvement",1
"803",17429,"Female","Degree",0,20.25,259572,0.58,743262,38.15,127.33,67.6,"Salaried","Rent","Vehicle",1
"3715",43837,"Female","No records",0,17.75,474225,1.45,1676950,7.13,28.36,31.3,"Salaried","Mortgage","Vehicle",0
"499",14645,"Male","No records",1,16.75,448207,1.6,290691,34.01,107.96,62.9,"Salaried","Mortgage","Vehicle",0
"9833",98485,"Female","No records",0,17.75,283631,1.59,433956,24.99,83.9,58.2,"Salaried","Mortgage","Vehicle",0
"4020",46443,"Female","Degree",0,21.75,2115639,1.2,4735084,21.6,77.9,45,"Self-employed","Mortgage","Debt_consolidation",1
"8434",86111,"Male","Grade 12",0,18.25,185870,1.4,558123,30.84,101.83,64.1,"Salaried","Mortgage","Home_improvement",1
"501",14651,"Female","Grade 12",0,19.75,2892541,1.9,5200945,11.81,47.93,46.2,"Self-employed","Mortgage","Vehicle",1
"8282",84773,"Male","Diploma",0,19.25,484605,1.7,571043,25.68,86.64,48.4,"Salaried","Own","Debt_consolidation",1
"6521",69255,"Male","Grade 12",2,18.25,537249,1.36,760447,30.33,99.21,63.7,"Salaried","Mortgage","Home_improvement",0
"2835",35702,"Male","Diploma",0,28.75,755980,1.52,1744064,1.67,18.48,29.6,"Contract","Rent","Other",0
"4971",55084,"Female","Degree",0,18.75,450959,0.92,326284,15.43,61.37,41.8,"Salaried","Rent","Vehicle",1
"4891",54542,"Male","Diploma",2,21.25,1643657,2.14,1578089,39.81,127.24,62.4,"Self-employed","Mortgage","Vehicle",1
"5789",62869,"Female","Diploma",0,19.25,332278,1.49,683498,17.91,60.41,46.2,"Salaried","Own","Debt_consolidation",1
"5792",62894,"Male","Grade 12",0,17.75,191807,1.52,664442,22.94,80.18,54.8,"Salaried","Mortgage","Vehicle",1
"9288",93700,"Female","Degree",0,18.75,474287,1.08,528702,19.12,64.33,46.6,"Salaried","Rent","Vehicle",1
"9244",93283,"Female","No records",0,22.75,582740,2.19,796885,29.56,101.2,56.2,"Contract","Own","Debt_consolidation",1
"1711",25480,"Male","Grade 12",0,20.25,432615,1.38,1183097,4.37,16.31,36.9,"Salaried","Rent","Vehicle",0
"9690",97358,"Male","Degree",0,15.75,705599,1.32,357407,35.41,115.12,67.9,"Salaried","Mortgage","Home_improvement",1
"9171",92529,"Female","Diploma",2,16.75,567735,1.38,1759545,22.43,76.29,52,"Salaried","Mortgage","Home_improvement",1
"5987",64651,"Male","Grade 12",0,21.25,312114,1.39,1054683,31.86,107.08,55.2,"Self-employed","Own","Debt_consolidation",1
"377",13505,"Female","Grade 12",2,34.25,3718,0.54,9662,33.87,113.54,65.6,"Unemployed","Rent","Home_improvement",1
"7903",81225,"Male","Grade 12",0,19.75,1913539,2.4,4098408,24.42,78.84,46.5,"Self-employed","Mortgage","Vehicle",0
"6850",72109,"Male","Grade 12",0,20.25,686984,1.23,1078039,32.61,106.71,60.5,"Self-employed","Mortgage","Home_improvement",1
"3461",41726,"Female","Grade 12",0,17.75,462735,1.23,1168804,14.95,52.63,40.9,"Salaried","Mortgage","Vehicle",0
"2805",35468,"Male","Grade 12",0,19.25,376185,1.61,690788,12.19,45.24,36.8,"Salaried","Own","Debt_consolidation",0
"8106",83124,"Female","Grade 12",0,16.75,458503,1.81,1277066,29.32,96.31,55.1,"Salaried","Mortgage","Home_improvement",0
"6665",70642,"Male","Grade 12",0,23.75,2852565,1.89,8290098,18.57,63.89,44.6,"Self-employed","Rent","Other",0
"9416",94589,"Male","Grade 12",0,23.25,3456079,1.84,6131397,0.17,9.76,30.3,"Self-employed","Mortgage","Vehicle",0
"959",18883,"Male","Grade 12",0,20.75,249544,1.35,625540,31.12,100.78,61.7,"Salaried","Own","Debt_consolidation",1
"2248",30416,"Female","Grade 12",3,18.75,690014,1.33,500651,25.02,84.17,51.5,"Salaried","Rent","Vehicle",1
"8619",87660,"Female","Grade 12",4,21.75,191725,1.47,694870,15.16,59.62,42.3,"Salaried","Rent","Other",1
"89",10851,"Female","Grade 12",2,20.25,133168,1.46,196327,2.38,20.15,30.3,"Salaried","Mortgage","Home_improvement",0
"544",15086,"Female","Postgrad",0,35,5821,0.48,9280,23.3,80.64,53.5,"Unemployed","Rent","Debt_consolidation",0
"594",15491,"Female","Grade 12",0,18.75,129912,1.4,264271,7.64,27.28,37,"Salaried","Rent","Vehicle",0
"8109",83137,"Male","Grade 12",1,12.75,316767,2.39,104961,20.54,68.07,49.1,"Salaried","Mortgage","Home_improvement",0
"3898",45544,"Male","Postgrad",4,20.25,232163,2.04,792093,4.05,21.56,28.1,"Salaried","Rent","Vehicle",1
"8997",91020,"Male","No records",0,25.25,3256916,1.78,8175536,6.85,31.93,41.8,"Self-employed","Rent","Other",0
"7579",78089,"Female","Diploma",0,28.75,2610,0.42,1360,25.72,87.66,59.8,"Unemployed","Mortgage","Debt_consolidation",1
"5719",62213,"Female","Grade 12",0,19.25,289877,2.16,653959,32.3,104.4,62.5,"Salaried","Mortgage","Vehicle",1
"8246",84464,"Female","No records",0,16.75,127316,1.44,301850,28.61,97.15,58.3,"Salaried","Mortgage","Home_improvement",0
"2607",33605,"Male","Grade 12",0,17.75,465780,1.24,702739,8.37,34.68,39.4,"Salaried","Mortgage","Vehicle",0
"1372",22438,"Male","Diploma",0,17.75,140502,1.23,172406,7.36,29.3,33.1,"Salaried","Mortgage","Vehicle",0
"106",10941,"Female","No records",0,17.75,575523,1.87,1475157,15.78,56.83,49.8,"Salaried","Mortgage","Vehicle",1
"9915",99193,"Female","Grade 12",1,19.75,1150366,1.69,1530426,21.71,74.91,48.5,"Self-employed","Mortgage","Vehicle",0
"3062",38020,"Male","Grade 12",4,14.25,698854,2.02,322576,37.01,117.18,59.6,"Salaried","Mortgage","Home_improvement",0
"5016",55510,"Female","Diploma",2,17.75,531283,1.63,593378,22.81,80.49,48.2,"Salaried","Mortgage","Vehicle",1
"6549",69660,"Female","No records",2,17.75,456840,1.37,350200,31.18,100.34,55.1,"Salaried","Mortgage","Vehicle",1
"1883",26951,"Female","Grade 12",0,35,4405,0.59,15233,4.85,23.43,34.9,"Unemployed","Rent","Debt_consolidation",1
"1231",21073,"Female","Grade 12",0,22.75,491894,1.26,363003,23.3,83.81,57.1,"Contract","Own","Debt_consolidation",1
"8082",82982,"Male","No records",1,35,4036,0.53,4712,33.61,109.67,55.7,"Unemployed","Rent","Debt_consolidation",1
"449",14152,"Female","Grade 12",0,14.25,189404,1.42,72106,35.58,120.83,58.2,"Salaried","Mortgage","Home_improvement",1
"1028",19468,"Male","No records",0,21.75,385694,2.17,882716,7.89,36.71,35.4,"Salaried","Rent","Other",1
"2798",35419,"Female","No records",0,14.25,87093,2.08,35446,17.82,59.32,49.8,"Salaried","Mortgage","Home_improvement",1
"2608",33609,"Male","No records",0,22.25,549355,2.38,1674629,18.55,62.07,48.8,"Contract","Rent","Vehicle",0
"9126",92054,"Female","Diploma",0,18.75,512289,2.23,1496815,15.24,55.48,42.5,"Salaried","Rent","Vehicle",0
"1416",22775,"Female","No records",0,18.75,574503,2.07,1543888,15.36,58.72,44.8,"Salaried","Rent","Vehicle",0
"7134",74391,"Male","No records",3,16.75,264107,1.85,984524,18.01,61.89,44,"Salaried","Mortgage","Home_improvement",1
"1261",21427,"Male","Grade 12",0,16.75,476397,0.9,1099436,9.45,38.08,43.1,"Salaried","Mortgage","Home_improvement",0
"1554",24093,"Female","Grade 12",0,19.75,2040357,1.29,620704,17.74,62.57,43.6,"Self-employed","Rent","Other",0
"7038",73711,"Male","Diploma",0,20.25,162284,1.24,511379,33.94,110.62,62.1,"Salaried","Rent","Vehicle",1
"2152",29458,"Male","Diploma",1,18.25,208664,0.9,695049,31.95,103.76,61.8,"Salaried","Mortgage","Home_improvement",0
"3070",38103,"Female","Degree",0,17.75,521057,1.45,1913523,12.6,49.2,36.3,"Salaried","Mortgage","Vehicle",0
"6938",72808,"Male","No records",0,28.75,746335,1.21,1870335,0.08,4.64,24.2,"Self-employed","Rent","Other",1
"1465",23294,"Female","Diploma",0,17.75,413026,1.47,303972,19.93,72.45,49.3,"Salaried","Mortgage","Vehicle",0
"5720",62215,"Male","Postgrad",2,18.75,201873,2.07,648202,24.87,82.11,51.3,"Salaried","Rent","Vehicle",0
"6872",72272,"Female","Grade 12",0,17.75,493556,1.49,988989,17.69,60.02,48.7,"Salaried","Mortgage","Vehicle",1
"8538",86970,"Male","Grade 12",0,18.25,387412,1.07,1164828,6.23,27.72,36.2,"Salaried","Mortgage","Home_improvement",0
"5622",61338,"Male","No records",0,18.75,457200,1.38,1126264,14.24,56.4,45.9,"Salaried","Rent","Vehicle",1
"5595",61039,"Male","Diploma",2,18.75,442015,1.25,1584378,7.82,33.3,40.7,"Salaried","Rent","Vehicle",0
"4726",53011,"Female","Diploma",0,17.75,309711,1.79,1015234,28.7,91.93,54.8,"Salaried","Mortgage","Vehicle",1
"8388",85726,"Male","Diploma",0,35,6244,0.48,7090,23.73,83.74,56.6,"Unemployed","Rent","Other",1
"1531",23925,"Male","Diploma",1,16.75,444367,1.29,315380,21.3,75.81,46.8,"Salaried","Mortgage","Home_improvement",1
"3949",45970,"Male","Grade 12",0,23.75,415766,2,1393337,28.41,98.03,60.7,"Contract","Rent","Vehicle",1
"6329",67470,"Female","Degree",2,16.75,253679,1.37,121312,5.06,27.4,29.3,"Salaried","Mortgage","Vehicle",0
"5320",58407,"Male","No records",0,21.25,1040220,1.55,2110919,16.69,55.99,43,"Contract","Mortgage","Vehicle",1
"1427",22896,"Female","Degree",2,20.75,607481,1.45,201364,39.78,133.8,66.7,"Contract","Mortgage","Debt_consolidation",1
"7030",73617,"Male","No records",0,16.75,729305,1.83,1368601,22.99,80.1,54.9,"Salaried","Mortgage","Home_improvement",0
"3487",41931,"Female","No records",0,17.75,346537,1.42,526154,32.16,103.38,56.7,"Salaried","Mortgage","Vehicle",0
"6643",70522,"Female","Degree",0,19.75,2525034,1.78,5544017,12.23,46.77,42.1,"Self-employed","Mortgage","Vehicle",1
"1758",25846,"Male","Grade 12",0,22.75,640935,1.61,1016608,39.33,126.73,62.5,"Contract","Mortgage","Vehicle",1
"9560",96139,"Male","Grade 12",0,18.25,305515,1.23,627777,35.59,116.97,62.7,"Salaried","Mortgage","Home_improvement",1
"4272",48734,"Male","No records",3,19.25,316509,1.92,770660,6.77,33.05,35.8,"Salaried","Mortgage","Vehicle",0
"5484",59844,"Female","Postgrad",2,17.75,231811,1.34,266095,21.05,75.37,46.7,"Salaried","Mortgage","Vehicle",0
"2488",32425,"Female","Postgrad",1,16.75,229464,1.19,528258,9.79,39.9,36,"Salaried","Mortgage","Home_improvement",0
"5035",55726,"Male","Grade 12",0,20.25,434135,1.1,880715,6.3,27.13,29.5,"Salaried","Rent","Vehicle",0
"8169",83725,"Female","Degree",3,24.25,1493101,1.79,3013357,6.91,32.61,39.5,"Contract","Own","Debt_consolidation",1
"4657",52372,"Male","Grade 12",2,17.75,527091,1.79,1830792,8.49,36.48,32.8,"Salaried","Mortgage","Vehicle",0
"690",16286,"Male","Diploma",1,25.25,248953,1.4,724212,6.79,22.95,31.2,"Self-employed","Rent","Other",0
"7512",77589,"Male","Diploma",2,35,3289,0.48,7864,38.12,121.87,69.6,"Unemployed","Rent","Debt_consolidation",0
"8881",89970,"Female","No records",0,28.75,4213,0.2,12022,25.29,90.65,50,"Unemployed","Mortgage","Debt_consolidation",0
"4588",51731,"Female","Grade 12",0,16.75,380552,1.44,1295264,16.87,54.25,44.9,"Salaried","Mortgage","Home_improvement",0
"692",16365,"Male","Diploma",0,19.25,145070,1.8,236298,14.64,58.44,39.9,"Salaried","Own","Debt_consolidation",1
"643",15851,"Male","No records",0,35,4600,0.57,16915,4.42,22.36,27.4,"Unemployed","Rent","Other",1
"3797",44689,"Female","Diploma",0,21.75,149249,1.07,509060,13.11,49.95,41.9,"Salaried","Rent","Other",0
"5033",55710,"Female","Diploma",0,18.25,225510,1.05,352496,29.06,99.07,63.8,"Salaried","Mortgage","Home_improvement",0
"2824",35603,"Female","No records",1,35,5929,0.51,16217,18.75,63.09,49.3,"Unemployed","Rent","Debt_consolidation",1
"5227",57583,"Female","Diploma",0,19.75,1283159,1.56,3832832,17.42,57.18,47.5,"Self-employed","Mortgage","Vehicle",1
"1736",25682,"Female","Grade 12",0,19.25,303452,1.97,140410,27.39,91.73,57.5,"Salaried","Rent","Other",0
"136",11263,"Female","Degree",1,23.25,262110,1.72,291654,33.93,107.47,60.2,"Salaried","Rent","Other",1
"5288",58122,"Male","No records",1,21.75,1152643,2.62,3310237,27.99,93.85,59.7,"Self-employed","Mortgage","Debt_consolidation",1
"1287",21689,"Female","Degree",0,25.25,931008,1.9,2132810,39.92,129.8,69.2,"Self-employed","Rent","Other",1
"7199",74878,"Male","Diploma",3,21.25,1226110,0.95,1389517,19.54,73.39,46.8,"Contract","Mortgage","Vehicle",0
"3521",42212,"Female","Diploma",3,17.25,2782521,1.98,1022645,14.18,53.75,41.2,"Self-employed","Mortgage","Vehicle",1
"8887",90015,"Female","Postgrad",0,32.25,2890,0.45,7806,31.13,105.99,55,"Unemployed","Rent","Debt_consolidation",0
"5272",57990,"Male","Grade 12",0,19.25,230432,1.51,598154,17.09,59.52,42.4,"Salaried","Own","Debt_consolidation",0
"9105",91929,"Female","Grade 12",0,17.75,121954,1.57,149947,7.92,39.53,35.9,"Salaried","Mortgage","Vehicle",0
"5627",61358,"Female","Diploma",0,21.25,571862,1.59,1433480,25.73,85.53,51.2,"Contract","Mortgage","Vehicle",1
"1843",26600,"Male","No records",2,24.75,805138,1.24,1669318,1.19,8.87,23.8,"Self-employed","Mortgage","Vehicle",0
"9817",98394,"Female","No records",0,35,3840,0.55,7262,24.11,84.09,56.2,"Unemployed","Rent","Debt_consolidation",1
"4164",47632,"Male","Diploma",0,19.25,394189,1.29,417284,8.15,36.11,35.2,"Salaried","Own","Debt_consolidation",0
"6140",66050,"Female","Grade 12",0,19.75,2244014,1.65,5177951,13.68,49.16,41.3,"Self-employed","Mortgage","Vehicle",0
"3506",42056,"Male","Grade 12",1,20.25,468107,1.45,1499765,34.67,114.75,67,"Salaried","Rent","Vehicle",0
"9862",98721,"Female","Grade 12",0,26.75,255199,2.04,427079,30.71,103.35,62,"Contract","Rent","Other",0
"9920",99245,"Female","Grade 12",2,20.25,429024,1.36,1159611,33.94,108.77,62.5,"Salaried","Rent","Vehicle",1
"7739",79755,"Female","Grade 12",3,16.75,628721,1.75,474787,20.41,72.72,54.6,"Salaried","Mortgage","Home_improvement",1
"6927",72744,"Male","No records",2,18.75,196191,1.49,345168,8.32,32.62,37.8,"Salaried","Rent","Vehicle",0
"3895",45519,"Female","Diploma",0,22.25,675720,2.66,1717166,16.09,54.56,39,"Contract","Rent","Vehicle",1
"9865",98736,"Female","No records",0,16.75,192203,1.83,528387,25.02,86.67,49.3,"Salaried","Mortgage","Home_improvement",0
"243",12291,"Male","Diploma",0,20.25,345606,1.17,707957,26.97,91.24,60.2,"Self-employed","Mortgage","Home_improvement",1
"2447",32083,"Male","Diploma",0,18.25,203020,1.07,152937,37.09,123.24,61.3,"Salaried","Mortgage","Home_improvement",0
"5557",60646,"Male","Grade 12",0,16.75,271239,1.47,454514,22.44,80.32,51.5,"Salaried","Mortgage","Home_improvement",0
"8278",84745,"Female","Grade 12",3,16.75,132874,1.54,492378,28.7,95.13,55.2,"Salaried","Mortgage","Home_improvement",0
"4222",48200,"Female","Degree",0,19.25,317267,2.01,887037,11.39,38.95,34.6,"Salaried","Own","Debt_consolidation",1
"8151",83553,"Male","Degree",0,23.75,1402510,1.99,3957146,34.33,120.22,58.4,"Self-employed","Rent","Other",1
"4033",46562,"Female","Grade 12",0,25.25,1384033,1.74,3927521,14.29,52.45,43.2,"Contract","Rent","Other",1
"8034",82360,"Male","Diploma",0,18.75,232631,1.01,569324,15.1,58.53,44,"Salaried","Rent","Vehicle",0
"8147",83480,"Male","Grade 12",0,19.25,379086,1.33,1366438,36.58,120.91,68.9,"Salaried","Mortgage","Vehicle",1
"5799",62947,"Male","Grade 12",0,15.25,141248,1.61,57380,11.94,46.72,42.8,"Salaried","Mortgage","Vehicle",0
"555",15147,"Female","Grade 12",2,23.75,1013255,1.74,1907513,13.41,50.04,39.2,"Self-employed","Rent","Other",1
"5654",61580,"Male","Grade 12",0,19.25,106929,1.77,278260,18.41,59.82,47.7,"Salaried","Own","Debt_consolidation",1
"7472",77183,"Male","No records",0,17.75,489838,1.16,1734363,14.2,53.04,40,"Salaried","Mortgage","Vehicle",0
"9149",92309,"Male","Grade 12",0,35,4636,0.6,12009,24.79,88.73,53.4,"Unemployed","Rent","Other",1
"6847",72086,"Female","Degree",0,16.25,89164,2.02,36419,32.57,105.05,57.2,"Self-employed","Mortgage","Home_improvement",1
"3162",39041,"Female","No records",0,35,3977,0.56,6356,39.94,128.14,63.4,"Unemployed","Rent","Other",0
"1420",22839,"Female","Degree",0,18.75,688239,1.79,842424,26.76,93.21,59.2,"Salaried","Rent","Vehicle",1
"8195",83927,"Female","No records",2,18.75,595900,1.82,978067,24.36,79.05,56.1,"Salaried","Rent","Vehicle",0
"98",10908,"Female","No records",0,18.25,442147,1.55,1453881,3.98,26.55,33.7,"Salaried","Mortgage","Home_improvement",0
"3607",42996,"Male","Grade 12",0,21.25,666541,1.33,1445666,15.39,55.68,37.5,"Self-employed","Own","Debt_consolidation",1
"1621",24736,"Female","Degree",1,21.25,536294,2.33,1932530,11.26,41.83,44.8,"Contract","Mortgage","Vehicle",0
"436",14078,"Male","Diploma",0,20.75,153200,1.34,192618,34.87,111.84,63.8,"Salaried","Own","Debt_consolidation",0
"8996",91016,"Female","Grade 12",0,21.25,1160314,1.7,1091831,7.13,33.63,36.9,"Contract","Mortgage","Vehicle",1
"9768",97947,"Female","Postgrad",0,14.25,165010,1.62,104738,20.5,74.37,49.7,"Salaried","Mortgage","Home_improvement",0
"6801",71728,"Male","No records",0,18.25,571344,1.81,435734,34.67,112,61.1,"Salaried","Mortgage","Home_improvement",0
"47",10401,"Male","Grade 12",0,19.25,267212,1.46,765885,38.43,124.89,62.3,"Salaried","Mortgage","Vehicle",1
"6222",66697,"Female","No records",1,16.75,514092,1.92,632665,17.41,63.58,46.9,"Salaried","Mortgage","Home_improvement",0
"5147",56811,"Female","Diploma",0,16.75,265143,1.4,435338,29.45,98.77,58.3,"Salaried","Mortgage","Home_improvement",1
"2314",31013,"Female","Grade 12",2,25.25,2826530,1.93,9507520,39.49,129.67,72.4,"Self-employed","Rent","Other",1
"2091",28844,"Female","Grade 12",2,18.75,142467,1.58,188976,35.56,115.52,58.2,"Salaried","Rent","Vehicle",1
"133",11251,"Female","Degree",2,19.25,295420,1.16,941821,14.04,53.09,47.5,"Salaried","Own","Debt_consolidation",0
"9267",93471,"Male","No records",0,20.25,1528388,1.79,578200,29.88,98.24,62,"Contract","Mortgage","Vehicle",0
"2816",35555,"Male","Postgrad",0,22.25,580914,1.41,675237,27.3,91.84,57.7,"Contract","Rent","Vehicle",0
"1240",21216,"Male","Grade 12",0,35,4712,0.63,8964,36.15,115.24,70.7,"Unemployed","Rent","Debt_consolidation",1
"4558",51422,"Female","Diploma",0,16.75,594226,1.72,1732719,25.68,88.81,59.1,"Salaried","Mortgage","Home_improvement",1
"8288",84849,"Female","Postgrad",0,22.25,528180,1.93,1702797,2.4,13.11,29.4,"Salaried","Rent","Vehicle",0
"6802",71737,"Male","Grade 12",4,22.75,1572320,1.71,5010035,37.26,120.94,67.6,"Self-employed","Own","Debt_consolidation",1
"9139",92186,"Male","Diploma",2,18.75,501944,1.49,1140090,36.41,116.4,59.1,"Salaried","Rent","Vehicle",1
"5963",64433,"Female","No records",0,35,1891,0.47,5103,21.66,76.11,54.5,"Unemployed","Rent","Debt_consolidation",1
"9103",91922,"Male","Diploma",1,22.25,446885,1.68,890564,34.1,114.18,58.1,"Contract","Rent","Vehicle",1
"6326",67454,"Female","Grade 12",0,16.75,548602,1.24,2006601,16.33,59,51.3,"Salaried","Mortgage","Home_improvement",1
"3743",44110,"Male","Degree",1,23.75,1588562,1.78,5808194,34.71,115.88,59.7,"Self-employed","Rent","Other",0
"1469",23328,"Female","Grade 12",0,22.75,2803620,1.84,1962638,39.09,127.73,63.3,"Self-employed","Own","Debt_consolidation",0
"6787",71623,"Male","Diploma",0,25.25,3075422,1.9,7893816,28.11,93,61.2,"Self-employed","Rent","Other",1
"3719",43862,"Female","Grade 12",0,16.75,249036,1.52,563239,35.6,120.1,59.1,"Salaried","Mortgage","Home_improvement",1
"6790",71659,"Female","Diploma",2,20.25,208030,1.44,338573,33.94,113.77,62,"Salaried","Rent","Vehicle",1
"8598",87506,"Female","No records",0,18.75,282542,1,760464,28.37,96.46,51.8,"Salaried","Rent","Vehicle",0
"6670",70694,"Male","Degree",0,16.75,458616,1.31,1016632,8.17,39.56,41.2,"Salaried","Mortgage","Home_improvement",0
"2541",33038,"Male","Diploma",0,16.75,310686,1.32,796800,9.6,42.53,41.6,"Salaried","Mortgage","Home_improvement",0
"2674",34211,"Female","No records",1,19.25,151766,1.39,479822,6.64,32.1,30.3,"Salaried","Mortgage","Vehicle",1
"8579",87355,"Male","Grade 12",1,22.25,192269,1.83,259783,2.42,19.67,30.5,"Salaried","Rent","Vehicle",0
"8033",82354,"Female","Grade 12",0,17.75,185997,1.82,294956,31.73,100.95,56.2,"Salaried","Mortgage","Vehicle",1
"6974",73164,"Male","Degree",0,35,4879,0.58,13034,13.79,48.15,47.1,"Unemployed","Rent","Debt_consolidation",1
"7594",78245,"Male","Grade 12",2,18.75,539505,1.23,358872,1.62,19.41,29.3,"Salaried","Mortgage","Vehicle",1
"4332",49248,"Female","Grade 12",0,17.75,251422,1.22,252996,22.56,78.18,45.7,"Salaried","Mortgage","Vehicle",0
"8836",89610,"Male","Degree",0,15.75,333613,1.99,146359,36.43,121.23,61.7,"Salaried","Mortgage","Home_improvement",0
"8883",89996,"Female","Diploma",1,19.25,413815,1.29,1016242,34.44,111.42,66.8,"Salaried","Mortgage","Vehicle",0
"3215",39580,"Male","Diploma",0,20.25,753925,1.55,2703639,6.22,26.11,41.1,"Salaried","Rent","Vehicle",0
"3262",40030,"Female","No records",2,19.75,1865578,1.51,4989427,22,78.76,50,"Self-employed","Mortgage","Vehicle",1
"3979",46143,"Male","Degree",2,17.75,158238,1.51,396529,14.23,53.59,45.8,"Salaried","Mortgage","Vehicle",0
"4878",54449,"Female","Diploma",0,18.75,328330,1.66,779088,14.35,57.86,44.7,"Salaried","Rent","Vehicle",1
"3121",38673,"Male","No records",2,19.25,96556,1.64,142767,39.03,128.43,62.7,"Salaried","Mortgage","Vehicle",1
"7655",78897,"Female","Diploma",0,26.75,478452,1.01,411074,38.61,126.97,70.2,"Contract","Rent","Other",0
"5824",63121,"Female","Grade 12",0,14.25,457676,1.61,150871,32.89,109.53,65.1,"Salaried","Mortgage","Home_improvement",1
"5134",56685,"Male","Diploma",2,16.75,463715,1.25,554421,22.91,84.2,56.2,"Salaried","Mortgage","Home_improvement",0
"9832",98478,"Male","Grade 12",2,13.75,210046,1.95,63465,18.92,63.05,44.1,"Salaried","Mortgage","Vehicle",0
"4298",48952,"Female","No records",0,20.75,172157,1.53,477370,6.55,35.79,31.4,"Salaried","Own","Debt_consolidation",0
"6076",65455,"Male","Diploma",3,20.25,361703,1.15,651189,39.37,128.79,73.8,"Salaried","Rent","Vehicle",0
"1791",26096,"Male","Degree",2,16.75,97749,1.78,295007,25.53,80.22,55,"Salaried","Mortgage","Home_improvement",0
"5935",64140,"Female","Grade 12",0,25.25,947505,2.31,3214459,5.28,23.94,40,"Self-employed","Rent","Other",1
"8055",82660,"Female","Grade 12",0,23.75,1156393,1.87,3878146,30.32,98.31,56.8,"Self-employed","Rent","Other",1
"2564",33205,"Female","Degree",1,35,7882,0.58,10397,32.49,106.42,62.7,"Unemployed","Rent","Debt_consolidation",1
"153",11479,"Male","No records",3,25.25,197272,2.02,726758,1.63,14.25,31.5,"Salaried","Rent","Other",1
"8976",90780,"Female","Diploma",0,19.25,362370,1.78,1177280,22.29,76.36,55.7,"Salaried","Own","Debt_consolidation",0
"35",10276,"Female","Grade 12",1,22.25,1161563,1.59,508947,34.45,110.59,64.4,"Contract","Mortgage","Debt_consolidation",1
"7119",74310,"Male","No records",1,26.75,7384,0.26,21776,7.01,34.89,32.1,"Unemployed","Rent","Home_improvement",0
"642",15840,"Female","No records",0,20.75,269025,1.34,168216,34.75,115.25,63.2,"Self-employed","Mortgage","Debt_consolidation",1
"2307",30941,"Female","Diploma",0,24.25,450866,1.54,1169162,2.17,17.01,24.5,"Salaried","Own","Debt_consolidation",0
"1979",27765,"Male","No records",0,21.25,686528,2.16,2520793,33.45,105.67,59.5,"Contract","Mortgage","Vehicle",1
"6809",71788,"Female","Postgrad",0,18.75,348790,1.41,678414,14.34,56.32,46.4,"Salaried","Rent","Vehicle",1
"6448",68510,"Male","No records",0,20.25,959832,1.91,1919816,4.57,18.14,29.1,"Self-employed","Mortgage","Home_improvement",0
"7500",77490,"Male","Degree",0,23.75,1742151,1.62,2622312,17.79,61.99,42.4,"Self-employed","Rent","Other",1
"2638",33835,"Male","Degree",0,16.75,232032,1.33,337814,7.76,30.79,30.5,"Salaried","Mortgage","Home_improvement",0
"1764",25872,"Female","No records",0,19.25,636529,1.6,1944383,13.03,51.06,35.8,"Salaried","Own","Debt_consolidation",1
"8861",89816,"Male","Grade 12",2,16.75,830543,1.29,1737071,7.01,36.41,33.1,"Salaried","Mortgage","Home_improvement",1
"8222",84170,"Male","Diploma",1,20.25,258484,2.04,730528,33.87,111.34,63.2,"Salaried","Rent","Vehicle",0
"3799",44702,"Male","Grade 12",0,17.75,337833,1.43,1275706,11.1,40.72,41.7,"Salaried","Mortgage","Vehicle",0
"6183",66399,"Female","Grade 12",2,20.25,1277933,2.85,1318726,38.21,121.28,70.2,"Self-employed","Mortgage","Home_improvement",1
"7350",76101,"Male","Diploma",1,19.25,261325,1.23,914495,29.97,100.27,63.2,"Salaried","Mortgage","Vehicle",0
"3048",37898,"Female","Diploma",0,19.25,363344,1.81,735849,30.62,100,64.2,"Salaried","Mortgage","Vehicle",1
"736",16820,"Female","Diploma",0,34.75,3988,0.6,14528,31.06,100.64,55.5,"Unemployed","Mortgage","Debt_consolidation",1
"6911",72591,"Female","Diploma",0,26.75,2550,0.36,8883,11.9,53.58,35.4,"Unemployed","Rent","Home_improvement",0
"1514",23739,"Female","No records",1,19.25,602148,1.88,1651777,21.29,76.03,45.6,"Salaried","Own","Debt_consolidation",1
"4929",54768,"Male","Grade 12",1,18.25,484623,1.66,1598552,35.96,118.63,69.7,"Salaried","Mortgage","Home_improvement",0
"5389",58931,"Male","No records",0,35,2730,0.58,7418,23.86,82.99,48,"Unemployed","Rent","Debt_consolidation",1
"4111",47267,"Female","Grade 12",0,18.75,131749,1.58,273785,9.02,33.67,37.1,"Salaried","Rent","Vehicle",0
"70",10679,"Male","Degree",0,18.25,281719,2.16,784787,30.17,100,61.4,"Salaried","Mortgage","Home_improvement",1
"6913",72610,"Female","Postgrad",2,18.75,315432,1.33,690876,11.53,47,42.8,"Salaried","Rent","Vehicle",0
"8474",86435,"Male","Grade 12",0,14.25,404381,1.46,253860,17.28,55.67,45.8,"Salaried","Mortgage","Home_improvement",1
"7278",75507,"Male","Degree",0,24.25,855020,1.84,2647176,39.61,125.69,73,"Contract","Own","Debt_consolidation",1
"4791",53630,"Male","Degree",0,18.75,126636,1.58,456035,11.25,40.48,34.4,"Salaried","Rent","Vehicle",1
"4752",53292,"Female","Grade 12",0,23.75,1628274,1.74,1925791,28.79,96.68,51.6,"Self-employed","Rent","Other",1
"4674",52551,"Male","Grade 12",0,17.75,81005,1.79,175196,7.66,30.71,31.7,"Salaried","Mortgage","Vehicle",0
"8908",90156,"Female","Grade 12",0,25.25,3043681,2.24,10475612,36.37,116.59,66.1,"Self-employed","Rent","Other",1
"3150",38938,"Female","Grade 12",2,22.25,958623,2.13,2957349,21.86,73.71,49.2,"Contract","Rent","Vehicle",1
"7681",79135,"Female","Diploma",0,25.25,171091,1.2,238487,1.75,15.28,29.5,"Salaried","Rent","Other",1
"3366",40964,"Female","Diploma",2,29.25,4167,0.41,4645,27.99,90.96,52.3,"Unemployed","Rent","Home_improvement",1
"6715",71020,"Female","No records",0,24.75,2037506,1.63,904924,0.13,9.96,28,"Self-employed","Rent","Other",1
"4681",52586,"Female","Diploma",0,16.75,182564,1.63,201536,33.65,114.54,56.4,"Salaried","Mortgage","Home_improvement",0
"7896",81157,"Female","Degree",1,18.25,334506,0.99,372965,37.02,113.96,64.4,"Salaried","Mortgage","Home_improvement",0
"9695",97387,"Male","Grade 12",0,19.25,407388,1.72,1380099,15.04,55.94,42.3,"Salaried","Own","Debt_consolidation",0
"4605",51915,"Female","No records",0,17.75,347336,1.09,487161,14.44,47.42,37,"Salaried","Mortgage","Vehicle",0
"8528",86882,"Male","Postgrad",0,19.25,479968,1.59,512985,34.8,113.12,67.8,"Salaried","Mortgage","Vehicle",0
"6901",72540,"Male","No records",2,20.25,1019324,1.7,630453,39.59,122.51,74,"Contract","Mortgage","Vehicle",1
"1237",21196,"Female","Diploma",2,21.75,393365,1.64,338847,21.92,78.44,49.7,"Salaried","Rent","Other",1
"3567",42633,"Female","Grade 12",0,18.25,120365,1.37,110447,36.94,118.48,63.1,"Salaried","Mortgage","Home_improvement",1
"1528",23904,"Female","Postgrad",3,16.75,237936,1.2,673761,14.6,50.2,49.4,"Salaried","Mortgage","Home_improvement",1
"5138",56749,"Female","No records",0,21.25,520062,1.91,1607946,2.48,17.38,35.5,"Salaried","Mortgage","Vehicle",1
"1234",21135,"Female","Grade 12",0,18.75,617405,1.81,1328899,11.95,44.47,40.4,"Salaried","Rent","Vehicle",0
"8014",82202,"Female","Grade 12",2,19.25,392515,1.14,494046,17.88,67.27,40.8,"Salaried","Own","Debt_consolidation",1
"696",16404,"Female","Degree",1,22.25,800159,1.76,967325,16.27,55.73,47.5,"Contract","Rent","Vehicle",1
"7109",74262,"Female","Grade 12",0,18.75,420851,1.29,410081,20.96,68.82,50.5,"Salaried","Rent","Vehicle",0
"4814",53849,"Female","No records",2,21.75,152313,1.61,331737,28.29,95.56,50.9,"Salaried","Rent","Other",1
"287",12657,"Female","Diploma",1,16.75,535483,1.33,1032000,25.56,83.34,58.4,"Salaried","Mortgage","Home_improvement",0
"4176",47753,"Female","Degree",0,20.75,406068,1.55,1010859,37.05,120.05,65.9,"Salaried","Own","Debt_consolidation",0
"4569",51561,"Male","Grade 12",1,18.75,248119,1.49,499780,7.57,30.91,36.1,"Salaried","Rent","Vehicle",0
"5597",61070,"Male","Grade 12",1,19.25,406358,1.51,1401626,27.52,91.39,59.4,"Salaried","Own","Debt_consolidation",1
"2433",31960,"Female","Degree",1,18.25,296945,1.56,467409,34.12,110.82,61.3,"Salaried","Mortgage","Home_improvement",0
"1098",20083,"Male","No records",2,23.25,217777,0.87,562439,38.97,123.88,64.8,"Salaried","Rent","Other",1
"9058",91505,"Female","Grade 12",0,19.25,424191,1.29,1506032,5.97,26.59,39.9,"Salaried","Mortgage","Vehicle",1
"3716",43844,"Female","Degree",0,18.75,310841,1.71,956449,17.82,65.25,43.2,"Salaried","Rent","Vehicle",0
"2754",34998,"Female","Grade 12",3,19.75,2441309,1.71,5955729,23.51,83.16,50.7,"Self-employed","Mortgage","Vehicle",1
"3053",37960,"Male","Degree",1,17.75,64869,1.03,57049,18.61,62.03,51,"Salaried","Mortgage","Vehicle",0
"1239",21211,"Female","Grade 12",0,16.25,976873,1.51,426686,24.13,83.78,49.4,"Self-employed","Mortgage","Home_improvement",0
"1076",19879,"Female","Diploma",0,23.75,1188175,1.02,1579586,12.7,48.08,35.4,"Self-employed","Rent","Other",1
"909",18382,"Male","Grade 12",3,16.75,454493,1.45,1308090,8.3,36.52,43,"Salaried","Mortgage","Home_improvement",0
"8801",89271,"Male","Diploma",0,35,6217,0.5,14156,25.14,83.27,48,"Unemployed","Rent","Debt_consolidation",1
"7684",79162,"Female","Grade 12",0,17.75,513212,1.75,1946654,20.36,72.85,50.2,"Salaried","Mortgage","Vehicle",0
"9716",97528,"Female","Grade 12",0,19.25,202333,1.7,344190,33.37,109.72,60.1,"Salaried","Mortgage","Vehicle",0
"8522",86816,"Male","Grade 12",2,16.75,260202,1.1,647706,16.12,58.72,41.6,"Salaried","Mortgage","Home_improvement",0
"8030",82323,"Male","Grade 12",0,18.25,505104,1.5,1661658,38.16,123.73,64.2,"Salaried","Mortgage","Home_improvement",1
"4385",49743,"Female","Degree",2,22.75,1200408,1.7,2109043,33.39,108.93,67.1,"Contract","Mortgage","Vehicle",1
"4268",48698,"Male","Diploma",0,19.25,568510,1.41,1170781,17.85,66.63,45.1,"Salaried","Own","Debt_consolidation",1
"573",15298,"Female","Diploma",1,19.25,561109,1.7,1709842,35.32,112.5,68.6,"Salaried","Mortgage","Vehicle",1
"1876",26882,"Female","No records",0,23.75,178421,1.83,162826,30.18,103.34,60.6,"Contract","Rent","Vehicle",1
"7397",76469,"Female","Grade 12",0,21.25,766951,1.53,1031181,35.05,117.02,67.9,"Self-employed","Mortgage","Vehicle",0
"4292",48888,"Female","Degree",3,21.25,1005190,1.98,721390,4.33,26.17,35.1,"Self-employed","Mortgage","Vehicle",1
"4113",47287,"Male","Grade 12",2,21.25,683482,2.09,428780,2.63,17.09,35.5,"Contract","Mortgage","Home_improvement",0
"1467",23314,"Female","Degree",2,19.25,532925,1.32,1413268,34.85,120.55,62.8,"Salaried","Mortgage","Vehicle",0
"8481",86464,"Male","No records",1,17.75,568044,2.11,535169,33.11,108.59,56.8,"Salaried","Mortgage","Vehicle",1
"4356",49484,"Female","Grade 12",2,31.25,10161,0.4,36698,26.82,88.56,52.2,"Unemployed","Mortgage","Debt_consolidation",1
"100",10910,"Male","No records",1,23.25,153080,1.68,140415,6.05,30.25,30.8,"Salaried","Rent","Other",0
"1215",20984,"Female","Diploma",0,20.25,255550,1.75,347830,0.7,11.83,35,"Salaried","Mortgage","Home_improvement",0
"4192",47907,"Male","Grade 12",1,18.75,503762,1.33,1168223,30.72,99.97,58.4,"Salaried","Rent","Vehicle",1
"7559",77929,"Female","Diploma",2,19.25,91246,1.17,137560,25.9,86.69,48.8,"Salaried","Own","Debt_consolidation",0
"5128",56615,"Female","Grade 12",0,32.25,4226,0.44,7500,17.14,62.34,45.6,"Unemployed","Rent","Debt_consolidation",0
"6908",72575,"Male","Grade 12",2,20.25,126726,1.45,256999,5.76,28.21,28.6,"Salaried","Rent","Vehicle",1
"5455",59522,"Female","No records",0,19.25,289292,1.81,319260,10.99,46.89,45.5,"Salaried","Own","Debt_consolidation",0
"519",14832,"Female","No records",3,21.75,840584,1.49,3015121,32.5,105.23,54.9,"Salaried","Rent","Other",0
"2882",36363,"Female","Degree",2,25.25,2649942,2.05,5879843,4.39,20.49,32,"Self-employed","Rent","Other",1
"3072",38149,"Male","Degree",0,30.25,2968,0.49,1335,14.65,50.89,47,"Unemployed","Rent","Home_improvement",0
"6812",71809,"Male","No records",2,35,4241,0.51,7179,24.6,86.62,59.4,"Unemployed","Rent","Debt_consolidation",1
"5040",55750,"Male","Diploma",2,23.25,593675,0.98,2068222,5.13,24.4,32.6,"Salaried","Rent","Other",0
"807",17463,"Male","Diploma",2,19.75,2530927,2.4,2045064,21.96,77.3,53.9,"Self-employed","Mortgage","Vehicle",0
"2828",35627,"Female","Diploma",1,18.75,1199302,1.95,2876294,20.34,72.36,44.6,"Self-employed","Mortgage","Home_improvement",0
"4432",50231,"Female","Diploma",0,22.75,1628225,2.23,2766644,34.07,118.05,61.1,"Self-employed","Own","Debt_consolidation",0
"9674",97230,"Male","Diploma",1,17.75,260546,1.07,430858,17.83,63.81,50.5,"Salaried","Mortgage","Vehicle",1
"5802",62967,"Male","Degree",0,17.25,1330897,0.98,490865,19.22,73.44,49.1,"Self-employed","Mortgage","Vehicle",1
"6196",66480,"Female","Degree",2,15.25,345625,1.25,135004,20.14,67.61,53.8,"Salaried","Mortgage","Vehicle",0
"2009",28029,"Female","No records",1,18.25,331402,1.74,807651,5.34,23.15,30.2,"Salaried","Mortgage","Home_improvement",0
"8416",85943,"Male","Grade 12",0,19.25,154800,1.69,419718,17.4,57.29,47.2,"Salaried","Own","Debt_consolidation",0
"3480",41887,"Female","Grade 12",0,19.75,936569,1.16,906787,9.38,40.25,36.3,"Self-employed","Mortgage","Vehicle",0
"9120",91996,"Male","Grade 12",0,21.25,474383,1.24,1470886,20.65,71.37,42.7,"Contract","Mortgage","Vehicle",1
"4448",50351,"Female","No records",3,18.75,260124,1.01,200318,12.03,41.18,40.6,"Salaried","Rent","Vehicle",0
"330",13059,"Female","Grade 12",1,16.75,323449,1.8,267045,22.05,78.08,50.5,"Salaried","Mortgage","Home_improvement",0
"4031",46556,"Male","Diploma",0,14.25,513159,1.7,273624,31,102.26,53,"Salaried","Mortgage","Home_improvement",0
"7744",79835,"Male","Degree",1,17.75,182013,1.87,374497,24.39,81.7,50.4,"Salaried","Mortgage","Vehicle",0
"6395",67986,"Male","Grade 12",1,16.75,249568,1.76,219907,20.25,68.61,47.2,"Salaried","Mortgage","Home_improvement",0
"2938",36971,"Female","Grade 12",1,35,4561,0.51,7488,11.23,40.93,36.9,"Unemployed","Rent","Debt_consolidation",1
"627",15776,"Male","Degree",2,19.75,2289376,1.88,2032952,16.38,60.72,40.4,"Self-employed","Mortgage","Vehicle",1
"4849",54183,"Male","Grade 12",0,27.25,3366057,1.84,11052151,0.13,7.22,25.4,"Self-employed","Rent","Other",1
"2864",36054,"Male","Diploma",2,19.25,159311,1.65,264411,34.94,112.34,60.9,"Salaried","Mortgage","Vehicle",1
"6627",70391,"Male","No records",1,19.25,350939,1.27,129148,9.43,36.13,31.9,"Salaried","Rent","Other",0
"3466",41756,"Female","Diploma",0,21.75,2390525,1.79,5078885,27.13,88.13,55.2,"Self-employed","Mortgage","Debt_consolidation",1
"1632",24797,"Male","Grade 12",2,34.75,5364,0.48,11713,16.82,58.28,44.2,"Unemployed","Mortgage","Debt_consolidation",1
"4149",47510,"Female","Diploma",0,16.75,363902,1.61,760541,16.32,62.19,39.2,"Salaried","Mortgage","Home_improvement",1
"2138",29311,"Male","Grade 12",1,16.75,369024,1.73,661861,10.59,41.28,41.8,"Salaried","Mortgage","Home_improvement",0
"2727",34727,"Male","Grade 12",0,20.75,862365,2.11,451274,17.05,58.95,51.4,"Contract","Mortgage","Debt_consolidation",1
"3115",38579,"Female","Diploma",1,17.75,691366,1.58,1031315,17.3,57.03,48.6,"Salaried","Mortgage","Vehicle",0
"320",12954,"Male","Degree",0,16.75,264381,1.94,633705,19.49,68.87,49.6,"Salaried","Mortgage","Home_improvement",0
"9320",93938,"Male","Degree",0,18.25,490733,1.92,1429591,29.02,94.1,62.3,"Salaried","Mortgage","Home_improvement",1
"7761",80031,"Male","Grade 12",0,16.75,136121,1.95,297853,12.43,43.67,47,"Salaried","Mortgage","Home_improvement",0
"4336",49282,"Male","Degree",0,18.75,168206,1.16,152856,32.34,107.17,58.6,"Salaried","Rent","Vehicle",1
"8200",83962,"Male","Degree",0,22.25,2376868,2.04,899286,0.76,13.62,27.9,"Self-employed","Own","Debt_consolidation",0
"2096",28944,"Male","Degree",0,23.25,3610333,1.98,9523406,37.34,124.13,67.3,"Self-employed","Mortgage","Debt_consolidation",1
"1872",26838,"Male","Degree",1,22.25,907711,1.59,3177226,14.68,53.56,47.9,"Contract","Rent","Vehicle",0
"7664",78952,"Male","No records",0,23.25,501555,1.88,1044235,37.8,126.27,64.8,"Salaried","Rent","Other",0
"7490",77347,"Male","Degree",0,22.75,613454,1.69,1929020,29.87,94.57,62.6,"Self-employed","Own","Debt_consolidation",0
"6426",68302,"Male","No records",0,17.75,712366,1.4,2495794,14.07,53.71,38.7,"Salaried","Mortgage","Vehicle",0
"954",18794,"Female","Diploma",0,20.75,328174,1.62,148216,38.04,122.31,70.4,"Salaried","Rent","Other",0
"7830",80608,"Female","Grade 12",1,19.75,4147449,1.82,4139683,28.43,89.76,53.6,"Self-employed","Mortgage","Vehicle",1
"4308",49051,"Female","Postgrad",3,20.75,304880,1.13,788311,4.53,25.77,35.3,"Salaried","Own","Debt_consolidation",0
"5210",57455,"Female","Degree",0,16.75,172441,1.89,599157,28.5,95.74,53.4,"Salaried","Mortgage","Home_improvement",1
"1558",24108,"Male","Grade 12",0,19.25,606628,1,1270253,11.43,43.4,39.5,"Salaried","Own","Debt_consolidation",0
"2684",34322,"Male","Postgrad",0,21.25,1093117,1.75,557574,36.25,123.17,59.9,"Self-employed","Rent","Other",1
"5072",56007,"Male","Diploma",0,18.75,700029,1.28,809109,26.77,93.76,58.4,"Salaried","Rent","Vehicle",0
"6739",71212,"Female","Grade 12",2,21.25,1879909,1.15,6355235,29.73,100.14,58.4,"Self-employed","Own","Debt_consolidation",0
"4622",52059,"Male","No records",0,19.25,289152,1.17,484920,39.34,127.36,64.7,"Salaried","Mortgage","Vehicle",1
"8853",89747,"Female","Grade 12",0,21.25,2444125,1.93,7595872,38,125.59,70.4,"Self-employed","Mortgage","Vehicle",0
"875",18095,"Female","No records",0,35,2344,0.51,6253,16.32,58.17,41.8,"Unemployed","Rent","Debt_consolidation",1
"5376",58834,"Male","Diploma",0,16.75,326403,1.47,555948,18.75,66.48,44.3,"Salaried","Mortgage","Home_improvement",0
"9846",98595,"Male","No records",0,25.25,1654358,1.69,2888562,32.15,105.36,63.2,"Self-employed","Rent","Other",0
"3376",41043,"Male","Degree",0,19.75,2096046,2.22,2639121,15.34,53.42,47.9,"Self-employed","Mortgage","Vehicle",1
"996",19182,"Male","Grade 12",1,31.25,7899,0.39,21759,30.09,100.4,55.5,"Unemployed","Mortgage","Debt_consolidation",1
"9405",94532,"Male","No records",1,33.25,3437,0.39,7997,20.25,69.82,48.8,"Unemployed","Rent","Other",0
"4182",47807,"Female","Degree",1,20.75,365323,1.95,387244,4.01,21.66,36.3,"Salaried","Own","Debt_consolidation",0
"1093",20029,"Male","No records",1,23.75,677236,1.41,2178862,36.49,124.72,68.3,"Contract","Rent","Vehicle",1
"9847",98599,"Male","Diploma",0,17.75,138470,1.28,187363,27.43,99.22,52.5,"Salaried","Mortgage","Vehicle",0
"1753",25820,"Male","Grade 12",0,18.75,643476,1.31,967052,17.32,64.72,40,"Salaried","Rent","Vehicle",0
"4203",47985,"Female","Grade 12",1,16.75,392769,1.41,898185,12.73,50.55,47,"Salaried","Mortgage","Home_improvement",1
"614",15647,"Male","Diploma",1,18.75,353897,1.91,1017295,16.78,62.77,39.4,"Salaried","Rent","Vehicle",1
"2139",29326,"Female","Grade 12",0,19.25,260568,1.3,289482,35.88,116.69,65.8,"Salaried","Mortgage","Vehicle",0
"5499",60023,"Male","Grade 12",0,20.75,164040,1.65,69074,35.33,115.5,67.9,"Salaried","Rent","Other",0
"6088",65570,"Female","Diploma",1,18.75,492884,0.65,1689315,28.93,90.76,56,"Salaried","Rent","Vehicle",0
"5590",60962,"Female","Diploma",0,19.25,450533,1.9,553054,38.93,127.95,70.3,"Salaried","Mortgage","Vehicle",1
"4833",54046,"Female","Grade 12",0,16.75,264255,1.4,320317,18.97,64.1,46.6,"Salaried","Mortgage","Home_improvement",0
"2709",34600,"Female","Diploma",2,22.25,1200393,1.26,3999331,20.23,67.97,47.6,"Contract","Rent","Vehicle",1
"7486",77309,"Female","Diploma",1,21.25,254504,1.31,275135,2.14,13.32,36.4,"Salaried","Mortgage","Vehicle",0
"4514",50869,"Female","No records",1,18.75,753197,1.67,335649,0.84,17.52,30.1,"Salaried","Mortgage","Vehicle",1
"3688",43642,"Male","Grade 12",0,25.25,552109,1.88,2086622,28.92,94.79,52.1,"Contract","Rent","Other",1
"5745",62431,"Male","Degree",0,23.75,2413771,1.95,6158599,23.98,83.09,50.4,"Self-employed","Rent","Other",1
"983",19053,"Female","Grade 12",0,16.75,332462,1.84,1188597,26.03,89.13,52.7,"Salaried","Mortgage","Home_improvement",0
"4344",49355,"Male","Grade 12",0,23.75,763991,1.75,2248729,6.27,21.43,35.9,"Contract","Rent","Vehicle",1
"8911",90173,"Female","Diploma",2,34.75,6005,0.57,10777,15.62,51.4,49.6,"Unemployed","Mortgage","Debt_consolidation",1
"1041",19587,"Male","Diploma",0,18.75,105442,1.57,72654,12.85,44.89,40.3,"Salaried","Rent","Vehicle",0
"3190",39259,"Male","No records",2,35,8185,0.53,29701,26.22,87.15,49.1,"Unemployed","Rent","Debt_consolidation",1
"2901",36591,"Female","Degree",2,20.25,552919,1.73,1522023,15.63,57,47.4,"Contract","Mortgage","Home_improvement",0
"8782",89069,"Male","Degree",2,18.75,457407,1.5,391059,17.4,60.23,50.3,"Salaried","Rent","Vehicle",0
"8912",90182,"Male","Grade 12",1,16.75,283755,0.92,468380,29.99,101.1,53.3,"Salaried","Mortgage","Home_improvement",1
"9160",92415,"Female","Degree",0,20.25,483242,1.76,1548142,5,28.37,33.4,"Salaried","Rent","Vehicle",0
"5334",58526,"Female","Diploma",0,34.75,1234,0.49,595,35.17,113.37,63.8,"Unemployed","Rent","Debt_consolidation",1
"1184",20731,"Male","Grade 12",0,25.25,195985,1.29,199304,0.68,9.33,32.5,"Salaried","Rent","Other",1
"2772",35129,"Female","Diploma",0,16.75,496855,1.93,1119300,21.84,75.2,47.6,"Salaried","Mortgage","Home_improvement",1
"6826",71916,"Male","Degree",0,17.75,294510,1.59,809868,13.6,44.48,45.6,"Salaried","Mortgage","Vehicle",0
"8342",85305,"Male","No records",0,20.25,397891,2.15,278846,5.73,23.29,34.3,"Salaried","Rent","Vehicle",1
"3981",46175,"Female","No records",0,22.25,600236,1.41,1040356,2.93,20.4,31.3,"Salaried","Rent","Vehicle",0
"2456",32217,"Female","Degree",2,23.75,649816,1.68,1839423,19.34,72.8,47.7,"Self-employed","Rent","Other",0
"2927",36866,"Male","Degree",2,23.25,458669,1.64,690171,4.81,24.65,30.1,"Salaried","Rent","Other",1
"1450",23177,"Male","Grade 12",2,16.25,466696,0.59,278988,15.75,54.14,50.4,"Salaried","Rent","Vehicle",1
"222",12086,"Male","No records",0,34.75,5021,0.5,17801,31.86,103.76,57.9,"Unemployed","Mortgage","Debt_consolidation",1
"1581",24306,"Male","Grade 12",1,16.75,313621,1.57,519696,10.22,40.49,35.9,"Salaried","Mortgage","Home_improvement",1
"1947",27429,"Female","Diploma",0,20.25,224939,1.1,629609,36.03,119.57,70.6,"Salaried","Rent","Vehicle",1
"1682",25182,"Female","Grade 12",1,19.25,145664,1.37,417031,3.22,15.46,37.9,"Salaried","Mortgage","Vehicle",0
"8530",86896,"Male","Diploma",0,18.25,195976,1.43,732056,38.89,127.01,71.5,"Salaried","Mortgage","Home_improvement",1
"5553",60620,"Male","Grade 12",0,17.75,282214,1.53,132391,6.15,32.29,39.9,"Salaried","Rent","Vehicle",1
"6792",71664,"Male","No records",1,21.25,746621,1.33,802243,13.85,55.08,41.3,"Contract","Mortgage","Vehicle",1
"7089",74090,"Female","Grade 12",0,27.25,1525927,1.29,3522503,2.94,23.69,34.9,"Self-employed","Rent","Other",1
"3707",43799,"Female","Grade 12",2,17.75,237617,1.55,322230,15.67,58.25,47.2,"Salaried","Mortgage","Vehicle",0
"2551",33085,"Female","Degree",0,33.25,5520,0.53,2639,9.34,37.45,34.1,"Unemployed","Rent","Debt_consolidation",1
"2715",34627,"Female","No records",2,20.25,174169,1.42,213923,5.2,23.11,36.7,"Salaried","Rent","Vehicle",0
"1513",23718,"Male","No records",0,19.75,2137339,1.43,6915993,14.51,57.03,43.4,"Self-employed","Mortgage","Vehicle",1
"4962",55012,"Male","Degree",0,35,10638,0.54,12044,15.1,52.01,46.3,"Unemployed","Rent","Debt_consolidation",1
"4548",51333,"Male","Degree",0,16.75,151919,1.31,519324,13.23,50.22,37.9,"Salaried","Mortgage","Home_improvement",0
"1614",24693,"Female","Diploma",0,35,3561,0.48,2886,15.61,53.11,45.7,"Unemployed","Rent","Debt_consolidation",1
"4185",47842,"Female","Degree",2,17.75,143305,2.02,132257,15.1,55.96,46,"Salaried","Mortgage","Vehicle",0
"2254",30448,"Male","Grade 12",0,17.75,383778,1.06,1181245,16.27,62.97,43.2,"Salaried","Mortgage","Vehicle",0
"2217",30030,"Male","Grade 12",1,17.75,167102,2.02,121316,20.23,69.21,48.7,"Salaried","Mortgage","Vehicle",0
"9820",98422,"Female","Diploma",1,25.25,222423,1.49,213966,2.13,20.27,25.4,"Salaried","Rent","Other",0
"8277",84736,"Female","Grade 12",2,17.75,512266,2,1038581,24.89,84.93,53.5,"Salaried","Mortgage","Vehicle",1
"741",16866,"Male","Grade 12",0,25.25,644751,1.71,1865458,2.66,20.14,35.6,"Salaried","Rent","Other",1
"8057",82684,"Male","Degree",0,17.75,441710,1.57,765634,9.06,38.58,36.3,"Salaried","Mortgage","Vehicle",0
"1376",22468,"Male","Diploma",2,17.75,436760,1.53,466531,20.23,66.86,46.2,"Salaried","Mortgage","Vehicle",1
"7701",79343,"Female","No records",0,25.25,1320461,1.99,1866595,38.96,129.06,70.1,"Self-employed","Rent","Other",0
"9264",93415,"Female","Grade 12",0,17.75,744356,1.65,2827517,17.86,63.57,45.2,"Salaried","Mortgage","Vehicle",1
"1286",21677,"Female","Grade 12",0,17.25,783691,1.48,317681,12.5,45.79,42.3,"Self-employed","Mortgage","Vehicle",0
"3492",41948,"Male","Diploma",2,17.75,270529,1.23,563124,29.6,102.32,52.7,"Salaried","Mortgage","Vehicle",0
"1745",25755,"Female","Diploma",0,17.75,150429,1.38,234511,15.99,54.7,40.8,"Salaried","Mortgage","Vehicle",0
"1015",19381,"Female","Diploma",0,20.25,529948,1.22,1953559,3.66,18.77,28.3,"Salaried","Rent","Vehicle",0
"9254",93343,"Male","Diploma",0,18.75,442391,1.64,408202,18.86,62.11,41.3,"Salaried","Rent","Vehicle",0
"5685",61887,"Male","Degree",0,23.25,2344993,1.87,4234482,1.86,13.5,28.2,"Self-employed","Mortgage","Vehicle",0
"3034",37808,"Female","Diploma",2,35,2848,0.52,8509,36.15,121.79,67.3,"Unemployed","Rent","Debt_consolidation",1
"8916",90210,"Female","Diploma",0,16.75,552238,1.2,283628,36.6,119.62,63.8,"Salaried","Mortgage","Vehicle",1
"2666",34123,"Female","Grade 12",0,23.25,230320,1.34,597246,33.46,110.94,67.1,"Salaried","Rent","Other",1
"2293",30754,"Male","Postgrad",0,23.75,2914944,1.68,10579567,11.21,44.8,44.8,"Self-employed","Rent","Other",1
"9339",94039,"Female","No records",0,17.75,457956,1.54,798555,19.19,61.83,51.3,"Salaried","Mortgage","Vehicle",0
"4293",48914,"Female","Grade 12",0,35,5229,0.55,14870,31.3,107.02,63.9,"Unemployed","Rent","Vehicle",1
"8292",84883,"Male","Grade 12",0,28.75,3542,0.36,6687,11.82,47.85,45.5,"Unemployed","Mortgage","Debt_consolidation",1
"5382",58872,"Female","Diploma",0,22.75,588422,1.55,225787,12.94,51.8,38.1,"Contract","Rent","Other",0
"6534",69449,"Male","Postgrad",1,20.25,356366,1.6,868508,36.25,120.77,63.6,"Salaried","Rent","Vehicle",0
"4022",46465,"Female","Grade 12",0,18.75,392875,1.44,349436,27.52,90.29,56.9,"Salaried","Rent","Vehicle",1
"3358",40874,"Female","No records",0,16.75,167856,1.64,532699,14.46,44.92,39.6,"Salaried","Mortgage","Home_improvement",0
"1727",25623,"Female","Grade 12",2,23.25,1060403,1.74,1642777,31.49,102.79,63.4,"Self-employed","Mortgage","Debt_consolidation",1
"7467",77136,"Male","No records",0,18.75,101795,1.79,160311,31.33,104.4,55,"Salaried","Rent","Vehicle",1
"1336",22110,"Female","Degree",2,33.75,3553,0.39,6415,29.35,94.66,61.7,"Unemployed","Rent","Debt_consolidation",1
"3472",41830,"Female","Grade 12",3,15.25,151244,1.48,59456,20.31,68.76,48.5,"Salaried","Mortgage","Vehicle",1
"5474",59779,"Male","Grade 12",1,22.75,2557965,1.33,1810249,33.25,116.06,65.5,"Self-employed","Own","Debt_consolidation",1
"1569",24192,"Female","Diploma",2,21.75,285919,1.05,905612,33.15,114.8,56.7,"Salaried","Rent","Other",0
"8928",90329,"Male","Grade 12",0,22.75,249767,1.12,620440,0.61,10.35,35.1,"Salaried","Own","Debt_consolidation",1
"9055",91490,"Male","Degree",1,16.75,243558,1.82,330650,15.13,55.03,44.5,"Salaried","Mortgage","Home_improvement",0
"6929",72748,"Female","Diploma",0,17.75,477959,1.41,1095602,9.03,37.8,38.1,"Salaried","Mortgage","Vehicle",1
"8640",87899,"Male","Grade 12",0,21.25,1379338,2.37,2378660,5.1,26.62,33.5,"Self-employed","Mortgage","Vehicle",0
"8980",90821,"Male","No records",0,34.75,2717,0.56,9070,22.62,75.01,46.5,"Unemployed","Mortgage","Debt_consolidation",1
"3129",38752,"Male","No records",0,20.25,682121,1.35,1856598,37.37,126.41,64.7,"Salaried","Rent","Vehicle",0
"7479",77266,"Male","Degree",1,35,3041,0.4,10084,2.79,24.77,31.6,"Unemployed","Rent","Debt_consolidation",0
"8184",83860,"Male","Grade 12",0,20.25,457089,1.57,1447651,38.43,129.25,67.5,"Salaried","Rent","Vehicle",0
"6108",65786,"Male","Grade 12",1,25.25,410153.5,1.48,9189747,4.92,22.38,31.6,"Self-employed","Rent","Other",1
"9472",95243,"Female","Grade 12",1,20.25,538709,1.08,1422524,3.45,20.09,30.5,"Salaried","Rent","Vehicle",0
"7280",75520,"Female","Grade 12",0,20.75,153646,1.78,139692,30.82,103.19,63.1,"Salaried","Own","Debt_consolidation",1
"3560",42587,"Female","Grade 12",0,17.75,344349,1.29,330622,20.94,70.02,55,"Salaried","Mortgage","Vehicle",1
"2457",32231,"Male","Grade 12",0,23.75,2511453,2.4,8079551,23.21,80.35,54.9,"Self-employed","Rent","Other",1
"4745",53203,"Female","Grade 12",0,16.75,189558,1.31,79114,9.17,38.86,31.9,"Salaried","Own","Debt_consolidation",0
"3057",37983,"Female","Grade 12",0,21.75,700689,1.62,2145215,11.3,41.87,42.5,"Salaried","Rent","Other",1
"8629",87753,"Female","No records",1,19.25,542937,1.42,375460,6.9,31.22,29.3,"Salaried","Mortgage","Vehicle",1
"5153",56874,"Female","Grade 12",1,21.75,659145,1.63,2282451,11.7,49.76,41.9,"Salaried","Rent","Other",0
"3061",38015,"Female","Grade 12",1,23.75,362495,1.57,1054153,14.82,46.4,42,"Self-employed","Rent","Other",0
"1706",25428,"Male","Grade 12",1,15.25,487983,1.48,198279,19.04,60.57,51.7,"Salaried","Mortgage","Vehicle",0
"7287",75583,"Female","No records",1,17.75,198014,1.51,673990,24.55,85.68,47.3,"Salaried","Mortgage","Vehicle",0
"12",10087,"Female","No records",0,23.25,1076872,1.91,3290525,34.87,113.89,67.7,"Self-employed","Mortgage","Debt_consolidation",1
"9311",93863,"Female","Diploma",0,20.75,302690,1.67,612112,32.44,104.92,62.3,"Salaried","Own","Debt_consolidation",1
"5266",57948,"Female","Grade 12",0,23.75,2805906,1.82,2424130,11.33,40.56,37.9,"Self-employed","Rent","Other",1
"8122",83252,"Male","Diploma",0,19.25,563075,1.94,1237248,25.14,86.6,47.4,"Salaried","Own","Debt_consolidation",0
"4131",47357,"Female","Grade 12",2,22.75,1937210,2.16,2632562,32.94,105.02,64.3,"Self-employed","Own","Debt_consolidation",1
"622",15713,"Female","No records",2,22.75,389457,1.62,928606,4.28,19.51,26.5,"Contract","Mortgage","Vehicle",0
"8385",85681,"Male","Degree",2,20.25,263200,1.24,563218,33.93,106.92,63,"Salaried","Rent","Vehicle",0
"3107",38508,"Male","Diploma",2,16.75,337945,1.45,341480,7.81,31.47,38,"Salaried","Mortgage","Home_improvement",0
"5318",58394,"Male","No records",0,14.25,729170,1.28,391273,8.81,33.79,38.4,"Salaried","Mortgage","Home_improvement",1
"9344",94066,"Male","Grade 12",0,18.75,612132,1.16,494614,10.69,38.48,38.9,"Salaried","Rent","Vehicle",0
"598",15509,"Male","Degree",1,20.75,289117,1.26,966281,38.8,125.5,67.5,"Salaried","Own","Debt_consolidation",1
"186",11768,"Female","No records",2,19.25,271320,1.89,981515,28.21,103.34,58.5,"Salaried","Own","Debt_consolidation",0
"3679",43598,"Female","Grade 12",2,19.25,151133,1.2,335618,31.04,102.45,64.5,"Salaried","Mortgage","Vehicle",0
"7816",80457,"Female","Diploma",2,18.75,98278,1.8,368218,10.99,45.59,33.7,"Salaried","Rent","Vehicle",1
"8037",82378,"Female","Grade 12",1,34.75,10100,0.43,13015,34.33,115.44,62.4,"Unemployed","Rent","Other",1
"8377",85645,"Male","No records",2,20.25,565109,1.29,996167,35.28,122.51,66.9,"Salaried","Rent","Vehicle",1
"3493",41951,"Male","Grade 12",1,17.75,172323,1.44,52376,30.58,101.65,58.1,"Salaried","Rent","Other",0
"5992",64703,"Male","No records",1,14.25,597266,1.14,254973,23.27,73.42,47.5,"Salaried","Mortgage","Home_improvement",0
"8381",85663,"Female","Grade 12",2,17.75,557338,1.21,817805,23,76.71,56.8,"Salaried","Mortgage","Vehicle",0
"8750",88840,"Female","Grade 12",0,19.25,324178,1.49,1056989,25.72,88.52,55,"Salaried","Own","Debt_consolidation",0
"2147",29404,"Female","Degree",0,35,1917,0.54,5181,12.55,41.22,42.3,"Unemployed","Rent","Debt_consolidation",0
"9655",96976,"Female","No records",2,16.75,415145,1.73,978377,7.52,30.56,35.5,"Salaried","Mortgage","Home_improvement",0
"7468",77137,"Male","Degree",0,35,3629,0.62,8661,33.03,110.26,60.6,"Unemployed","Mortgage","Debt_consolidation",1
"4509",50824,"Male","Grade 12",0,25.25,3463680,2.21,11668747,39.14,128.75,70.3,"Self-employed","Rent","Other",1
"750",16949,"Female","Grade 12",1,21.75,523429,1.17,1858917,32.52,112.57,56.1,"Salaried","Rent","Other",0
"2648",33973,"Male","Grade 12",0,23.25,407141,1.57,548888,29.06,95.83,58.5,"Contract","Mortgage","Debt_consolidation",1
"445",14130,"Male","Diploma",2,20.75,585629,1.36,938586,34.6,113.57,67.9,"Salaried","Own","Debt_consolidation",0
"7715",79483,"Male","Grade 12",1,19.75,1067390,2.5,2869232,9.54,38.02,35.2,"Self-employed","Mortgage","Vehicle",1
"4890",54527,"Female","Diploma",1,21.25,1711593,1.8,2122330,30.42,101.78,56.2,"Self-employed","Own","Debt_consolidation",1
"9567",96258,"Male","Diploma",2,17.75,349743,1.82,444862,7.12,31.89,40.3,"Salaried","Mortgage","Vehicle",0
"2382",31643,"Female","Grade 12",0,19.25,212172,1.14,472035,39.76,127.01,73.2,"Salaried","Mortgage","Vehicle",0
"8215",84099,"Female","Diploma",2,35,2155,0.71,4201,8.16,36.9,42.6,"Unemployed","Rent","Debt_consolidation",0
"6041",65129,"Female","Grade 12",2,23.75,2334967,2.25,2313279,7.7,36.93,42.4,"Self-employed","Rent","Other",1
"4937",54829,"Male","Grade 12",0,16.75,448626,1.72,800841,28.63,91.37,59,"Salaried","Mortgage","Home_improvement",0
"5785",62820,"Male","Diploma",0,21.75,333242,1.6,975955,13.67,52.25,41.2,"Salaried","Rent","Other",1
"7122",74320,"Male","No records",1,19.25,743668,1.98,2300338,36.86,110.14,64.2,"Salaried","Mortgage","Vehicle",1
"277",12553,"Male","Grade 12",1,17.75,167010,1.85,366135,23.22,79.43,54.5,"Salaried","Mortgage","Vehicle",0
"3318",40457,"Female","Grade 12",0,17.75,456235,1.32,243626,28.31,89.66,60.2,"Salaried","Rent","Vehicle",0
"3655",43315,"Female","Degree",2,19.75,1835657,1.24,4186910,31.77,107.39,56.6,"Self-employed","Mortgage","Vehicle",0
"4039",46607,"Male","No records",0,18.25,258699,1.06,342253,39.97,129.28,63.2,"Salaried","Mortgage","Home_improvement",0
"3809",44771,"Female","Grade 12",1,18.75,343100,1.7,525411,32.25,109.95,58,"Salaried","Rent","Vehicle",1
"180",11718,"Female","Grade 12",1,21.75,649316,1.4,1411930,21.61,74.23,49.4,"Salaried","Rent","Other",0
"7430",76831,"Female","No records",0,21.25,1744150,2.45,1343650,26.89,91.83,58.2,"Self-employed","Own","Debt_consolidation",1
"2387",31670,"Female","Diploma",1,33.75,7328,0.46,9923,14.28,59.02,37.4,"Unemployed","Rent","Vehicle",0
"3903",45591,"Female","Degree",0,21.25,1573376,1.83,2698436,38.98,126.27,61.8,"Self-employed","Mortgage","Vehicle",1
"1411",22730,"Female","Diploma",0,20.25,554603,1.68,1755992,4.42,22.12,28.3,"Salaried","Rent","Vehicle",0
"3234",39788,"Male","Diploma",0,18.75,98085,1.56,305060,15.93,59.57,40.4,"Salaried","Rent","Vehicle",0
"1864",26742,"Male","Grade 12",0,18.25,542892,1.6,1863409,32.65,109.94,60.7,"Salaried","Mortgage","Home_improvement",0
"4027",46525,"Female","Diploma",1,23.25,2079892,1.8,4634571,39.57,133.37,65.7,"Self-employed","Mortgage","Debt_consolidation",1
"9299",93769,"Female","Grade 12",1,23.75,548776,1.45,1935426,35.69,114.56,70,"Contract","Rent","Vehicle",1
"8329",85240,"Male","Grade 12",0,22.25,487333,1.76,366989,2.51,21.11,36.6,"Salaried","Rent","Vehicle",0
"5368",58702,"Female","Grade 12",1,22.75,679023,1.66,785716,15.14,50.88,46.5,"Contract","Own","Debt_consolidation",1
"1165",20560,"Male","Grade 12",0,17.75,450139,2.25,651206,20.56,70.46,54,"Salaried","Mortgage","Vehicle",1
"2058",28550,"Male","Diploma",0,16.75,285272,1.48,660251,13.49,53.54,41.2,"Salaried","Mortgage","Home_improvement",0
"6018",64953,"Male","No records",0,19.25,703779,1.36,2648779,32.24,103.17,60.1,"Salaried","Mortgage","Vehicle",1
"3452",41653,"Female","Diploma",1,18.75,182979,1.19,644693,36.9,124.5,59.3,"Salaried","Rent","Vehicle",0
"2651",33992,"Male","Grade 12",3,16.75,283751,1.13,174248,3.75,19.99,38.1,"Salaried","Mortgage","Vehicle",0
"3564",42629,"Female","Grade 12",1,35,9160,0.46,6291,25.71,86.1,56.2,"Unemployed","Rent","Debt_consolidation",0
"2997",37449,"Male","Grade 12",0,23.75,3356526,1.79,8444502,8.8,30.71,42.5,"Self-employed","Rent","Other",1
"6462",68671,"Male","Grade 12",0,22.25,755030,1.73,1730668,11.55,44.92,40,"Contract","Rent","Vehicle",1
"1798",26161,"Female","No records",0,17.75,99989,1.42,348312,31.56,100.06,58,"Salaried","Mortgage","Vehicle",1
"9355",94155,"Female","Grade 12",0,18.75,258905,1.71,221519,24.07,86.23,48.1,"Salaried","Rent","Vehicle",1
"8107",83131,"Female","Degree",1,33.75,2017,0.45,3872,1.22,8.89,25.8,"Unemployed","Rent","Vehicle",1
"5584",60929,"Male","Grade 12",3,23.75,2020531,1.86,1422091,31.06,102.4,54.6,"Self-employed","Rent","Other",1
"6060",65320,"Female","Grade 12",0,17.75,573681,1.57,181983,1.25,12.59,24.8,"Salaried","Mortgage","Home_improvement",0
"9150",92314,"Female","Diploma",2,21.75,154529,1.71,416195,7.42,32.5,33.6,"Salaried","Rent","Other",1
"6026",65012,"Male","Grade 12",0,19.75,410153.5,1.83,11288363,22.13,75.4,56.4,"Self-employed","Mortgage","Vehicle",1
"8312",85089,"Female","Diploma",0,17.75,583676,0.79,2108531,32.07,104.14,58.8,"Salaried","Mortgage","Vehicle",0
"2654",34005,"Male","Degree",2,32.25,3211,0.42,7913,11.56,47.21,45.6,"Unemployed","Rent","Debt_consolidation",0
"8411",85911,"Female","No records",1,25.25,102437,1.69,355746,18.98,70.83,49.3,"Contract","Rent","Other",1
"6714",71015,"Female","Grade 12",1,19.75,3273859,2.34,6871196,27.27,88.17,56.3,"Self-employed","Mortgage","Vehicle",1
"2119",29113,"Female","Grade 12",0,35,4787,0.63,8540,38.38,124.76,72,"Unemployed","Rent","Other",1
"971",18992,"Female","Diploma",2,25.75,1219564,1.81,1744782,1.43,11.91,28.9,"Contract","Rent","Vehicle",1
"851",17866,"Male","Degree",0,33.25,2336,0.42,1483,0.71,11.68,35.6,"Unemployed","Rent","Debt_consolidation",1
"5029",55669,"Male","Grade 12",1,16.75,453579,1.54,1447482,13.45,52.85,40.1,"Salaried","Mortgage","Home_improvement",1
"797",17380,"Male","Degree",0,21.75,2378522,2.26,5722186,25.43,87.08,49.9,"Self-employed","Mortgage","Debt_consolidation",1
"2449",32115,"Male","Diploma",0,18.75,243246,2.06,538106,11.95,46.66,42.7,"Salaried","Rent","Vehicle",0
"751",16955,"Female","Diploma",0,21.75,167534,1.19,525823,30.47,106.11,56.5,"Salaried","Rent","Other",0
"4518",50915,"Female","Diploma",1,23.75,2503848,1.76,3470502,21.1,73.41,44,"Self-employed","Rent","Other",1
"7911",81294,"Male","Grade 12",0,20.75,587765,0.8,949303,36.87,123.1,62.3,"Salaried","Own","Debt_consolidation",0
"9937",99434,"Male","Grade 12",1,25.25,852048,1.8,2179890,30.79,99.38,60.4,"Self-employed","Rent","Other",1
"8593",87464,"Male","Diploma",0,25.25,1467505,2.2,2293795,37.76,129.84,69.5,"Self-employed","Rent","Other",1
"8433",86100,"Male","Grade 12",1,31.25,3408,0.39,4075,12.84,50.39,37,"Unemployed","Mortgage","Debt_consolidation",0
"6548",69657,"Female","Diploma",0,21.75,700869,1.03,1833290,16.57,62.84,46.5,"Salaried","Rent","Other",0
"8410",85909,"Female","Degree",2,23.25,200466,1.83,639087,6.03,21.66,34.2,"Salaried","Rent","Other",1
"7348",76089,"Female","Grade 12",1,16.75,152391,1.82,289479,14.95,51.18,43.5,"Salaried","Mortgage","Home_improvement",0
"5136",56703,"Female","Postgrad",0,18.75,176668,1.64,472381,28.87,98.11,59.1,"Salaried","Rent","Vehicle",1
"6971",73112,"Male","No records",2,23.75,376208,1.35,1100702,20.49,69.87,46.2,"Self-employed","Rent","Other",0
"4174",47736,"Female","Diploma",0,18.25,440020,1.77,661605,4.48,20.12,33.3,"Salaried","Mortgage","Home_improvement",0
"3574",42671,"Female","No records",2,19.25,121707,1.1,118702,8.68,33.75,41.5,"Salaried","Own","Debt_consolidation",1
"9418",94602,"Female","Grade 12",1,21.75,614803,0.96,709835,24.13,80.02,47.5,"Salaried","Rent","Other",1
"5913",63869,"Male","Grade 12",0,22.25,1924873,0.86,3210280,2.76,14.82,32.1,"Self-employed","Mortgage","Home_improvement",0
"1835",26529,"Male","Grade 12",0,21.75,413087,1.33,860194,24.4,84.38,48.6,"Salaried","Rent","Other",0
"7268",75420,"Female","Postgrad",0,19.25,320900,1.61,438632,5.18,28.78,27.5,"Salaried","Mortgage","Vehicle",0
"3271",40121,"Female","No records",1,34.25,3250,0.51,1700,13.5,50.71,46.8,"Unemployed","Rent","Other",1
"1782",26018,"Female","Grade 12",0,19.25,410027,1.44,505041,36.69,120.9,68.2,"Salaried","Mortgage","Vehicle",0
"604",15565,"Male","No records",0,19.25,824931,1.67,3067436,4.45,19.69,28,"Salaried","Mortgage","Vehicle",0
"3579",42715,"Female","Diploma",1,17.75,290864,2.04,187030,37.75,125.62,65.4,"Salaried","Rent","Vehicle",1
"4642",52220,"Female","Grade 12",0,19.25,670088,1.42,1291428,27.62,92.02,58.9,"Salaried","Own","Debt_consolidation",0
"2581",33320,"Female","Degree",1,14.25,588627,1.63,249746,26.75,89.62,56,"Salaried","Mortgage","Home_improvement",0
"9373",94254,"Female","Grade 12",3,22.75,437296,1.44,1327577,1.53,12.47,25.6,"Salaried","Own","Debt_consolidation",0
"8489",86518,"Male","Grade 12",0,22.75,662715,1.59,307529,22.95,81.53,53.3,"Contract","Rent","Other",1
"3090",38323,"Male","Diploma",0,33.25,6795,0.39,15223,33.12,107.21,55.4,"Unemployed","Rent","Other",1
"9083",91704,"Male","Grade 12",0,25.25,2829675,1.46,7297706,36.85,119.6,62.3,"Self-employed","Rent","Other",1
"9605",96602,"Female","Grade 12",3,23.25,200719,1.99,257694,37.61,126.47,65.6,"Salaried","Rent","Other",1
"4696",52745,"Male","Grade 12",1,20.75,106425,1.3,281268,4.93,20.12,28.4,"Salaried","Own","Debt_consolidation",1
"4793",53645,"Female","Diploma",0,21.75,3222543,1.9,9317989,16.25,63.59,46.9,"Self-employed","Mortgage","Debt_consolidation",0
"8737",88738,"Male","Grade 12",0,31.25,4659,0.43,4617,25.93,87.37,57,"Unemployed","Mortgage","Debt_consolidation",0
"8249",84509,"Female","Diploma",0,16.25,269032,1.26,150467,24.87,88.72,59.6,"Salaried","Rent","Vehicle",1
"1757",25845,"Female","No records",0,23.75,1859328,2.12,2689324,9.35,35.55,34.7,"Self-employed","Rent","Other",1
"8141",83427,"Male","No records",4,23.75,1726836,1.55,3945676,24.35,85.96,48.6,"Self-employed","Rent","Other",1
"119",11109,"Male","No records",0,16.75,332048,1.65,569155,11.12,43.63,43.2,"Salaried","Mortgage","Home_improvement",1
"8907",90155,"Male","Diploma",2,18.75,442052,0.96,1315611,23.37,83.32,52.5,"Salaried","Rent","Vehicle",0
"3016",37666,"Female","Diploma",0,20.75,439935,1.57,1063422,4.89,21.92,32.1,"Salaried","Own","Debt_consolidation",0
"4377",49680,"Female","Grade 12",0,18.75,578394,1.85,1807035,7.18,37.58,37,"Salaried","Rent","Vehicle",1
"2536",33010,"Male","No records",2,18.75,374770,1.6,439446,22.67,76.12,51.7,"Salaried","Rent","Vehicle",0
"4794",53679,"Female","No records",0,20.25,1022014,2.04,881402,29.09,95.65,53.9,"Contract","Mortgage","Home_improvement",0
"9783",98144,"Male","Grade 12",1,24.25,502878,1.96,940075,4.17,22.04,32.5,"Contract","Own","Debt_consolidation",0
"63",10576,"Female","No records",0,23.75,460900,1.62,749895,35.84,114.21,60.5,"Contract","Rent","Vehicle",1
"2469",32300,"Male","No records",0,22.75,895554,1.38,3076455,11.36,42.42,39.7,"Contract","Own","Debt_consolidation",1
"8207",84046,"Female","No records",0,16.75,642927,1.41,222500,5.54,29.17,38.4,"Salaried","Mortgage","Vehicle",0
"7087",74064,"Male","Degree",0,17.75,540226,1.9,1602272,33.67,114.69,59.1,"Salaried","Mortgage","Vehicle",1
"8869",89875,"Male","Diploma",0,18.75,550848,1.56,1781857,15.36,56.65,41.8,"Salaried","Rent","Vehicle",0
"4938",54832,"Male","No records",0,18.75,275817,1.18,207149,8.8,31.97,34.2,"Salaried","Rent","Vehicle",0
"6644",70526,"Female","Grade 12",2,16.75,317688,1.98,232832,7.69,30.29,40.1,"Salaried","Mortgage","Home_improvement",0
"517",14829,"Female","Grade 12",0,27.25,736254,2.19,1628456,2.85,22.17,37.7,"Self-employed","Rent","Other",1
"1094",20033,"Female","Diploma",0,32.75,6131,0.42,9063,4.79,21.83,34.2,"Unemployed","Mortgage","Debt_consolidation",0
"1992",27901,"Male","Degree",1,17.75,295744,1.16,814692,26.34,81.85,50,"Salaried","Mortgage","Vehicle",0
"6107",65782,"Male","No records",1,18.75,546159,1.86,1716240,22.53,82.76,46.2,"Salaried","Rent","Vehicle",0
"6388",67949,"Female","Diploma",1,16.25,1164043,2.01,420628,22.68,75.2,55.5,"Self-employed","Mortgage","Home_improvement",1
"4224",48213,"Male","Diploma",2,29.75,1586,0.35,5480,24.29,88.85,50,"Unemployed","Rent","Debt_consolidation",1
"6751",71327,"Female","Grade 12",0,16.75,299221,1.24,560457,16.26,58.38,39.7,"Salaried","Mortgage","Home_improvement",1
"4101",47157,"Female","Degree",0,35,5590,0.54,3385,0.87,9.55,33.8,"Unemployed","Rent","Debt_consolidation",0
"1489",23467,"Female","Diploma",0,22.75,2258116,2.39,7137306,29.71,99,63.7,"Self-employed","Own","Debt_consolidation",1
"9164",92458,"Male","Grade 12",1,23.75,1008550,1.58,1656973,32.79,106.82,60.1,"Contract","Rent","Vehicle",0
"7892",81136,"Male","Degree",0,23.75,891400,1.68,3146301,6.32,29.18,34.1,"Contract","Rent","Vehicle",1
"8653",88012,"Male","Diploma",2,21.75,733579,1.63,1605879,13.9,55.98,40.3,"Salaried","Rent","Other",0
"4946",54873,"Female","Diploma",1,25.25,2922570,1.38,9854210,5.21,28.08,31.4,"Self-employed","Rent","Other",1
"9187",92672,"Female","No records",0,35,3228,0.51,11835,19.36,69.78,51.8,"Unemployed","Rent","Other",1
"8931",90366,"Male","Degree",0,25.25,948900,1.83,1832393,13.44,51.48,40.1,"Contract","Rent","Other",1
"847",17814,"Male","Diploma",2,16.75,470005,1.16,336950,11.98,42.63,35,"Salaried","Mortgage","Home_improvement",0
"9135",92146,"Female","Diploma",0,32.25,7297,0.45,27644,17.8,64.96,46.9,"Unemployed","Rent","Debt_consolidation",1
"5930",64059,"Male","Grade 12",0,26.25,1162594,1.8,1901751,0.35,10,22.9,"Self-employed","Own","Debt_consolidation",1
"5158",56906,"Female","Grade 12",0,18.75,393915,1.16,582849,14.17,56.55,44.6,"Salaried","Rent","Vehicle",0
"6672",70702,"Male","No records",2,30.25,3303,0.35,10725,6.64,27.61,31.6,"Unemployed","Mortgage","Debt_consolidation",1
"3802",44710,"Female","Degree",0,33.75,3086,0.37,2390,3.08,18.72,28.3,"Unemployed","Rent","Debt_consolidation",1
"3368",40975,"Female","Grade 12",1,17.75,101987,1.38,169533,17.94,65.27,51.1,"Salaried","Mortgage","Vehicle",0
"6009",64880,"Female","Diploma",0,35,2368,0.55,4318,39.52,128.39,62.7,"Unemployed","Rent","Debt_consolidation",1
"6855",72155,"Male","Grade 12",1,21.75,680431,1.33,2056989,20.4,69.17,50.1,"Salaried","Rent","Other",0
"7690",79217,"Female","Diploma",0,19.25,385745,1.61,348466,39.46,126.62,74.1,"Salaried","Mortgage","Vehicle",0
"5275",58009,"Female","Diploma",0,21.25,1317125,2.31,4253761,6.72,35,33.4,"Self-employed","Mortgage","Vehicle",0
"6040",65116,"Male","No records",0,35,3069,0.5,6087,16.4,59.11,40.3,"Unemployed","Rent","Debt_consolidation",0
"4984",55184,"Male","Diploma",0,17.75,318024,1.59,250411,34.35,116.75,57.2,"Salaried","Mortgage","Vehicle",0
"6142",66061,"Female","Degree",0,21.75,234606,1.42,789087,22.64,79.49,51.7,"Salaried","Rent","Other",0
"3885",45450,"Male","Grade 12",0,19.25,309752,1.36,849395,25.24,91.32,50.6,"Salaried","Own","Debt_consolidation",1
"5975",64504,"Male","No records",2,20.25,584155,1.71,851729,30.22,102.78,57.2,"Contract","Mortgage","Home_improvement",1
"7581",78133,"Female","Diploma",2,20.75,714660,1.05,868433,37.23,124.58,70.1,"Salaried","Own","Debt_consolidation",1
"7803",80319,"Female","No records",1,17.75,398251,1.43,1416392,10.6,42.76,41.2,"Salaried","Mortgage","Vehicle",0
"5331",58496,"Female","Degree",0,20.25,878966,2.1,3284623,16.01,54.6,48.9,"Contract","Mortgage","Home_improvement",0
"6252",66936,"Female","Grade 12",0,17.75,279094,1.78,976717,27.7,95.19,53,"Salaried","Mortgage","Vehicle",1
"5921",63932,"Male","Grade 12",1,16.75,408711,1.44,985963,29.71,100.66,57.9,"Salaried","Mortgage","Home_improvement",1
"7379",76314,"Male","Diploma",1,23.75,1289327,1.37,3329937,19.37,71.35,47,"Self-employed","Rent","Other",1
"4496",50743,"Female","Grade 12",0,19.25,123099,1.41,336441,32.27,105.45,67.1,"Salaried","Mortgage","Vehicle",1
"700",16427,"Female","Degree",0,15.25,269720,1.56,141595,12.95,46.22,41.8,"Salaried","Mortgage","Vehicle",0
"6572",69848,"Female","Grade 12",0,16.75,215697,1.72,536909,28.58,97.94,58.6,"Salaried","Mortgage","Home_improvement",1
"1597",24537,"Female","Diploma",0,18.75,1618174,1.32,760518,33.48,109.92,66.7,"Self-employed","Mortgage","Vehicle",1
"8568",87240,"Female","Diploma",0,24.25,620050,2.34,492131,33.71,114.87,64.8,"Contract","Own","Debt_consolidation",1
"2231",30166,"Male","No records",1,35,4906,0.52,10662,35.3,117.6,58.4,"Unemployed","Rent","Debt_consolidation",1
"3759",44231,"Female","No records",0,17.75,485381,1.41,485343,19.34,64.42,53.4,"Salaried","Mortgage","Vehicle",0
"7768",80077,"Male","Diploma",2,21.25,1777084,1.59,5310382,28.28,90.7,51.6,"Self-employed","Own","Debt_consolidation",1
"5156",56897,"Female","Postgrad",0,20.75,474124,1.29,422616,27.6,93.24,62.2,"Salaried","Own","Debt_consolidation",0
"2410",31809,"Male","No records",0,32.25,2925,0.41,3804,23.09,71.42,45.5,"Unemployed","Rent","Debt_consolidation",1
"9723",97633,"Female","Grade 12",0,17.75,235756,1.72,252209,14.94,49.33,47.8,"Salaried","Mortgage","Vehicle",0
"1130",20364,"Male","Grade 12",0,21.75,2703435,1.88,2761004,15.48,58.03,50,"Self-employed","Mortgage","Debt_consolidation",0
"3529",42266,"Female","Diploma",1,16.75,491573,1.85,724538,9.66,33.88,41.7,"Salaried","Mortgage","Home_improvement",0
"5215",57496,"Female","Degree",0,18.75,431544,2.04,1474221,24.72,87.54,54.5,"Salaried","Rent","Vehicle",0
"8060",82739,"Male","Grade 12",0,18.75,218646,1.08,622938,19.24,67.82,52.9,"Salaried","Rent","Vehicle",0
"2520",32809,"Female","Diploma",0,23.75,2258840,2.31,3366858,7.37,30.52,34.6,"Self-employed","Rent","Other",1
"6163",66253,"Female","Postgrad",0,21.75,236578,1.88,313587,15.32,56.82,46.3,"Salaried","Rent","Other",0
"4354",49457,"Female","Degree",1,21.25,4130026,1.77,2439529,16.69,61.95,43.7,"Self-employed","Rent","Other",0
"1997",27963,"Female","Diploma",2,23.75,937735,1.65,3383318,8.04,37.94,42.1,"Self-employed","Rent","Other",1
"9941",99443,"Female","Grade 12",2,18.75,72991,1.39,273287,7.11,26.69,40.2,"Salaried","Rent","Vehicle",0
"5840",63313,"Female","Diploma",2,18.75,579380,1.56,1090431,13.26,47.65,43.9,"Salaried","Rent","Vehicle",0
"5508",60131,"Male","No records",1,22.75,416981,2.3,235706,10.92,46.04,38.2,"Contract","Rent","Other",0
"838",17714,"Female","Degree",2,26.75,779016,2.49,1775212,4.32,21.07,33.7,"Contract","Rent","Other",1
"9540",95922,"Female","Grade 12",0,22.75,1469518,2.07,3397806,4.22,22.72,33.7,"Self-employed","Own","Debt_consolidation",1
"7796",80272,"Female","Degree",2,19.25,202724,1.68,660276,37.78,125.54,64.6,"Salaried","Mortgage","Vehicle",1
"2538",33018,"Female","No records",0,23.25,981411,1.49,1437960,26.34,84.4,50,"Contract","Mortgage","Debt_consolidation",1
"6109",65788,"Female","No records",2,27.25,1171841,2.46,2312004,0.06,13.31,27.9,"Self-employed","Rent","Other",1
"8021",82240,"Male","Grade 12",1,18.75,161527,1.92,355255,26.52,88.81,52.3,"Salaried","Rent","Vehicle",0
"7403",76490,"Female","Diploma",2,18.75,173401,1.27,272779,19.43,70.21,50.4,"Salaried","Rent","Vehicle",0
"9398",94406,"Male","Degree",0,19.25,369204,0.92,755782,34.93,112.97,61.9,"Salaried","Mortgage","Vehicle",0
"2753",34991,"Female","Degree",1,22.75,2084490,1.93,3307159,5.04,29.91,32.1,"Self-employed","Own","Debt_consolidation",1
"9188",92681,"Female","Diploma",0,21.75,345441,1.59,739331,14.98,52.16,42.9,"Salaried","Rent","Other",1
"7918",81360,"Male","Degree",0,21.25,2288710,1.26,6586725,34.24,115.17,66.4,"Self-employed","Mortgage","Vehicle",1
"7895",81155,"Male","Degree",0,22.25,746183,1.4,1231907,22.96,73.61,48,"Contract","Rent","Vehicle",0
"6477",68819,"Female","Grade 12",0,19.75,546797,2.09,289268,11.33,41.98,42.5,"Contract","Rent","Vehicle",0
"2529",32914,"Male","Grade 12",0,18.75,462690,1.33,748815,10.17,36.3,42.5,"Salaried","Rent","Vehicle",0
"3589",42827,"Male","Diploma",0,21.25,1697702,1.99,1976335,24.27,76.88,51.3,"Self-employed","Own","Debt_consolidation",1
"3037",37852,"Male","Postgrad",0,19.25,125605,1.54,384554,5.89,30.4,39.3,"Salaried","Mortgage","Vehicle",1
"9767",97943,"Male","No records",0,19.75,1642434,1.92,2073799,14.9,49.79,39.9,"Self-employed","Mortgage","Vehicle",1
"1697",25348,"Male","Grade 12",1,20.25,404347,1.07,722978,3.03,23.7,26.9,"Salaried","Rent","Vehicle",0
"286",12632,"Female","Grade 12",0,23.25,159091,1.52,466343,39.63,125.44,64.4,"Salaried","Rent","Other",1
"7989",81988,"Male","No records",0,27.25,5347,0.3,2681,29.51,95.73,53.4,"Unemployed","Rent","Debt_consolidation",1
"3778",44430,"Male","No records",0,17.75,447811,1.4,469655,13.7,54.77,46.6,"Salaried","Mortgage","Vehicle",0
"3765",44274,"Female","Grade 12",0,23.25,96072,1.72,314927,5.65,24.49,30.8,"Salaried","Rent","Other",1
"912",18394,"Male","Diploma",0,16.75,364739,1.71,556216,27.84,91.81,54.1,"Salaried","Mortgage","Home_improvement",0
"8192",83907,"Male","Grade 12",0,23.25,92412,1.17,91867,28.83,95.66,63.2,"Salaried","Rent","Other",0
"7595",78268,"Female","Diploma",0,23.75,3998964,2.07,7773842,17.19,65,48.2,"Self-employed","Rent","Other",1
"5351",58628,"Male","Grade 12",1,35,7961,0.57,21919,36.32,122.16,66.8,"Unemployed","Rent","Debt_consolidation",1
"9946",99492,"Female","Grade 12",0,18.75,407049,1.55,512626,10.94,45.13,36.9,"Salaried","Rent","Vehicle",0
"1544",24031,"Female","Diploma",0,22.75,1530690,1.28,741961,36.53,119.24,64.3,"Self-employed","Rent","Other",1
"470",14363,"Male","Degree",0,18.25,473383,1.83,1225133,29.06,93.61,61,"Salaried","Mortgage","Home_improvement",0
"7323",75868,"Female","Grade 12",0,19.25,198473,1.68,142430,31.57,100.56,61.4,"Salaried","Mortgage","Vehicle",1
"1422",22865,"Female","Degree",4,21.75,609678,1.58,657318,14.57,58.39,44.1,"Salaried","Rent","Other",0
"718",16564,"Female","Diploma",0,20.75,562479,1.05,288262,38.02,125.12,72.9,"Salaried","Rent","Other",1
"3075",38174,"Male","No records",0,20.25,743658,1.82,1526347,10.54,37.89,38,"Contract","Mortgage","Home_improvement",0
"7948",81619,"Male","Diploma",1,20.75,296437,1.52,353825,33.37,112.59,67.9,"Salaried","Own","Debt_consolidation",1
"5699",61998,"Male","Degree",1,33.75,1780,0.44,6342,28.48,96.05,62.3,"Unemployed","Rent","Debt_consolidation",1
"7345",76061,"Female","Diploma",0,16.75,198939,1.64,645770,12.7,45.55,38,"Salaried","Mortgage","Home_improvement",0
"6178",66381,"Female","No records",2,18.25,216880,1.01,483235,33.73,107.56,60.2,"Salaried","Mortgage","Home_improvement",0
"6712",70990,"Female","Grade 12",0,15.25,440918,1.68,248402,24.79,84.07,47.5,"Salaried","Mortgage","Vehicle",0
"4895",54578,"Female","Grade 12",0,21.75,194530,1.96,709023,18.31,66.71,51.4,"Salaried","Rent","Other",1
"9991",99915,"Male","Grade 12",0,21.25,3049932,1.49,10765154,6.2,23.2,28.7,"Self-employed","Mortgage","Vehicle",0
"2823",35598,"Female","Degree",0,18.75,416625,1.3,1228492,20.81,73.01,47.4,"Salaried","Rent","Vehicle",0
"3274",40154,"Male","Degree",1,18.75,167582,1.84,558018,8.55,37.94,35.9,"Salaried","Rent","Vehicle",0
"5251",57839,"Male","Diploma",0,17.75,335735,1.32,743679,16.35,61.77,46.9,"Salaried","Mortgage","Vehicle",1
"9720",97553,"Male","No records",0,21.75,2428920,1.81,6993972,21.75,75.9,49.2,"Self-employed","Mortgage","Debt_consolidation",1
"4003",46329,"Female","No records",1,16.75,442293,1.75,1462919,9.29,41.78,34.3,"Salaried","Mortgage","Home_improvement",0
"2837",35716,"Female","Diploma",0,18.75,415805,2.23,408463,12.67,51.58,44.9,"Salaried","Rent","Vehicle",1
"5256",57897,"Female","Grade 12",0,23.75,912106,1.84,613323,29.5,97.47,56.8,"Self-employed","Rent","Other",1
"8478",86445,"Female","Grade 12",1,20.25,242324,1.43,886292,37.48,126.76,68.3,"Salaried","Rent","Vehicle",1
"2986",37323,"Female","Postgrad",0,32.25,4076,0.43,10717,35.93,117.77,59.5,"Unemployed","Rent","Debt_consolidation",1
"1230",21072,"Female","Degree",0,21.75,1164886,1.79,2969192,27.27,96.44,53.1,"Self-employed","Mortgage","Debt_consolidation",1
"6",10060,"Female","Diploma",0,19.25,216599,1.27,222022,19.04,74.38,48.2,"Salaried","Own","Debt_consolidation",1
"6269",67034,"Male","Grade 12",0,17.75,547710,1.43,2060406,10.31,45.91,38.5,"Salaried","Mortgage","Vehicle",1
"2795",35372,"Female","Diploma",0,19.25,124304,1.47,107450,36.15,117.24,60.9,"Salaried","Mortgage","Vehicle",1
"4868",54326,"Female","Diploma",0,25.25,523289,1.77,1212600,2.18,15.7,32.2,"Self-employed","Mortgage","Debt_consolidation",1
"487",14527,"Female","Degree",0,21.25,439117,1.69,1118447,1.83,11.55,28.5,"Salaried","Mortgage","Vehicle",0
"5713",62139,"Male","Postgrad",3,16.75,391717,2.31,663538,8.29,35.58,40.6,"Salaried","Mortgage","Home_improvement",0
"1051",19676,"Female","Grade 12",0,19.25,459751,1.38,229650,18.81,68.04,43.1,"Salaried","Rent","Other",0
"462",14278,"Male","No records",0,20.25,463050,1.49,606833,39.45,126.46,66.4,"Salaried","Rent","Vehicle",1
"8868",89866,"Female","Degree",0,18.25,364587,1.11,535068,33.23,108.48,65.4,"Salaried","Mortgage","Home_improvement",0
"8340",85288,"Female","No records",2,21.25,3123333,2.08,1524982,9.39,35.84,41.4,"Self-employed","Rent","Other",0
"6213",66628,"Male","Grade 12",3,17.75,822531,1.09,2556278,25.07,80.64,54.2,"Salaried","Mortgage","Vehicle",0
"1965",27555,"Female","Grade 12",0,15.25,564987,1.5,189021,14,54.4,45.6,"Salaried","Mortgage","Vehicle",1
"191",11787,"Female","No records",0,16.75,236405,1.7,85488,20.64,71.36,47,"Salaried","Own","Debt_consolidation",0
"3551",42545,"Female","Grade 12",0,23.25,253378,1.77,603993,4.68,32.68,31.2,"Salaried","Rent","Other",1
"4532",51057,"Male","Diploma",1,22.75,2094442,1.22,5762271,34.19,112.08,63.4,"Self-employed","Own","Debt_consolidation",0
"1686",25204,"Male","Diploma",1,20.75,251017,1.69,881483,39.64,129.7,72,"Salaried","Own","Debt_consolidation",1
"7189",74801,"Male","Grade 12",0,25.25,717439,2.05,1108799,38.55,130.9,71.2,"Self-employed","Rent","Other",1
"3615",43076,"Male","Grade 12",0,21.75,308779,1.49,1131397,1.36,14.98,23.4,"Salaried","Mortgage","Home_improvement",0
"6535",69470,"Male","No records",0,35,3368,0.52,7157,17.78,61.77,51.1,"Unemployed","Rent","Other",1
"8670",88146,"Male","No records",0,18.75,441660,1.17,1146420,11.79,50.83,46.4,"Salaried","Rent","Vehicle",0
"5254",57851,"Female","Grade 12",0,23.75,674064,0.99,864026,8.67,39.87,41.2,"Self-employed","Rent","Other",1
"8929",90330,"Female","Grade 12",3,23.75,564678,1.52,1225348,18.49,60.52,45.5,"Self-employed","Rent","Other",1
"5457",59552,"Female","No records",0,17.75,110444,1.52,399896,10.41,37.17,41.7,"Salaried","Mortgage","Vehicle",1
"9",10074,"Male","Degree",0,35,5552,0.47,4820,11.06,48.85,39.6,"Unemployed","Rent","Debt_consolidation",1
"4923",54720,"Female","Degree",0,21.75,263801,1.78,525255,34,110.09,58.3,"Salaried","Rent","Other",1
"2764",35060,"Male","Degree",0,33.75,5138,0.66,16217,20.33,68.78,46.2,"Unemployed","Rent","Vehicle",1
"4197",47947,"Female","Diploma",1,22.25,300778,2.28,771366,12.6,44.15,42.9,"Contract","Rent","Vehicle",0
"3680",43600,"Male","Diploma",0,23.75,2886971,2.17,2119502,24.54,81.6,54.8,"Self-employed","Rent","Other",1
"7410",76565,"Male","Diploma",0,35,4173,0.54,3311,13.7,46.01,35.9,"Unemployed","Rent","Debt_consolidation",1
"4460",50454,"Female","No records",0,18.75,203945,1.5,594595,23.57,84.51,51.7,"Salaried","Rent","Vehicle",1
"3834",45010,"Male","Grade 12",0,19.25,551614,1.67,661063,7.45,28.96,42.4,"Salaried","Own","Debt_consolidation",1
"1170",20577,"Female","Grade 12",0,19.25,552874,1.52,1075317,31.42,100.72,56.2,"Salaried","Own","Debt_consolidation",1
"8003",82110,"Male","Grade 12",1,20.75,433631,2.14,1418580,30.17,105.29,64,"Salaried","Own","Debt_consolidation",1
"139",11318,"Female","Diploma",0,20.25,647369,1.35,1852367,0.77,13.61,34.5,"Salaried","Mortgage","Home_improvement",1
"3436",41513,"Male","Diploma",0,17.75,183783,1.84,144871,8.24,31.41,37.2,"Salaried","Mortgage","Vehicle",0
"2249",30424,"Male","Grade 12",0,33.75,2350,0.44,6245,35.91,115.43,65.2,"Unemployed","Rent","Debt_consolidation",1
"6061",65321,"Female","Grade 12",2,20.25,440158,1.96,668059,33.78,114.36,67,"Salaried","Rent","Vehicle",1
"8551",87067,"Female","Diploma",0,25.25,2520194,2.06,2564348,30.77,98.75,63.1,"Self-employed","Rent","Other",0
"6811",71808,"Female","Diploma",1,25.25,3304323,1.74,3951371,39.14,128.02,73.5,"Self-employed","Rent","Other",1
"8285",84822,"Male","Grade 12",0,28.75,2580716,1.94,8870311,0.12,11.9,23.7,"Self-employed","Rent","Other",1
"9289",93723,"Male","Grade 12",0,32.25,3420,0.41,4245,18.54,68.62,48.5,"Unemployed","Rent","Debt_consolidation",1
"2490",32467,"Female","No records",1,23.75,4448752,2.13,4303660,32.45,105.45,55.3,"Self-employed","Rent","Other",1
"6937",72805,"Female","Diploma",0,16.75,121824,2.15,194931,26.45,93.14,53,"Salaried","Mortgage","Home_improvement",1
"9879",98908,"Male","No records",0,20.75,590226,1.42,1551409,5.31,25.07,35.3,"Salaried","Own","Debt_consolidation",0
"3686",43640,"Male","Diploma",0,17.25,656953,2.56,343337,19.11,76.2,46.4,"Self-employed","Mortgage","Vehicle",1
"9313",93868,"Male","Postgrad",1,14.25,884381,1.56,383752,11.41,46.81,33.9,"Salaried","Mortgage","Home_improvement",0
"3143",38912,"Male","Degree",1,21.25,3003186,1.95,11006713,11.26,46.96,34.1,"Self-employed","Own","Debt_consolidation",0
"2262",30532,"Female","No records",0,21.25,1088279,2,3304533,35.69,113.53,69.6,"Self-employed","Mortgage","Vehicle",1
"8469",86402,"Male","No records",0,19.25,398384,1.56,644301,37.99,122.84,67.5,"Salaried","Mortgage","Vehicle",1
"1793",26109,"Female","Grade 12",0,21.25,530017,1.7,868965,24.19,80.02,59.1,"Contract","Mortgage","Vehicle",1
"5686",61888,"Male","No records",2,23.25,317730,1.17,480519,35.75,123.47,62.2,"Salaried","Rent","Other",1
"3546",42488,"Female","Diploma",1,22.25,1138034,1.95,3194535,23.27,75.73,51.1,"Contract","Rent","Vehicle",1
"4326",49190,"Female","Postgrad",2,18.75,374508,1.64,544036,11.97,41.45,43.4,"Salaried","Rent","Vehicle",0
"7904",81247,"Male","Grade 12",0,21.25,155809,1.45,123649,6.99,31.86,29.8,"Self-employed","Mortgage","Vehicle",1
"1244",21290,"Female","Degree",1,16.25,253531,1.78,153121,25.89,89.09,48.6,"Salaried","Rent","Vehicle",1
"5613",61232,"Male","Grade 12",0,19.25,192054,1.53,122419,25.53,83.56,50.9,"Salaried","Rent","Other",0
"9808",98360,"Male","Degree",0,19.25,167563,1.54,350696,17.69,64.02,45.4,"Salaried","Own","Debt_consolidation",1
"1220",21006,"Female","Grade 12",0,18.25,194107,1.69,301351,35.14,117.73,68.8,"Salaried","Mortgage","Home_improvement",1
"5437",59320,"Male","Diploma",1,20.75,702274,1.82,282726,1.82,19.43,32.5,"Self-employed","Mortgage","Vehicle",0
"5483",59843,"Female","No records",0,17.75,423618,1.17,1444244,15.47,49.95,39,"Salaried","Mortgage","Vehicle",1
"7193",74823,"Female","No records",0,14.25,429941,1.64,268758,25.32,86.97,55.6,"Salaried","Mortgage","Home_improvement",1
"134",11257,"Female","Grade 12",0,17.75,147038,1.69,522584,26.41,89.21,57.5,"Salaried","Mortgage","Vehicle",0
"318",12936,"Female","Postgrad",0,20.25,149922,1.6,462050,36.66,120.78,68.7,"Salaried","Rent","Vehicle",1
"5005",55396,"Female","Grade 12",1,19.25,408308,1.22,489412,19.58,68.8,43.8,"Salaried","Own","Debt_consolidation",1
"6387",67947,"Male","No records",0,19.25,159305,1.57,226898,5.64,28.33,36.3,"Salaried","Mortgage","Vehicle",0
"5879",63621,"Female","Degree",3,16.75,176122,1.52,651391,8.5,32.08,34.9,"Salaried","Mortgage","Home_improvement",1
"3028",37759,"Male","Diploma",0,18.75,259201,1.46,276974,28.22,91.53,53.2,"Salaried","Rent","Vehicle",0
"1358",22307,"Male","Degree",1,18.75,451002,1.59,1049719,23.03,83.6,45.4,"Salaried","Rent","Vehicle",0
"8857",89777,"Female","Diploma",0,17.75,321643,1.61,809743,23.63,78.35,45.8,"Salaried","Mortgage","Vehicle",0
"6123",65902,"Male","Grade 12",3,18.75,135501,1.3,400852,16.55,58.77,44.3,"Salaried","Rent","Vehicle",1
"1464",23291,"Male","No records",0,31.25,8393,0.35,19462,39.21,129.83,69.7,"Unemployed","Rent","Debt_consolidation",1
"5636",61430,"Male","Diploma",0,23.25,539267,2.5,2042681,26.11,92.47,52.8,"Contract","Mortgage","Debt_consolidation",1
"631",15793,"Male","No records",2,19.75,412559,1.75,1222926,9.42,41.03,37.3,"Self-employed","Mortgage","Vehicle",0
"9387",94348,"Male","Diploma",2,19.25,1890419,1.83,579848,1.64,18.19,34.6,"Self-employed","Mortgage","Vehicle",0
"2549",33079,"Male","Grade 12",2,21.75,613399,2.34,1285055,17.74,68.74,40.9,"Self-employed","Mortgage","Debt_consolidation",1
"8370",85573,"Male","Diploma",0,19.75,4298271,1.28,13221902,15.98,54.81,42.5,"Self-employed","Mortgage","Vehicle",0
"4329",49218,"Female","Degree",1,31.25,3822,0.39,8216,7.71,28.54,31.3,"Unemployed","Mortgage","Debt_consolidation",1
"251",12370,"Male","Diploma",1,18.25,189707,1.4,589297,6.96,27.83,41.4,"Salaried","Mortgage","Home_improvement",0
"5262",57929,"Female","Grade 12",0,23.75,2322592,1.8,3218866,15.17,61.1,41.1,"Self-employed","Rent","Other",1
"599",15510,"Female","Grade 12",0,28.75,3548,0.23,6873,26.36,91.87,51.8,"Unemployed","Mortgage","Debt_consolidation",1
"7035",73657,"Female","Grade 12",0,21.75,1892832,1.72,5270532,22.91,81.2,45,"Self-employed","Mortgage","Debt_consolidation",1
"8620",87662,"Female","Grade 12",0,18.25,221216,2.56,522747,5.54,27.2,38.7,"Salaried","Mortgage","Home_improvement",1
"274",12525,"Female","Degree",3,16.75,391392,1.28,666521,8.73,33.9,42.2,"Salaried","Mortgage","Home_improvement",0
"1852",26650,"Female","Degree",0,35,7248,0.55,26300,37.49,123.97,65.8,"Unemployed","Rent","Debt_consolidation",1
"469",14338,"Female","No records",0,23.75,1335471,2.02,2092341,20.7,67.36,49.5,"Self-employed","Rent","Other",1
"3059",37996,"Male","No records",0,16.75,125249,0.9,129494,8.96,34.09,41,"Salaried","Mortgage","Home_improvement",0
"8588",87415,"Female","Diploma",1,15.75,375531,1.4,152331,34.54,114.01,68.6,"Salaried","Mortgage","Home_improvement",1
"1291",21735,"Male","No records",0,17.75,226159,1.2,460942,26.38,85.71,57.4,"Salaried","Mortgage","Vehicle",0
"4517",50913,"Female","Degree",1,16.75,460387,1.81,661213,26.73,87.09,56.1,"Salaried","Mortgage","Home_improvement",1
"3751",44176,"Male","No records",0,23.25,321814,1.73,727968,36.73,119.6,69.6,"Salaried","Rent","Other",0
"6892",72443,"Male","No records",0,17.75,198082,1.92,138935,13.41,52.16,45.8,"Salaried","Mortgage","Vehicle",0
"1809",26256,"Female","No records",0,18.25,480471,1.8,1219207,35.24,110.67,68.8,"Salaried","Mortgage","Home_improvement",1
"862",17940,"Male","No records",0,20.75,239048,1.25,350738,30.24,107.43,62.5,"Salaried","Own","Debt_consolidation",1
"782",17230,"Male","Grade 12",2,21.25,1468163,1.7,2663503,23.08,79.83,51.6,"Contract","Mortgage","Vehicle",0
"8964",90627,"Male","Grade 12",0,17.75,384764,0.67,264650,11.66,42.18,38.6,"Salaried","Mortgage","Vehicle",0
"2718",34659,"Female","Diploma",0,22.25,413471,1.56,1383008,15.17,61.54,49.7,"Contract","Rent","Vehicle",1
"5482",59840,"Female","No records",0,16.75,452037,1.88,179058,6.06,25.54,37.6,"Salaried","Mortgage","Vehicle",0
"8353",85422,"Female","Diploma",0,25.25,548137,1.93,865114,36.08,117.41,63,"Self-employed","Rent","Other",1
"4200",47974,"Female","Diploma",0,21.75,227171,1.05,599050,7.56,36.26,41,"Salaried","Rent","Other",0
"2548",33071,"Male","Diploma",0,16.25,262651,1.8,143403,25.08,89.24,60,"Salaried","Rent","Vehicle",0
"8632",87799,"Male","Diploma",0,22.75,574684,2.25,1919464,30.41,98.35,61.3,"Contract","Mortgage","Vehicle",1
"3404",41267,"Male","Degree",0,24.75,387158,1.71,1072826,5.73,27.41,38.9,"Contract","Mortgage","Debt_consolidation",1
"2064",28644,"Female","Diploma",0,18.75,327868,1.74,593957,16.82,59.98,41.5,"Salaried","Rent","Vehicle",1
"477",14453,"Male","No records",1,18.75,394328,2.05,1147903,15.91,54.52,47,"Salaried","Rent","Vehicle",1
"4263",48619,"Female","Grade 12",1,19.25,308490,2,998761,10.38,45.43,40.8,"Salaried","Own","Debt_consolidation",1
"199",11850,"Male","No records",0,18.75,261196,1.9,191121,14.61,57.22,37.4,"Salaried","Rent","Vehicle",0
"217",12044,"Female","Diploma",1,21.25,866332,1.6,371613,2.18,19.4,29.8,"Contract","Mortgage","Home_improvement",1
"3909",45629,"Female","Diploma",0,18.75,283681,1.41,791974,11.43,43.01,46,"Salaried","Rent","Vehicle",0
"5012",55444,"Female","Diploma",0,20.25,2119998,2.56,6827575,35.32,118.66,63.9,"Self-employed","Mortgage","Home_improvement",1
"6078",65496,"Female","Degree",0,21.25,1205637,0.84,2095077,24.4,80.78,49.8,"Self-employed","Own","Debt_consolidation",1
"666",16020,"Male","Grade 12",0,34.75,1381,0.63,1864,10.18,40.7,35,"Unemployed","Mortgage","Debt_consolidation",1
"6158",66218,"Female","Grade 12",0,20.75,296404,1.41,126270,5.19,24.73,37.4,"Salaried","Rent","Other",0
"9893",99052,"Female","Grade 12",2,18.75,212082,1.46,315242,17.9,68.7,51,"Salaried","Rent","Vehicle",0
"3172",39109,"Male","Grade 12",0,16.25,865017,1.81,308440,23.22,82.44,58.2,"Salaried","Rent","Vehicle",0
"5408",59099,"Male","Diploma",0,21.75,786679,1.49,2201403,9.76,39.96,39.1,"Salaried","Rent","Other",0
"3256",39989,"Male","Grade 12",0,21.25,1775924,1.35,1250732,32.47,107.55,66.5,"Self-employed","Mortgage","Vehicle",1
"345",13198,"Female","Degree",0,17.75,363002,1.5,416211,19.68,66.22,51.4,"Salaried","Mortgage","Vehicle",0
"3153",38959,"Male","Grade 12",1,20.25,295381,1.79,208086,33.61,113.64,68.1,"Salaried","Rent","Vehicle",0
"5051",55830,"Female","Diploma",0,15.25,396572,1.21,131699,32.3,109.48,63.9,"Salaried","Mortgage","Vehicle",1
"2950",37053,"Male","Grade 12",0,35,5875,0.6,13967,19.22,64.3,46.6,"Unemployed","Rent","Debt_consolidation",0
"8933",90384,"Female","Degree",1,18.75,3217720,1.93,5626485,15.75,57.8,50.2,"Self-employed","Mortgage","Home_improvement",0
"2778",35236,"Female","Degree",1,35,3433,0.47,8705,39.65,129.6,63.7,"Unemployed","Rent","Debt_consolidation",0
"5305",58286,"Female","Grade 12",0,17.75,267189,2.09,990659,15.87,59.9,48.1,"Salaried","Mortgage","Vehicle",1
"3535",42357,"Female","Diploma",0,18.25,272963,1.76,754792,39.62,128.27,71,"Salaried","Mortgage","Home_improvement",0
"6126",65920,"Female","Diploma",1,21.25,469296,1.9,1138435,37.03,118.98,68.8,"Self-employed","Mortgage","Vehicle",1
"7610",78454,"Male","Grade 12",2,25.25,3446145,1.81,4669025,39.52,133.27,66.5,"Self-employed","Rent","Other",1
"5674",61798,"Male","Grade 12",2,21.25,2453959,0.99,7030683,4.2,22.56,36.5,"Self-employed","Mortgage","Vehicle",0
"1588",24396,"Female","Grade 12",0,17.75,353345,1.81,264801,13.91,50.4,36.4,"Salaried","Mortgage","Vehicle",0
"4803",53761,"Male","Degree",2,23.75,2075552,1,4071206,8.43,36.53,39.6,"Self-employed","Rent","Other",0
"9486",95385,"Female","Postgrad",0,18.75,616748,1.29,1585157,28.11,94.73,52.5,"Salaried","Rent","Vehicle",1
"6907",72573,"Male","Diploma",0,23.75,1674502,1.91,3388172,23.25,78.77,45.6,"Self-employed","Rent","Other",1
"2572",33267,"Female","Grade 12",3,35,1486,0.53,3170,11.56,43.51,42.2,"Unemployed","Rent","Debt_consolidation",1
"1167",20562,"Male","No records",1,18.75,243822,1.39,354336,15.53,58.56,44.7,"Salaried","Rent","Vehicle",1
"7418",76693,"Male","No records",0,17.75,356381,0.94,616665,12.6,46.57,46.5,"Salaried","Mortgage","Vehicle",1
"285",12631,"Male","Degree",0,18.75,143701,1.23,513464,29.88,95.33,55.7,"Salaried","Rent","Vehicle",0
"5497",60000,"Female","No records",0,20.25,473740,1.11,1569280,36.09,119.4,65.8,"Salaried","Rent","Vehicle",1
"1112",20205,"Male","Diploma",0,21.25,3227229,1.74,2457716,6.95,22.75,31.4,"Self-employed","Mortgage","Vehicle",1
"3578",42695,"Male","Degree",0,24.25,1008297,1.13,2451230,30,98.52,62.2,"Contract","Own","Debt_consolidation",1
"7770",80090,"Female","Grade 12",2,18.25,516821,1.01,1165985,6.57,31.14,33.2,"Salaried","Mortgage","Home_improvement",0
"2151",29455,"Female","Grade 12",0,16.75,206414,1.57,406927,26.81,90.81,54.8,"Salaried","Mortgage","Home_improvement",0
"1744",25754,"Female","Diploma",2,16.75,522371,1.6,355448,7.29,33.09,38.9,"Salaried","Mortgage","Home_improvement",0
"8085",82989,"Male","Diploma",1,19.25,277550,1.47,154405,13.21,50.11,39.2,"Salaried","Rent","Other",0
"5065",55957,"Female","Grade 12",0,19.75,834562,2.27,1473646,32.32,112.72,54.4,"Self-employed","Mortgage","Vehicle",1
"4259",48601,"Female","Grade 12",0,17.75,574273,1.31,1723021,16.39,55.76,50.5,"Salaried","Mortgage","Vehicle",0
"5664",61710,"Male","Diploma",2,18.75,254480,1.24,544267,19.19,66.5,48.1,"Salaried","Rent","Vehicle",0
"6201",66558,"Female","Grade 12",0,34.25,4176,0.7,15032,3.63,17.24,31.3,"Unemployed","Rent","Home_improvement",0
"3374",41039,"Female","Degree",0,15.75,269998,2.09,123323,28.83,97.32,63.6,"Salaried","Mortgage","Home_improvement",0
"7462",77099,"Male","Diploma",0,22.75,1648869,2.25,6164312,5.44,30.27,34,"Self-employed","Own","Debt_consolidation",0
"3473",41838,"Female","Diploma",1,19.25,93808,1.48,314354,14.93,58.11,45.2,"Salaried","Own","Debt_consolidation",0
"2980",37276,"Female","Diploma",3,20.25,846333,1.81,2202332,31.07,103.78,64.3,"Self-employed","Mortgage","Home_improvement",1
"5247",57818,"Male","No records",0,18.75,401225,1.42,653120,11.44,46.54,36.7,"Salaried","Rent","Vehicle",0
"2144",29377,"Male","Diploma",0,20.25,520937,1.94,755884,35.48,114.97,67.2,"Salaried","Rent","Vehicle",1
"8197",83943,"Male","Grade 12",4,19.25,147093,1.78,261191,15.19,56.46,47.2,"Salaried","Own","Debt_consolidation",1
"3166",39068,"Female","Diploma",2,35,4057,0.65,11725,5.68,30.42,40.7,"Unemployed","Rent","Debt_consolidation",1
"3794",44643,"Male","Grade 12",0,21.75,337450,1.49,671580,23.67,77.01,48.7,"Salaried","Rent","Other",1
"7195",74842,"Male","Diploma",1,23.25,847278,1.4,2882776,36.16,120.54,69.1,"Salaried","Rent","Other",1
"1933",27313,"Male","Diploma",1,18.75,109182,1.4,329513,18.5,66.63,40.7,"Salaried","Rent","Vehicle",1
"4264",48623,"Female","Grade 12",3,20.25,2684321,1.29,1380022,37.19,125.99,67.2,"Self-employed","Own","Debt_consolidation",0
"8446",86191,"Male","Postgrad",2,16.75,596797,1.32,980783,26.39,91.12,51.7,"Salaried","Mortgage","Home_improvement",0
"2430",31943,"Male","Diploma",0,18.25,294070,1.92,300522,4.76,25.25,35.4,"Salaried","Mortgage","Home_improvement",0
"8970",90705,"Female","Grade 12",0,22.25,784170,1.66,1938497,18.3,63.56,44.9,"Contract","Rent","Vehicle",0
"8056",82662,"Female","Degree",1,19.25,131183,1.32,333667,6.05,29.87,39,"Salaried","Mortgage","Vehicle",0
"1227",21037,"Female","Grade 12",1,35,8215,0.46,28535,10.97,41.48,39.5,"Unemployed","Rent","Debt_consolidation",0
"9367",94229,"Female","Diploma",0,18.75,2755873,1.54,2887777,24.44,82.83,50,"Self-employed","Mortgage","Home_improvement",1
"252",12372,"Female","No records",0,14.25,395116,1.78,240908,9.35,38.03,43.1,"Salaried","Mortgage","Home_improvement",0
"6422",68284,"Female","Grade 12",0,25.25,410153.5,2.35,2489742,4.91,26.63,28.4,"Self-employed","Rent","Other",0
"2595",33463,"Male","Diploma",0,21.25,609643,2,1146504,39.61,129.61,69.2,"Self-employed","Mortgage","Vehicle",1
"2565",33220,"Female","Grade 12",1,19.75,3297318,1.55,3838225,9.83,42.42,36.9,"Self-employed","Mortgage","Vehicle",0
"9631",96790,"Female","Grade 12",1,19.25,209570,1.33,669316,6.37,33.69,29.1,"Salaried","Mortgage","Vehicle",1
"8263",84609,"Female","No records",3,21.25,2629811,2.28,1282389,25.92,87.46,56.5,"Self-employed","Rent","Other",1
"1794",26132,"Male","Degree",0,18.75,160509,1.64,266882,15.92,61.11,50.4,"Salaried","Rent","Vehicle",1
"6605",70172,"Female","Diploma",0,14.25,349939,0.92,218851,26.85,90.82,59.1,"Salaried","Mortgage","Home_improvement",0
"7286",75572,"Female","Postgrad",0,35,4989,0.54,6101,0.82,14.2,30,"Unemployed","Rent","Debt_consolidation",1
"1299",21822,"Male","Grade 12",2,20.75,171584,2.29,124325,35.82,119.05,65.3,"Salaried","Own","Debt_consolidation",1
"5893",63728,"Male","No records",0,19.25,488372,1.15,956808,20.59,71.1,43.6,"Salaried","Own","Debt_consolidation",0
"6778",71562,"Male","Diploma",1,22.25,346710,1.63,299126,2.74,15.35,29,"Salaried","Rent","Vehicle",1
"624",15736,"Female","Degree",0,18.25,174822,1.64,244803,4.26,16.95,33.5,"Salaried","Mortgage","Home_improvement",0
"6103",65673,"Female","Grade 12",1,25.25,851250,1.83,1976352,30.69,100.94,63.6,"Self-employed","Rent","Other",1
"7204",74943,"Male","Grade 12",0,25.25,2872890,2.4,4012456,35.83,115.76,62.9,"Self-employed","Rent","Other",1
"7319",75834,"Male","Diploma",0,17.75,220617,2.03,211941,35.91,122.46,58.3,"Salaried","Mortgage","Vehicle",1
"6594",70048,"Female","Grade 12",2,19.75,2817257,1.44,3804014,26.15,92.32,58.2,"Self-employed","Mortgage","Vehicle",1
"9052",91459,"Female","Diploma",2,21.75,488685,1.44,412632,19.49,67.34,42.3,"Salaried","Rent","Other",0
"2245",30338,"Female","Grade 12",2,25.25,402042,1.52,962575,0.12,10.83,31.7,"Salaried","Rent","Other",0
"3610",43050,"Female","Grade 12",0,21.25,1335624,1.69,3241792,9.78,43.34,35.7,"Contract","Mortgage","Vehicle",1
"799",17390,"Female","Grade 12",0,23.75,1401900,1.7,2538704,15.2,54.54,47.2,"Self-employed","Rent","Other",1
"7987",81985,"Female","Diploma",0,20.75,554554,1.46,233876,39.52,124.49,68.3,"Salaried","Rent","Other",0
"8254",84546,"Female","Diploma",0,23.25,585865,1.42,1210569,37.92,126.48,68.6,"Salaried","Rent","Other",1
"2811",35494,"Female","Grade 12",0,22.75,729145,2.12,2335700,37.56,123.73,72.6,"Contract","Mortgage","Vehicle",1
"2428",31932,"Male","Grade 12",1,16.75,330895,1.23,558008,17.08,60.19,39.2,"Salaried","Mortgage","Home_improvement",1
"1684",25190,"Female","No records",4,21.75,2793720,2.27,10410398,22.04,74.59,46.7,"Self-employed","Mortgage","Debt_consolidation",0
"1056",19751,"Male","No records",0,18.25,450792,1.19,1073861,6.34,28.64,31.3,"Salaried","Mortgage","Home_improvement",0
"994",19140,"Female","Grade 12",0,20.25,394770,1.44,1351779,35.56,116.99,66.9,"Salaried","Rent","Vehicle",0
"154",11480,"Female","Degree",1,23.25,1727482,1.79,1784488,0.42,10.91,35,"Self-employed","Mortgage","Vehicle",1
"6241",66846,"Male","Grade 12",0,19.75,1260039,2.39,1307018,14.1,55.49,38.7,"Self-employed","Mortgage","Vehicle",1
"9436",94835,"Female","Grade 12",4,18.75,308380,1.41,742765,24.36,80.53,49.4,"Salaried","Rent","Vehicle",1
"7912",81295,"Female","Diploma",0,19.75,1847788,1.99,1364331,24.21,87.77,53.6,"Self-employed","Mortgage","Vehicle",1
"9717",97536,"Female","Diploma",2,19.25,541428,1.28,1008916,34.21,117.39,57.8,"Salaried","Own","Debt_consolidation",0
"3877",45396,"Male","No records",0,23.75,753193,2.02,992294,28.21,99.67,52.5,"Self-employed","Rent","Other",1
"8604",87552,"Female","Grade 12",1,17.75,629554,1.1,1264220,28.48,97.1,56.8,"Salaried","Mortgage","Vehicle",0
"7041",73743,"Male","Postgrad",1,22.25,770737,1.87,1427115,22.51,74.29,51.4,"Contract","Rent","Vehicle",0
"1858",26708,"Male","Grade 12",3,21.75,333342,1.7,740583,6.02,26.37,28.9,"Contract","Mortgage","Home_improvement",0
"6598",70102,"Female","No records",0,20.75,508403,1.32,358250,39.69,128.62,62.2,"Salaried","Own","Debt_consolidation",1
"4390",49817,"Male","No records",0,16.75,314335,1.84,1130178,30.37,100.84,59.2,"Salaried","Mortgage","Home_improvement",0
"4801",53742,"Female","No records",0,18.75,213495,1.87,638077,16.14,55.55,43.5,"Salaried","Rent","Vehicle",0
"2461",32251,"Male","Degree",1,25.25,1586854,1.24,2221857,28.15,96.99,62.9,"Self-employed","Rent","Other",0
"2613",33639,"Male","No records",0,19.25,254015,1.24,510059,4.27,24.91,28.8,"Salaried","Mortgage","Vehicle",0
"6066",65371,"Male","No records",1,17.25,1117714,1.48,433022,22.85,75.47,45.7,"Self-employed","Mortgage","Vehicle",1
"9885",98993,"Male","No records",3,20.25,392124,1.55,1233022,5.84,31.36,31.4,"Salaried","Rent","Vehicle",1
"8221",84168,"Male","Degree",2,18.75,549914,1.7,1165427,23.7,83.3,50.6,"Salaried","Rent","Vehicle",1
"7408",76555,"Male","Degree",3,17.75,269908,1.4,909997,32.55,109.68,57.5,"Salaried","Mortgage","Vehicle",0
"5957",64343,"Male","No records",1,23.75,437726,1.03,1348599,31.09,105.32,55.9,"Self-employed","Rent","Other",0
"5880",63624,"Male","Grade 12",2,21.25,1444098,1.62,2126759,10.95,34.18,45.8,"Self-employed","Own","Debt_consolidation",0
"3621",43113,"Female","Diploma",0,23.25,407186,1.89,1502504,33.6,107.37,63.3,"Salaried","Rent","Other",0
"9009",91137,"Female","No records",0,33.75,8726,0.68,15420,10.75,44.83,35.7,"Unemployed","Rent","Vehicle",1
"816",17490,"Male","Grade 12",0,19.25,292108,0.93,468081,10.69,35.94,35.4,"Salaried","Own","Debt_consolidation",0
"6339",67539,"Female","Grade 12",0,23.25,410153.5,1.63,7231019,33.64,112.1,66.6,"Self-employed","Mortgage","Debt_consolidation",1
"8371",85582,"Male","No records",0,19.25,336236,1.21,315380,28.13,99.36,62.1,"Salaried","Mortgage","Vehicle",0
"107",10945,"Male","Diploma",1,20.25,1191428,1.83,1220184,39.1,128.08,68.4,"Self-employed","Mortgage","Home_improvement",1
"8213",84091,"Female","Grade 12",2,17.75,140283,1.68,291189,15.76,57.75,38.9,"Salaried","Mortgage","Vehicle",0
"5721",62224,"Male","Diploma",2,20.25,511125,1.35,1840617,39.48,125.91,74,"Salaried","Rent","Vehicle",1
"6336",67515,"Female","Grade 12",0,35,2885,0.54,10190,30.98,102.65,57.7,"Unemployed","Rent","Debt_consolidation",0
"1125",20309,"Female","No records",0,35,5018,0.51,17876,0.14,12.11,28.2,"Unemployed","Rent","Debt_consolidation",1
"5670",61760,"Male","Grade 12",0,16.75,832009,1.56,1322821,8.62,24.91,36.9,"Salaried","Mortgage","Home_improvement",0
"595",15492,"Male","Postgrad",1,17.75,235351,1.58,645188,16.22,55.84,45.7,"Salaried","Mortgage","Vehicle",0
"4691",52726,"Male","Grade 12",1,18.75,659587,2.09,1258184,33.67,113.84,57.7,"Self-employed","Mortgage","Home_improvement",0
"8638",87854,"Female","Grade 12",0,21.25,785271,1.52,1225242,11.77,45.99,40.6,"Contract","Mortgage","Vehicle",1
"1784",26021,"Male","No records",3,18.75,770581,2.49,2041456,26.98,89.39,58,"Self-employed","Mortgage","Home_improvement",1
"1647",24934,"Female","Grade 12",2,23.25,209083,1.88,393295,28.89,95.02,63.3,"Salaried","Rent","Other",0
"4142",47442,"Male","Grade 12",0,31.25,4096,0.43,14809,22.18,72.89,51.8,"Unemployed","Mortgage","Debt_consolidation",0
"9553",96041,"Male","Grade 12",2,17.75,205763,2.01,450727,11.75,42.69,43.1,"Salaried","Mortgage","Vehicle",1
"4208",48039,"Female","Postgrad",0,21.75,1273931,1.73,1531284,11.07,40.45,34.1,"Self-employed","Mortgage","Debt_consolidation",0
"412",13901,"Female","No records",0,16.75,470653,2.01,171011,33.4,118.31,59.9,"Salaried","Own","Debt_consolidation",1
"8331",85245,"Female","Diploma",0,17.75,475159,2.13,420305,16.61,63.62,48.2,"Salaried","Mortgage","Vehicle",0
"6723",71098,"Female","No records",1,21.25,499325,2.06,799452,11.08,40.6,41.1,"Contract","Mortgage","Vehicle",0
"5061",55937,"Male","Degree",0,21.25,503547,1.72,1251667,0.43,11.98,34.7,"Salaried","Mortgage","Vehicle",1
"1293",21748,"Male","No records",0,21.75,232074,1.38,786423,18.95,66.62,51.8,"Salaried","Rent","Other",1
"5114",56437,"Female","Diploma",1,35,3682,0.51,12589,7.76,37.04,39,"Unemployed","Rent","Other",0
"5086",56119,"Male","No records",1,20.75,100160,1.7,296471,6.11,29.07,34.4,"Salaried","Own","Debt_consolidation",0
"6926",72737,"Female","No records",0,19.75,1305918,1.81,3242824,28.06,97.29,59.6,"Self-employed","Mortgage","Vehicle",0
"2702",34564,"Male","Diploma",0,23.75,939013,1.66,3137453,15.91,60.38,41.2,"Self-employed","Rent","Other",1
"3827",44977,"Male","Grade 12",2,29.75,9059,0.43,4080,28.64,88.16,59.2,"Unemployed","Rent","Debt_consolidation",1
"8253",84545,"Male","Postgrad",2,23.25,527377,1.18,1270696,4.93,25.46,38.9,"Salaried","Rent","Other",1
"8373",85601,"Male","Grade 12",1,17.75,329471,1.22,318409,21.87,78.41,48.8,"Salaried","Mortgage","Vehicle",1
"5312",58327,"Male","No records",0,16.25,763552,1.33,257574,31.45,106.21,53.8,"Self-employed","Mortgage","Home_improvement",1
"7762",80035,"Female","Grade 12",0,18.75,269072,1.01,368296,12.6,46.57,39.9,"Self-employed","Mortgage","Home_improvement",1
"9635",96813,"Female","Postgrad",0,16.75,116655,1.58,144052,18.08,65.08,50.5,"Salaried","Mortgage","Home_improvement",0
"8000",82079,"Male","Degree",0,20.25,1446771,1.45,1550203,33.85,111.25,61.2,"Self-employed","Mortgage","Home_improvement",0
"8158",83633,"Male","Grade 12",0,16.75,153653,1.13,343759,30.94,98.61,57,"Salaried","Mortgage","Home_improvement",0
"7582",78144,"Male","Degree",0,22.75,206976,2.06,583628,24.33,77.57,47.3,"Contract","Own","Debt_consolidation",1
"1484",23437,"Male","No records",2,19.25,244672,1.48,625213,34.91,116.82,67.2,"Salaried","Mortgage","Vehicle",1
"8303",84982,"Female","Diploma",0,25.25,2525571,1.27,2263695,39.14,125.57,68.5,"Self-employed","Rent","Other",0
"5583",60918,"Female","Degree",2,18.25,374354,1.64,1359509,33.41,110.88,65.2,"Salaried","Mortgage","Home_improvement",0
"72",10692,"Male","No records",0,21.25,345896,1.87,735940,23.54,83.27,45.8,"Contract","Mortgage","Vehicle",1
"8114",83208,"Male","Diploma",0,23.25,256124,1.83,332731,34.18,110.52,63.6,"Salaried","Rent","Other",0
"9272",93523,"Male","Grade 12",0,30.25,6120,0.44,19316,21.34,76.54,54.1,"Unemployed","Rent","Vehicle",1
"6532",69410,"Female","No records",0,21.25,1670436,1.75,2202894,30.66,94.01,63.2,"Self-employed","Mortgage","Vehicle",1
"9478",95271,"Female","Diploma",1,20.75,224321,2.16,480509,6.25,26,39.6,"Salaried","Own","Debt_consolidation",0
"6131",65947,"Female","Diploma",3,20.25,329371,1.83,223936,4.77,18.8,39.3,"Salaried","Rent","Vehicle",0
"7301",75653,"Male","Grade 12",0,20.25,291712,1.51,517955,4.29,19.07,32.9,"Salaried","Rent","Vehicle",0
"9750",97839,"Female","Grade 12",0,18.75,263930,1.47,952068,27.62,88.76,57.8,"Salaried","Rent","Vehicle",0
"7625",78564,"Male","No records",0,20.75,126220,0.74,382774,35.82,116.02,69.4,"Salaried","Own","Debt_consolidation",0
"9061",91514,"Female","Grade 12",0,19.25,237604,1.37,598849,14.87,59.33,37.9,"Salaried","Own","Debt_consolidation",0
"1394",22635,"Female","Diploma",0,35,3997,0.58,10198,10.44,35.12,38.8,"Unemployed","Rent","Debt_consolidation",1
"5489",59885,"Female","Degree",0,23.75,588212,1.87,1668050,38.46,125.33,64.3,"Contract","Rent","Vehicle",0
"7177",74747,"Female","Degree",2,18.75,1760714,1.91,6263264,16.21,60.96,44.1,"Self-employed","Mortgage","Home_improvement",0
"5261",57926,"Male","Degree",0,22.25,285823,1.13,804921,0.12,10.84,30.6,"Salaried","Rent","Vehicle",0
"126",11175,"Female","Diploma",2,23.25,2616242,2.23,7941320,32.23,114.25,61.3,"Self-employed","Mortgage","Debt_consolidation",1
"5306",58288,"Female","Diploma",2,18.75,357903,1.27,1131126,14.99,55.72,37.4,"Salaried","Rent","Vehicle",0
"4427",50196,"Female","No records",0,21.75,96010,1.05,110154,19.96,68.42,48.6,"Salaried","Rent","Other",0
"7974",81855,"Female","Diploma",0,22.75,830796,1.31,2854452,4.03,23.61,33.3,"Contract","Mortgage","Vehicle",0
"1180",20669,"Male","Grade 12",0,19.75,1057600,1.61,613372,25.2,87.62,48.5,"Contract","Rent","Vehicle",0
"7223",75103,"Male","Grade 12",1,32.25,5424,0.39,11577,12.23,46.69,43.3,"Unemployed","Rent","Debt_consolidation",1
"8683",88256,"Male","No records",0,23.75,2008455,1.99,3840910,34.84,113.38,59.9,"Self-employed","Rent","Other",1
"553",15127,"Female","Postgrad",0,17.75,608895,1.65,2132767,28.45,99.14,52.4,"Salaried","Mortgage","Vehicle",0
"3324",40509,"Male","Grade 12",2,21.75,1387832,1.34,1655810,9.77,44.2,32.2,"Self-employed","Mortgage","Debt_consolidation",0
"5160",56910,"Male","Diploma",0,21.25,1007754,1.91,3338546,35.46,115.94,59.2,"Contract","Mortgage","Vehicle",1
"3281",40200,"Female","Diploma",0,17.75,394292,2.03,438575,19.49,68.95,49.5,"Salaried","Mortgage","Vehicle",1
"9758",97872,"Female","Diploma",1,16.75,415297,2.01,1408869,9.75,35.53,39.1,"Salaried","Mortgage","Home_improvement",1
"4755",53308,"Female","Grade 12",0,35,5082,0.51,9959,39.07,130.21,66.2,"Unemployed","Rent","Debt_consolidation",1
"6363",67759,"Male","No records",1,17.75,298715,1.53,788241,32.12,107.8,54.6,"Salaried","Mortgage","Vehicle",1
"5973",64496,"Female","Grade 12",2,23.75,1421622,1.76,2051237,8.08,30.04,40.1,"Self-employed","Rent","Other",1
"1316",21967,"Male","Diploma",0,21.75,344336,1.37,1249705,23.43,78.98,45.7,"Salaried","Rent","Other",1
"9101",91902,"Female","Grade 12",2,22.25,626312,1.59,1903121,11.23,44.42,37,"Contract","Rent","Vehicle",1
"6888",72406,"Male","No records",0,18.75,596762,1.3,2071935,18.38,64.47,45.4,"Salaried","Rent","Vehicle",0
"6457",68600,"Male","Postgrad",0,21.25,2434163,2.29,6211370,31.33,103.48,60.5,"Self-employed","Mortgage","Vehicle",0
"6626",70389,"Female","Grade 12",0,23.75,804403,2,853504,2.93,18.99,26.4,"Contract","Mortgage","Home_improvement",1
"9248",93305,"Male","Grade 12",4,16.75,168196,1.45,86230,31.79,109.57,54.8,"Salaried","Own","Debt_consolidation",0
"7842",80690,"Female","No records",0,23.75,1680202,1.88,4178819,12.53,49.35,40.6,"Self-employed","Rent","Other",0
"7395",76455,"Female","Grade 12",1,19.25,215779,1.76,299554,39.01,127.68,63.6,"Salaried","Mortgage","Vehicle",1
"4958",54978,"Male","Grade 12",0,21.75,531649,1.58,577757,25.76,82.15,56.7,"Salaried","Rent","Other",0
"5677",61823,"Female","Grade 12",1,18.25,476847,1.09,552000,3.13,14.03,32.5,"Salaried","Mortgage","Home_improvement",1
"6090",65579,"Female","Grade 12",0,20.25,561738,1.58,1169826,36.86,115.82,69.6,"Salaried","Rent","Vehicle",1
"539",15048,"Female","Grade 12",0,19.25,372360,1.63,1367627,12.1,45.48,36.6,"Salaried","Own","Debt_consolidation",0
"5276",58022,"Female","Grade 12",1,20.75,152521,1.19,123989,28.56,95.68,60.6,"Salaried","Own","Debt_consolidation",0
"3431",41475,"Male","Grade 12",0,18.75,576618,1.65,719898,33.2,111.16,58.3,"Salaried","Rent","Vehicle",1
"9765",97939,"Female","No records",0,18.75,583951,1.71,2119758,11.06,43.23,40,"Salaried","Rent","Vehicle",1
"1126",20311,"Female","Grade 12",0,17.75,845925,1.44,2921637,24.55,81.74,48.1,"Salaried","Mortgage","Vehicle",1
"3893",45497,"Male","Diploma",0,25.25,2904362,2.07,2641713,31.44,104.58,62.7,"Self-employed","Rent","Other",1
"129",11196,"Male","Postgrad",0,22.25,1336179,2.22,1553490,22.54,78.53,52.7,"Contract","Rent","Vehicle",1
"131",11246,"Female","Diploma",0,16.75,723563,1.78,1505104,24.85,88.19,56.1,"Salaried","Mortgage","Home_improvement",1
"2896",36541,"Female","Grade 12",0,23.75,2262204,0.98,1918927,20.3,69.89,52.9,"Self-employed","Rent","Other",1
"9931",99395,"Male","Diploma",0,18.25,204615,1.29,150286,37.29,123.13,65.6,"Salaried","Mortgage","Home_improvement",1
"2494",32521,"Female","No records",2,35,4576,0.56,7027,18.78,63.96,46.2,"Unemployed","Rent","Debt_consolidation",1
"6001",64775,"Male","No records",0,21.75,467234,2.01,1582410,17.26,63.37,50.7,"Salaried","Rent","Other",0
"5853",63386,"Male","Degree",0,35,3982,0.57,12080,31.82,102.57,56.8,"Unemployed","Rent","Debt_consolidation",1
"7886",81081,"Female","Diploma",0,18.75,295805,2.46,1108351,15.98,54.53,44.7,"Salaried","Rent","Vehicle",0
"7031",73627,"Male","No records",0,16.25,2641076,1.83,880558,22.93,77.3,54.5,"Self-employed","Mortgage","Home_improvement",0
"3876",45386,"Male","No records",0,18.75,1361863,2.56,1506476,27.77,96.41,53.5,"Self-employed","Mortgage","Home_improvement",1
"8605",87555,"Female","Degree",0,19.25,383693,1.81,605237,15.33,55.89,37.4,"Salaried","Own","Debt_consolidation",1
"6334",67500,"Male","Diploma",0,33.75,8469,0.41,31579,39.04,126.85,67.2,"Unemployed","Rent","Debt_consolidation",1
"4409",50021,"Female","Grade 12",0,18.25,614562,1.46,949983,39.94,130.98,62.9,"Salaried","Mortgage","Home_improvement",1
"1065",19821,"Female","Diploma",0,19.25,283972,1.51,730170,34.97,116.52,63,"Salaried","Mortgage","Vehicle",1
"9709",97474,"Female","Diploma",0,19.75,1267384,2,3720253,27.63,90.78,56,"Self-employed","Mortgage","Vehicle",0
"4430",50222,"Female","Grade 12",1,21.25,293522,1.37,616935,2.34,19.58,32.5,"Salaried","Mortgage","Vehicle",0
"2878",36279,"Male","Degree",0,18.25,128710,1.05,296811,6.58,26.87,35.8,"Salaried","Mortgage","Home_improvement",1
"6240",66844,"Female","Grade 12",1,22.25,502707,2.35,1839830,12.96,45.6,44.6,"Contract","Rent","Vehicle",1
"6623",70330,"Female","Degree",0,16.75,334215,1.4,772975,20.62,70.1,51.1,"Salaried","Mortgage","Home_improvement",0
"6960",72980,"Female","Degree",1,18.75,431451,1.39,1098879,21.85,75.33,48.8,"Salaried","Rent","Vehicle",0
"8498",86574,"Female","Diploma",0,18.75,604836,1.57,884462,15.29,52.96,43.5,"Salaried","Rent","Vehicle",1
"7094",74184,"Female","Grade 12",1,21.75,378739,1.66,263267,32.84,110.64,57.8,"Salaried","Rent","Other",1
"1222",21014,"Female","Diploma",1,25.25,1909523,1.47,4538996,36.22,114.05,62.3,"Self-employed","Rent","Other",1
"5783",62781,"Male","Grade 12",0,18.75,206690,1.57,356927,35.84,115.18,59.5,"Salaried","Rent","Vehicle",1
"4718",52951,"Male","Grade 12",0,16.75,322629,1.54,948471,21.88,74.48,50.8,"Salaried","Mortgage","Home_improvement",1
"7598",78302,"Male","Postgrad",0,29.75,3136,0.2,10283,10.61,41.46,43.4,"Unemployed","Rent","Debt_consolidation",0
"7078",74014,"Female","Grade 12",1,17.75,639125,1.61,685044,15.87,61.75,41.6,"Salaried","Mortgage","Vehicle",0
"4435",50249,"Male","No records",0,18.75,377492,1.65,1295637,36.48,115.36,58.8,"Salaried","Rent","Vehicle",1
"3339",40634,"Female","No records",1,16.75,149189,1.24,213020,17.22,58.89,49.8,"Salaried","Mortgage","Home_improvement",0
"2527",32904,"Female","Diploma",0,19.25,571470,1.17,1220925,13.77,49.66,41.9,"Salaried","Own","Debt_consolidation",0
"6005",64806,"Female","Grade 12",1,20.25,704006,1.08,2634088,5.06,28.35,31.5,"Salaried","Rent","Vehicle",1
"5691",61945,"Female","Diploma",0,16.75,369572,0.94,1293805,35.98,116.91,58.2,"Salaried","Mortgage","Home_improvement",0
"3081",38267,"Male","No records",0,18.25,640201,1.55,2109144,5.37,29.28,36.8,"Salaried","Mortgage","Home_improvement",1
"1225",21025,"Male","Degree",0,18.25,274983,1.71,154811,35.86,118.25,62.6,"Salaried","Own","Debt_consolidation",1
"423",13983,"Male","Diploma",1,35,2849,0.49,7522,39.39,126.65,68.7,"Unemployed","Rent","Debt_consolidation",1
"137",11281,"Female","Diploma",2,16.75,419913,1.26,1139411,19.35,64.9,43.9,"Salaried","Mortgage","Home_improvement",1
"8846",89681,"Female","No records",3,22.75,920233,1.66,1859815,25.98,90.03,52.6,"Contract","Own","Debt_consolidation",1
"4237",48388,"Female","Diploma",2,20.25,348589,2.02,340906,32.92,105.65,66.9,"Salaried","Rent","Vehicle",1
"9046",91410,"Female","Grade 12",0,21.75,508821,1.76,788636,13.04,48.41,44.1,"Salaried","Rent","Other",1
"2473",32328,"Male","No records",0,19.75,1124808,1.72,1757350,20.05,73.76,47.1,"Self-employed","Mortgage","Vehicle",0
"7585",78158,"Female","Diploma",1,18.75,264788,1.9,559253,29.36,95.03,59.5,"Salaried","Rent","Vehicle",1
"784",17270,"Male","Degree",3,19.75,348637,1.84,878994,19.11,66.56,44.7,"Self-employed","Mortgage","Vehicle",1
"6297",67270,"Female","Grade 12",1,25.75,865225,2.38,2857192,2.5,15.49,27.5,"Contract","Rent","Vehicle",0
"3973",46102,"Male","Grade 12",0,18.75,173845,1.34,499236,31.25,104.64,58.3,"Salaried","Rent","Vehicle",0
"596",15493,"Female","Grade 12",1,15.25,172650,1.6,113574,24.08,85.75,53.5,"Salaried","Mortgage","Vehicle",1
"8031",82334,"Female","Grade 12",0,19.25,572269,2.01,1296227,7.04,34.76,39.5,"Salaried","Own","Debt_consolidation",0
"9332",94004,"Male","No records",0,16.75,564205,1.15,546606,26.11,93.76,53.4,"Salaried","Mortgage","Home_improvement",1
"5346",58586,"Male","Grade 12",0,25.25,1964002,1.86,2835839,3.84,17.57,30.6,"Self-employed","Rent","Other",1
"49",10434,"Male","Diploma",2,25.25,2047306,2.08,6733907,37.22,120.41,64.7,"Self-employed","Rent","Other",1
"4102",47158,"Female","Grade 12",0,16.75,481025,1.58,738041,20.89,67.08,55.7,"Salaried","Mortgage","Home_improvement",1
"8175",83757,"Male","Diploma",0,35,7015,0.5,21938,10.23,40.97,35.1,"Unemployed","Rent","Debt_consolidation",1
"5531",60395,"Female","Postgrad",2,33.75,3828,0.44,12794,38.28,125.56,64.1,"Unemployed","Rent","Debt_consolidation",0
"7343",76037,"Female","Grade 12",0,18.75,543342,1.35,1321663,25.69,90.61,48.4,"Salaried","Rent","Vehicle",1
"6758",71351,"Male","No records",0,18.75,356686,1.59,469970,13.53,49.25,47.2,"Salaried","Rent","Vehicle",0
"7577",78074,"Male","No records",0,20.25,372237,1.82,1265821,16.64,60.23,39.9,"Contract","Mortgage","Home_improvement",0
"3815",44852,"Female","Diploma",0,16.75,263007,1.65,121459,6.02,28.4,38.7,"Salaried","Mortgage","Vehicle",0
"7154",74591,"Female","Degree",0,20.25,690732,0.96,577303,23.79,86.31,54.2,"Contract","Mortgage","Home_improvement",1
"4406",50005,"Male","Postgrad",0,17.75,509532,1.1,265664,35.6,115.03,63.6,"Salaried","Rent","Vehicle",0
"7501",77495,"Female","Diploma",2,22.75,1172205,1.4,1017093,34.76,114.56,64.9,"Self-employed","Own","Debt_consolidation",1
"4215",48135,"Male","Grade 12",1,18.75,712631,1.66,2391278,33.59,105.53,57.7,"Salaried","Rent","Vehicle",0
"7893",81150,"Male","No records",0,34.75,7767,0.52,18412,10.84,43.19,42.2,"Unemployed","Mortgage","Debt_consolidation",0
"8682",88253,"Female","Diploma",0,22.25,559218,1.39,566443,0.97,15.59,27.4,"Salaried","Rent","Vehicle",0
"552",15120,"Male","Degree",0,20.25,401028,1.67,446215,32.67,103.78,64,"Salaried","Rent","Vehicle",0
"9421",94637,"Female","No records",0,18.75,508372,1.87,703070,17.69,64.29,40.5,"Salaried","Rent","Vehicle",1
"1486",23440,"Male","Grade 12",2,17.75,240486,1.59,173448,7.92,30.76,41.5,"Salaried","Mortgage","Vehicle",1
"4741",53168,"Male","Grade 12",2,23.25,210772,2.16,540634,33.54,114.78,65.3,"Self-employed","Mortgage","Debt_consolidation",1
"3906",45608,"Female","Diploma",0,25.25,2149525,2.11,5892345,1.79,16.22,26,"Self-employed","Mortgage","Debt_consolidation",1
"714",16519,"Female","Grade 12",1,18.75,296462,1.68,352624,22.23,73.2,53,"Salaried","Rent","Vehicle",1
"1143",20456,"Male","Grade 12",2,16.75,260409,1.7,740732,15.29,54.86,39.8,"Salaried","Mortgage","Home_improvement",0
"8746",88812,"Female","Grade 12",0,18.75,222483,1.59,771620,28.94,90.78,54.9,"Salaried","Rent","Vehicle",1
"2990",37345,"Male","Grade 12",0,16.75,122713,1.52,437183,13.69,49.87,39.1,"Salaried","Mortgage","Home_improvement",0
"7629",78627,"Female","Diploma",3,18.75,228630,1.25,148863,0.93,4.6,25.4,"Salaried","Mortgage","Vehicle",0
"6463",68693,"Female","Postgrad",2,18.25,841093,1.41,773420,34.55,117.41,60.3,"Salaried","Mortgage","Home_improvement",0
"9858",98706,"Male","Diploma",0,16.75,223478,1.5,669022,8.8,38.2,42.1,"Salaried","Mortgage","Home_improvement",1
"1454",23209,"Male","Grade 12",0,22.25,591462,1.5,1346963,1.72,17.2,31.8,"Salaried","Rent","Vehicle",0
"8932",90378,"Female","No records",0,25.25,582082,1.97,1153449,10.07,43.65,43.4,"Contract","Rent","Other",0
"1520",23832,"Female","Grade 12",0,20.75,924962,1.31,3454036,3,22.64,29.8,"Salaried","Own","Debt_consolidation",1
"2897",36552,"Female","Grade 12",0,21.25,288564,1.38,883381,2.03,15.54,31.9,"Salaried","Mortgage","Vehicle",0
"2785",35317,"Male","Degree",2,33.75,4481,0.4,4103,38.49,122.2,72.7,"Unemployed","Rent","Debt_consolidation",1
"2725",34714,"Male","Diploma",1,20.75,729179,1.25,662198,36.12,121.49,62.3,"Salaried","Own","Debt_consolidation",1
"6059",65309,"Male","Grade 12",2,19.75,391833,1.9,1138177,22.62,74.52,51.3,"Self-employed","Mortgage","Vehicle",0
"2062",28604,"Male","Diploma",1,33.75,4493,0.41,6784,4.39,22.79,30.7,"Unemployed","Rent","Debt_consolidation",0
"8610",87583,"Female","No records",1,16.75,285595,1.42,907523,21.09,69.4,54,"Salaried","Mortgage","Home_improvement",1
"9461",95122,"Male","Grade 12",0,22.75,412742,1.36,767698,0.58,18.16,24.5,"Salaried","Mortgage","Vehicle",0
"9923",99260,"Male","Diploma",3,34.75,7062,0.62,7932,23.39,81.13,53.4,"Unemployed","Mortgage","Debt_consolidation",1
"8890",90021,"Male","Degree",0,14.25,489764,1.74,300640,22.14,78.8,56.2,"Salaried","Mortgage","Home_improvement",0
"5848",63362,"Female","No records",1,18.75,518602,2.21,295971,36.59,116.93,66.1,"Self-employed","Mortgage","Vehicle",0
"8235",84355,"Male","Grade 12",1,18.25,419922,1.88,1459316,35.34,115.5,62.4,"Salaried","Mortgage","Home_improvement",0
"5946",64242,"Female","Degree",1,35,2114,0.47,5650,8.33,33.28,38.1,"Unemployed","Rent","Debt_consolidation",0
"3447",41622,"Male","Degree",0,18.25,676752,1.12,2482097,6.09,24.85,35.1,"Salaried","Mortgage","Home_improvement",0
"3086",38297,"Female","Diploma",0,16.75,151217,0.82,299426,22.02,75.62,55.7,"Salaried","Mortgage","Home_improvement",0
"7292",75606,"Female","Diploma",0,21.75,145222,1.29,137256,13.79,52.4,48,"Salaried","Rent","Other",1
"3395",41195,"Female","Diploma",0,20.25,325891,1.02,897055,38.88,125.5,73.6,"Salaried","Rent","Vehicle",0
"2540",33031,"Male","Grade 12",0,21.75,214237,2.01,340896,16.51,62.76,42.3,"Salaried","Rent","Other",1
"394",13659,"Male","Diploma",0,16.75,370599,1.82,1193379,18.56,63.81,47.2,"Salaried","Mortgage","Home_improvement",0
"9792",98253,"Male","Grade 12",1,20.25,921393,1.97,488674,27,94.85,55.4,"Contract","Own","Debt_consolidation",1
"4275",48766,"Male","Degree",0,17.75,289381,1.19,270225,13.35,50.65,37.5,"Salaried","Mortgage","Vehicle",1
"7961",81722,"Female","Grade 12",0,33.25,8074,0.39,18437,25.32,86.42,59.8,"Unemployed","Rent","Other",0
"4860",54284,"Female","Degree",0,21.75,927841,1.77,2993860,16.98,62.81,45.1,"Self-employed","Mortgage","Debt_consolidation",1
"7976",81889,"Male","Grade 12",0,20.25,212264,2.15,620175,37.71,125.87,68,"Salaried","Rent","Vehicle",0
"4780",53554,"Male","Diploma",0,22.25,235178,1.69,603032,2.9,14.47,32.5,"Salaried","Rent","Vehicle",0
"2157",29502,"Female","Degree",0,20.25,683378,1.8,2417642,37.52,124.32,63.6,"Salaried","Rent","Vehicle",1
"2331",31202,"Male","Grade 12",2,23.75,3130346,1.62,7402678,19.49,64.85,47.7,"Self-employed","Rent","Other",0
"7003",73379,"Male","Diploma",0,20.25,397968,1.49,954011,29.1,91.58,61.2,"Salaried","Rent","Vehicle",0
"6856",72156,"Male","Grade 12",1,21.25,121276,1.45,406933,0.83,12.74,33,"Salaried","Mortgage","Vehicle",0
"5392",58961,"Female","Grade 12",0,15.25,534817,1.31,242497,21.32,72.48,52.4,"Salaried","Mortgage","Vehicle",1
"2122",29141,"Male","Degree",2,20.25,408146,1.45,478238,5.98,27.82,29.3,"Salaried","Rent","Vehicle",0
"9647",96910,"Female","No records",1,18.75,177231,1.56,167844,13.13,48.48,45.7,"Salaried","Rent","Vehicle",0
"5151",56868,"Female","No records",1,21.25,2916809,1.55,1188974,15.25,58.28,43.8,"Self-employed","Rent","Other",0
"3089",38313,"Male","Diploma",2,17.75,840387,1.54,293492,35.25,112.82,61,"Salaried","Rent","Vehicle",0
"852",17884,"Female","No records",0,21.25,1807502,1.77,3587417,10.09,36.95,39.3,"Self-employed","Own","Debt_consolidation",1
"6099",65646,"Male","Grade 12",0,21.25,1153011,2.18,2577678,26.79,88.83,51.3,"Contract","Mortgage","Vehicle",1
"2925",36851,"Female","Grade 12",0,23.75,2879256,1.92,5536752,22.54,75.87,47.3,"Self-employed","Rent","Other",1
"7878",80997,"Male","Diploma",0,21.25,2493363,1.42,7773896,33.48,111.31,61.7,"Self-employed","Mortgage","Vehicle",1
"8984",90909,"Male","Diploma",4,21.25,788079,1.52,1875998,25.88,84.72,52.3,"Contract","Mortgage","Vehicle",0
"4859",54262,"Female","Grade 12",1,19.25,499464,1.32,1821663,31.84,111,66,"Salaried","Mortgage","Vehicle",1
"9235",93151,"Female","Degree",0,25.25,3422757,1.87,6235116,3.58,21.41,34.6,"Self-employed","Rent","Other",0
"2619",33672,"Female","Diploma",2,25.25,938788,1.77,2629689,0.53,12.07,33.5,"Self-employed","Mortgage","Debt_consolidation",1
"5258",57915,"Female","Grade 12",2,21.25,1156808,1.76,3275549,4.88,22.6,32.8,"Self-employed","Mortgage","Vehicle",1
"3628",43168,"Female","No records",0,29.75,7559,0.35,21579,19.08,68.28,44,"Unemployed","Rent","Debt_consolidation",1
"2131",29205,"Female","No records",3,17.75,505167,1.26,1758645,10.94,48.04,45.7,"Salaried","Mortgage","Vehicle",0
"1452",23201,"Female","Degree",0,19.75,1268514,2.22,1546077,10.13,35.54,41.6,"Self-employed","Mortgage","Vehicle",1
"1497",23499,"Male","Degree",0,17.75,609905,1.25,1471384,12.43,41.6,40.7,"Salaried","Mortgage","Vehicle",0
"3200",39379,"Female","Grade 12",2,18.75,177309,0.66,655040,11.36,48.01,40.1,"Salaried","Rent","Vehicle",1
"5984",64606,"Male","Diploma",0,20.25,81776,1.63,121542,39.73,133.68,72.8,"Salaried","Rent","Vehicle",1
"1482",23426,"Female","Grade 12",1,14.25,296635,1.44,107809,12.55,50.64,40.9,"Salaried","Mortgage","Home_improvement",0
"2363",31494,"Male","Diploma",1,17.75,576532,1.41,1383889,8.96,34.11,38.9,"Salaried","Mortgage","Vehicle",1
"9234",93142,"Female","Grade 12",0,20.25,339099,2.06,539336,39.59,130.65,64.1,"Salaried","Rent","Vehicle",1
"5064",55945,"Male","Degree",0,17.75,254993,2.24,252941,24.02,80.77,56.9,"Salaried","Mortgage","Vehicle",0
"8613",87615,"Female","No records",0,19.25,226341,1.73,559984,38.91,123.39,62.8,"Salaried","Mortgage","Vehicle",1
"577",15332,"Male","No records",1,21.25,546958,1.99,2052920,0.27,9.23,32.7,"Salaried","Mortgage","Vehicle",1
"1644",24904,"Female","No records",0,35,2874,0.59,4270,26.15,93.89,51.2,"Unemployed","Rent","Debt_consolidation",1
"7139",74433,"Female","Diploma",0,18.25,280370,2.09,265574,4.81,19.87,32.1,"Salaried","Mortgage","Home_improvement",1
"4143",47450,"Male","Grade 12",0,25.25,2036914,1.67,4946604,28.92,96.57,60.1,"Self-employed","Rent","Other",0
"2644",33912,"Male","Diploma",1,21.75,3414441,0.95,7874354,17.13,63.26,45.6,"Self-employed","Mortgage","Debt_consolidation",1
"5074",56011,"Female","Diploma",0,18.75,190141,1.14,138552,22.15,74.47,46.4,"Salaried","Rent","Vehicle",0
"262",12466,"Female","Degree",0,23.25,177971,1.52,328530,31.96,108.17,60.8,"Salaried","Rent","Other",1
"8251",84523,"Male","Grade 12",2,16.25,378763,1.63,167898,14.98,51.9,47,"Salaried","Rent","Vehicle",0
"2291",30729,"Female","Grade 12",1,23.25,561776,1.13,1861017,27.43,88.87,59.6,"Contract","Mortgage","Debt_consolidation",1
"7365",76193,"Male","Grade 12",1,32.25,4562,0.43,16087,22.85,82.57,52.2,"Unemployed","Rent","Debt_consolidation",1
"1347",22200,"Male","Degree",2,23.75,2352349,1.15,8833120,8.01,34.99,34.6,"Self-employed","Rent","Other",1
"7877",80981,"Male","Grade 12",1,16.75,467163,1.69,1282585,11.14,45.22,36.2,"Salaried","Mortgage","Home_improvement",1
"1605",24620,"Male","Postgrad",2,35,2467,0.61,2796,29.79,93.79,62.2,"Unemployed","Rent","Other",1
"3516",42154,"Female","Grade 12",0,25.25,573795,1.81,500710,25.03,86.19,60,"Contract","Rent","Other",1
"9122",92004,"Female","No records",0,22.25,197194,1.17,184901,0.9,15.01,31.7,"Salaried","Rent","Vehicle",0
"9290",93727,"Female","Diploma",0,35,4832,0.54,14840,3.88,22.39,27.6,"Unemployed","Rent","Debt_consolidation",0
"9816",98392,"Male","Degree",0,25.25,2173294,2.08,1988907,33.2,111.68,67.1,"Self-employed","Rent","Other",1
"4130",47343,"Male","Grade 12",1,35,4660,0.48,1969,2.43,18.83,25.5,"Unemployed","Rent","Debt_consolidation",1
"8395",85788,"Male","Diploma",0,20.25,2837084,1.86,3564024,34.59,122.22,61.5,"Self-employed","Mortgage","Home_improvement",1
"2319",31051,"Male","Degree",0,21.25,589174,1.35,2014825,36.71,120.67,63,"Self-employed","Mortgage","Vehicle",1
"8823",89494,"Male","Diploma",0,18.75,878575,1.87,320933,3.56,18.21,35.2,"Self-employed","Mortgage","Vehicle",0
"7926",81402,"Female","Diploma",0,19.25,232393,1.85,292385,16.37,59.72,40.9,"Salaried","Own","Debt_consolidation",1
"2656",34023,"Female","Diploma",2,20.75,355854,1.53,432929,25.87,85.78,60.5,"Salaried","Own","Debt_consolidation",1
"387",13603,"Female","Degree",1,17.75,489940,1.65,942626,14.47,56.21,48.4,"Salaried","Mortgage","Vehicle",1
"3087",38301,"Male","Diploma",1,23.75,1196217,2.34,3111356,10.44,40.47,35.7,"Self-employed","Rent","Other",1
"9338",94038,"Male","Grade 12",0,16.75,263819,1.5,597497,18.79,62.58,43.4,"Salaried","Mortgage","Home_improvement",0
"9638",96817,"Female","No records",0,18.75,361303,1.39,813553,27.98,100.18,58.1,"Salaried","Rent","Vehicle",0
"4759",53359,"Female","Postgrad",1,22.25,537585,1.61,2033718,1.61,12.45,26.3,"Salaried","Rent","Vehicle",1
"2365",31499,"Female","Grade 12",2,18.25,591699,1.62,1969122,4.56,23.48,30.5,"Salaried","Mortgage","Home_improvement",0
"1770",25917,"Male","Grade 12",2,23.75,913906,1.82,641226,36.63,119.18,59.4,"Self-employed","Rent","Other",1
"2099",28959,"Female","Diploma",0,21.75,293312,1.08,563405,15.25,51.11,42.4,"Salaried","Rent","Other",0
"4636",52150,"Female","Grade 12",0,15.75,245220,1.06,90144,39.33,128.04,67.2,"Salaried","Mortgage","Home_improvement",0
"6278",67117,"Female","No records",0,33.25,3742,0.41,9506,19.84,66.96,51.5,"Unemployed","Rent","Other",1
"7660",78935,"Female","Degree",1,21.25,1688949,1.92,4882141,33.45,112.88,63.5,"Self-employed","Mortgage","Vehicle",1
"3874",45371,"Female","Grade 12",0,35,3262,0.56,4182,12.85,49.98,35.3,"Unemployed","Rent","Debt_consolidation",1
"3063",38021,"Male","Grade 12",0,19.75,997393,1.3,2245954,7.04,31.54,33.7,"Self-employed","Mortgage","Vehicle",1
"7393",76445,"Female","Grade 12",0,16.75,299131,1.53,439795,29.06,95.47,57.8,"Salaried","Mortgage","Home_improvement",0
"4876",54423,"Male","Diploma",0,21.25,762096,2.08,981653,37.97,129.32,70.7,"Self-employed","Mortgage","Vehicle",0
"471",14377,"Male","Grade 12",3,19.25,197739,1.42,693574,5.54,20.99,27.9,"Salaried","Mortgage","Vehicle",0
"8023",82245,"Female","No records",0,23.25,358966,1.87,1252733,29.37,95.1,51.4,"Contract","Mortgage","Debt_consolidation",0
"1383",22519,"Male","No records",0,19.75,1335384,2.6,3071825,26.94,91.22,58.3,"Self-employed","Mortgage","Vehicle",1
"9177",92581,"Male","Grade 12",1,19.25,501423,0.79,841404,3.81,16.03,37.6,"Salaried","Mortgage","Vehicle",0
"2819",35567,"Male","Grade 12",0,21.25,2091072,1.48,4076826,11.69,50.43,34.4,"Self-employed","Own","Debt_consolidation",0
"6595",70087,"Female","No records",0,18.75,361318,1.5,1302023,22.56,78.97,52,"Salaried","Rent","Vehicle",0
"427",14022,"Female","Diploma",0,16.75,443683,1.37,633577,15.7,56.97,46.7,"Salaried","Mortgage","Home_improvement",1
"2253",30445,"Male","Diploma",0,30.25,7421,0.47,4897,26.27,86.13,48.9,"Unemployed","Rent","Home_improvement",0
"2078",28766,"Male","Grade 12",0,23.25,2825639,2.08,5299725,6.25,28.66,32.3,"Self-employed","Mortgage","Debt_consolidation",0
"8873",89932,"Male","Diploma",0,32.25,3375,0.37,4418,28.79,99.47,53.1,"Unemployed","Rent","Debt_consolidation",1
"6527",69356,"Female","Degree",0,17.75,364107,1.32,490655,21.08,71.81,49.1,"Salaried","Mortgage","Vehicle",0
"5367",58699,"Female","Degree",0,21.25,2593104,1.53,9847582,29.98,98.78,61.7,"Self-employed","Mortgage","Vehicle",1
"8745",88805,"Female","No records",0,18.75,457752,1.35,683502,32.79,102,58.5,"Salaried","Rent","Vehicle",1
"5411",59115,"Male","Grade 12",0,22.25,308069,1.68,387843,2.26,16.81,30.2,"Salaried","Rent","Vehicle",0
"44",10359,"Male","Diploma",0,18.25,368224,1.5,426152,33.58,107.09,61.6,"Salaried","Mortgage","Home_improvement",0
"2617",33659,"Female","Diploma",0,21.75,460434,1.24,1721919,8.5,43.46,33.3,"Salaried","Rent","Other",1
"6024",64989,"Male","Postgrad",0,19.75,2071150,2.05,2342396,30.11,101.81,59,"Self-employed","Mortgage","Vehicle",1
"1699",25369,"Female","No records",1,35,3814,0.53,6258,32.44,108.88,64.6,"Unemployed","Rent","Debt_consolidation",1
"681",16222,"Male","No records",0,17.75,734200,1.16,2265153,35.04,114.86,58.1,"Salaried","Mortgage","Vehicle",0
"8323",85204,"Female","Degree",0,22.75,389424,1.92,934471,28.12,88.45,56.5,"Contract","Own","Debt_consolidation",1
"8828",89572,"Female","Grade 12",0,16.75,414548,1.46,1505402,25.05,87.08,50.5,"Salaried","Mortgage","Home_improvement",0
"8335",85256,"Male","Diploma",0,18.25,407465,1.12,287719,35.69,119.32,60.9,"Salaried","Mortgage","Home_improvement",1
"7622",78550,"Male","No records",0,35,7800,0.7,15485,32.75,108.5,65.7,"Unemployed","Rent","Debt_consolidation",1
"8073",82903,"Male","Grade 12",1,32.25,4809,0.36,4612,36.49,121.09,67.2,"Unemployed","Rent","Other",0
"7480",77277,"Female","No records",0,16.25,677920,1.54,354610,16.01,54.41,41.9,"Salaried","Rent","Vehicle",0
"1857",26703,"Female","Grade 12",0,18.75,181506,1.49,505275,27.1,92.14,56.9,"Salaried","Rent","Vehicle",1
"2367",31516,"Male","Diploma",1,18.75,1406975,1.77,578701,34.6,109.45,64.6,"Self-employed","Mortgage","Vehicle",1
"1582",24312,"Male","Diploma",2,18.75,873113,1.84,386384,21.99,68.44,48.1,"Contract","Mortgage","Vehicle",0
"4239",48417,"Male","Diploma",3,34.75,5976,0.61,3230,33.13,105.77,63.6,"Unemployed","Rent","Debt_consolidation",0
"3175",39121,"Male","No records",1,22.75,474993,1.31,807863,4.35,24.06,33,"Contract","Mortgage","Vehicle",0
"8679",88213,"Male","Grade 12",1,19.25,530612,1.21,1850456,27.02,97.31,50.2,"Salaried","Own","Debt_consolidation",1
"1641",24860,"Male","Diploma",1,25.25,147699,1.12,449236,1.23,18.68,32.8,"Salaried","Rent","Other",1
"6761",71364,"Male","Diploma",0,23.25,2327222,1.36,7164895,37.33,124.66,69.5,"Self-employed","Mortgage","Debt_consolidation",0
"5183",57201,"Male","Degree",2,17.75,1099327,1.96,343195,8.94,40.74,34.7,"Self-employed","Mortgage","Debt_consolidation",0
"99",10909,"Male","Grade 12",0,16.75,220963,1.73,428727,25.71,86.47,55.2,"Salaried","Mortgage","Home_improvement",1
"2265",30561,"Female","Diploma",0,23.75,1848627,1.5,3258482,32.51,103.55,54.5,"Self-employed","Rent","Other",1
"935",18606,"Female","Grade 12",0,23.25,692882,1.75,1610428,36.32,117.42,59.1,"Contract","Mortgage","Debt_consolidation",1
"5796",62929,"Male","Grade 12",1,35,3995,0.5,2891,34.51,116.05,66,"Unemployed","Rent","Debt_consolidation",1
"5083",56107,"Female","Diploma",0,21.75,525338,1.39,1967651,30.2,97.36,59.8,"Salaried","Rent","Other",1
"8615",87628,"Female","Degree",1,22.75,1221398,1.59,1871024,38.97,121.27,66.3,"Self-employed","Own","Debt_consolidation",0
"8999",91040,"Male","Grade 12",0,19.25,691295,1.4,503330,6.84,27.9,37.6,"Salaried","Mortgage","Vehicle",0
"6375",67876,"Female","Grade 12",0,18.75,438350,1.67,1602998,26.69,95.91,49.8,"Salaried","Rent","Vehicle",1
"8054",82655,"Female","Degree",2,23.25,332064,0.77,922724,4.29,21.43,33.8,"Salaried","Rent","Other",0
"3725",43924,"Male","Grade 12",0,16.75,354667,1.93,1264812,31.6,101.25,54,"Salaried","Mortgage","Home_improvement",0
"6396",68007,"Male","Grade 12",0,25.25,1142880,2.06,2212997,6.09,33.76,38,"Self-employed","Rent","Other",0
"7269",75445,"Female","Grade 12",0,33.25,2231,0.39,4143,27.81,97.76,54.3,"Unemployed","Rent","Other",1
"502",14652,"Female","Grade 12",0,17.75,505982,1.3,540447,20.26,70.2,54.4,"Salaried","Mortgage","Vehicle",0
"1332",22075,"Male","Diploma",0,19.25,705135,2.03,1423405,33.74,106.98,64.5,"Salaried","Mortgage","Vehicle",1
"2885",36421,"Male","Grade 12",1,17.75,184159,1.06,406300,22.04,79.83,51.6,"Salaried","Mortgage","Vehicle",0
"4942",54859,"Female","Diploma",2,21.75,841740,1.9,2941965,30.24,99.98,57.8,"Self-employed","Mortgage","Debt_consolidation",1
"2384",31648,"Male","Degree",1,14.25,374169,1.62,232768,34.25,113.04,58.1,"Salaried","Mortgage","Home_improvement",1
"3359",40882,"Female","Degree",0,16.75,343494,1.23,965278,34.38,116.69,58.6,"Salaried","Mortgage","Home_improvement",0
"5324",58449,"Female","Grade 12",0,31.25,6260,0.41,16041,23.32,78.88,56.3,"Unemployed","Mortgage","Debt_consolidation",0
"7637",78677,"Male","Degree",0,13.75,480459,1.63,152706,28.85,93.28,55.4,"Salaried","Mortgage","Vehicle",1
"1110",20186,"Male","No records",2,22.25,669023,1.19,1490456,36.2,119.32,59.8,"Contract","Rent","Vehicle",0
"8048",82582,"Female","Grade 12",0,30.25,4408,0.42,15292,8.85,36.78,33.4,"Unemployed","Rent","Vehicle",0
"4384",49731,"Female","Diploma",0,19.75,751535,1.27,1116246,30.89,100.16,57.7,"Self-employed","Mortgage","Vehicle",1
"404",13774,"Male","Grade 12",0,23.25,2055116,1.69,1426162,36.97,119.51,69.3,"Self-employed","Mortgage","Debt_consolidation",1
"1527",23880,"Female","Grade 12",1,17.75,192762,1.38,184734,9.19,36.84,39.3,"Salaried","Mortgage","Vehicle",0
"3342",40649,"Female","Degree",0,20.25,348133,1.48,268881,6.06,28.29,39.4,"Salaried","Rent","Vehicle",0
"1762",25860,"Male","No records",2,16.75,285199,1.45,148137,15.79,57.15,44.9,"Salaried","Own","Debt_consolidation",0
"4587",51715,"Male","Grade 12",0,25.25,874948,1.03,2332808,24.37,83.77,59.2,"Contract","Rent","Other",0
"4276",48770,"Female","Diploma",0,21.25,202981,1.99,168121,1.03,16.11,35.4,"Salaried","Mortgage","Vehicle",0
"6207",66603,"Male","No records",0,18.75,184824,1.42,444531,26,88.52,58.1,"Salaried","Rent","Vehicle",0
"8795",89212,"Male","Diploma",4,22.25,992879,1.86,2914648,28.3,87.52,53.8,"Contract","Rent","Vehicle",0
"584",15394,"Male","Grade 12",0,24.25,847708,1.91,295081,30.84,100.18,62.3,"Contract","Rent","Other",1
"6181",66392,"Male","Grade 12",0,18.25,430422,1.14,1456664,39.86,131.35,69.7,"Salaried","Mortgage","Home_improvement",0
"1164",20554,"Female","Postgrad",1,34.75,7615,0.54,25634,11.69,48.01,41.1,"Unemployed","Mortgage","Debt_consolidation",1
"7998",82075,"Male","Degree",1,23.75,977713,1.74,1711870,7.73,29.87,39.3,"Self-employed","Rent","Other",0
"3627",43157,"Female","Grade 12",0,18.75,714008,1.28,1065408,19.98,68.89,45.9,"Salaried","Rent","Vehicle",0
"2362",31479,"Female","Grade 12",2,19.25,455751,0.97,1593046,33.84,111.09,57.1,"Salaried","Own","Debt_consolidation",1
"8338",85264,"Male","Degree",3,35,4248,0.54,14368,5.26,21.53,31.7,"Unemployed","Rent","Other",0
"5175",57119,"Female","Degree",0,16.75,626801,1.32,1168159,22.56,81.35,55.5,"Salaried","Mortgage","Home_improvement",1
"1602",24582,"Male","Diploma",0,18.75,570889,1.55,370044,27.92,93.95,53.1,"Contract","Mortgage","Vehicle",1
"2970",37214,"Female","Diploma",0,17.75,155413,1.37,376447,29.6,106.84,55.9,"Salaried","Mortgage","Vehicle",0
"1090",19995,"Female","Diploma",1,20.25,1170181,1.58,920007,39.24,128.35,71,"Self-employed","Mortgage","Home_improvement",1
"5782",62741,"Male","Postgrad",0,19.25,395783,1.21,1017327,33.58,102.39,58.3,"Salaried","Own","Debt_consolidation",0
"8799",89254,"Male","Diploma",0,29.75,6738,0.43,2123,35.65,117.34,66.1,"Unemployed","Rent","Debt_consolidation",1
"2697",34501,"Male","Grade 12",2,19.25,423189,1.67,785123,29.66,99.83,62.6,"Salaried","Mortgage","Vehicle",1
"8346",85332,"Male","Diploma",0,35,5897,0.47,4519,10.33,36.15,43.8,"Unemployed","Rent","Other",1
"8139",83399,"Female","No records",0,16.75,431704,1.37,903535,20.78,76.44,52.3,"Salaried","Mortgage","Home_improvement",1
"5167",57013,"Female","Grade 12",0,23.75,2197242,2.57,3274587,32.95,114.96,58,"Self-employed","Rent","Other",1
"6835",72021,"Female","Postgrad",0,21.75,565167,1.13,1780857,17.79,65.61,44.4,"Self-employed","Mortgage","Debt_consolidation",0
"9032",91309,"Male","Postgrad",0,23.75,1080493,1.85,924940,29.32,104.23,59.2,"Self-employed","Rent","Other",0
"2080",28773,"Male","Diploma",0,19.25,218425,1.14,386027,11.14,46.25,40.6,"Salaried","Own","Debt_consolidation",0
"814",17483,"Male","Grade 12",0,19.25,781301,2.04,2726148,38.03,121.39,67.1,"Salaried","Mortgage","Vehicle",1
"8232",84311,"Female","No records",2,16.75,374782,1.42,463633,12.04,47.09,43.4,"Salaried","Mortgage","Home_improvement",0
"3951",45984,"Male","Diploma",1,19.75,192555,2.43,723059,36.62,123.48,58.9,"Self-employed","Mortgage","Vehicle",1
"1671",25100,"Female","No records",0,17.75,450989,1.12,1399228,13.82,51.17,47.3,"Salaried","Mortgage","Vehicle",1
"5965",64443,"Male","Grade 12",0,31.75,1726,0.45,553,1.87,16.02,35.3,"Unemployed","Rent","Debt_consolidation",0
"6583",69967,"Male","Diploma",1,18.25,210414,0.86,463098,3.93,19.73,33.4,"Salaried","Mortgage","Home_improvement",0
"650",15917,"Female","No records",0,21.25,750967,1.04,2649219,21.68,75.02,45,"Contract","Mortgage","Vehicle",0
"5307",58306,"Female","Diploma",0,23.75,2496210,2.68,2478263,31.89,101.37,57.1,"Self-employed","Rent","Other",1
"4347",49378,"Male","Grade 12",0,17.75,636768,1.81,1795105,14.76,58.57,48.5,"Salaried","Mortgage","Vehicle",1
"3807",44767,"Male","Grade 12",2,18.25,222168,1.37,666666,35.74,121.84,68.1,"Salaried","Mortgage","Home_improvement",1
"9807",98351,"Female","Grade 12",3,19.25,856437,1.7,2875229,27.7,87.29,59.6,"Salaried","Own","Debt_consolidation",1
"5795",62910,"Male","Diploma",0,34.75,5940,0.61,13422,23.06,81.31,56.9,"Unemployed","Mortgage","Debt_consolidation",1
"5456",59536,"Female","Diploma",1,16.75,351488,1.76,587922,14.83,54.37,39.1,"Salaried","Mortgage","Home_improvement",1
"1264",21465,"Male","Grade 12",2,22.75,692306,1.82,898361,35.65,117.25,69.1,"Self-employed","Own","Debt_consolidation",1
"6886",72387,"Male","No records",2,20.75,430019,1.87,479144,39.87,124.46,67,"Salaried","Own","Debt_consolidation",0
"9302",93788,"Male","Grade 12",2,17.75,257783,1.2,366394,28.79,97.42,51.3,"Salaried","Mortgage","Vehicle",0
"7153",74581,"Female","Diploma",1,31.25,4380,0.38,14386,16.61,59.85,39.9,"Unemployed","Mortgage","Debt_consolidation",0
"4872",54356,"Female","No records",0,33.75,4005,0.46,6378,24.53,86.1,49.3,"Unemployed","Rent","Vehicle",0
"6432",68343,"Male","Diploma",3,14.25,409320,1.52,157774,22.05,78.61,52.5,"Salaried","Mortgage","Home_improvement",0
"4127",47330,"Female","Grade 12",0,21.25,2530188,2.76,977102,31.15,100.43,53.3,"Self-employed","Rent","Other",1
"4930",54794,"Female","No records",0,21.25,1708049,1.45,5812864,27.55,90.13,50.8,"Self-employed","Own","Debt_consolidation",1
"8777",89043,"Female","Degree",0,21.75,229756,1.44,572493,25.77,91.02,58.9,"Salaried","Rent","Other",0
"1142",20454,"Female","Grade 12",2,23.75,803360,2.39,2143825,5.28,23.83,36.5,"Contract","Rent","Vehicle",1
"1314",21930,"Female","Postgrad",2,17.75,528411,1.18,382962,9.95,43.4,32.6,"Salaried","Mortgage","Vehicle",0
"1681",25174,"Female","Degree",0,19.75,3258794,1.5,8541350,25.38,82.62,56.1,"Self-employed","Mortgage","Vehicle",0
"5683",61873,"Female","Grade 12",0,18.25,112158,1.48,203711,35.96,122.16,62.5,"Salaried","Mortgage","Home_improvement",0
"8946",90482,"Male","Grade 12",0,20.25,526058,1.63,1441736,37.67,113.86,61.5,"Salaried","Rent","Vehicle",0
"5809",62983,"Female","No records",0,20.25,220820,1.62,554302,36.86,119.5,66.6,"Salaried","Rent","Vehicle",0
"2851",35883,"Male","Degree",1,18.75,302931,1.75,867133,22.33,73.27,46.2,"Salaried","Rent","Vehicle",0
"4539",51184,"Male","No records",0,19.25,288969,1.81,900419,29.76,96.93,62.9,"Salaried","Mortgage","Vehicle",0
"6561",69724,"Female","Postgrad",2,16.75,494871,0.9,189607,5.58,28.27,27.6,"Salaried","Mortgage","Vehicle",0
"9293",93743,"Female","Grade 12",2,35,6469,0.57,22766,4.24,23.01,30,"Unemployed","Rent","Debt_consolidation",0
"2459",32247,"Male","Grade 12",3,32.25,2039,0.41,3427,24.03,89.09,51.4,"Unemployed","Rent","Debt_consolidation",1
"9492",95401,"Male","Grade 12",1,15.25,666670,1.53,205973,23.41,75.23,52.2,"Salaried","Own","Debt_consolidation",0
"9645",96896,"Female","Grade 12",0,17.75,870022,2.34,565179,26.96,90.73,61.9,"Self-employed","Mortgage","Home_improvement",1
"2699",34510,"Male","Grade 12",0,19.25,212243,1.35,120338,14.64,52.85,47.6,"Salaried","Rent","Other",0
"5781",62733,"Female","Grade 12",0,17.75,203158,1.59,695211,20.55,70.28,53.7,"Salaried","Mortgage","Vehicle",0
"3449",41632,"Female","Grade 12",0,19.25,570001,1.8,2049334,32.55,109.65,63.3,"Salaried","Mortgage","Vehicle",0
"4656",52369,"Male","Diploma",1,17.75,319709,1.38,590570,23.36,75.21,49.1,"Salaried","Mortgage","Vehicle",0
"774",17141,"Male","Diploma",2,20.25,385359,1.37,451751,0.53,8.97,32.7,"Salaried","Mortgage","Home_improvement",0
"7783",80174,"Male","Diploma",1,20.75,174391,1.49,574739,35.61,114.17,64.8,"Salaried","Own","Debt_consolidation",1
"9220",92960,"Male","Diploma",3,25.25,186731,1.46,390010,0.35,9.99,33.3,"Salaried","Rent","Other",0
"3924",45724,"Female","Grade 12",0,19.25,375448,1.79,153294,18.23,67.94,43.5,"Salaried","Rent","Other",1
"1457",23218,"Male","Degree",0,16.75,474873,1.27,768216,21.5,80.87,46.8,"Salaried","Mortgage","Home_improvement",0
"683",16231,"Male","Grade 12",0,18.25,390703,1.56,1386681,29.44,101.87,63.5,"Salaried","Mortgage","Home_improvement",0
"893",18246,"Female","Postgrad",0,17.25,353120,1.72,183138,16.27,64.4,48.9,"Self-employed","Mortgage","Vehicle",1
"7849",80729,"Female","No records",0,14.25,349498,1.66,143244,22.8,77.43,56,"Salaried","Mortgage","Home_improvement",0
"694",16382,"Female","Degree",2,21.25,834322,2.33,2083816,8.48,36.78,32.7,"Contract","Mortgage","Vehicle",0
"5225",57544,"Male","No records",2,20.75,80626,1.2,289102,34.37,109.94,65.9,"Salaried","Own","Debt_consolidation",1
"917",18446,"Male","Diploma",2,14.75,597280,1.29,193998,28.31,100.36,54.1,"Salaried","Rent","Vehicle",1
"9068",91544,"Female","Grade 12",2,25.25,417296,1.68,877321,16.94,59.13,47.2,"Contract","Rent","Other",0
"2820",35571,"Female","Grade 12",2,20.25,260218,1.15,185755,36.72,121.35,69.9,"Salaried","Rent","Vehicle",1
"8193",83921,"Female","Grade 12",2,16.75,613704,1.99,638412,15.32,56.32,40,"Salaried","Mortgage","Home_improvement",0
"5505",60076,"Male","Postgrad",0,23.25,358289,1.45,531298,34.47,110.13,63.2,"Salaried","Rent","Other",1
"8792",89152,"Female","Diploma",2,18.75,105167,1.51,327586,32.1,106.5,56.2,"Salaried","Rent","Vehicle",0
"5356",58653,"Male","Grade 12",0,19.25,549574,1.7,681196,18.1,65.15,46.1,"Salaried","Own","Debt_consolidation",1
"3561",42589,"Male","Diploma",1,17.75,577310,0.96,1139705,17.73,64.34,41.8,"Salaried","Mortgage","Vehicle",1
"5100",56260,"Male","Grade 12",0,23.25,228365,0.96,699250,34.2,112.11,63.1,"Salaried","Rent","Other",1
"1268",21518,"Male","Grade 12",2,16.75,281415,1.77,546758,27.33,94.3,54.3,"Salaried","Mortgage","Home_improvement",1
"1747",25759,"Male","Grade 12",0,20.25,322084,0.97,390452,0.2,12.94,31.2,"Salaried","Mortgage","Home_improvement",0
"2156",29498,"Male","No records",0,16.75,630661,1.47,1963506,13.89,51.61,36.3,"Salaried","Mortgage","Home_improvement",0
"743",16909,"Female","Grade 12",0,22.75,434612,1.39,316106,21.01,73.91,47.7,"Contract","Own","Debt_consolidation",1
"4723",52998,"Male","Degree",0,18.75,420940,1.47,789782,34.82,114.08,59.7,"Salaried","Rent","Vehicle",1
"4616",51990,"Female","Degree",0,29.75,4230,0.24,4158,13.62,53.67,37.8,"Unemployed","Rent","Debt_consolidation",1
"8689",88286,"Female","No records",0,22.25,871146,1.88,1139007,29.22,95.51,55.1,"Contract","Rent","Vehicle",1
"4004",46342,"Male","Grade 12",0,25.25,834517,1.52,1624400,13.16,50.39,39.9,"Contract","Rent","Other",1
"3055",37974,"Male","Degree",0,23.75,498445,1.75,615470,1.09,16.61,24.6,"Salaried","Rent","Vehicle",0
"8755",88877,"Male","No records",2,32.25,2777,0.38,5631,28.19,91.63,56.1,"Unemployed","Rent","Debt_consolidation",1
"65",10587,"Male","Diploma",0,29.75,7196,0.36,17622,18.02,58.06,49.4,"Unemployed","Rent","Debt_consolidation",0
"2554",33119,"Female","Diploma",2,19.25,365160,1.45,774933,32.96,109.39,67.6,"Salaried","Mortgage","Vehicle",1
"3757",44210,"Female","Degree",0,19.25,500097,1.86,662450,38.44,126.35,65.8,"Salaried","Mortgage","Vehicle",1
"81",10768,"Female","Degree",1,18.75,318501,1.89,748910,25.81,84.83,56.4,"Salaried","Rent","Vehicle",0
"6846",72082,"Male","No records",0,21.75,227395,1.47,267530,17,65.27,40.5,"Salaried","Rent","Other",0
"6315",67396,"Female","Grade 12",0,16.75,235721,1.56,137535,9.85,41.36,36.8,"Salaried","Own","Debt_consolidation",0
"830",17636,"Male","Diploma",2,18.75,244057,1.72,669057,32.11,105.65,60,"Salaried","Rent","Vehicle",0
"7373",76278,"Male","Diploma",0,29.75,2167,0.33,7564,13.99,50.27,44.2,"Unemployed","Rent","Debt_consolidation",0
"1831",26513,"Male","Grade 12",0,19.25,497773,1.55,319689,15.37,54.77,37.5,"Salaried","Rent","Other",1
"512",14767,"Male","Diploma",1,18.75,749488,1.96,1850215,33.43,110.66,59.5,"Self-employed","Mortgage","Home_improvement",0
"421",13976,"Male","Grade 12",0,20.25,3095918,1.97,4226321,6.96,28.27,41.7,"Self-employed","Mortgage","Home_improvement",0
"4520",50924,"Female","Grade 12",2,23.75,1730197,1.46,2876036,20.43,70.13,43.2,"Self-employed","Rent","Other",1
"1107",20175,"Male","No records",1,22.25,303420,2.36,191597,35.13,115.9,67.7,"Contract","Mortgage","Debt_consolidation",1
"2873",36244,"Female","Diploma",0,15.25,683902,1.66,237974,28.22,95.65,53.9,"Salaried","Mortgage","Vehicle",1
"8591",87440,"Female","Grade 12",2,18.75,647430,1.3,1798586,17.86,65.44,51.3,"Salaried","Rent","Vehicle",1
"5184",57206,"Female","Grade 12",0,20.25,585515,1.39,380582,30.77,104.38,53.1,"Contract","Own","Debt_consolidation",0
"998",19207,"Female","Diploma",0,20.25,622261,1.7,678295,6.74,40.74,39.2,"Salaried","Rent","Vehicle",1
"5742",62401,"Female","Grade 12",2,19.25,687167,1.56,1551387,39.5,137.19,72.1,"Salaried","Mortgage","Vehicle",1
"3857",45207,"Male","Degree",1,31.25,3753,0.37,1359,1.73,17.89,33.6,"Unemployed","Rent","Vehicle",1
"384",13567,"Female","Postgrad",0,17.75,256235,1.42,709501,21.04,73.75,46.2,"Salaried","Mortgage","Vehicle",0
"29",10201,"Male","Grade 12",0,33.75,7082,0.42,14793,36.05,121.09,63.9,"Unemployed","Rent","Debt_consolidation",1
"7738",79753,"Male","Degree",1,23.25,477487,1.33,1570042,35.22,113.6,68.1,"Salaried","Rent","Other",1
"4327",49196,"Female","No records",0,21.25,2589445,1.69,5703478,19.45,69.9,47,"Self-employed","Own","Debt_consolidation",0
"9221",92961,"Female","Grade 12",1,17.75,138592,1.73,397470,15.19,52.74,43.1,"Salaried","Mortgage","Vehicle",0
"3967",46058,"Male","Grade 12",0,18.75,1211048,2.41,1840001,20.35,80.27,48.6,"Self-employed","Mortgage","Home_improvement",1
"8317",85141,"Male","Diploma",0,23.25,324869,1.18,1121863,36.04,123.03,69.3,"Salaried","Rent","Other",1
"1305",21871,"Female","Diploma",1,21.25,1309286,1.48,1080490,23.36,82.39,47.7,"Self-employed","Own","Debt_consolidation",1
"918",18449,"Male","Grade 12",1,17.75,225048,0.91,183693,23.77,80.06,54.8,"Salaried","Mortgage","Vehicle",0
"1247",21317,"Male","Degree",1,20.25,122002,1.68,341758,3.34,23.45,28.7,"Salaried","Rent","Vehicle",1
"8242",84444,"Male","Grade 12",0,23.75,606356,1,978534,4.06,24.19,27.2,"Contract","Rent","Vehicle",0
"4213",48105,"Male","Degree",0,20.25,317590,1.11,1202994,4.55,23.44,30.9,"Salaried","Rent","Vehicle",1
"4959",54981,"Male","Grade 12",2,22.25,358918,1.47,814726,2.12,18.58,28.1,"Salaried","Rent","Vehicle",1
"1099",20095,"Female","Degree",0,16.75,636104,1.51,970465,11.62,39.4,37.8,"Salaried","Mortgage","Home_improvement",0
"3527",42261,"Female","No records",2,21.75,2361908,1.79,5628512,19.9,66.21,52.3,"Self-employed","Mortgage","Debt_consolidation",1
"1366",22390,"Female","Grade 12",2,20.25,384431,1.55,787897,5.05,27.81,28.6,"Salaried","Rent","Vehicle",0
"7654",78894,"Male","Grade 12",0,18.75,722827,1.44,688127,11.32,44.69,40.7,"Salaried","Rent","Vehicle",0
"6762",71365,"Female","No records",0,16.75,116088,1.61,173418,16.57,59.12,47.7,"Salaried","Mortgage","Home_improvement",0
"5625",61352,"Male","Degree",0,21.25,1222541,2,2745736,18.24,66.25,40.3,"Contract","Mortgage","Vehicle",1
"6037",65096,"Male","No records",0,34.75,3967,0.53,14845,35.82,117.71,58.3,"Unemployed","Mortgage","Debt_consolidation",1
"4240",48441,"Male","No records",0,16.75,339377,1.62,239644,17.31,60.74,51.8,"Salaried","Mortgage","Home_improvement",0
"7245",75279,"Female","No records",3,18.75,432164,0.96,1077471,29.15,96.37,53.4,"Salaried","Rent","Vehicle",0
"2358",31454,"Male","Grade 12",2,16.25,188290,1.54,67057,30.17,102.35,53.9,"Salaried","Rent","Vehicle",0
"9004",91098,"Female","Degree",1,16.75,285097,1.21,147757,3.93,27.66,31.4,"Salaried","Mortgage","Vehicle",0
"717",16559,"Female","Grade 12",0,19.25,368552,1.22,591482,15.09,55.61,38.8,"Salaried","Own","Debt_consolidation",1
"272",12519,"Male","Diploma",0,33.25,4947,0.69,3023,34.87,112.97,58.3,"Unemployed","Rent","Debt_consolidation",0
"4229",48292,"Female","No records",0,25.25,3391813,1.95,4308798,28.29,95.05,60.7,"Self-employed","Rent","Other",1
"8723",88602,"Male","Grade 12",1,21.25,855584,1.87,1506166,20.06,71.57,54.7,"Self-employed","Own","Debt_consolidation",1
"6512",69209,"Female","No records",1,19.25,419915,2.03,850204,36.94,122.45,59.4,"Salaried","Own","Debt_consolidation",0
"2884",36392,"Male","No records",0,22.25,502898,1.93,1514762,16,54.33,42.4,"Contract","Rent","Vehicle",0
"1524",23849,"Female","Grade 12",0,20.25,363175,1.67,300444,28.65,98.62,61.8,"Salaried","Rent","Vehicle",1
"1308",21897,"Female","No records",2,25.25,523919,1.63,1544457,2.19,20.56,30.6,"Salaried","Rent","Other",1
"9386",94336,"Male","Grade 12",1,18.75,186225,1.52,566370,14.59,53.82,40.4,"Salaried","Rent","Vehicle",0
"9856",98679,"Male","Postgrad",1,19.25,288723,1.85,292836,24.43,85.21,48,"Salaried","Own","Debt_consolidation",1
"7250",75313,"Female","No records",0,33.75,6833,0.37,24100,36.5,116.39,62.8,"Unemployed","Rent","Debt_consolidation",1
"2626",33745,"Male","Postgrad",2,19.25,198935,2.07,659940,7.99,32.99,34.1,"Salaried","Own","Debt_consolidation",1
"5123",56560,"Female","Grade 12",0,21.25,2530631,1.57,2854671,3.83,17.07,35.6,"Self-employed","Mortgage","Vehicle",1
"2767",35080,"Female","Grade 12",4,25.25,1943252,1.77,1977822,36.05,118.01,68.3,"Self-employed","Rent","Other",1
"3831",44996,"Male","Grade 12",0,25.25,725398,2.36,2676355,24.24,82.4,47.6,"Contract","Rent","Other",1
"212",11999,"Male","Grade 12",0,23.25,547749,1.75,526482,35.05,110.18,67.5,"Salaried","Rent","Other",1
"8117",83215,"Male","Degree",0,20.25,557114,1.76,2022311,6.67,28.02,39,"Salaried","Rent","Vehicle",1
"5694",61957,"Female","Diploma",0,19.25,239350,1.43,448668,19.89,71.91,49.7,"Salaried","Own","Debt_consolidation",0
"3969",46070,"Male","No records",0,20.25,1202586,1.65,4372832,20.84,70.21,48.3,"Contract","Mortgage","Home_improvement",1
"9334",94009,"Female","Grade 12",0,23.75,1615911,1.76,2837776,19.29,68.4,48,"Self-employed","Rent","Other",0
"9710",97491,"Female","Grade 12",3,18.75,888075,1.27,292635,34.94,116.77,60.4,"Contract","Mortgage","Vehicle",1
"8913",90186,"Female","Grade 12",0,18.25,291425,1.46,652660,30.39,104.53,65.2,"Salaried","Mortgage","Home_improvement",1
"1189",20749,"Male","No records",0,18.75,774432,1.52,1851049,11.06,40.89,36.6,"Salaried","Rent","Vehicle",0
"481",14485,"Female","Grade 12",0,35,6847,0.47,14235,1.25,14.88,29.3,"Unemployed","Rent","Debt_consolidation",1
"8500",86597,"Male","Grade 12",0,23.75,478525,2.13,1561541,19.81,68.15,47.8,"Self-employed","Rent","Other",1
"3544",42470,"Male","Diploma",2,32.75,5803,0.38,8612,4.38,18.74,34,"Unemployed","Mortgage","Debt_consolidation",0
"7495",77394,"Male","Diploma",1,14.25,170418,1.3,67364,10.69,43.34,33.4,"Salaried","Mortgage","Home_improvement",0
"2625",33730,"Male","Diploma",0,17.75,303661,1.72,231263,31.09,106.67,53.8,"Salaried","Mortgage","Vehicle",0
"4887",54507,"Male","Degree",0,17.75,314064,1.42,866634,36.69,110.03,58.9,"Salaried","Mortgage","Vehicle",0
"9558",96087,"Female","Degree",0,21.25,1275997,1.46,3567185,21.33,76.61,55.4,"Self-employed","Own","Debt_consolidation",1
"3013",37643,"Male","Degree",0,21.25,478908,2,177175,4.24,27.7,36.8,"Contract","Rent","Vehicle",1
"7017",73526,"Male","No records",2,23.25,389077,1.46,621408,25.31,84.61,51.7,"Contract","Mortgage","Debt_consolidation",1
"6214",66629,"Female","Grade 12",0,33.75,8588,0.43,29257,3.84,19.14,26.1,"Unemployed","Rent","Debt_consolidation",1
"5652",61563,"Male","Grade 12",1,17.75,177432,1.43,520797,18.22,63.98,49.5,"Salaried","Mortgage","Vehicle",0
"5563",60682,"Female","No records",0,20.25,799641,2.62,1630314,7.76,31.37,35.8,"Contract","Mortgage","Home_improvement",1
"2140",29339,"Female","No records",2,18.75,442877,1.11,1541377,10.91,37.04,35.3,"Salaried","Rent","Vehicle",0
"1919",27200,"Male","Grade 12",2,35,3118,0.5,8628,17.95,63.35,49.2,"Unemployed","Rent","Debt_consolidation",1
"3490",41941,"Male","Grade 12",0,19.25,329248,0.78,1212974,7.51,27.68,38.4,"Salaried","Own","Debt_consolidation",0
"6883",72368,"Female","Diploma",1,19.25,136629,0.98,75902,33.21,108.6,55.5,"Salaried","Rent","Other",0
"8230",84261,"Female","Diploma",1,17.75,453461,0.82,706349,23.6,81.54,54.2,"Salaried","Mortgage","Vehicle",0
"1199",20854,"Male","Degree",0,16.75,364755,1.86,183639,36.66,119.21,70.2,"Salaried","Mortgage","Vehicle",0
"7190",74805,"Female","Degree",0,18.75,820216,2.25,546068,21.94,76.5,49.1,"Self-employed","Own","Debt_consolidation",1
"7142",74481,"Female","Diploma",0,22.25,2702609,2.52,1340623,1.28,11.04,29.6,"Self-employed","Own","Debt_consolidation",1
"4392",49850,"Female","Diploma",0,23.75,2064701,1.9,3521290,27.92,94.87,52,"Self-employed","Rent","Other",1
"6235",66819,"Female","Diploma",0,17.75,566919,1.55,827290,12.1,52.39,42.5,"Salaried","Mortgage","Vehicle",1
"1960",27521,"Female","Grade 12",0,23.75,2720622,0.96,4418088,18.32,70.65,49.2,"Self-employed","Rent","Other",0
"5528",60356,"Male","Degree",0,17.25,1754255,1.05,1153227,24.23,80.93,58.4,"Self-employed","Mortgage","Vehicle",0
"1100",20102,"Female","Grade 12",0,19.25,343221,1.95,591596,25.81,91.23,53.1,"Salaried","Own","Debt_consolidation",1
"2276",30624,"Female","Degree",3,20.25,332110,1.59,663611,38.55,126.28,61.4,"Salaried","Rent","Vehicle",1
"6465",68713,"Female","Postgrad",0,16.75,185967,1.4,329144,24.7,85.46,56.4,"Salaried","Mortgage","Home_improvement",0
"2283",30660,"Female","Grade 12",1,18.75,544874,1.03,895955,12.65,45.45,35.3,"Salaried","Rent","Vehicle",0
"6648",70539,"Female","Grade 12",0,17.75,254390,1.73,491456,8.22,33.9,39,"Salaried","Mortgage","Vehicle",1
"1115",20218,"Female","Grade 12",0,19.25,345492,1.84,337031,37.92,125.92,71.1,"Salaried","Mortgage","Vehicle",1
"9437",94842,"Female","Postgrad",2,18.75,659029,1.38,1989418,28.86,97.47,57,"Salaried","Rent","Vehicle",0
"993",19123,"Male","No records",0,23.25,715870,1.41,719817,30.22,97.2,58.7,"Contract","Mortgage","Debt_consolidation",0
"6866",72226,"Male","Degree",0,22.75,2774048,1.93,5524380,29.85,98.7,61.6,"Self-employed","Own","Debt_consolidation",1
"8216",84117,"Female","Degree",1,19.25,377372,1.72,552309,6.15,26.9,34.3,"Salaried","Mortgage","Vehicle",0
"4563",51467,"Female","Grade 12",1,18.75,298032,1.82,648702,9.77,40.18,42.4,"Salaried","Rent","Vehicle",0
"458",14248,"Female","Grade 12",0,20.75,334930,1.31,112483,3.68,23.18,26.6,"Self-employed","Mortgage","Debt_consolidation",1
"4948",54877,"Female","Diploma",0,18.25,313466,1.52,654138,4.66,25.47,35.8,"Salaried","Mortgage","Home_improvement",0
"8686",88272,"Male","Diploma",0,25.25,183538,1.47,204480,39.99,127.56,74.7,"Self-employed","Rent","Other",0
"4150",47525,"Male","Diploma",0,21.75,345715,1.46,813280,28.45,95.98,54.7,"Salaried","Rent","Other",1
"4456",50415,"Male","Grade 12",0,24.75,1315192,1.95,4277483,1.93,19.32,30.9,"Self-employed","Own","Debt_consolidation",1
"3887",45475,"Female","Degree",1,18.25,231016,1.66,286380,39.82,129.22,64.8,"Salaried","Mortgage","Home_improvement",0
"968",18966,"Male","Degree",0,23.25,678448,1.39,653300,31.73,105.24,60.1,"Salaried","Rent","Other",0
"554",15135,"Female","Diploma",2,23.25,1280690,1.38,4813649,12.38,42.66,45.6,"Contract","Mortgage","Debt_consolidation",0
"3525",42248,"Male","Degree",0,18.25,474906,1.61,875422,32.8,106.34,63.4,"Salaried","Mortgage","Home_improvement",1
"9393",94385,"Female","Grade 12",2,18.75,285612,1.83,272183,24.91,83.09,55.1,"Salaried","Rent","Vehicle",1
"7624",78559,"Male","Postgrad",0,22.25,436067,2.03,823198,10.52,40.42,40.4,"Contract","Rent","Vehicle",0
"9585",96435,"Female","Grade 12",0,20.25,758298,1.3,1739477,4.36,19.95,38.4,"Salaried","Rent","Vehicle",1
"9745",97793,"Male","No records",2,17.75,202725,1.16,647506,8.43,34.04,35,"Salaried","Mortgage","Vehicle",0
"9467",95190,"Female","Diploma",1,25.25,1134985,2.09,1406165,3.3,22.27,28,"Self-employed","Rent","Other",1
"3379",41086,"Male","No records",1,25.25,1533790,1.47,1178950,38.95,126.7,67.1,"Self-employed","Rent","Other",1
"5794",62901,"Female","No records",0,25.25,1473830,1.75,4679420,25.84,96.56,60.6,"Self-employed","Rent","Other",1
"1451",23192,"Female","Grade 12",0,17.75,528696,1.54,1309323,15.82,58.33,50.8,"Salaried","Mortgage","Vehicle",0
"3502",42023,"Male","Grade 12",0,29.75,7336,0.36,26025,10.28,44.34,41.6,"Unemployed","Rent","Debt_consolidation",1
"104",10930,"Male","Grade 12",0,18.25,410278,1.93,1504193,4.12,25.99,29.8,"Salaried","Mortgage","Home_improvement",0
"6460",68652,"Male","Degree",0,19.25,395970,1.34,1453256,11.26,40.89,40.2,"Salaried","Own","Debt_consolidation",0
"2971",37222,"Female","Degree",1,20.25,425327,1.67,1255350,27.06,88.74,60.8,"Salaried","Rent","Vehicle",0
"9871",98796,"Male","Grade 12",0,19.75,1656699,2.14,4245142,23.29,75.51,48.7,"Self-employed","Mortgage","Vehicle",1
"7337",75966,"Female","No records",1,25.25,1563675,0.76,5006104,3.73,17.09,37.5,"Self-employed","Rent","Other",1
"6253",66938,"Male","Grade 12",3,17.75,252837,1.35,946119,10.12,39.29,34.3,"Salaried","Mortgage","Vehicle",0
"3542",42461,"Male","Degree",0,18.75,2511799,1.78,4660863,12.98,47.67,42.4,"Self-employed","Mortgage","Home_improvement",1
"3573",42666,"Female","No records",2,17.75,433935,1.82,610681,11.83,45.97,45.1,"Salaried","Mortgage","Vehicle",1
"7678",79108,"Male","Diploma",0,21.25,326624,1.44,1075289,1.29,13.08,34.7,"Salaried","Mortgage","Vehicle",0
"2450",32117,"Female","Postgrad",0,20.75,133831,1.36,90909,38.29,123.06,65.7,"Salaried","Own","Debt_consolidation",1
"3218",39633,"Male","Diploma",0,16.25,279559,1.3,126105,28.51,95.75,56.2,"Salaried","Rent","Vehicle",0
"6097",65603,"Female","Grade 12",1,22.75,542894,1.23,941099,24.92,89.49,48.8,"Contract","Own","Debt_consolidation",1
"5734",62335,"Female","Grade 12",1,22.25,348166,1.66,539997,0.29,6.45,27.7,"Salaried","Rent","Vehicle",0
"639",15820,"Female","Grade 12",0,17.75,474733,1.45,1270016,13.99,50.45,49,"Salaried","Mortgage","Vehicle",0
"170",11642,"Male","No records",1,16.25,501349,1.95,322122,22.99,77.96,51,"Salaried","Rent","Vehicle",1
"7606",78401,"Female","Degree",0,20.75,132176,1.01,413297,5.14,26.17,32.4,"Salaried","Own","Debt_consolidation",1
"3780",44460,"Male","Diploma",0,17.75,405945,1.62,342978,27.26,95.02,52.4,"Salaried","Mortgage","Vehicle",1
"9503",95484,"Male","Grade 12",0,20.75,3498733,1.3,2190510,39.45,127.66,69,"Self-employed","Mortgage","Debt_consolidation",1
"9005",91108,"Female","Grade 12",0,17.75,319436,1.5,585705,13.38,52.1,40.6,"Salaried","Mortgage","Vehicle",0
"9528",95784,"Female","Grade 12",0,18.75,188078,1.07,526121,9.05,31.91,32.1,"Salaried","Rent","Vehicle",1
"5895",63757,"Female","Grade 12",0,22.75,985490,1.11,572345,31.54,109.37,56.6,"Contract","Rent","Other",1
"3517",42157,"Male","Grade 12",1,20.25,2506466,2.48,9321927,35.39,119.59,64,"Self-employed","Mortgage","Home_improvement",1
"9432",94762,"Female","Diploma",0,20.25,583244,1.3,1750287,22.2,78,51.9,"Contract","Mortgage","Home_improvement",1
"3939",45847,"Male","Degree",2,18.75,133782,2.17,94866,31.77,101.52,54.5,"Salaried","Rent","Vehicle",1
"5771",62604,"Male","Grade 12",0,30.75,7442,0.25,22082,17.59,67.36,44.3,"Unemployed","Rent","Other",1
"5194",57309,"Female","Grade 12",1,17.75,592534,1.4,994554,7.33,32.37,35.2,"Salaried","Mortgage","Vehicle",0
"5529",60384,"Male","Degree",0,23.75,1017511,1.42,855971,15.37,58.46,38.1,"Self-employed","Rent","Other",0
"4195",47916,"Male","Grade 12",0,21.75,123174,1.19,251789,29.6,98.3,55,"Salaried","Rent","Other",0
"949",18747,"Male","Degree",0,29.75,5182,0.36,4072,27.32,95.82,51.7,"Unemployed","Rent","Debt_consolidation",0
"74",10705,"Male","No records",0,22.75,855123,2.34,1827948,7.3,30.94,35.8,"Contract","Own","Debt_consolidation",1
"3585",42799,"Female","No records",2,21.75,615387,1.71,2122739,13.96,51.47,38.6,"Salaried","Rent","Other",0
"9869",98785,"Female","Grade 12",0,35,2956,0.47,7234,37.55,120.18,70.2,"Unemployed","Rent","Debt_consolidation",1
"5143",56778,"Female","Diploma",0,19.25,666532,1.44,1169870,12.74,45.37,46.8,"Salaried","Own","Debt_consolidation",1
"2728",34729,"Female","Diploma",4,23.25,2186134,1.65,3595660,38.74,120.49,70.6,"Self-employed","Mortgage","Debt_consolidation",1
"9399",94429,"Female","Grade 12",0,25.25,1304671,1.52,4748013,4.03,20.76,27.3,"Self-employed","Rent","Other",0
"6176",66360,"Male","Grade 12",1,17.75,433400,1.5,416418,27.53,93.58,50.4,"Salaried","Mortgage","Vehicle",0
"6849",72099,"Male","Grade 12",0,21.75,163744,2.08,166367,35.05,116.29,63.1,"Contract","Mortgage","Home_improvement",1
"9011",91149,"Female","Degree",2,25.75,1108021,1.69,2445841,2.63,11.49,25.8,"Contract","Rent","Vehicle",1
"987",19076,"Male","Degree",2,23.25,366253,2.08,323816,33.77,110.67,68.7,"Salaried","Rent","Other",0
"984",19055,"Male","Diploma",0,18.75,245107,1.61,842673,17.66,59.07,44.9,"Salaried","Rent","Vehicle",1
"7641",78717,"Male","Diploma",0,19.25,380025,0.86,985374,21.29,76.09,45.4,"Salaried","Own","Debt_consolidation",0
"4465",50482,"Female","Degree",0,20.25,656896,1.51,1898730,18.71,65.2,53.3,"Contract","Mortgage","Home_improvement",1
"1519",23827,"Female","Grade 12",1,35,3369,0.46,8115,0.63,12.25,24.3,"Unemployed","Rent","Debt_consolidation",0
"980",19026,"Male","Diploma",0,16.75,562964,1.42,1599710,27.51,97.29,59.3,"Salaried","Mortgage","Home_improvement",1
"4664",52432,"Male","Diploma",1,23.25,1164393,1.2,944156,2.75,21.13,31.4,"Self-employed","Mortgage","Vehicle",0
"1297",21797,"Female","Diploma",0,23.75,1994115,2.07,6008941,29.77,100.94,52,"Self-employed","Rent","Other",1
"1213",20978,"Female","Grade 12",1,20.75,593436,1.58,1451432,31.33,100.21,65.4,"Salaried","Own","Debt_consolidation",1
"9680",97267,"Female","Diploma",0,23.25,1383708,2.34,4979642,8.28,37.92,35.4,"Contract","Mortgage","Debt_consolidation",1
"9610",96615,"Male","No records",0,21.75,274658,1.66,682787,9.46,35.27,31.5,"Salaried","Rent","Other",0
"9524",95774,"Female","Grade 12",2,17.75,275607,1.19,641769,13.5,50.48,42.6,"Salaried","Mortgage","Vehicle",0
"2115",29093,"Female","Diploma",0,20.25,1910380,1.79,6374199,37.1,120.63,62.5,"Self-employed","Mortgage","Home_improvement",1
"8789",89126,"Female","Degree",0,21.25,336370,2.48,364929,21.24,69.86,49,"Contract","Mortgage","Vehicle",1
"3201",39380,"Female","Grade 12",1,18.25,409128,1.52,1311214,5.56,27.61,33.6,"Salaried","Mortgage","Home_improvement",0
"8508",86674,"Female","Diploma",1,22.75,1831329,1.61,5629619,3.49,20.54,36.7,"Self-employed","Own","Debt_consolidation",1
"505",14674,"Male","Grade 12",0,14.25,150689,1.53,83090,26.03,86.04,50.4,"Salaried","Mortgage","Home_improvement",0
"1466",23299,"Male","Diploma",2,15.25,179886,1.37,109861,27.54,94.88,58.9,"Salaried","Mortgage","Vehicle",0
"1364",22366,"Male","Grade 12",1,19.25,311821,1.3,965234,4.28,23.81,38.4,"Salaried","Mortgage","Vehicle",0
"7640",78713,"Female","Diploma",0,21.25,2520584,1.81,6889781,36.01,124.35,60.9,"Self-employed","Mortgage","Vehicle",1
"1328",22025,"Female","Grade 12",1,18.25,298055,1.62,211632,38.74,122.43,61.6,"Salaried","Mortgage","Home_improvement",0
"5710",62121,"Female","Diploma",0,23.75,1795649,2.13,3486164,18.85,64.4,49,"Self-employed","Rent","Other",0
"8852",89727,"Female","Degree",2,23.75,653079,1.25,1732468,5.24,24.67,35.9,"Contract","Rent","Vehicle",1
"4420",50127,"Female","Grade 12",0,22.25,1406445,1.57,2610292,2.03,16.63,29.4,"Self-employed","Mortgage","Home_improvement",0
"4410",50024,"Female","Grade 12",2,17.75,608133,1.48,2093318,24.21,85.42,49.1,"Salaried","Mortgage","Vehicle",0
"6262",66987,"Male","Grade 12",2,18.75,550425,1.69,557329,30.89,101.57,56.7,"Salaried","Rent","Vehicle",1
"2112",29062,"Female","Degree",3,19.25,629267,1.83,2188079,37.33,120.3,63.1,"Salaried","Mortgage","Vehicle",0
"5819",63091,"Female","Grade 12",2,25.25,410153.5,1.76,13057247,35.53,112.29,66.4,"Self-employed","Rent","Other",1
"1659",25043,"Male","Diploma",0,18.75,188777,1.81,588170,15.68,57.79,46.7,"Salaried","Rent","Vehicle",0
"7076",74006,"Male","Diploma",0,17.75,373000,1.44,461196,23.25,78.91,57.9,"Salaried","Mortgage","Vehicle",0
"3017",37673,"Female","Degree",1,23.75,2222108,2.22,3205839,26.61,91.53,59.9,"Self-employed","Rent","Other",1
"9650",96958,"Male","Grade 12",0,19.75,2550678,0.9,1931853,12.69,50.02,41.6,"Self-employed","Mortgage","Vehicle",0
"2566",33228,"Female","Grade 12",2,22.25,833612,1.04,2633792,32.56,103.48,59.3,"Contract","Rent","Vehicle",1
"4202",47981,"Female","Diploma",2,20.25,3274099,1.37,10225837,4.63,24.49,27.4,"Self-employed","Mortgage","Home_improvement",0
"1902",27092,"Male","Grade 12",0,20.75,182116,1.69,319436,6.96,28.6,40,"Salaried","Own","Debt_consolidation",1
"4168",47674,"Male","Grade 12",0,19.25,199257,1.84,496042,24.73,82.91,51.9,"Salaried","Own","Debt_consolidation",0
"8457",86252,"Male","Diploma",0,23.25,602980,1.55,1798427,2.34,17.11,31.9,"Self-employed","Mortgage","Vehicle",0
"1748",25766,"Female","Diploma",0,21.75,501849,1.87,1215788,24.37,84.34,52.4,"Salaried","Rent","Other",0
"1678",25150,"Male","Diploma",0,22.75,759013,1.69,1270802,16.32,58.03,39.6,"Contract","Own","Debt_consolidation",1
"4386",49754,"Male","Diploma",0,15.75,1244358,1.49,409691,25.94,86.7,49.5,"Self-employed","Mortgage","Vehicle",1
"5659",61624,"Male","Diploma",0,17.75,351073,1.65,299572,22.58,77.21,50.4,"Salaried","Mortgage","Vehicle",0
"6502",69035,"Male","No records",0,20.75,456087,1.49,607698,5.43,19.3,35.4,"Salaried","Own","Debt_consolidation",1
"9550",96032,"Female","Grade 12",0,21.75,869986,1.31,685795,18.63,60.29,51,"Self-employed","Mortgage","Debt_consolidation",1
"8157",83626,"Female","Diploma",0,21.75,143207,1.36,379629,7.01,23.66,41.1,"Salaried","Rent","Other",0
"1009",19296,"Female","Grade 12",0,23.75,2239042,1.34,8383063,16.76,53.96,41.3,"Self-employed","Rent","Other",1
"4762",53374,"Female","Grade 12",0,23.25,455756,1.35,355469,38.33,129.82,65.3,"Salaried","Rent","Other",1
"5728",62291,"Female","Grade 12",2,18.75,213501,1.44,349402,13.94,52.98,40.2,"Salaried","Rent","Vehicle",1
"9196",92753,"Male","Diploma",0,25.25,1480169,1.71,3727146,3.96,20.87,32.9,"Self-employed","Rent","Other",0
"8713",88519,"Female","Grade 12",0,19.25,432709,1.33,972326,13.99,54.37,37.4,"Salaried","Own","Debt_consolidation",0
"5169",57061,"Female","Degree",2,20.75,361144,1.39,934839,6.73,31.94,38.4,"Salaried","Own","Debt_consolidation",0
"1152",20501,"Female","Diploma",1,18.75,2141890,2.02,2844113,11.68,47.46,36.1,"Self-employed","Mortgage","Home_improvement",1
"4341",49334,"Male","Degree",0,19.25,576680,1.64,401554,38.84,125.05,64,"Salaried","Mortgage","Vehicle",0
"4323",49166,"Female","Grade 12",2,20.25,319794,1.26,802912,2.49,20.04,32.6,"Salaried","Mortgage","Home_improvement",0
"6146",66093,"Female","Diploma",2,19.25,603240,1.86,432138,39.27,126.89,61.7,"Salaried","Mortgage","Vehicle",1
"4469",50498,"Female","No records",3,20.25,432310,1.63,904330,36.52,118.54,70.1,"Salaried","Rent","Vehicle",0
"5592",60971,"Male","Diploma",2,13.75,197120,1.36,65208,24.75,80.58,59.4,"Salaried","Mortgage","Vehicle",1
"6994",73279,"Female","Diploma",0,25.25,468968,2.14,962202,33.18,111.11,65.1,"Self-employed","Rent","Other",1
"5730",62305,"Female","Grade 12",0,20.25,402712,1.53,1490175,13.04,48.92,43.5,"Contract","Mortgage","Home_improvement",1
"3912",45648,"Male","Diploma",1,22.25,328455,1.32,814544,1.35,12.92,31.7,"Salaried","Rent","Vehicle",0
"1106",20159,"Female","No records",3,18.25,135540,1.46,250023,34.96,116.71,63.8,"Salaried","Mortgage","Home_improvement",1
"6947",72899,"Female","Grade 12",1,23.75,2498551,2.37,9007913,8.79,33.1,36.1,"Self-employed","Rent","Other",0
"896",18271,"Male","Diploma",3,23.75,2861828,1.82,10295550,29.84,101.39,54.7,"Self-employed","Rent","Other",1
"9891",99041,"Male","Grade 12",2,17.75,188006,1.89,686268,12.62,41.89,38.2,"Salaried","Mortgage","Vehicle",1
"1718",25545,"Female","No records",1,25.25,1063361,2.08,1638621,28.84,94.64,62.7,"Self-employed","Rent","Other",1
"5567",60732,"Female","Diploma",1,22.75,1640412,2.47,925965,2.33,21.58,27,"Self-employed","Mortgage","Debt_consolidation",1
"5816",63047,"Female","Grade 12",0,25.25,848161,1.28,1557584,17.2,63.26,44.1,"Contract","Rent","Other",0
"1149",20490,"Female","Diploma",3,27.25,3348,0.36,1902,32.27,104.19,58.4,"Unemployed","Rent","Debt_consolidation",0
"7261",75363,"Male","Grade 12",3,17.75,225768,1.84,67913,16.53,61.98,51.5,"Salaried","Rent","Other",0
"2844",35780,"Male","Diploma",1,23.75,510025,1.9,1074654,9.61,35.64,41.8,"Self-employed","Rent","Other",0
"7306",75699,"Male","Grade 12",0,21.75,179480,1.58,647118,8.12,34.7,31.2,"Salaried","Rent","Other",1
"4449",50355,"Male","Degree",1,16.75,258054,1.81,412665,22.24,82.24,49.1,"Salaried","Mortgage","Home_improvement",0
"2423",31918,"Female","Degree",0,19.25,312976,1.7,840514,29.89,100.94,58.2,"Salaried","Own","Debt_consolidation",1
"4551",51338,"Male","Degree",1,23.75,1213249,2.01,4015857,22.77,77.29,48.6,"Self-employed","Rent","Other",1
"3654",43309,"Female","Grade 12",2,26.25,666891,1.98,487202,1.8,14.32,25.5,"Contract","Own","Debt_consolidation",1
"2315",31020,"Female","Diploma",0,17.75,229777,1.33,467548,22.65,77.13,54.8,"Salaried","Mortgage","Vehicle",1
"2018",28086,"Female","No records",2,18.25,476519,1.72,1539802,32.32,110.91,60.5,"Salaried","Mortgage","Home_improvement",0
"2036",28291,"Female","Diploma",0,18.25,641849,1.44,797037,3.28,18.23,29,"Salaried","Mortgage","Home_improvement",0
"2587",33382,"Female","Degree",0,17.75,438572,1.72,1454713,7.21,28.73,38.1,"Salaried","Mortgage","Vehicle",0
"6370",67837,"Male","Grade 12",1,20.25,316979,1.36,1177207,39.42,127.53,73.3,"Salaried","Rent","Vehicle",0
"7540",77777,"Female","Postgrad",2,23.75,510452,1.3,1520203,1.5,14.79,30.4,"Contract","Mortgage","Home_improvement",0
"244",12301,"Female","Diploma",0,20.25,169294,1.95,513370,3.75,16.88,28,"Salaried","Rent","Vehicle",1
"3630",43179,"Male","No records",0,25.25,181648,1.15,425646,23.85,77.87,52,"Contract","Rent","Other",1
"448",14145,"Female","Grade 12",2,19.25,129417,1.8,376429,26.12,85.23,55.8,"Salaried","Own","Debt_consolidation",1
"1847",26624,"Female","Degree",0,18.25,425757,1.31,644369,5.77,28.16,29.7,"Salaried","Mortgage","Home_improvement",0
"8459",86265,"Female","No records",1,19.75,343845,2.14,293849,7.06,28.7,38.6,"Self-employed","Mortgage","Vehicle",1
"36",10284,"Male","Diploma",1,17.75,368626,1.05,200009,1.14,15.8,35.5,"Salaried","Mortgage","Home_improvement",0
"6885",72386,"Male","Grade 12",0,22.25,779910,1.88,1161192,10.17,42.32,34,"Contract","Rent","Vehicle",1
"7104",74246,"Female","No records",2,15.75,670159,1.28,370808,3.06,14.41,25.1,"Salaried","Mortgage","Home_improvement",0
"5536",60468,"Female","Grade 12",2,21.75,207538,1.2,292154,16.52,53.97,50.3,"Salaried","Rent","Other",0
"7375",76290,"Female","Diploma",0,15.25,445911,2.02,140110,10.48,42.35,43,"Salaried","Own","Debt_consolidation",0
"1158",20534,"Female","No records",0,19.25,621189,1.22,1408538,14.13,53.04,38,"Salaried","Own","Debt_consolidation",0
"235",12200,"Female","Grade 12",0,31.75,5350,0.56,1693,23.77,86.25,56.9,"Unemployed","Rent","Debt_consolidation",1
"621",15711,"Female","Postgrad",2,20.75,347294,1.66,1228583,30.73,95.23,61.2,"Salaried","Own","Debt_consolidation",1
"840",17753,"Male","Grade 12",0,16.75,384260,2.04,806566,18.85,59.4,42.5,"Salaried","Mortgage","Home_improvement",1
"6418",68215,"Female","Grade 12",2,22.25,566280,1.66,946863,1.06,13.8,26.3,"Salaried","Rent","Vehicle",0
"3272",40132,"Male","Grade 12",0,14.25,539930,1.31,252728,34.07,112.52,56.1,"Salaried","Mortgage","Home_improvement",1
"3117",38584,"Male","Degree",1,18.25,378855,1.66,898257,30.99,98.63,64.4,"Salaried","Mortgage","Home_improvement",1
"5357",58659,"Male","Postgrad",0,19.25,330610,1.58,651586,39.72,131.46,71.1,"Salaried","Mortgage","Vehicle",1
"5037",55737,"Male","Grade 12",0,18.75,509375,1.63,1747933,25.95,82.39,58.8,"Salaried","Rent","Vehicle",1
"7972",81840,"Female","Diploma",0,20.25,355060,1.67,758578,37.42,123.99,72.3,"Salaried","Rent","Vehicle",0
"5945",64236,"Female","Degree",0,18.75,2345650,1.42,6495105,32.92,107.7,59.7,"Self-employed","Mortgage","Home_improvement",0
"859",17914,"Male","Diploma",0,35,4928,0.56,14082,39.31,125.83,69.6,"Unemployed","Rent","Debt_consolidation",1
"4820",53920,"Female","Grade 12",1,24.25,549634,1.39,1925074,0.52,11.13,23,"Salaried","Own","Debt_consolidation",1
"8173",83745,"Male","No records",3,27.25,1277866,2.21,2009525,2.1,17.24,36.1,"Self-employed","Rent","Other",1
"9705",97450,"Male","Diploma",0,20.25,430686,1.77,696357,35.99,119.43,63.8,"Salaried","Rent","Vehicle",1
"1988",27858,"Male","Postgrad",0,21.25,1079593,1.78,2313871,6.77,30.99,39.6,"Self-employed","Mortgage","Vehicle",0
"6854",72151,"Male","Diploma",0,18.75,2798536,2.17,9334755,29.39,96.52,58.2,"Self-employed","Mortgage","Home_improvement",1
"9292",93741,"Female","Grade 12",0,17.75,330135,1.4,677190,8.73,35.65,40.2,"Salaried","Mortgage","Vehicle",0
"5632",61407,"Male","Grade 12",1,18.75,520323,0.93,1913819,18.64,71.07,45.2,"Salaried","Rent","Vehicle",0
"4836",54066,"Female","Grade 12",0,21.75,402351,1.79,537014,14.73,51.76,39.1,"Salaried","Rent","Other",0
"8464",86354,"Female","No records",3,20.25,70733,1.16,58387,35.61,110.18,60.2,"Salaried","Rent","Vehicle",0
"6006",64807,"Female","No records",1,19.25,130391,2.17,333743,35.64,116.6,69.2,"Salaried","Mortgage","Vehicle",1
"6505",69094,"Male","No records",0,19.25,233682,2.15,671503,33.91,112.13,66.6,"Salaried","Mortgage","Vehicle",0
"3617",43099,"Female","Diploma",0,19.25,390760,1.61,1274278,31.42,103.77,60.3,"Salaried","Mortgage","Vehicle",1
"3171",39104,"Male","Degree",0,18.75,120673,1.52,287981,18.2,64.79,52.2,"Salaried","Rent","Vehicle",0
"3485",41929,"Female","Degree",0,20.25,464164,1.41,1680564,33.63,106.35,62.8,"Salaried","Rent","Vehicle",0
"3011",37626,"Female","Degree",1,35,4777,0.6,11704,0.54,13.93,34,"Unemployed","Mortgage","Debt_consolidation",1
"942",18683,"Female","Diploma",0,19.25,708709,1.38,413964,0.62,8.29,22.8,"Salaried","Mortgage","Home_improvement",1
"213",12016,"Male","Degree",1,18.75,343443,1.17,475077,17.43,65.13,50.3,"Salaried","Rent","Vehicle",0
"950",18754,"Male","Grade 12",1,22.75,1147112,2.21,2151666,17.57,60.72,46,"Contract","Own","Debt_consolidation",1
"393",13647,"Male","Grade 12",1,16.75,256708,1.62,969172,15.61,56.59,48,"Salaried","Mortgage","Home_improvement",0
"1828",26443,"Female","Grade 12",2,18.75,658281,1.78,2385696,20.68,70.68,54.7,"Salaried","Rent","Vehicle",0
"6503",69073,"Female","Diploma",0,32.25,3484,0.42,2999,22.11,78.12,52.6,"Unemployed","Rent","Debt_consolidation",1
"2578",33311,"Male","Grade 12",1,18.75,2240507,2.17,4354087,11.31,45.04,39.9,"Self-employed","Mortgage","Home_improvement",0
"7811",80399,"Female","Grade 12",1,18.75,139029,1.36,282269,27.74,92.08,59.6,"Salaried","Rent","Vehicle",0
"4024",46502,"Female","Grade 12",0,32.25,6355,0.33,9276,37.32,121.52,63.6,"Unemployed","Rent","Other",1
"2073",28701,"Male","Diploma",0,27.25,260140,1.05,674116,0.88,12.11,24.8,"Contract","Rent","Vehicle",0
"6056",65285,"Female","Grade 12",0,33.25,1417,0.4,3319,22.38,78.79,49.1,"Unemployed","Rent","Other",1
"2616",33645,"Female","Grade 12",2,24.25,473959,1.24,443733,34.02,114.6,60.9,"Contract","Own","Debt_consolidation",1
"9021",91215,"Female","Grade 12",3,16.75,314482,1.51,1108412,23.92,85.86,47.8,"Salaried","Mortgage","Home_improvement",1
"2874",36251,"Male","No records",0,19.25,205240,1.72,483481,38.04,122.2,61.3,"Salaried","Mortgage","Vehicle",0
"8046",82569,"Male","Postgrad",0,17.75,528071,1.07,508013,19.64,71.34,44.1,"Salaried","Mortgage","Vehicle",0
"8886",90007,"Male","Grade 12",0,34.75,5215,0.54,19525,19.69,71.6,52.5,"Unemployed","Mortgage","Debt_consolidation",1
"1955",27483,"Male","Grade 12",0,21.75,94057,1.53,113342,7.69,37.1,42,"Salaried","Rent","Other",1
"3360",40901,"Female","Diploma",1,21.75,247465,1.46,475311,23.02,77.66,53.2,"Salaried","Rent","Other",0
"813",17482,"Male","Diploma",0,21.75,2236533,1.91,6927900,8.43,38.14,37.8,"Self-employed","Mortgage","Debt_consolidation",1
"3676",43574,"Female","Grade 12",0,19.75,803435,2.15,2577199,19.71,69.9,52.6,"Self-employed","Mortgage","Vehicle",0
"2489",32450,"Female","Degree",1,21.25,1521009,0.72,3920835,4.8,22.87,35.7,"Self-employed","Mortgage","Vehicle",1
"7465",77126,"Male","Grade 12",1,19.25,787514,1.42,1898425,14.63,54.29,38.5,"Salaried","Own","Debt_consolidation",0
"9455",95079,"Male","No records",0,17.75,223760,1.49,750200,15.08,58.59,41.5,"Salaried","Mortgage","Vehicle",0
"7197",74862,"Female","Diploma",1,22.25,529550,1.52,1308686,10.53,46.97,32.5,"Contract","Rent","Vehicle",1
"1414",22765,"Female","Grade 12",1,19.75,2825277,2.11,3081506,18.11,64.64,43.5,"Self-employed","Mortgage","Vehicle",0
"4093",47098,"Male","Degree",0,24.25,898504,1.67,2475181,3.93,18.89,34,"Contract","Own","Debt_consolidation",0
"6782",71575,"Male","No records",3,21.25,450530,0.96,1561237,9.59,40.04,40.4,"Contract","Mortgage","Vehicle",1
"5864",63499,"Male","Grade 12",1,17.75,117414,1.68,428789,9.15,35.39,42.7,"Salaried","Mortgage","Vehicle",0
"3264",40036,"Male","Grade 12",2,17.75,103894,1.21,387943,13.84,51.67,43.1,"Salaried","Mortgage","Vehicle",0
"3287",40241,"Male","No records",1,35,4678,0.54,3468,19.45,71.59,41.8,"Unemployed","Rent","Debt_consolidation",0
"8803",89292,"Male","Grade 12",0,20.25,492973,1.33,689438,39.04,124.69,68,"Salaried","Rent","Vehicle",0
"346",13202,"Male","Grade 12",1,16.75,591989,1.24,2174861,24.33,83.43,47.1,"Salaried","Mortgage","Home_improvement",0
"5095",56207,"Female","Degree",1,21.75,399427,1.28,1364436,7.62,28.98,34.4,"Salaried","Rent","Other",0
"3565",42630,"Male","No records",1,19.75,2176321,1.83,2601195,23.69,79.04,51.5,"Self-employed","Mortgage","Vehicle",1
"5359",58669,"Male","Grade 12",0,19.25,328768,1.26,558242,29.5,97.45,56.5,"Salaried","Own","Debt_consolidation",0
"3156",39002,"Male","Degree",0,24.75,974714,2.14,2715370,30.41,103.92,60.7,"Contract","Mortgage","Debt_consolidation",1
"9297",93767,"Female","Postgrad",0,35,2174,0.58,4559,20.44,68.49,43.8,"Unemployed","Rent","Other",1
"8739",88763,"Male","No records",0,18.75,125532,1.8,195803,15.99,55.41,43.8,"Salaried","Rent","Vehicle",0
"4935",54814,"Female","Diploma",0,22.75,599293,1.69,1285058,24.72,89.22,58.5,"Contract","Own","Debt_consolidation",1
"4495",50717,"Male","Degree",0,34.75,3394,0.67,10253,17.24,66.54,39.6,"Unemployed","Mortgage","Debt_consolidation",1
"5841",63315,"Male","Diploma",1,21.25,311104,1.72,824550,39.03,127.9,64.6,"Self-employed","Mortgage","Vehicle",1
"972",18995,"Male","Grade 12",0,21.75,2151632,1.73,4794261,18.36,64.68,41,"Self-employed","Mortgage","Debt_consolidation",0
"2234",30215,"Male","Diploma",2,16.75,397608,1.26,178762,31.05,108.37,54.7,"Salaried","Own","Debt_consolidation",1
"4858",54260,"Female","Degree",0,21.75,273471,1.03,966468,18.41,68.53,50.7,"Salaried","Rent","Other",1
"9088",91772,"Female","Grade 12",0,19.25,448269,1.34,255342,7.05,32.45,30.1,"Salaried","Rent","Other",0
"4822",53933,"Female","Grade 12",3,21.25,1246585,2.04,382160,38.85,126.37,62.3,"Self-employed","Rent","Other",0
"8643",87920,"Female","Diploma",0,20.75,289554,2.02,142434,27.34,97.73,51.7,"Contract","Mortgage","Debt_consolidation",1
"948",18746,"Female","Diploma",1,21.75,285461,1.38,812625,11.34,49.78,38.4,"Salaried","Rent","Other",0
"9703",97439,"Female","Grade 12",1,19.25,271953,1.48,895087,6.42,26.25,37.8,"Salaried","Mortgage","Vehicle",0
"7940",81566,"Male","Grade 12",1,18.75,487309,1.46,1183063,9.4,38.78,41.4,"Salaried","Rent","Vehicle",0
"8669",88141,"Female","No records",0,19.25,825722,0.88,2642187,32.94,105.45,62.2,"Salaried","Mortgage","Vehicle",0
"1578",24282,"Female","Diploma",1,16.75,245015,1.53,382133,13.33,51.43,47.4,"Salaried","Mortgage","Home_improvement",0
"9326",93975,"Female","Grade 12",1,18.75,526954,1.52,1159610,9.93,38.84,33.1,"Salaried","Rent","Vehicle",1
"5207",57439,"Female","Diploma",0,18.75,457501,1.36,887210,32.19,104.85,54.8,"Salaried","Rent","Vehicle",1
"7767",80075,"Male","Diploma",0,23.25,751154,1.79,2013780,38.15,125.54,62.3,"Salaried","Rent","Other",1
"2396",31705,"Female","Grade 12",0,15.25,300829,1.56,192093,12.52,49.79,46,"Salaried","Mortgage","Vehicle",0
"7674",79084,"Female","No records",0,16.75,327948,1.24,691069,20.58,73.52,46.2,"Salaried","Mortgage","Home_improvement",0
"6645",70527,"Male","Grade 12",0,21.25,309060,1.89,938910,0.82,12.29,25.7,"Salaried","Mortgage","Vehicle",0
"466",14318,"Female","Grade 12",0,23.25,2283570,2.14,1914841,38.26,123.6,67.7,"Self-employed","Mortgage","Debt_consolidation",1
"7718",79503,"Male","Grade 12",1,19.25,677725,1.05,2413019,37.59,117.52,68.9,"Salaried","Mortgage","Vehicle",0
"2630",33786,"Female","Diploma",0,21.25,1234472,2.33,824969,28.66,95.69,62.2,"Self-employed","Mortgage","Vehicle",0
"2452",32149,"Female","Diploma",1,25.25,2239897,1.9,6236181,5.99,23.21,29.9,"Self-employed","Rent","Other",1
"8974",90750,"Female","No records",0,35,5165,0.46,11129,35.54,117.06,59.6,"Unemployed","Rent","Debt_consolidation",0
"1116",20221,"Male","Diploma",0,17.75,221361,1.07,377489,22.74,76.2,57.5,"Salaried","Mortgage","Vehicle",0
"5464",59649,"Female","Grade 12",1,16.75,322483,1.56,309142,25.85,89.55,48.6,"Salaried","Mortgage","Home_improvement",0
"5909",63858,"Female","Degree",2,19.25,441677,1.37,877129,39.41,126.48,71.5,"Salaried","Mortgage","Vehicle",1
"4485",50619,"Male","Grade 12",1,16.75,495713,1.73,753306,16.81,60.99,45.6,"Salaried","Mortgage","Home_improvement",1
"7125",74351,"Male","No records",0,20.25,122454,1.93,300330,28.55,100.06,61.4,"Salaried","Rent","Vehicle",1
"8893",90039,"Male","Postgrad",2,18.25,556184,1.4,1544634,5.87,27.54,31.7,"Salaried","Mortgage","Home_improvement",0
"1974",27707,"Female","No records",1,16.75,308898,1.81,578744,18.73,67.17,47.9,"Salaried","Mortgage","Home_improvement",0
"5218",57520,"Female","Grade 12",0,18.75,161799,1.6,183992,25.86,89.18,54.6,"Salaried","Rent","Vehicle",1
"3658",43378,"Female","Diploma",0,34.75,1969,0.46,6173,14.07,52.32,36.9,"Unemployed","Mortgage","Debt_consolidation",0
"6215",66630,"Male","No records",2,22.25,693386,1.58,695340,0.68,10.8,30,"Self-employed","Mortgage","Home_improvement",1
"1604",24614,"Female","No records",1,18.75,111045,1.03,159589,20.41,69.17,46.3,"Salaried","Rent","Vehicle",1
"8240",84429,"Female","Grade 12",1,18.75,360875,1.1,1158506,20.82,71.43,46.3,"Salaried","Rent","Vehicle",1
"6015",64928,"Male","Diploma",0,22.75,304270,1.35,763631,38.01,121.29,69.1,"Contract","Mortgage","Vehicle",1
"641",15834,"Female","Grade 12",1,19.75,4241755,1.39,750670,19.05,63.57,53.7,"Self-employed","Mortgage","Vehicle",1
"2081",28790,"Female","Degree",2,16.75,571788,1.44,462601,26.82,94.11,52,"Salaried","Mortgage","Home_improvement",1
"5047",55798,"Female","Grade 12",2,21.25,642451,1.21,1349254,9.98,38.08,40.2,"Self-employed","Own","Debt_consolidation",0
"3553",42558,"Male","Diploma",0,18.75,332859,1.46,864103,7.45,32.33,41.4,"Salaried","Rent","Vehicle",0
"5937",64160,"Female","Grade 12",1,21.75,295865,1.29,720098,29.38,99.75,57.4,"Salaried","Rent","Other",1
"7536",77757,"Female","Grade 12",2,25.25,1221344,2.02,1638423,33.02,105.78,61,"Self-employed","Rent","Other",1
"6909",72581,"Female","Grade 12",0,22.25,731941,1.82,1496187,13.42,58.41,47.2,"Contract","Rent","Vehicle",0
"967",18959,"Male","No records",0,20.25,336979,1.15,749023,34.8,115.21,67.6,"Salaried","Rent","Vehicle",1
"2931",36891,"Male","No records",0,27.25,1864828,1.81,1814188,1.83,15.06,32.7,"Self-employed","Rent","Other",0
"9702",97438,"Female","Grade 12",1,35,7426,0.62,21883,5.13,27.65,33.7,"Unemployed","Rent","Debt_consolidation",0
"5653",61577,"Male","Degree",0,16.75,89334,1.35,170972,7.19,34.45,32.2,"Salaried","Mortgage","Home_improvement",0
"4393",49884,"Male","Grade 12",2,25.25,2749249,2.11,3480639,38.57,125.76,65.9,"Self-employed","Rent","Other",1
"9997",99984,"Female","Degree",2,26.75,308024,1.12,1012955,3.13,19.1,37.5,"Contract","Rent","Other",1
"1844",26607,"Female","Postgrad",0,20.75,199543,1.78,639362,33.29,107.65,66.5,"Salaried","Own","Debt_consolidation",1
"6732",71146,"Male","Grade 12",0,21.75,235874,1.6,251970,20.15,71.01,46.4,"Salaried","Rent","Other",0
"9449",94959,"Female","No records",0,35,2785,0.61,7578,38.06,123.17,63,"Unemployed","Rent","Debt_consolidation",1
"8038",82379,"Female","No records",2,19.25,443001,1.72,1493244,38.52,123.21,67.5,"Salaried","Mortgage","Vehicle",1
"2351",31386,"Male","No records",2,23.25,156509,2.38,578998,23.57,83.55,54.1,"Contract","Mortgage","Debt_consolidation",1
"9090",91786,"Female","Degree",2,21.25,440336,1.1,796648,11.17,41.58,39.4,"Contract","Mortgage","Vehicle",0
"8575",87297,"Male","Diploma",3,17.75,365094,1.8,1295238,15.78,56.24,39.7,"Salaried","Mortgage","Vehicle",0
"5516",60196,"Male","Grade 12",0,17.75,190224,1.26,428387,32.02,107.54,55.3,"Salaried","Mortgage","Vehicle",0
"7402",76487,"Female","Grade 12",0,15.25,263048,1.74,130295,11.31,50.95,39,"Salaried","Mortgage","Vehicle",0
"3777",44391,"Female","Postgrad",0,23.75,1059282,1.89,2163855,28.24,92.93,56.2,"Self-employed","Rent","Other",1
"6655",70597,"Male","Degree",0,21.25,358733,1.37,1285782,2.05,16.32,31.3,"Salaried","Mortgage","Vehicle",0
"2326",31141,"Male","Degree",0,17.75,303641,1.48,654073,13.84,52.65,45.3,"Salaried","Mortgage","Vehicle",0
"3866",45285,"Male","Grade 12",0,35,6016,0.48,15597,24.14,79.05,57.3,"Unemployed","Rent","Debt_consolidation",1
"8599",87507,"Female","Grade 12",1,18.25,431607,1.79,979621,36.18,115.07,69.8,"Salaried","Mortgage","Home_improvement",1
"5058",55905,"Male","Diploma",2,17.75,203691,1.78,576667,15.23,53.01,47.1,"Salaried","Mortgage","Vehicle",0
"6683",70778,"Male","Degree",1,20.25,736800,1.88,2502704,6.44,28.67,40.8,"Salaried","Rent","Vehicle",0
"5062",55938,"Male","Grade 12",0,34.25,5298,0.62,3248,13.52,55.87,46.9,"Unemployed","Rent","Other",1
"7833",80619,"Female","Grade 12",3,19.25,152006,1.55,401429,36.43,117.22,71.3,"Salaried","Mortgage","Vehicle",1
"6860",72182,"Male","Diploma",0,17.75,391381,1.57,1061174,27.34,93.91,52.2,"Salaried","Mortgage","Vehicle",0
"4262",48616,"Female","No records",2,16.75,291800,1.69,610665,22.56,79.28,54.5,"Salaried","Mortgage","Home_improvement",0
"5373",58781,"Female","Degree",0,20.75,282639,1.61,856449,37.22,114.96,61.5,"Salaried","Own","Debt_consolidation",1
"4565",51508,"Female","Grade 12",2,20.25,1248091,1.45,2417028,36.86,117.41,68.3,"Self-employed","Mortgage","Home_improvement",1
"8769",88989,"Female","Grade 12",3,21.75,502842,1.91,340500,21.13,73.07,47.7,"Salaried","Rent","Other",1
"9410",94556,"Male","Diploma",0,17.75,294788,1.12,913997,16.78,63.42,51.1,"Salaried","Mortgage","Vehicle",1
"4445",50331,"Female","Diploma",0,17.75,343833,2.23,122729,37.94,122.19,64.2,"Salaried","Rent","Vehicle",1
"853",17886,"Female","Grade 12",0,20.75,593508,1.23,1350739,4.33,23.51,29.9,"Salaried","Own","Debt_consolidation",0
"3910",45634,"Male","No records",1,21.25,504699,1.2,1696934,9.93,40.85,42.2,"Contract","Mortgage","Vehicle",0
"4869",54329,"Female","Degree",0,33.75,6719,0.45,24407,6.34,25.79,39.5,"Unemployed","Rent","Debt_consolidation",1
"2141",29359,"Female","Diploma",0,20.25,541872,1.6,1311233,4.62,20.19,39.5,"Salaried","Rent","Vehicle",0
"181",11730,"Female","No records",0,25.25,1872851,1.67,4351568,31.13,96.39,64.4,"Self-employed","Rent","Other",0
"9369",94244,"Female","Grade 12",1,35,7326,0.5,23298,16.18,56.52,45.2,"Unemployed","Rent","Debt_consolidation",1
"7008",73443,"Male","Diploma",0,17.75,575306,1.16,1769382,27.82,96.06,57.5,"Salaried","Mortgage","Vehicle",1
"3244",39863,"Male","No records",0,17.75,359018,1.12,647134,25.39,82.46,59.3,"Salaried","Mortgage","Vehicle",0
"8486",86494,"Male","No records",2,20.25,206675,1.36,682046,19.49,73.48,52,"Contract","Mortgage","Home_improvement",0
"5274",57998,"Female","Grade 12",0,17.75,159338,1.48,169513,21.38,75.44,51.3,"Salaried","Mortgage","Vehicle",0
"1584",24325,"Male","Postgrad",0,18.75,484010,1.37,543501,15.94,58.86,44.1,"Salaried","Rent","Vehicle",0
"4072",46967,"Male","Grade 12",0,20.75,412307,1.38,300073,29.03,104.38,60.4,"Salaried","Own","Debt_consolidation",0
"2954",37081,"Male","Grade 12",3,19.25,535343,1.03,850723,22.92,79.15,45.8,"Salaried","Own","Debt_consolidation",1
"6124",65905,"Male","Diploma",0,19.25,334957,1.59,1096189,32.76,105.14,63.1,"Salaried","Mortgage","Vehicle",0
"7028",73610,"Female","Grade 12",0,23.25,418955,1.26,888640,6.32,32.43,38,"Salaried","Rent","Other",1
"1197",20844,"Male","Degree",0,34.75,7533,0.6,13721,28.47,91.61,53.9,"Unemployed","Mortgage","Debt_consolidation",1
"289",12674,"Male","Degree",0,17.75,91198,1.58,104007,23.18,79.6,55,"Salaried","Mortgage","Vehicle",0
"9106",91935,"Male","Diploma",1,16.75,160079,1.56,361036,7.95,31.88,40,"Salaried","Mortgage","Home_improvement",0
"3740",44073,"Female","Diploma",1,18.75,213010,1.06,635774,20.09,72.31,51.1,"Salaried","Rent","Vehicle",0
"5310",58316,"Male","Grade 12",2,16.25,155757,0.58,91764,24.34,78.9,58.5,"Salaried","Rent","Vehicle",0
"6255",66960,"Female","Degree",0,25.25,2703233,1.75,6032917,36.95,119.06,70.8,"Self-employed","Rent","Other",0
"4677",52571,"Female","Grade 12",0,35,1845,0.67,5243,5.72,24.96,31.7,"Unemployed","Rent","Debt_consolidation",0
"1083",19958,"Male","Degree",2,19.25,253262,1.98,949037,39.59,123.59,62.3,"Salaried","Mortgage","Vehicle",1
"6354",67707,"Female","Grade 12",1,19.75,3348056,1.45,10726142,18.96,66.85,46.8,"Self-employed","Mortgage","Vehicle",0
"1089",19989,"Male","No records",0,21.25,925908,2.09,3512928,21.73,77.22,44.2,"Contract","Mortgage","Vehicle",1
"9258",93380,"Female","No records",0,22.75,1191067,1.61,4341155,34.79,113.53,68.2,"Self-employed","Own","Debt_consolidation",1
"6384",67922,"Female","Degree",3,18.25,345598,0.88,552695,3,17.79,27.8,"Salaried","Mortgage","Home_improvement",0
"15",10104,"Female","Diploma",0,17.75,453576,1.34,1242525,30.46,109.16,53.2,"Salaried","Mortgage","Vehicle",0
"8160",83648,"Female","No records",3,16.75,444776,1.56,282343,18.22,60.61,47.3,"Salaried","Own","Debt_consolidation",0
"4462",50458,"Male","No records",1,18.25,236345,1.23,250010,34.24,108.81,68.3,"Salaried","Mortgage","Home_improvement",0
"4092",47083,"Male","Diploma",0,16.75,417008,1.23,327673,13.4,46.59,37.7,"Salaried","Mortgage","Home_improvement",0
"7773",80102,"Female","Degree",0,16.75,206125,1.45,428744,21.53,72.37,51.8,"Salaried","Mortgage","Home_improvement",1
"7525",77661,"Male","Grade 12",0,19.25,173208,1.28,589449,39.65,128.42,70.9,"Salaried","Mortgage","Vehicle",1
"4706",52824,"Male","Grade 12",0,19.25,150671,1.48,110247,31.3,103.06,61.6,"Salaried","Mortgage","Vehicle",0
"5990",64673,"Male","No records",1,18.75,325239,1.36,895755,14.31,52.74,40.6,"Salaried","Rent","Vehicle",0
"8205",84035,"Male","No records",0,23.75,2625287,1.73,4899251,10.55,42.62,43.1,"Self-employed","Rent","Other",0
"3174",39118,"Female","Degree",0,20.25,381869,0.87,1085311,5.33,20.58,38.9,"Salaried","Rent","Vehicle",0
"9287",93671,"Female","Postgrad",0,35,6633,0.63,10770,29.18,91.43,51.4,"Unemployed","Rent","Debt_consolidation",1
"1936",27356,"Male","Diploma",2,17.75,148930,1.44,551639,27.21,91.35,51.2,"Salaried","Mortgage","Vehicle",1
"6356",67714,"Female","Degree",2,17.75,113672,1.57,276684,24.99,84.01,51.2,"Salaried","Mortgage","Vehicle",1
"2193",29812,"Male","Grade 12",2,19.75,665433,1.76,1541978,7.01,36.47,38.2,"Self-employed","Mortgage","Vehicle",1
"6100",65647,"Female","Diploma",0,21.75,476221,1.91,562847,28.95,96.27,52.2,"Salaried","Rent","Other",0
"5228",57600,"Male","No records",0,34.75,3861,0.62,12198,11.67,44.62,45.3,"Unemployed","Mortgage","Debt_consolidation",1
"3341",40643,"Male","Grade 12",0,22.75,179723,1.65,60059,5.09,27.94,31.9,"Self-employed","Rent","Other",1
"9102",91903,"Female","Degree",0,35,2075,0.49,4250,35.68,116.46,58.2,"Unemployed","Rent","Debt_consolidation",1
"5501",60050,"Female","No records",1,25.25,2778714,1.23,5084070,33.45,105.35,62.4,"Self-employed","Rent","Other",1
"214",12034,"Female","Grade 12",0,23.25,298186,2.02,997223,21.36,73.84,53.6,"Contract","Mortgage","Debt_consolidation",1
"2831",35687,"Male","Grade 12",0,16.25,313565,1.56,185304,20.5,75.73,48,"Salaried","Rent","Vehicle",0
"4250",48518,"Male","Degree",0,35,4944,0.57,14825,10.04,39,44.3,"Unemployed","Rent","Debt_consolidation",0
"7202",74906,"Female","Grade 12",0,19.25,372821,1.41,347428,18.51,66.29,43.4,"Salaried","Own","Debt_consolidation",0
"8935",90398,"Female","Grade 12",2,16.75,110657,1,330191,8.4,39.27,32.4,"Salaried","Mortgage","Home_improvement",0
"3871",45339,"Female","Grade 12",3,21.25,1687634,1.15,3307739,37.82,114.18,63.3,"Self-employed","Mortgage","Vehicle",0
"1571",24197,"Male","No records",0,25.25,345093,1.46,967738,29.03,97.88,58.7,"Contract","Rent","Other",1
"9012",91152,"Female","No records",0,21.75,318332,1.65,1078233,18.73,67.34,49.3,"Salaried","Rent","Other",0
"8087",82994,"Female","Degree",1,19.25,381255,1.89,1168199,4.25,23.29,33.6,"Salaried","Mortgage","Vehicle",1
"6915",72632,"Male","Postgrad",0,20.25,312116,1.24,939132,38.04,124.62,71.8,"Salaried","Rent","Vehicle",1
"3640",43240,"Male","Diploma",0,18.75,775993,0.97,1811091,14.52,55.72,45,"Salaried","Rent","Vehicle",1
"9619",96672,"Female","Diploma",0,18.75,1642433,2.19,3572712,29.15,98.9,53.9,"Self-employed","Mortgage","Home_improvement",1
"5641",61469,"Female","Diploma",0,18.75,396585,1.6,1272234,13.11,52.28,47.8,"Salaried","Rent","Vehicle",0
"7059",73876,"Male","Degree",0,19.25,644147,1.88,1243814,17.51,63.94,49,"Salaried","Own","Debt_consolidation",1
"1906",27117,"Male","Grade 12",2,20.25,511604,2.33,1271925,5.15,30.29,33.3,"Self-employed","Mortgage","Home_improvement",1
"6972",73126,"Female","Postgrad",2,35,1713,0.48,4248,12.59,51.2,43.1,"Unemployed","Rent","Debt_consolidation",1
"9477",95269,"Male","Grade 12",1,25.25,1388658,1.99,1790232,39.19,128.68,65.7,"Self-employed","Rent","Other",1
"1263",21461,"Female","Degree",0,18.75,579644,1.51,1227581,14.1,57.17,37.1,"Salaried","Rent","Vehicle",0
"9324",93970,"Male","Grade 12",2,17.25,844903,1.71,368230,28.28,95.47,50.9,"Self-employed","Mortgage","Vehicle",1
"2060",28572,"Female","Degree",1,25.25,1078155,2.46,1856873,1.9,14.51,25.6,"Self-employed","Mortgage","Debt_consolidation",1
"8204",84023,"Female","Diploma",0,20.25,321018,1.73,1064117,2.18,20.68,35.7,"Salaried","Mortgage","Home_improvement",0
"5577",60867,"Male","Grade 12",0,18.75,289373,1.35,726997,21.82,76.12,51.9,"Salaried","Rent","Vehicle",0
"2847",35835,"Male","No records",0,16.75,842307,0.92,1485429,12.08,47.67,46.9,"Salaried","Mortgage","Home_improvement",0
"5928",64032,"Female","No records",0,19.25,864252,1.78,2788591,28.91,94.89,62.9,"Salaried","Mortgage","Vehicle",0
"3841",45041,"Male","Grade 12",1,26.25,1360018,1.78,4150411,0.79,10.97,31.2,"Contract","Own","Debt_consolidation",1
"5502",60059,"Male","No records",0,19.25,519436,1.61,939344,13.89,55.07,38.4,"Salaried","Own","Debt_consolidation",0
"342",13191,"Female","Degree",0,18.25,329769,1.35,838976,6.01,28.64,29.7,"Salaried","Mortgage","Home_improvement",1
"4473",50533,"Female","Degree",3,21.75,240697,1.86,643417,16.34,55.52,38.8,"Salaried","Rent","Other",0
"6377",67895,"Male","Diploma",0,21.25,443729,1.75,1606678,27.21,92.26,56.2,"Contract","Mortgage","Vehicle",1
"8540",86995,"Male","Grade 12",2,20.25,911015,1.31,3066650,31.16,103.76,62.2,"Salaried","Rent","Vehicle",0
"1575",24218,"Female","Grade 12",0,35,5948,0.63,4972,14.55,55.65,45.5,"Unemployed","Rent","Debt_consolidation",0
"4063",46871,"Male","Diploma",3,18.75,112756,1.52,160845,19.08,70.56,41.4,"Salaried","Rent","Vehicle",0
"140",11361,"Male","No records",0,23.75,2350131,1.76,1920170,27.42,94.33,51.7,"Self-employed","Rent","Other",1
"8123",83263,"Male","Diploma",0,20.75,676427,1.84,1826726,32.76,105.58,62.6,"Salaried","Own","Debt_consolidation",0
"1382",22513,"Female","Postgrad",0,21.25,2293358,2.08,7672711,10.32,36.99,37.1,"Self-employed","Own","Debt_consolidation",1
"801",17403,"Male","Grade 12",2,31.25,1313,0.43,705,6.91,33,30.5,"Unemployed","Rent","Debt_consolidation",1
"4996",55290,"Female","Grade 12",0,22.75,1251183,2.2,688661,37.22,123.74,61.3,"Self-employed","Rent","Other",1
"3833",45009,"Male","Degree",1,21.75,337534,1.38,1174630,10.67,39.42,32.9,"Salaried","Rent","Other",0
"3947",45961,"Female","Degree",2,34.25,3630,0.46,11286,3,16.64,27.9,"Unemployed","Rent","Home_improvement",0
"1898",27074,"Male","No records",0,13.75,654073,1.84,213169,17.3,63.69,41.9,"Salaried","Mortgage","Vehicle",0
"2646",33915,"Female","Diploma",0,17.75,272352,1.57,979889,31.27,105.39,54.1,"Salaried","Mortgage","Vehicle",0
"8859",89793,"Male","Diploma",0,18.75,391693,1.61,994235,12.08,45.61,39.1,"Salaried","Rent","Vehicle",0
"9382",94328,"Female","Degree",0,31.75,8125,0.51,2568,24.18,82.1,55.2,"Unemployed","Rent","Debt_consolidation",0
"1487",23456,"Female","No records",1,16.25,2614884,1.55,1028920,10.33,42.2,35.1,"Self-employed","Mortgage","Home_improvement",0
"6530",69380,"Male","Grade 12",2,35,2274,0.42,7126,0.08,12.81,24.7,"Unemployed","Rent","Debt_consolidation",0
"9202",92795,"Male","Grade 12",0,20.25,776357,1.39,782704,33.37,106.25,66.7,"Salaried","Rent","Vehicle",0
"4242",48458,"Male","Grade 12",0,21.75,261878,0.96,257021,16.82,64.66,43,"Salaried","Rent","Other",1
"3430",41453,"Female","Grade 12",1,21.75,2578554,1.85,5854730,28.26,91.89,53,"Self-employed","Mortgage","Debt_consolidation",1
"2962",37161,"Male","Grade 12",1,19.25,619045,1.5,1336405,37.73,118.91,67,"Salaried","Mortgage","Vehicle",0
"2239",30267,"Female","Grade 12",2,19.25,457160,1.74,929396,28.8,96.65,62.4,"Salaried","Mortgage","Vehicle",1
"2933",36905,"Male","Diploma",0,17.75,287454,1.65,730701,8.02,34.69,42.9,"Salaried","Mortgage","Vehicle",1
"7567",77969,"Male","No records",0,21.75,131396,1.81,238749,10.75,42.09,44.5,"Salaried","Rent","Other",1
"5981",64557,"Male","Diploma",0,18.25,274891,1.27,661175,31.52,107.05,63.6,"Salaried","Mortgage","Home_improvement",0
"9987",99865,"Male","Degree",0,19.25,531756,1.81,1943857,3.21,16.68,26.2,"Salaried","Mortgage","Vehicle",0
"3566",42632,"Male","Diploma",0,18.75,670218,0.98,604118,25.06,85.51,55,"Salaried","Rent","Vehicle",0
"314",12900,"Male","Degree",3,17.75,391125,1.5,1389627,24.31,82.75,58.6,"Salaried","Mortgage","Vehicle",0
"5571",60769,"Male","Degree",0,21.25,1902694,2.03,2745428,31.02,101.43,65.5,"Self-employed","Mortgage","Vehicle",1
"4623",52061,"Male","No records",1,30.25,7438,0.57,3701,7.25,28.44,36.8,"Unemployed","Rent","Home_improvement",0
"7368",76237,"Male","Grade 12",2,19.25,447433,1.28,1094380,27.61,92.01,50.8,"Salaried","Own","Debt_consolidation",1
"9121",92003,"Female","Degree",1,18.75,113626,1.33,371892,23.58,81.14,46.7,"Salaried","Rent","Vehicle",0
"3962",46026,"Female","No records",0,22.25,454743,1.9,338699,21.74,77.74,54.7,"Contract","Rent","Vehicle",0
"9977",99784,"Male","No records",0,17.75,117590,0.91,417857,11.03,45.34,44.3,"Salaried","Mortgage","Vehicle",0
"7047",73771,"Female","Degree",1,17.75,355438,1.49,680997,15.99,64.07,39.8,"Salaried","Mortgage","Vehicle",0
"7427",76799,"Female","Postgrad",0,22.25,314157,1.52,681650,15.32,58.46,47.5,"Contract","Rent","Vehicle",1
"3879",45407,"Female","Degree",0,23.75,1346434,1.45,4813173,17.13,64.79,40.5,"Self-employed","Rent","Other",0
"4261",48612,"Male","Diploma",0,15.25,255153,1.48,112532,11.33,36.55,39.5,"Salaried","Mortgage","Vehicle",0
"6524",69310,"Male","Grade 12",4,20.25,458204,1.67,750670,32.17,108.38,61.9,"Salaried","Rent","Vehicle",0
"7235",75171,"Male","Degree",0,18.75,549085,2.01,1010619,7.21,30.55,40.4,"Salaried","Rent","Vehicle",1
"5902",63818,"Female","Degree",2,21.25,868180,1.7,3291577,20.61,77.56,53.4,"Contract","Mortgage","Vehicle",0
"1687",25207,"Male","Grade 12",0,23.75,2018305,2.47,4987971,7.91,35.45,39.8,"Self-employed","Rent","Other",1
"8320",85152,"Female","Grade 12",1,21.75,469856,1.57,1299907,18.49,65.35,49.3,"Salaried","Rent","Other",0
"7819",80546,"Female","Degree",0,16.75,668584,1.93,1600024,15.72,57.66,50.4,"Salaried","Mortgage","Home_improvement",0
"1398",22648,"Male","No records",0,18.75,272267,1.11,856027,8.21,39.2,30.6,"Salaried","Rent","Vehicle",0
"9811",98372,"Female","Grade 12",2,21.25,989537,1.55,2879094,18.38,65.37,42.7,"Contract","Mortgage","Vehicle",1
"8544",87020,"Male","Grade 12",0,35,8006,0.61,18390,5.6,28.75,29.9,"Unemployed","Mortgage","Debt_consolidation",1
"480",14483,"Male","Diploma",1,25.25,1692217,2.27,5537333,22.13,79.63,50.1,"Contract","Rent","Other",1
"6254",66957,"Female","Grade 12",2,17.75,414647,1.46,588850,8.17,34.26,36.2,"Salaried","Mortgage","Vehicle",0
"5406",59083,"Male","No records",1,19.25,213557,1.65,761775,37.68,126.86,72.5,"Salaried","Mortgage","Vehicle",0
"1113",20208,"Female","Grade 12",0,23.25,309695,1.69,728653,35.32,117.48,60.6,"Salaried","Rent","Other",0
"9184",92642,"Male","Grade 12",0,16.75,573073,1.53,708456,16.65,59.33,45.8,"Salaried","Mortgage","Home_improvement",0
"4136",47399,"Male","No records",0,23.75,660776,1.75,2025034,4.63,24.73,33,"Contract","Rent","Vehicle",0
"8611",87592,"Male","Grade 12",2,16.75,454987,1.76,355758,20.03,74.01,48.4,"Salaried","Mortgage","Home_improvement",1
"6493",68958,"Male","No records",0,20.25,223647,1.09,318202,37.65,119.19,69.6,"Salaried","Rent","Vehicle",0
"9075",91646,"Male","No records",0,23.25,717369,1.48,2283053,4.65,18.48,37.3,"Self-employed","Mortgage","Debt_consolidation",0
"2360",31461,"Female","Grade 12",0,33.25,8107,0.76,2983,20.86,71.61,46.5,"Unemployed","Rent","Debt_consolidation",1
"7021",73543,"Male","No records",2,21.75,365936,0.86,1330508,22.72,80.58,56.3,"Salaried","Rent","Other",0
"8558",87131,"Female","Diploma",0,16.75,341079,2.27,1159492,9.22,39.39,32.4,"Salaried","Mortgage","Home_improvement",0
"2704",34572,"Male","Diploma",0,23.75,675219,1.5,1851885,1.58,15.09,24,"Salaried","Rent","Vehicle",1
"5342",58573,"Female","Postgrad",0,19.75,2401034,1.36,6570784,37.58,119.49,59.7,"Self-employed","Mortgage","Vehicle",0
"3204",39443,"Female","Grade 12",0,33.75,8109,0.5,24661,27.98,90.95,56.3,"Unemployed","Rent","Vehicle",1
"4318",49120,"Female","Grade 12",3,18.75,254029,1.16,800520,27.3,93.29,55.9,"Salaried","Rent","Vehicle",1
"68",10606,"Male","Grade 12",0,21.75,292978,1.46,1098237,22.4,73.76,50.8,"Self-employed","Mortgage","Debt_consolidation",1
"1910",27157,"Male","Diploma",0,23.25,171867,0.92,498160,39.81,131.52,70.5,"Salaried","Rent","Other",0
"6613",70251,"Female","Postgrad",0,18.25,547717,2.08,1434159,38.51,121.99,73.1,"Salaried","Mortgage","Home_improvement",1
"4947",54875,"Female","Diploma",1,16.75,604077,1.31,1284181,20.6,72.6,49.3,"Salaried","Mortgage","Home_improvement",1
"699",16424,"Female","Grade 12",0,19.25,388932,1.42,815473,35.59,119.82,67.3,"Salaried","Mortgage","Vehicle",0
"2593",33447,"Female","Degree",0,18.75,310188,1.71,678806,20.15,70.33,47.6,"Salaried","Rent","Vehicle",0
"188",11775,"Male","Diploma",1,21.75,1137345,1.25,1461832,17.83,65.21,52.5,"Self-employed","Mortgage","Debt_consolidation",1
"3074",38164,"Male","No records",1,17.75,504928,2.04,1331870,24.91,87.73,54.8,"Salaried","Mortgage","Vehicle",0
"8618",87646,"Female","Degree",0,23.25,222333,1.34,697875,32.83,113.12,63.3,"Salaried","Rent","Other",1
"3006",37574,"Female","Diploma",0,24.75,571717,0.74,1548810,6.6,27.69,35.7,"Contract","Mortgage","Debt_consolidation",1
"3717",43847,"Male","No records",0,18.75,222253,1.68,322499,14.78,56.03,47.7,"Salaried","Rent","Vehicle",1
"5774",62638,"Female","Diploma",2,23.75,629954,2.64,557124,26.89,92.55,52,"Self-employed","Rent","Other",0
"7056",73824,"Male","Grade 12",3,22.25,623364,2.09,1038649,17.11,61.59,40.3,"Contract","Rent","Vehicle",1
"1052",19687,"Female","Grade 12",1,16.75,257752,1.57,745707,25.24,87.18,58.3,"Salaried","Mortgage","Home_improvement",0
"3268",40082,"Male","Diploma",0,35,1514,0.49,1490,31.05,106.12,61,"Unemployed","Rent","Debt_consolidation",1
"7799",80285,"Male","Grade 12",2,19.25,428461,1.36,289798,22.12,80.52,53.8,"Salaried","Own","Debt_consolidation",1
"3302",40343,"Female","No records",0,25.25,2709637,2.05,3636283,37.86,124.56,62.4,"Self-employed","Rent","Other",0
"6440",68391,"Male","Degree",0,18.75,548471,1.64,534062,22.98,78.44,55.1,"Salaried","Rent","Vehicle",0
"2510",32672,"Male","Grade 12",0,19.25,408034,1.52,1476051,24.1,81.9,47.6,"Salaried","Own","Debt_consolidation",0
"2635",33804,"Male","No records",1,20.75,527910,1.86,260518,20.41,66.02,49.7,"Contract","Mortgage","Debt_consolidation",1
"1468",23324,"Female","Diploma",0,29.75,7437,0.35,24823,11.24,39.4,39.4,"Unemployed","Rent","Debt_consolidation",1
"9537",95851,"Male","Grade 12",0,18.75,296158,2.09,911235,12.7,48.15,39.9,"Salaried","Rent","Vehicle",0
"8714",88527,"Female","Diploma",0,21.25,2825985,2.77,8406114,29.17,98.48,56.8,"Self-employed","Own","Debt_consolidation",1
"4954",54936,"Male","Grade 12",0,20.25,439296,2.1,516004,32.27,107.22,65.4,"Salaried","Rent","Vehicle",1
"2916",36773,"Male","No records",2,18.25,433292,1.42,1360258,33.3,108.28,64.3,"Salaried","Mortgage","Home_improvement",1
"5214",57491,"Female","Grade 12",0,32.25,1597,0.38,4753,29.71,96.17,58.5,"Unemployed","Rent","Debt_consolidation",1
"8584",87399,"Female","Degree",0,23.25,408428,1.38,963945,3.22,18.75,26.1,"Salaried","Rent","Other",0
"4893",54558,"Female","No records",1,21.25,3918309,2.1,10695680,27.26,91.23,58.9,"Self-employed","Own","Debt_consolidation",1
"4781",53560,"Female","Grade 12",0,23.25,785505,1.67,1943703,5.18,24.94,37.7,"Salaried","Rent","Other",0
"7752",79921,"Male","Diploma",0,19.25,311399,1.84,247513,35.76,113.45,70.5,"Salaried","Mortgage","Vehicle",1
"9128",92066,"Male","No records",1,17.75,746488,0.96,1999031,18.8,64.69,52.3,"Salaried","Mortgage","Vehicle",0
"1498",23507,"Male","No records",0,21.25,1307540,1.39,3159984,7.35,31.08,33.2,"Self-employed","Own","Debt_consolidation",1
"4773",53475,"Male","Grade 12",1,18.75,568292,1.46,359381,4.18,27.03,37.9,"Self-employed","Mortgage","Vehicle",1
"5353",58637,"Female","No records",0,18.75,179095,1.3,378606,29.73,97.57,57.4,"Salaried","Rent","Vehicle",0
"5009",55415,"Male","Grade 12",1,17.75,384325,1.45,207527,35.45,117.01,65.5,"Salaried","Rent","Vehicle",1
"1587",24386,"Female","Grade 12",2,34.75,6127,0.67,18930,23.78,85.08,49.7,"Unemployed","Mortgage","Debt_consolidation",1
"868",18014,"Female","Grade 12",1,19.75,2258254,1.04,4646517,10.54,44.43,41.7,"Self-employed","Mortgage","Vehicle",0
"591",15456,"Male","Diploma",0,19.75,1399369,1.61,4039010,9.56,41.29,42.6,"Self-employed","Mortgage","Vehicle",1
"8565",87201,"Female","Grade 12",2,35,4716,0.47,11231,16.03,61.02,43.5,"Unemployed","Rent","Debt_consolidation",1
"2620",33680,"Female","Grade 12",2,16.75,385704,1.91,528509,8.71,32.83,42.3,"Salaried","Mortgage","Home_improvement",0
"472",14383,"Male","Diploma",1,16.75,477684,1.66,1439400,19.18,71.17,44.5,"Salaried","Mortgage","Home_improvement",1
"8796",89242,"Male","Grade 12",0,17.25,1627426,1.77,875654,12.73,44.08,35.5,"Self-employed","Mortgage","Vehicle",1
"4480",50579,"Male","Degree",2,35,4055,0.46,10049,36.47,122.98,69.6,"Unemployed","Rent","Debt_consolidation",1
"4342",49342,"Male","Grade 12",0,12.75,386814,1.85,123912,26.8,86.18,57.2,"Salaried","Mortgage","Home_improvement",0
"3284",40216,"Female","Degree",0,20.25,844915,1.41,1957750,36.17,115.77,66.1,"Self-employed","Mortgage","Home_improvement",1
"4306",49048,"Male","Grade 12",0,16.75,295039,1.39,549542,11.67,43.07,41.9,"Salaried","Mortgage","Home_improvement",0
"5587",60956,"Female","Degree",0,20.25,494657,1.51,1162547,36.82,121.78,68.3,"Salaried","Rent","Vehicle",1
"4754",53307,"Female","Degree",0,23.25,155397,1.24,122419,33.76,107.07,64,"Salaried","Rent","Other",1
"9788",98166,"Male","Diploma",0,18.25,242756,1.48,548320,31.99,108.44,60.1,"Salaried","Mortgage","Home_improvement",0
"1007",19279,"Male","Degree",0,23.25,840537,1.87,2358043,2.24,17.07,27.6,"Self-employed","Mortgage","Vehicle",1
"7026",73596,"Male","Degree",2,21.75,848583,2.31,1177666,21.93,79.94,55,"Self-employed","Mortgage","Debt_consolidation",0
"5607",61181,"Female","Grade 12",0,20.25,176494,2.01,438870,34.99,108.63,57.2,"Contract","Mortgage","Home_improvement",0
"4245",48498,"Female","Grade 12",2,21.75,518749,1.29,424494,16.05,57.28,48.4,"Salaried","Rent","Other",1
"5000",55335,"Female","Grade 12",0,32.75,4107,0.57,15383,12.33,43.82,43,"Unemployed","Rent","Home_improvement",0
"4686",52636,"Male","Diploma",0,15.25,487844,1.39,286525,32.95,115.39,55,"Salaried","Mortgage","Vehicle",1
"4007",46353,"Male","No records",1,17.75,67630,1.83,217866,26.81,91.29,53.6,"Salaried","Mortgage","Vehicle",0
"185",11764,"Male","Postgrad",0,20.25,1052132,2.13,2019355,37.78,124.13,61.2,"Self-employed","Mortgage","Home_improvement",1
"2707",34588,"Male","Degree",2,20.25,671923,1.43,1896183,6.1,33.07,40.1,"Salaried","Rent","Vehicle",0
"4653",52316,"Female","Grade 12",1,34.75,4805,0.49,3139,35.17,114.31,62.4,"Unemployed","Rent","Debt_consolidation",0
"7638",78686,"Female","No records",3,20.75,1026946,1.1,480681,33.66,113.46,64.2,"Self-employed","Mortgage","Debt_consolidation",0
"1749",25775,"Male","Grade 12",0,19.25,321795,1.57,502885,29.91,101.96,57.8,"Salaried","Own","Debt_consolidation",0
"2872",36242,"Male","Degree",1,33.25,10341,0.4,24479,20.31,70.6,43.2,"Unemployed","Rent","Other",1
"1216",20986,"Male","Diploma",1,19.75,675970,1.94,1541296,23.66,87.32,53.2,"Self-employed","Mortgage","Vehicle",1
"1356",22295,"Male","Degree",0,18.25,582247,1.3,971981,33.75,112.48,67.9,"Salaried","Mortgage","Home_improvement",1
"2598",33500,"Male","Diploma",1,16.75,539378,1.04,275092,37.5,121.86,61.5,"Salaried","Mortgage","Vehicle",0
"2841",35756,"Female","Degree",3,25.25,1852402,2.32,3655077,0.97,12.35,32.1,"Self-employed","Mortgage","Debt_consolidation",0
"7163",74642,"Female","Degree",0,17.75,169824,1.5,443101,25.02,85.85,50.2,"Salaried","Mortgage","Vehicle",0
"5071",55999,"Male","Degree",1,18.75,408926,1.64,1228633,24.54,81.75,49.1,"Salaried","Rent","Vehicle",0
"2647",33941,"Female","No records",2,17.75,508801,1.16,792680,18.75,62.98,44.9,"Salaried","Mortgage","Vehicle",0
"5350",58610,"Female","Diploma",1,19.75,2064865,1.9,4369730,22.8,81.85,55.3,"Self-employed","Mortgage","Vehicle",1
"7437",76888,"Female","No records",0,19.25,289689,1.49,228047,10.23,41.81,43.4,"Salaried","Own","Debt_consolidation",1
"9781",98113,"Male","No records",0,18.75,1847240,1.58,2106314,9.61,36.3,36.5,"Self-employed","Mortgage","Home_improvement",1
"7843",80698,"Male","Grade 12",0,21.25,769607,2.03,2297393,8.09,37.78,36,"Self-employed","Own","Debt_consolidation",1
"2297",30790,"Male","Grade 12",0,21.25,1564573,1.55,1443972,34.89,114.12,57.6,"Self-employed","Own","Debt_consolidation",1
"953",18773,"Male","Grade 12",0,22.25,411130,2.16,922880,2.38,17.7,31.9,"Salaried","Rent","Vehicle",1
"7100",74218,"Male","Diploma",0,17.75,90991,1.88,289628,33,108.6,56.1,"Salaried","Mortgage","Vehicle",0
"8237",84417,"Male","Grade 12",0,14.25,446213,1.71,214620,21.44,77.37,52.5,"Salaried","Mortgage","Home_improvement",1
"3292",40263,"Female","No records",1,17.75,285725,1.44,995337,28.02,96.88,53,"Salaried","Mortgage","Vehicle",0
"2671",34180,"Female","Postgrad",2,23.25,389605,1.98,439364,33.61,110.71,68.5,"Salaried","Rent","Other",0
"7148",74552,"Male","Grade 12",4,19.25,87095,1.68,98764,35.5,116.96,58.3,"Salaried","Own","Debt_consolidation",0
"6098",65628,"Female","Grade 12",1,16.75,277941,1.37,881974,25.33,84.49,57,"Salaried","Mortgage","Home_improvement",0
"9786",98150,"Female","Degree",1,19.75,3127993,1.96,9046399,19.18,71.54,49.9,"Self-employed","Mortgage","Vehicle",1
"5562",60680,"Male","Degree",3,16.75,261993,1.13,312577,29.37,95.24,59.1,"Salaried","Mortgage","Home_improvement",0
"4671",52524,"Male","Grade 12",0,17.75,174976,1.76,161792,31.78,101.33,55.1,"Salaried","Mortgage","Vehicle",1
"4661",52391,"Male","Grade 12",0,19.75,2279012,2.25,8193800,15.46,54.02,48.8,"Self-employed","Mortgage","Vehicle",1
"7905",81248,"Female","Grade 12",0,17.75,226912,1.44,483505,9.3,33.06,33,"Salaried","Mortgage","Vehicle",1
"5007",55408,"Male","Grade 12",0,18.25,489306,1.22,687622,36.26,120.65,66.9,"Salaried","Mortgage","Home_improvement",0
"4311",49089,"Female","Diploma",0,21.75,1306212,2.19,2145608,30.06,102.81,54.4,"Self-employed","Mortgage","Debt_consolidation",1
"9641",96861,"Female","Diploma",2,27.25,2604610,1.66,9614634,2.09,15.97,28.7,"Self-employed","Rent","Other",1
"1272",21545,"Male","Diploma",0,23.75,476147,2.04,954957,17.92,65.59,51.3,"Self-employed","Rent","Other",1
"8773",89017,"Female","Grade 12",2,20.25,185895,0.85,388662,35.61,117.8,64.6,"Salaried","Rent","Vehicle",1
"309",12840,"Male","Diploma",1,17.75,313260,1.35,117900,26.96,87.41,60.1,"Salaried","Rent","Vehicle",1
"6118",65862,"Female","Degree",0,16.75,288640,2.17,824185,15.46,60.89,43.3,"Salaried","Mortgage","Home_improvement",1
"3698",43692,"Female","Degree",0,35,1859,0.49,4830,9.51,36.56,34.7,"Unemployed","Rent","Debt_consolidation",1
"5926",63993,"Female","No records",2,23.75,2963549,2.01,750670,26.81,86.62,54.7,"Self-employed","Rent","Other",1
"9318",93922,"Male","Degree",1,21.25,1745432,1.72,4748451,27.69,94.57,60.3,"Self-employed","Mortgage","Vehicle",1
"2299",30818,"Female","Grade 12",2,19.25,332411,1.59,395727,34.16,112.97,65,"Salaried","Mortgage","Vehicle",1
"8878",89964,"Female","Grade 12",0,34.75,3912,0.61,12277,23.02,81.19,56.8,"Unemployed","Mortgage","Debt_consolidation",1
"2866",36071,"Male","Grade 12",0,21.75,690225,1.4,2376034,34.48,119.15,62.1,"Contract","Mortgage","Home_improvement",1
"9757",97867,"Male","Grade 12",0,19.75,2447285,0.96,1822731,7.8,33.74,41.5,"Self-employed","Mortgage","Vehicle",0
"6397",68013,"Female","No records",0,22.25,519668,2.25,1322599,25.62,86.41,53.1,"Contract","Rent","Vehicle",1
"8227",84239,"Male","Diploma",0,16.75,409348,1.76,409164,12.32,46.01,44.6,"Salaried","Mortgage","Home_improvement",0
"2947",37022,"Male","Diploma",0,17.75,349560,1.76,608273,7.69,37.9,41.4,"Salaried","Mortgage","Vehicle",0
"7118",74304,"Male","Postgrad",0,16.75,279373,1.66,386951,13.18,54.92,37.1,"Salaried","Mortgage","Home_improvement",0
"4484",50614,"Female","Postgrad",1,23.25,752465,1.29,1330422,3.45,21.58,33.1,"Self-employed","Mortgage","Debt_consolidation",0
"7766",80066,"Female","Grade 12",0,20.75,302477,1.48,1071612,37.89,123.55,61.1,"Salaried","Own","Debt_consolidation",1
"192",11811,"Male","Diploma",0,35,9243,0.48,17309,10.21,39.29,39,"Unemployed","Rent","Debt_consolidation",0
"706",16461,"Male","Grade 12",2,23.75,1672306,1.46,3378370,17.54,59.45,50.3,"Self-employed","Rent","Other",1
"9588",96459,"Female","No records",0,18.75,215678,1.41,403566,20.72,74.69,54.2,"Salaried","Rent","Vehicle",1
"5338",58550,"Female","Diploma",0,16.75,259390,1.82,358531,9.77,41.72,42.2,"Salaried","Mortgage","Home_improvement",1
"2991",37349,"Male","Grade 12",0,18.25,221410,1.25,592356,3.81,17.73,37.6,"Salaried","Mortgage","Home_improvement",0
"6245",66866,"Male","Degree",2,17.75,208677,1.81,773932,10.36,40.27,32.7,"Salaried","Mortgage","Vehicle",0
"4270",48728,"Male","Grade 12",1,34.75,3284,0.59,7127,29.75,96.45,54.5,"Unemployed","Mortgage","Debt_consolidation",1
"1166",20561,"Female","Degree",2,20.25,113951,1.59,102502,32.49,108.08,60.9,"Salaried","Rent","Vehicle",0
"3524",42238,"Male","Diploma",0,19.25,406800,1.45,1012848,32.65,109.86,65,"Salaried","Mortgage","Vehicle",0
"9533",95816,"Male","Grade 12",2,18.75,185296,1.26,674370,9.18,38.58,37.5,"Salaried","Rent","Vehicle",0
"9100",91900,"Female","Postgrad",0,18.25,177808,0.89,506267,39.08,128.69,64.7,"Salaried","Mortgage","Home_improvement",0
"4931",54797,"Male","Grade 12",0,22.25,188559,1.97,641303,14.56,52.38,41,"Contract","Rent","Vehicle",1
"7611",78458,"Male","No records",0,22.25,373181,2.24,211256,37.99,120.61,62,"Contract","Mortgage","Debt_consolidation",1
"5223",57541,"Female","No records",0,19.25,520362,1.97,1335128,3.9,19.37,27.9,"Salaried","Mortgage","Vehicle",1
"4355",49464,"Male","Degree",2,34.25,6264,0.48,12105,38.28,118.37,62.9,"Unemployed","Rent","Home_improvement",1
"3669",43527,"Female","Grade 12",2,23.75,1187516,1.47,3008987,15.79,59.31,48.4,"Self-employed","Rent","Other",1
"2834",35699,"Female","Grade 12",2,17.75,282879,1.76,395083,37.37,119.15,60,"Salaried","Mortgage","Vehicle",1
"3540",42400,"Female","Grade 12",2,18.25,402185,1.32,154873,31.27,98.89,65.3,"Salaried","Own","Debt_consolidation",1
"3040",37864,"Female","Grade 12",0,23.25,1429856,1.44,3816642,37.74,127.51,60,"Contract","Mortgage","Debt_consolidation",1
"2919",36806,"Female","No records",0,24.25,696448,1.34,537287,39.7,128.97,63.9,"Contract","Own","Debt_consolidation",1
"2067",28664,"Male","Grade 12",0,19.25,250964,1.85,357299,22.29,76.28,49.8,"Salaried","Own","Debt_consolidation",1
"2292",30732,"Female","Degree",0,20.75,337432,1.36,1225115,3.93,21.03,28.3,"Salaried","Own","Debt_consolidation",0
"2839",35747,"Male","Postgrad",0,21.75,1488284,1.42,1833535,16.24,60.99,43,"Self-employed","Mortgage","Debt_consolidation",0
"1001",19223,"Male","Grade 12",2,20.25,157866,2.6,155720,36.57,113.04,60.6,"Self-employed","Mortgage","Home_improvement",1
"720",16604,"Male","No records",0,35,2300,0.53,7550,27.15,94.6,50.1,"Unemployed","Rent","Debt_consolidation",1
"4798",53732,"Female","Diploma",1,17.75,384023,1.97,1251013,19.26,67.8,43.3,"Salaried","Mortgage","Vehicle",0
"4981",55143,"Male","Diploma",0,23.75,657205,1.95,2096799,3.98,22.55,37.1,"Contract","Rent","Vehicle",0
"5144",56792,"Female","Grade 12",0,17.75,183379,1.28,589964,15.17,54.72,42,"Salaried","Mortgage","Vehicle",1
"3237",39799,"Male","Grade 12",0,18.75,352422,1.42,457686,27.84,89.58,52,"Salaried","Rent","Vehicle",1
"7570",78024,"Female","No records",0,23.75,479964,2.41,620428,28.3,96.71,53.5,"Self-employed","Rent","Other",1
"4227",48254,"Male","Grade 12",2,17.75,615193,1.71,851039,8.4,41.8,35.1,"Salaried","Mortgage","Vehicle",1
"4766",53411,"Male","Grade 12",0,24.75,929812,2.09,1063105,0.7,12.27,31.3,"Contract","Mortgage","Vehicle",1
"3867",45286,"Female","No records",0,18.75,1979517,1.49,6255987,16.8,62.7,47.7,"Self-employed","Mortgage","Home_improvement",1
"9507",95571,"Female","Degree",3,19.25,724927,1.49,2574392,9.97,35.38,43.6,"Salaried","Own","Debt_consolidation",0
"5787",62855,"Female","Diploma",0,35,7359,0.6,15335,36.44,115.21,67.3,"Unemployed","Mortgage","Debt_consolidation",1
"9077",91661,"Female","No records",1,17.75,322492,1.66,605642,31.4,97.69,57.1,"Salaried","Mortgage","Vehicle",1
"5524",60323,"Male","No records",1,17.75,290916,1.91,424002,25.9,88.14,50.8,"Salaried","Mortgage","Vehicle",1
"5797",62942,"Male","Grade 12",1,18.25,590238,1.87,1620669,39.3,128.77,64.7,"Salaried","Mortgage","Home_improvement",1
"2956",37115,"Male","Grade 12",2,20.25,129567,1.59,462851,38.59,126.12,73.1,"Salaried","Rent","Vehicle",1
"5041",55757,"Female","No records",0,18.75,777300,1.94,2035722,16.99,64.14,40.6,"Salaried","Rent","Vehicle",0
"9308",93854,"Male","No records",0,18.75,335097,1.1,518322,21.33,73.4,48.2,"Salaried","Rent","Vehicle",1
"6616",70280,"Male","Grade 12",0,19.75,3018831,1.93,5679375,17.38,60.25,40.3,"Self-employed","Mortgage","Vehicle",1
"646",15874,"Male","Grade 12",0,21.25,936377,1.47,2895580,28.37,95.98,57.8,"Self-employed","Own","Debt_consolidation",1
"9092",91804,"Female","Diploma",0,16.75,604108,1.99,1267387,26.67,90.1,55.6,"Salaried","Mortgage","Home_improvement",1
"6570",69841,"Female","Diploma",0,21.75,576354,1.64,727147,30.16,98.99,53.5,"Salaried","Rent","Other",1
"4315",49106,"Male","Grade 12",0,18.25,347790,1.51,870688,30.95,99.08,60.2,"Salaried","Mortgage","Home_improvement",1
"8025",82253,"Female","Degree",0,17.75,552720,1.49,2092416,20.18,72.45,42.9,"Salaried","Mortgage","Vehicle",0
"8919",90280,"Female","Grade 12",0,17.75,302746,1.67,410426,25.25,85.78,58.2,"Salaried","Mortgage","Vehicle",0
"916",18444,"Female","Grade 12",0,14.25,364228,1.74,124145,28.51,95.03,57.9,"Salaried","Mortgage","Home_improvement",1
"2349",31340,"Female","No records",2,18.75,1083093,1.22,1752442,10.73,36.17,43.8,"Self-employed","Mortgage","Home_improvement",0
"1568",24185,"Female","Degree",1,23.75,2363984,1.62,2187518,18.14,63.29,46.9,"Self-employed","Rent","Other",0
"1157",20521,"Male","No records",2,22.25,346071,0.88,876575,0.11,12.49,31.5,"Salaried","Rent","Vehicle",0
"5434",59301,"Male","Diploma",0,21.75,178661,1.68,290391,19.36,70.11,44.5,"Salaried","Rent","Other",0
"7943",81575,"Female","Diploma",0,18.75,400891,1.76,1494256,20.09,70.86,55,"Salaried","Rent","Vehicle",0
"4634",52140,"Female","Grade 12",2,18.75,106520,1.59,186794,30.81,99.71,55.1,"Salaried","Rent","Vehicle",0
"7121",74317,"Female","Grade 12",0,21.75,240262,1.67,384412,26.21,91.93,50.4,"Salaried","Rent","Other",0
"3582",42726,"Female","Diploma",1,35,4232,0.52,7613,39.75,133.15,68.2,"Unemployed","Rent","Debt_consolidation",1
"9050",91449,"Male","No records",1,19.25,1281269,2.43,516916,31.58,100.32,57.2,"Self-employed","Mortgage","Debt_consolidation",1
"2271",30592,"Male","Grade 12",1,23.25,1371859,2.38,2053637,1.71,9.99,25,"Self-employed","Mortgage","Vehicle",1
"5328",58475,"Female","Diploma",0,20.25,190067,2.17,469694,35.86,124.26,67.4,"Salaried","Rent","Vehicle",1
"380",13529,"Female","Diploma",0,18.75,573450,1.47,1259760,21.55,76.61,50.2,"Salaried","Rent","Vehicle",0
"2643",33901,"Male","Degree",0,16.75,250390,1.53,866334,18.38,68.71,49.7,"Salaried","Mortgage","Home_improvement",0
"1853",26651,"Female","Diploma",0,18.75,454942,2.01,1724882,27.17,96.17,58.8,"Salaried","Rent","Vehicle",0
"8185",83861,"Female","Diploma",2,35,1568,0.59,2912,31.75,107.42,65.2,"Unemployed","Rent","Vehicle",1
"5634",61425,"Male","Diploma",1,22.25,660577,1.4,2395858,26.01,85.91,53.8,"Contract","Rent","Vehicle",1
"9974",99760,"Male","No records",0,25.25,309564,1.48,1090471,0.81,18.09,28.9,"Salaried","Rent","Other",0
"2710",34604,"Female","Diploma",0,19.25,1127087,2.04,520674,4.82,26.4,30.3,"Contract","Mortgage","Home_improvement",1
"1103",20121,"Male","No records",2,20.25,439292,1.37,1543199,5.21,22.22,29.2,"Salaried","Rent","Vehicle",0
"5743",62407,"Male","No records",1,21.75,135083,1.28,241480,11.53,40.56,37.9,"Salaried","Rent","Other",1
"6789",71645,"Female","Grade 12",0,16.75,491985,1.42,1632491,23.62,81.78,54.9,"Salaried","Mortgage","Home_improvement",1
"1044",19613,"Female","Grade 12",1,16.75,553607,0.81,1922161,8.55,33.46,37.1,"Salaried","Mortgage","Home_improvement",1
"182",11739,"Male","Grade 12",0,17.75,895450,1.52,3124076,22.02,80.1,54.2,"Salaried","Mortgage","Vehicle",0
"9276",93580,"Male","Degree",1,20.75,298867,1.78,273797,36.52,121.12,67.6,"Salaried","Own","Debt_consolidation",1
"6780",71568,"Male","No records",1,19.25,498418,1.81,555513,28.9,94.76,61.9,"Salaried","Mortgage","Vehicle",0
"4425",50185,"Female","Diploma",0,25.25,290139,1.29,773864,0.48,13.06,26.8,"Salaried","Rent","Other",1
"6988",73227,"Male","Postgrad",0,22.75,3721430,2.18,2425649,32.18,107.81,65.2,"Self-employed","Rent","Other",1
"4789",53616,"Female","Diploma",0,17.75,174274,1.4,258966,18.24,61.48,42.5,"Salaried","Mortgage","Vehicle",1
"1066",19825,"Female","Grade 12",0,33.25,5884,0.64,3861,27.61,92.3,51.4,"Unemployed","Rent","Debt_consolidation",1
"6010",64881,"Female","No records",0,22.75,1151625,1.14,848541,17.62,63.79,46.7,"Contract","Own","Debt_consolidation",0
"5220",57532,"Male","Diploma",0,16.75,515553,1.85,661104,25.16,81.43,52.7,"Salaried","Mortgage","Home_improvement",1
"4035",46576,"Male","Degree",1,25.25,2010585,2,1425345,6.66,33.31,34.1,"Self-employed","Rent","Other",0
"9595",96534,"Female","No records",0,18.75,404765,1.65,512665,10.71,38.21,34.3,"Salaried","Rent","Vehicle",0
"752",16965,"Female","Grade 12",0,32.25,2652,0.47,1414,24.75,86.31,57.2,"Unemployed","Mortgage","Debt_consolidation",1
"1567",24177,"Female","Diploma",1,23.25,1346828,1.81,1436118,38.34,128.4,69.2,"Self-employed","Mortgage","Debt_consolidation",1
"8566",87220,"Male","Degree",0,35,2999,0.64,5068,9.79,42.73,40.2,"Unemployed","Rent","Other",1
"966",18955,"Female","Degree",0,16.75,393927,1.75,1347116,11.26,42.35,33.7,"Salaried","Mortgage","Home_improvement",0
"4380",49702,"Male","Diploma",0,16.25,327252,1.86,202451,26.07,86.99,50.6,"Salaried","Rent","Vehicle",0
"4212",48098,"Female","Grade 12",1,17.75,660389,1.74,537404,7.44,34.17,37.4,"Salaried","Mortgage","Vehicle",0
"4582",51666,"Male","Grade 12",0,33.75,2902,0.45,3204,4.3,21.52,34.8,"Unemployed","Rent","Debt_consolidation",0
"2827",35622,"Male","Degree",0,23.75,2982715,1.34,7122317,10.7,41.96,38,"Self-employed","Rent","Other",0
"7315",75796,"Male","Diploma",0,35,5684,0.47,17799,35.69,112.69,65.2,"Unemployed","Rent","Debt_consolidation",0
"9454",95075,"Male","No records",0,19.75,578884,1.39,487959,11.8,44.7,37.7,"Self-employed","Mortgage","Vehicle",1
"7891",81125,"Female","Diploma",2,15.25,273848,1.06,116621,15.37,57.7,42.2,"Salaried","Mortgage","Vehicle",0
"7152",74570,"Female","Diploma",0,16.75,469604,1.14,895470,14.97,52.91,42.8,"Salaried","Mortgage","Home_improvement",0
"8307",85053,"Female","Postgrad",0,29.75,2745,0.25,3802,30.21,99.82,59.1,"Unemployed","Rent","Debt_consolidation",1
"8858",89785,"Male","No records",2,18.75,229752,2.03,379528,9.33,34.96,36.3,"Self-employed","Mortgage","Home_improvement",1
"9020",91213,"Male","Grade 12",0,21.75,969790,2.12,1828179,15.68,51.17,42.7,"Self-employed","Mortgage","Debt_consolidation",0
"5961",64421,"Female","Grade 12",0,18.75,110718,1.16,189804,23.74,86.84,55.6,"Salaried","Rent","Vehicle",0
"5200",57337,"Male","Diploma",0,19.25,260994,0.83,492199,11.52,46.68,41.7,"Salaried","Own","Debt_consolidation",0
"4126",47329,"Female","No records",0,17.75,446877,1.55,229312,5.47,29.35,34.3,"Salaried","Rent","Vehicle",0
"6114",65814,"Female","No records",0,23.25,1000144,2.07,1577980,34.16,111.16,62.2,"Self-employed","Mortgage","Debt_consolidation",1
"369",13451,"Female","Diploma",0,18.75,318183,1.57,772721,13.47,45.16,47.3,"Salaried","Rent","Vehicle",0
"5702",62024,"Female","Postgrad",2,16.75,465885,1.64,1540212,12.19,42.27,40.4,"Salaried","Mortgage","Home_improvement",0
"6467",68733,"Male","Degree",1,18.75,202206,0.93,758165,11.91,52.57,41.2,"Salaried","Rent","Vehicle",1
"276",12551,"Female","Diploma",1,21.25,214960,1.77,467922,10.21,40.63,36.6,"Contract","Mortgage","Vehicle",1
"4743",53190,"Male","Postgrad",3,22.75,373795,1.86,520518,0.34,12.05,24.5,"Salaried","Mortgage","Vehicle",0
"3839",45034,"Female","Diploma",0,33.25,6513,0.44,4459,8.67,36.46,37.4,"Unemployed","Rent","Other",0
"5234",57668,"Female","Grade 12",0,21.75,320612,1.68,807374,13.18,46.97,36.5,"Self-employed","Mortgage","Debt_consolidation",1
"3731",43997,"Female","Diploma",0,23.25,1988080,2.24,2804128,2.46,13.45,35.4,"Self-employed","Mortgage","Vehicle",1
"6070",65402,"Female","No records",2,32.25,1477,0.43,4311,27.23,91.64,50.4,"Unemployed","Rent","Debt_consolidation",1
"686",16242,"Female","No records",0,19.25,323080,1.41,875665,37.05,123.13,66.7,"Salaried","Mortgage","Vehicle",1
"5374",58814,"Female","Degree",0,19.75,1540474,2.18,5593216,9.04,39.3,32.1,"Self-employed","Mortgage","Vehicle",1
"9994",99973,"Female","Diploma",2,20.25,540395,1.56,2034218,18.32,61.28,50.4,"Contract","Mortgage","Home_improvement",1
"630",15791,"Male","Postgrad",1,17.75,432179,1.02,514327,28.6,95.5,54,"Salaried","Mortgage","Vehicle",0
"2353",31396,"Male","Degree",1,18.75,397273,1.25,539230,13.25,43.72,44.5,"Salaried","Rent","Vehicle",0
"5008",55413,"Female","Diploma",0,18.75,2776991,1.21,7576047,16.6,57.42,43.7,"Self-employed","Mortgage","Home_improvement",0
"9632",96806,"Female","No records",0,17.75,695585,1.33,787100,20.2,64.23,48.6,"Salaried","Mortgage","Vehicle",1
"4503",50804,"Female","Diploma",0,21.75,900154,1.37,1503915,8.76,32.35,32.4,"Salaried","Rent","Other",1
"1124",20297,"Male","Diploma",1,16.75,465306,1.21,981043,30.46,101.86,56.3,"Salaried","Mortgage","Home_improvement",1
"7968",81783,"Male","No records",1,21.75,1898350,1.06,4295496,25.48,84.52,55,"Self-employed","Mortgage","Debt_consolidation",1
"802",17416,"Male","No records",0,21.75,412456,1.43,617728,9.12,37.74,32.9,"Salaried","Rent","Other",0
"1750",25786,"Male","Diploma",0,19.25,1351507,1.62,411293,0.85,9.9,25.8,"Self-employed","Mortgage","Vehicle",0
"4976",55109,"Female","Degree",0,18.75,1249575,1.95,2300265,26.28,92.97,51.6,"Self-employed","Mortgage","Home_improvement",1
"7661",78944,"Male","No records",1,19.75,1555151,1.45,5800735,20.7,71.86,43.5,"Self-employed","Mortgage","Vehicle",1
"9162",92443,"Male","Diploma",2,35,4060,0.67,14543,27.58,91.62,56.8,"Unemployed","Rent","Debt_consolidation",1
"3784",44547,"Female","Grade 12",0,23.75,1275361,2.13,871700,27.33,95.13,59,"Self-employed","Rent","Other",0
"9305",93829,"Female","No records",0,20.25,1672242,0.99,5834744,36.37,121.79,67.3,"Self-employed","Mortgage","Home_improvement",0
"8856",89768,"Male","Degree",0,18.75,775470,2.45,1141107,16.62,56.19,50.8,"Self-employed","Mortgage","Home_improvement",1
"3571",42648,"Male","Degree",0,23.75,359083,1.8,626582,37.89,121.73,65.3,"Contract","Rent","Vehicle",1
"9170",92515,"Female","Diploma",2,20.25,567216,1.89,698192,38.11,124.57,64.9,"Salaried","Rent","Vehicle",0
"5027",55639,"Male","Grade 12",2,18.75,521912,1.41,424740,8.94,43.58,35.8,"Salaried","Rent","Vehicle",0
"2259",30489,"Male","Grade 12",0,18.75,168893,1.43,305064,29.73,100.28,59,"Salaried","Rent","Vehicle",1
"3706",43776,"Female","Grade 12",0,22.75,1421245,2.25,1041590,17.18,65.25,44.6,"Contract","Own","Debt_consolidation",1
"1772",25940,"Male","Grade 12",1,35,5221,0.55,17517,16.39,57.43,43.5,"Unemployed","Rent","Other",1
"9609",96614,"Male","Postgrad",1,34.75,4572,0.57,1703,4.78,27.8,39,"Unemployed","Rent","Debt_consolidation",0
"4679",52582,"Male","Diploma",0,18.25,669490,1.53,881502,4.9,20,38.9,"Salaried","Mortgage","Home_improvement",1
"8387",85704,"Female","No records",1,25.25,335038,1.25,767643,2.36,18.05,27.3,"Salaried","Rent","Other",0
"5339",58555,"Male","Diploma",2,19.75,724884,1.8,424379,2.26,9.04,33.5,"Salaried","Rent","Vehicle",0
"1929",27275,"Female","Postgrad",0,17.75,346062,1.61,773368,25.82,81.88,59.2,"Salaried","Mortgage","Vehicle",1
"1080",19934,"Female","Grade 12",0,25.25,3457789,1.65,8515558,4.17,25.84,37.9,"Self-employed","Rent","Other",0
"886",18176,"Male","Diploma",0,19.25,428806,1.45,1484988,23.93,81.89,52.6,"Salaried","Own","Debt_consolidation",0
"5025",55630,"Male","Degree",3,32.25,3132,0.36,5693,32.3,106,60.7,"Unemployed","Rent","Other",0
"1012",19355,"Female","Grade 12",0,33.25,7401,0.57,3714,10.61,44.31,37.1,"Unemployed","Rent","Debt_consolidation",1
"2053",28524,"Female","Diploma",0,18.25,371089,1.43,879616,34.13,114.36,69.1,"Salaried","Mortgage","Home_improvement",0
"6116",65822,"Female","Grade 12",1,25.25,675820,2.2,2056504,5.75,30.12,31,"Self-employed","Rent","Other",1
"3816",44885,"Female","Degree",3,23.75,1161934,2,1183764,5.55,27.48,31.1,"Contract","Rent","Vehicle",1
"9961",99637,"Male","Grade 12",1,21.25,347909,1.99,513202,13.66,54,41.7,"Contract","Mortgage","Vehicle",1
"8062",82762,"Male","Diploma",0,25.75,884153,1.99,1510091,1.97,13.16,36,"Contract","Rent","Vehicle",0
"3024",37735,"Female","Diploma",2,14.25,506694,1.31,221665,14.98,53.49,37.4,"Salaried","Mortgage","Home_improvement",0
"7699",79318,"Male","Diploma",0,25.25,225732,1.62,527270,0.85,12.79,33.8,"Salaried","Rent","Other",0
"6607",70186,"Female","No records",0,18.25,382228,1.48,981357,37.28,121.67,67.1,"Salaried","Mortgage","Home_improvement",0
"6680",70774,"Male","No records",0,19.75,2318361,2.23,8077457,25.89,84.51,59.7,"Self-employed","Mortgage","Vehicle",0
"6662",70632,"Female","Degree",0,23.75,2446640,1.99,6123116,20.96,75.17,51.2,"Self-employed","Rent","Other",1
"3896",45532,"Male","No records",1,18.75,235397,1.71,322907,18.83,67.59,43.6,"Salaried","Rent","Vehicle",0
"5150",56858,"Female","Grade 12",1,17.75,269919,1.56,708061,24.63,86.43,54.3,"Salaried","Mortgage","Vehicle",1
"619",15686,"Female","Grade 12",0,23.25,583512,1.68,868489,25.29,82.85,59.4,"Contract","Mortgage","Debt_consolidation",1
"2124",29156,"Male","No records",0,23.75,788371,1.62,743893,39.21,127.61,68.6,"Contract","Rent","Vehicle",1
"8660",88072,"Male","Diploma",0,25.25,1947087,2.91,4889820,35.4,117.15,66.1,"Self-employed","Rent","Other",1
"3596",42901,"Male","No records",0,22.75,1046449,1.63,692789,4.08,24.83,32,"Self-employed","Rent","Other",1
"9241",93248,"Female","Grade 12",0,18.25,545830,1.53,809931,32.58,103.88,63.1,"Salaried","Mortgage","Home_improvement",0
"7916",81348,"Male","No records",2,26.75,206897,2.23,278507,3.86,19.41,35.6,"Contract","Rent","Other",1
"1285",21676,"Female","Diploma",0,18.75,343277,1.4,386481,28.25,93.97,53.2,"Salaried","Rent","Vehicle",1
"2463",32258,"Female","Diploma",0,19.25,446340,1.29,1567796,23.21,77.11,52.6,"Salaried","Own","Debt_consolidation",1
"2782",35289,"Male","Diploma",0,22.75,2826095,2.22,1291523,35.89,119.1,68.6,"Self-employed","Rent","Other",1
"773",17136,"Female","Diploma",0,20.25,604613,1.58,2136561,15.75,59.97,46,"Contract","Mortgage","Home_improvement",1
"4870",54352,"Male","Grade 12",0,22.25,354139,1.6,1196089,1.63,18.01,36.3,"Salaried","Rent","Vehicle",1
"3491",41947,"Female","Degree",0,21.25,1257818,2.18,949022,17.15,63.44,50.6,"Self-employed","Own","Debt_consolidation",1
"8845",89663,"Female","Postgrad",1,17.75,440671,1.5,1081528,28.43,96.28,56.8,"Salaried","Mortgage","Vehicle",1
"6404",68061,"Male","Diploma",1,18.25,348835,2.01,839692,38.73,127.47,63.7,"Salaried","Mortgage","Home_improvement",0
"6979",73174,"Male","Grade 12",0,35,1526,0.52,3035,29.32,99.83,60.3,"Unemployed","Rent","Debt_consolidation",0
"7720",79536,"Female","Grade 12",1,30.75,3284,0.36,3780,24.2,79.39,50.3,"Unemployed","Rent","Other",1
"2044",28403,"Male","No records",1,19.25,409009,1.4,744002,20.88,67.16,44.4,"Salaried","Own","Debt_consolidation",0
"4918",54698,"Male","Grade 12",0,19.25,110460,1.74,178429,18.96,71.71,44.4,"Salaried","Own","Debt_consolidation",0
"7222",75101,"Female","Grade 12",0,23.75,155326,1.79,225790,8.96,35.67,36,"Self-employed","Rent","Other",1
"637",15808,"Male","No records",0,26.75,698643,2.08,884358,5.17,29.26,37,"Contract","Rent","Other",0
"1559",24110,"Female","Diploma",0,21.75,256445,1.56,965003,16.19,56.52,39.6,"Salaried","Rent","Other",0
"6591",70040,"Female","Grade 12",0,19.25,478390,1.63,1673786,7.65,35.45,37.2,"Salaried","Own","Debt_consolidation",0
"685",16240,"Male","Degree",1,19.25,281372,1.52,386054,19.42,67.14,53.5,"Salaried","Own","Debt_consolidation",0
"7167",74675,"Female","Postgrad",2,17.75,687403,2.18,1805461,8.23,30.4,33.7,"Salaried","Mortgage","Vehicle",0
"6003",64786,"Female","Postgrad",0,20.25,585268,1.07,1694827,36.35,117.19,66.5,"Salaried","Rent","Vehicle",0
"9392",94383,"Female","Diploma",0,35,5255,0.53,10497,26.3,78.3,57.6,"Unemployed","Rent","Other",1
"3337",40611,"Male","Degree",0,21.75,461903,1.74,1693073,0.42,14.54,22.4,"Salaried","Mortgage","Home_improvement",1
"7099",74207,"Male","No records",3,21.75,363058,1.27,243268,22.81,79.54,45.5,"Salaried","Rent","Other",0
"7726",79609,"Female","Diploma",0,21.75,599903,1.74,1983407,14.59,56.64,45.9,"Salaried","Rent","Other",1
"7633",78634,"Male","No records",3,22.75,2438828,1.11,1141042,33.68,112.92,61.7,"Self-employed","Rent","Other",1
"3344",40679,"Male","No records",1,21.75,443851,1.26,825403,10.84,42.91,44.6,"Salaried","Rent","Other",1
"8422",86013,"Female","Diploma",1,18.75,266917,1.51,621402,36.08,118.71,59.6,"Salaried","Rent","Vehicle",0
"2487",32424,"Female","Postgrad",0,23.75,2426738,2.3,7532292,30.89,104.25,57.2,"Self-employed","Rent","Other",1
"9646",96900,"Female","Postgrad",0,22.75,189144,1.68,531390,1.46,13.06,32.9,"Salaried","Own","Debt_consolidation",0
"2255",30454,"Female","Grade 12",0,18.75,359163,1.44,667029,11.3,43.25,37,"Salaried","Rent","Vehicle",0
"8080",82965,"Male","Degree",0,21.25,2217756,1.7,3907164,28.4,93.13,59.7,"Self-employed","Own","Debt_consolidation",1
"4076",46991,"Female","Diploma",0,20.75,455546,1.58,1340808,4.08,20.22,36.3,"Salaried","Own","Debt_consolidation",1
"4846",54144,"Female","Diploma",0,21.25,163311,1.64,312568,28.43,96.35,50.7,"Contract","Mortgage","Vehicle",0
"5491",59895,"Female","Diploma",0,21.75,1353650,1.84,3667157,8.67,37.93,40.7,"Self-employed","Mortgage","Debt_consolidation",1
"3849",45130,"Male","Grade 12",0,15.25,149694,1.66,78169,24.53,85.79,47.1,"Salaried","Mortgage","Vehicle",0
"7219",75080,"Female","Grade 12",2,16.75,277770,1.52,580406,21.46,71.48,51.7,"Salaried","Mortgage","Home_improvement",0
"2751",34977,"Female","Grade 12",2,21.25,2332241,2.87,8434200,33.58,114.2,62.2,"Self-employed","Mortgage","Vehicle",1
"8774",89023,"Male","Diploma",0,21.25,584211,2.28,1249875,30.65,95.24,54.3,"Contract","Mortgage","Vehicle",1
"30",10229,"Female","Grade 12",2,16.75,754173,1.11,860750,12.22,49.07,37.8,"Salaried","Mortgage","Home_improvement",0
"6750",71324,"Male","Grade 12",0,21.25,1127626,1.76,2296610,38.1,120.7,66,"Self-employed","Mortgage","Vehicle",1
"7957",81677,"Female","Diploma",0,20.25,1943321,1.59,701158,5.93,26.38,36.6,"Self-employed","Own","Debt_consolidation",1
"9275",93558,"Male","Diploma",2,16.75,289087,1.28,823586,29.76,100.71,56.3,"Salaried","Mortgage","Home_improvement",0
"4960",54998,"Female","Grade 12",0,18.75,364691,1.07,915103,30.68,101.53,58.6,"Salaried","Rent","Vehicle",1
"4493",50688,"Female","Grade 12",1,17.75,119703,1.51,226710,8.32,35.75,42.8,"Salaried","Mortgage","Vehicle",0
"3886",45463,"Male","Diploma",2,22.75,1980132,1.86,934139,31.92,111.3,65.7,"Self-employed","Rent","Other",1
"1190",20761,"Male","Grade 12",1,19.25,192128,1.49,391796,21.26,79.45,51.1,"Salaried","Own","Debt_consolidation",0
"4697",52759,"Female","Diploma",0,16.75,591254,1.57,1214147,34.52,109.9,57.2,"Salaried","Mortgage","Home_improvement",0
"4903",54629,"Female","Grade 12",0,25.25,1707142,2.21,3088544,34.44,113.53,62.6,"Self-employed","Rent","Other",1
"2958",37125,"Male","Grade 12",1,19.25,413584,1.37,679783,19.03,68.74,46.3,"Salaried","Own","Debt_consolidation",1
"7665",78982,"Male","No records",0,21.25,1346948,1.52,4951148,34.24,111.39,60.6,"Self-employed","Mortgage","Vehicle",1
"8830",89600,"Female","Grade 12",0,20.25,208030,1.68,194413,5.26,23.15,32.4,"Salaried","Rent","Vehicle",0
"1738",25685,"Female","Diploma",0,18.75,389957,1.33,1210526,21.07,73.71,45.6,"Salaried","Rent","Vehicle",0
"1934",27321,"Male","Diploma",1,23.25,441471,1.36,1511410,39.93,126.87,63.7,"Salaried","Rent","Other",1
"3817",44913,"Male","Degree",0,22.75,261156,0.95,852041,2.03,11.42,32.9,"Salaried","Own","Debt_consolidation",0
"8458",86260,"Male","Grade 12",0,24.75,406291,1.51,511706,32.53,106.42,60.4,"Contract","Mortgage","Debt_consolidation",0
"8514",86741,"Female","Grade 12",0,19.25,83905,1.46,203324,35.1,112.91,68.4,"Salaried","Mortgage","Vehicle",1
"5932",64084,"Female","Grade 12",0,35,4158,0.65,3065,35.23,116.74,63.4,"Unemployed","Rent","Debt_consolidation",1
"5363",58684,"Female","Degree",3,18.25,239808,1.45,548514,38.74,127.85,68.5,"Salaried","Mortgage","Home_improvement",0
"3407",41283,"Female","Grade 12",1,20.75,525042,2.09,474441,33.24,111.63,61.3,"Salaried","Own","Debt_consolidation",1
"8028",82295,"Female","Degree",4,17.75,409115,1.55,730363,13.17,50.85,43.9,"Salaried","Mortgage","Vehicle",0
"5867",63524,"Male","Grade 12",1,21.75,871187,1.51,1545964,24.41,84.13,51.4,"Self-employed","Mortgage","Debt_consolidation",0
"7336",75948,"Female","Grade 12",0,18.75,231348,1.72,264241,14.5,54.93,42.3,"Salaried","Rent","Vehicle",0
"7192",74821,"Male","Postgrad",0,23.75,920548,1.29,3294539,19.29,68.62,53.2,"Self-employed","Rent","Other",1
"5418",59177,"Female","Diploma",2,32.25,5082,0.4,7682,12.51,51.55,44.3,"Unemployed","Rent","Debt_consolidation",1
"6999",73328,"Female","Diploma",0,15.25,270498,2.03,151648,9.68,38,41.2,"Salaried","Mortgage","Vehicle",0
"6285",67164,"Female","Diploma",1,18.75,635403,0.94,1982743,27.67,98.14,55.6,"Salaried","Rent","Vehicle",1
"4529",51026,"Female","Grade 12",0,21.25,507044,1.59,1803332,8.49,41.34,33.8,"Contract","Mortgage","Vehicle",1
"9042",91378,"Male","Grade 12",0,18.25,284357,1.39,903012,33.17,113.41,64.2,"Salaried","Mortgage","Home_improvement",0
"648",15896,"Female","Diploma",0,18.75,485867,1.53,1571682,17.9,59.61,52.9,"Salaried","Rent","Vehicle",0
"9725",97658,"Male","No records",2,17.75,244849,1.77,662028,19.98,72.68,46.7,"Salaried","Mortgage","Vehicle",0
"1169",20569,"Female","Grade 12",2,16.75,313800,1.41,1156836,9.26,37.96,36.1,"Salaried","Mortgage","Home_improvement",0
"2177",29695,"Male","Degree",0,30.25,5886,0.44,12161,33.75,105.4,58.9,"Unemployed","Rent","Vehicle",0
"8781",89064,"Male","No records",2,16.75,540800,1.22,792004,31.18,106.72,53.7,"Salaried","Mortgage","Home_improvement",0
"4313",49103,"Female","Degree",1,18.25,664130,1.49,2027594,33.71,107.67,63.9,"Salaried","Mortgage","Home_improvement",0
"5365",58689,"Male","No records",0,35,5797,0.64,20838,11.72,44.71,35.7,"Unemployed","Rent","Debt_consolidation",1
"1983",27790,"Male","Grade 12",1,20.25,300963,1.99,963803,27.69,93.27,61.4,"Salaried","Rent","Vehicle",1
"1935",27353,"Female","Degree",2,22.25,199668,1.79,514260,2.38,16.97,27,"Salaried","Rent","Vehicle",0
"3613",43069,"Female","No records",0,23.25,1173742,1.61,3697343,6.07,25.2,32.8,"Self-employed","Mortgage","Debt_consolidation",0
"3319",40468,"Male","Diploma",0,27.75,6857,0.35,22180,29.43,98.86,58.4,"Unemployed","Rent","Vehicle",1
"8091",83007,"Male","Diploma",1,20.25,224566,1.3,172629,38.83,128.57,71.1,"Salaried","Rent","Vehicle",1
"8",10072,"Female","Degree",0,18.25,551978,1.23,599773,38.01,121.81,72.2,"Salaried","Mortgage","Home_improvement",1
"294",12741,"Male","Degree",2,17.75,372409,1.43,853144,25.88,89.58,52.3,"Salaried","Mortgage","Vehicle",0
"4415",50090,"Male","Diploma",0,22.75,963519,1.48,3046933,26.7,92.73,50,"Contract","Own","Debt_consolidation",1
"3482",41893,"Male","Grade 12",1,17.75,514029,0.89,377683,9.19,37.92,42.8,"Salaried","Mortgage","Vehicle",0
"1005",19260,"Female","Grade 12",1,19.75,2665449,2.1,9636131,17.84,61.47,42.4,"Self-employed","Mortgage","Vehicle",1
"7802",80297,"Female","Diploma",0,21.75,754309,1.54,2693557,11.13,45.24,43.6,"Self-employed","Mortgage","Debt_consolidation",1
"6942",72845,"Female","Grade 12",2,19.75,732737,1.53,1749835,28.08,90.81,56.9,"Self-employed","Mortgage","Vehicle",1
"4810",53828,"Female","Grade 12",0,21.75,284308,2.19,715604,9.33,37.8,35.7,"Salaried","Rent","Other",0
"7386",76393,"Female","No records",1,27.25,2834085,1.8,5974165,1.08,11.9,26.5,"Self-employed","Rent","Other",1
"6476",68801,"Male","No records",1,18.75,385455,1.31,600788,19.19,69.41,49.3,"Salaried","Rent","Vehicle",0
"6973",73158,"Female","Degree",1,19.25,112585,1.29,236064,39.51,124.72,73.9,"Salaried","Mortgage","Vehicle",1
"8439",86152,"Male","Grade 12",1,17.75,546961,0.89,1523880,19.36,63.66,45.9,"Salaried","Mortgage","Vehicle",1
"701",16441,"Female","Postgrad",0,18.25,291610,1.59,426760,34.72,111.98,69.6,"Salaried","Mortgage","Home_improvement",1
"8942",90464,"Male","Grade 12",1,35,7098,0.49,9574,29.94,106.77,57,"Unemployed","Rent","Debt_consolidation",1
"8484",86491,"Female","Degree",2,20.25,259709,1.11,431728,4.74,27.37,31.8,"Salaried","Rent","Vehicle",0
"1938",27361,"Female","Diploma",3,16.75,795211,1.82,2761039,20.12,69.26,49.2,"Salaried","Mortgage","Home_improvement",0
"5773",62622,"Male","Diploma",0,17.75,407895,1.51,433816,29.88,99.56,59.5,"Salaried","Mortgage","Vehicle",0
"8172",83738,"Male","Grade 12",0,21.25,634754,1.34,1699329,13.53,48.31,45,"Contract","Mortgage","Vehicle",1
"9841",98563,"Female","Postgrad",2,19.25,500428,1.24,1347436,27.08,92.46,53.9,"Salaried","Own","Debt_consolidation",1
"1818",26323,"Female","Diploma",1,16.75,331271,0.9,1044461,20.91,76.59,52,"Salaried","Mortgage","Home_improvement",0
"8380",85658,"Female","No records",0,16.75,327314,2.09,723457,30.06,106.61,59.7,"Salaried","Mortgage","Home_improvement",1
"6975",73165,"Female","No records",1,19.25,359005,1.63,333785,14.52,55.94,43.7,"Salaried","Own","Debt_consolidation",1
"7045",73759,"Male","Postgrad",1,17.75,927542,1.83,2906113,29.18,100.62,55.1,"Salaried","Mortgage","Vehicle",0
"5731",62318,"Male","Degree",1,21.75,391829,1.35,411424,16.76,56.22,47.8,"Salaried","Rent","Other",1
"965",18949,"Female","Degree",0,20.25,289644,1.51,218209,17.85,66.15,43.7,"Contract","Mortgage","Home_improvement",1
"9526",95779,"Male","Grade 12",0,17.75,519368,1.89,1204057,23.75,80.11,57.1,"Salaried","Mortgage","Vehicle",0
"3633",43204,"Male","No records",1,35,7325,0.49,9025,9.14,39.35,39.6,"Unemployed","Rent","Debt_consolidation",1
"8131",83344,"Male","Grade 12",0,18.75,1585907,2.21,5397249,10.57,41.76,39.7,"Self-employed","Mortgage","Home_improvement",1
"5399",59029,"Male","Diploma",0,16.25,640087,1.95,275752,18.88,63.03,48.4,"Salaried","Rent","Vehicle",1
"5943",64231,"Male","Diploma",0,16.75,583212,1.67,1169771,23.96,86.87,51,"Salaried","Mortgage","Home_improvement",0
"2843",35771,"Female","Grade 12",2,18.75,2341070,1.14,1396837,33.8,111.7,67.2,"Self-employed","Mortgage","Vehicle",0
"3425",41432,"Male","Grade 12",0,17.75,295183,1.25,252166,32.13,111.04,59.4,"Salaried","Mortgage","Vehicle",1
"7185",74788,"Male","Grade 12",0,19.25,298013,1.73,669520,7.82,33.36,37.9,"Salaried","Own","Debt_consolidation",0
"8691",88310,"Female","Grade 12",0,18.75,755129,1.97,1656538,14.2,58.03,46.3,"Salaried","Rent","Vehicle",0
"6576",69882,"Female","Diploma",1,22.25,401013,2.06,1075599,15.53,54.18,44.7,"Contract","Rent","Vehicle",1
"3548",42491,"Female","Diploma",2,16.75,188763,1.34,248577,10.6,40.74,36.6,"Salaried","Mortgage","Home_improvement",0
"7175",74735,"Male","Grade 12",0,19.25,467981,1.46,794857,35.12,111.75,60.9,"Salaried","Mortgage","Vehicle",0
"5394",58988,"Male","No records",0,21.75,202177,1.71,459023,21.15,72.36,45.4,"Salaried","Rent","Other",1
"2320",31069,"Male","Diploma",0,16.75,285301,1.22,872751,7.45,27.79,33.2,"Salaried","Mortgage","Home_improvement",1
"7823",80554,"Male","Grade 12",1,18.75,2255693,1.85,6447057,13.97,53.02,38.3,"Self-employed","Mortgage","Home_improvement",1
"5209",57452,"Male","No records",0,25.25,1537197,1.19,2910955,6.45,26.3,36.6,"Self-employed","Rent","Other",0
"533",14987,"Female","No records",0,18.75,328209,1.73,736433,8.44,30.97,42.3,"Salaried","Rent","Vehicle",0
"7503",77505,"Male","Grade 12",2,23.25,513117,1.81,799670,37.66,121.57,60.8,"Salaried","Rent","Other",1
"7387",76402,"Male","Diploma",0,21.75,511082,2.2,866824,20.49,70.86,54.4,"Salaried","Rent","Other",0
"7527",77675,"Male","Grade 12",2,19.25,374377,1.3,1178980,32.76,106.03,63,"Salaried","Mortgage","Vehicle",0
"7529",77704,"Female","Grade 12",0,16.75,82752,1.93,65596,20.37,70.87,45.1,"Salaried","Mortgage","Home_improvement",1
"4123",47316,"Male","Diploma",0,21.25,3474496,1.39,7906744,26.66,90.11,52.4,"Self-employed","Own","Debt_consolidation",1
"1379",22492,"Male","Grade 12",0,18.75,530780,1.55,1056168,9.82,41.86,40.5,"Salaried","Rent","Vehicle",0
"6950",72912,"Male","Diploma",0,17.75,610427,1.18,1312555,32.33,111.51,56.9,"Salaried","Mortgage","Vehicle",0
"3424",41411,"Male","Postgrad",2,20.75,1231514,1.82,771981,36.87,122.89,63.8,"Self-employed","Mortgage","Debt_consolidation",1
"4067",46893,"Female","Diploma",2,35,3661,0.57,8454,26.13,88.56,54.6,"Unemployed","Rent","Debt_consolidation",1
"4646",52249,"Male","Diploma",2,20.25,732286,1.51,2734297,35.56,116.94,64.3,"Salaried","Rent","Vehicle",1
"5790",62871,"Male","Grade 12",0,23.25,264882,1.06,520064,34.97,117.11,64.3,"Salaried","Rent","Other",1
"4883",54477,"Female","Diploma",1,14.25,441112,1.81,135693,37.97,123.49,66.2,"Salaried","Mortgage","Home_improvement",1
"26",10175,"Male","Diploma",0,21.75,373922,1.34,1027922,8.19,30.12,43,"Salaried","Rent","Other",1
"1949",27440,"Female","Degree",0,21.75,565436,0.81,446811,21.01,74.32,45.5,"Salaried","Rent","Other",0
"3514",42133,"Female","Grade 12",2,25.25,2325017,1.87,2220564,4.69,25.33,39.4,"Self-employed","Rent","Other",1
"9614",96641,"Female","Grade 12",1,32.25,4114,0.4,14904,12.78,49.78,38.3,"Unemployed","Rent","Debt_consolidation",1
"3602",42981,"Male","No records",3,18.75,328267,1.65,1012219,21.59,68.25,56.3,"Salaried","Rent","Vehicle",0
"5269",57959,"Female","No records",1,23.25,1412655,1.53,4687997,32.58,108.01,60.3,"Self-employed","Mortgage","Debt_consolidation",0
"6967",73057,"Female","Grade 12",0,16.75,525496,0.96,1985465,19.86,70.84,45.6,"Salaried","Mortgage","Home_improvement",0
"9129",92079,"Female","Grade 12",1,27.25,1379754,1.77,1275573,1.71,20.9,25.7,"Self-employed","Rent","Other",1
"437",14081,"Female","Diploma",1,16.75,515199,1.41,654178,16.36,56.75,49.2,"Salaried","Mortgage","Home_improvement",1
"7228",75126,"Female","Grade 12",2,17.75,406110,1.76,745298,18.04,63.29,48.6,"Salaried","Mortgage","Vehicle",0
"5322",58435,"Male","Degree",2,19.75,2715725,2.04,2015626,22.27,77.38,50.5,"Self-employed","Mortgage","Vehicle",1
"8032",82344,"Female","Grade 12",2,20.25,235007,1.36,369101,2.75,14.59,29.9,"Salaried","Mortgage","Home_improvement",0
"3426",41442,"Female","Grade 12",0,16.75,92530,1.33,61678,34.03,109.95,68.7,"Salaried","Mortgage","Vehicle",0
"3741",44090,"Male","Grade 12",3,35,3095,0.71,6341,1.84,15.2,31.3,"Unemployed","Rent","Debt_consolidation",1
"1370",22423,"Male","Grade 12",2,16.75,116909,1.1,144201,9.83,46.8,33.6,"Salaried","Mortgage","Home_improvement",1
"8438",86146,"Female","Diploma",0,17.75,215533,1.78,469490,12.69,45.55,35.1,"Salaried","Mortgage","Vehicle",0
"3681",43602,"Male","Degree",2,17.75,425017,1.76,165466,32.33,109.02,66.8,"Salaried","Rent","Vehicle",0
"1117",20222,"Female","No records",0,16.75,101240,1.05,307633,12.63,44.15,37,"Salaried","Mortgage","Home_improvement",0
"976",19008,"Male","Degree",0,35,5314,0.61,17751,7.73,34.56,39.9,"Unemployed","Rent","Debt_consolidation",1
"3978",46130,"Male","Grade 12",0,29.25,2034,0.41,3043,18.6,67.95,42.3,"Unemployed","Rent","Home_improvement",0
"283",12617,"Male","Grade 12",2,21.75,306650,1.53,598400,11.5,48.62,35.1,"Salaried","Rent","Other",0
"1595",24514,"Male","Diploma",0,18.75,272263,1.02,676071,34.69,117.68,58.5,"Salaried","Rent","Vehicle",0
"1111",20188,"Female","Degree",0,22.75,2160096,1.93,6762102,5.58,30.46,35.8,"Self-employed","Own","Debt_consolidation",1
"6686",70806,"Female","Grade 12",0,25.25,395489,2.44,351992,24.34,79.82,56.4,"Contract","Rent","Other",1
"7487",77312,"Female","Diploma",0,23.25,1164908,2.02,4164358,37.96,124.49,66,"Self-employed","Mortgage","Debt_consolidation",1
"9409",94547,"Male","Grade 12",0,19.25,452410,1.67,454889,34.46,111.83,64.5,"Salaried","Mortgage","Vehicle",1
"3609",43046,"Male","Grade 12",0,21.75,520722,2.1,1850046,26.36,91.29,49.6,"Salaried","Rent","Other",1
"123",11157,"Male","Diploma",1,19.75,285280,1.74,870005,12.52,45.9,38.7,"Self-employed","Mortgage","Vehicle",1
"781",17224,"Male","Grade 12",1,35,7097,0.5,24779,0.96,14.54,27.7,"Unemployed","Rent","Debt_consolidation",0
"4524",50950,"Female","Degree",0,23.25,1910921,1.38,7055200,33.25,108.1,67.8,"Self-employed","Mortgage","Debt_consolidation",1
"6781",71572,"Male","Degree",1,19.25,177710,1.55,233988,6.42,28.78,35.2,"Salaried","Mortgage","Vehicle",0
"5850",63365,"Male","Grade 12",0,21.25,1287934,1.8,593752,22.82,82.71,48.3,"Self-employed","Rent","Other",1
"8212",84088,"Male","Grade 12",0,22.75,1226301,1.65,2258706,21.74,73,49.8,"Contract","Own","Debt_consolidation",1
"3240",39816,"Female","No records",0,16.25,336859,0.72,214816,14.78,53.89,42.3,"Salaried","Rent","Vehicle",0
"9887",99012,"Female","Postgrad",0,19.25,716733,2.13,466408,25.95,87.58,56.4,"Salaried","Rent","Other",1
"6113",65813,"Female","Degree",0,17.75,262674,1.35,469815,30.96,103.82,56.9,"Salaried","Mortgage","Vehicle",0
"3291",40260,"Male","Grade 12",0,19.25,354234,1.06,491842,37.49,122.81,60.5,"Salaried","Mortgage","Vehicle",0
"1525",23855,"Male","Grade 12",0,17.75,475496,1.19,1756373,22.96,84.89,47.9,"Salaried","Mortgage","Vehicle",0
"2691",34359,"Male","Grade 12",0,14.25,372732,1.55,172125,11.97,43.51,36.1,"Salaried","Mortgage","Home_improvement",1
"4507",50819,"Male","Degree",0,20.25,396424,1.03,494046,3.79,23.53,27.7,"Salaried","Rent","Vehicle",0
"7011",73492,"Male","No records",0,16.75,516481,1.75,1421795,14.95,52.5,47.4,"Salaried","Mortgage","Home_improvement",0
"2431",31948,"Male","Grade 12",3,16.75,603167,1.65,2089809,24.12,82.38,55.1,"Salaried","Mortgage","Home_improvement",0
"6765",71400,"Male","No records",0,20.25,143873,1.73,503799,1.28,17.42,25.5,"Salaried","Mortgage","Home_improvement",0
"9346",94079,"Female","No records",0,22.75,186644,1.52,677766,1.94,16.7,26.3,"Salaried","Own","Debt_consolidation",0
"9130",92081,"Female","No records",2,16.75,301613,1.6,174612,22.77,83.64,56.7,"Salaried","Own","Debt_consolidation",0
"4596",51786,"Female","No records",0,20.25,332498,1.4,269056,26.08,86.93,49.9,"Contract","Mortgage","Home_improvement",0
"6223",66710,"Female","Grade 12",0,20.25,229276,1.71,606116,32.71,109.39,60.1,"Salaried","Rent","Vehicle",0
"4475",50537,"Male","No records",0,21.75,197871,1.45,584735,18.55,66.51,49.6,"Salaried","Rent","Other",1
"1880",26944,"Female","No records",0,21.25,859510,2.24,2984819,8.31,39.23,40.5,"Contract","Mortgage","Vehicle",1
"4008",46361,"Male","Diploma",0,21.75,2496904,2.57,4837374,17.52,61.02,50.8,"Self-employed","Mortgage","Debt_consolidation",1
"5231",57658,"Male","Grade 12",0,19.25,405441,1.45,332608,4.1,18.81,38.5,"Salaried","Mortgage","Vehicle",0
"5032",55691,"Female","No records",0,19.25,352046,1.42,1316981,6.77,30.91,35.1,"Salaried","Mortgage","Vehicle",1
"9252",93339,"Female","Grade 12",0,17.25,1289843,1.47,531832,23.11,77.27,56.1,"Self-employed","Mortgage","Vehicle",0
"5475",59791,"Male","Grade 12",2,23.25,661430,2.25,2421635,2.1,12.32,25.2,"Self-employed","Mortgage","Vehicle",0
"9204",92810,"Male","No records",0,25.25,2103663,2.07,4146203,35.68,117.56,62.4,"Self-employed","Rent","Other",1
"8952",90516,"Male","Grade 12",0,17.75,291993,1.88,399502,19.63,65.27,46.2,"Salaried","Mortgage","Vehicle",1
"1033",19502,"Female","No records",1,15.25,494292,1.63,253322,10.19,41.18,34.9,"Salaried","Mortgage","Vehicle",0
"4129",47341,"Female","No records",1,20.75,153603,1.75,208844,3.13,20.08,25.6,"Salaried","Own","Debt_consolidation",0
"6271",67042,"Male","Grade 12",0,18.75,678680,1.54,1612628,10.9,43.28,35.2,"Salaried","Rent","Vehicle",0
"2492",32509,"Female","Grade 12",4,19.25,401631,1.94,556655,29.34,98.49,60.9,"Salaried","Mortgage","Vehicle",1
"2693",34413,"Male","Grade 12",0,17.75,514142,1.82,203253,39.47,130.04,67.3,"Salaried","Rent","Vehicle",1
"8314",85125,"Male","Grade 12",1,19.75,2009746,2.15,3709695,8.76,34.94,43.4,"Self-employed","Mortgage","Vehicle",1
"1185",20732,"Male","Grade 12",1,17.75,369745,1.48,729659,17.04,67.97,49.7,"Salaried","Mortgage","Vehicle",0
"7034",73649,"Female","Grade 12",2,23.75,1870400,2.25,2704300,7.43,29.67,40.4,"Self-employed","Rent","Other",0
"3177",39165,"Male","Diploma",0,21.25,382791,1.37,129068,39.84,129.63,62.8,"Contract","Rent","Vehicle",1
"2673",34202,"Female","Grade 12",0,22.75,443277,1.58,1590520,31.51,103.79,60.8,"Contract","Mortgage","Vehicle",1
"5952",64291,"Female","Diploma",1,15.75,215719,1.23,101778,33.45,108.91,63.7,"Salaried","Mortgage","Home_improvement",0
"9026",91252,"Female","Grade 12",1,21.75,657801,1.38,2219136,22.03,70.72,50.6,"Salaried","Rent","Other",0
"8047",82580,"Female","Degree",1,35,1669,0.54,5705,9.09,37.62,32.9,"Unemployed","Rent","Other",1
"6558",69701,"Female","Grade 12",3,20.25,691357,1.46,2252214,6.49,29.28,40.6,"Salaried","Rent","Vehicle",1
"1881",26949,"Female","Diploma",0,19.25,2537405,2.06,1670571,17.5,68.86,44,"Self-employed","Mortgage","Debt_consolidation",1
"4683",52619,"Male","Grade 12",0,19.25,477505,1.53,493366,26.04,87.6,55.2,"Salaried","Own","Debt_consolidation",0
"1691",25280,"Female","Grade 12",2,29.75,2425,0.34,2060,11.05,41.75,45.5,"Unemployed","Rent","Debt_consolidation",0
"3600",42969,"Female","Diploma",0,17.75,173490,1.18,610311,25.76,86.06,57.5,"Salaried","Mortgage","Vehicle",1
"7587",78176,"Male","Diploma",0,18.75,566056,1.88,1825815,9.81,38.59,38.8,"Salaried","Rent","Vehicle",0
"3085",38288,"Male","No records",2,16.75,381378,1.61,928265,8.52,36.3,42.7,"Salaried","Mortgage","Home_improvement",1
"6677",70763,"Male","Grade 12",0,19.25,427112,1.5,1160298,18.47,67.95,41.7,"Salaried","Own","Debt_consolidation",1
"7136",74400,"Female","Diploma",0,20.75,467960,1.06,300436,15.62,53.9,43.7,"Contract","Mortgage","Debt_consolidation",0
"9973",99759,"Male","Grade 12",0,21.25,883540,2.54,3113172,12.29,46.44,39.3,"Self-employed","Own","Debt_consolidation",1
"6319",67421,"Male","Diploma",0,20.75,198513,1.41,704367,38.04,122.68,62.4,"Salaried","Own","Debt_consolidation",0
"5211",57470,"Female","Grade 12",1,21.25,3328521,2.28,11578778,12.06,49.87,46.5,"Self-employed","Own","Debt_consolidation",0
"4749",53252,"Female","Grade 12",0,35,4399,0.53,2549,38.32,132.29,68.1,"Unemployed","Rent","Other",1
"8899",90095,"Male","Grade 12",0,19.25,578437,1.99,1537593,15.96,63.01,41.9,"Salaried","Own","Debt_consolidation",1
"8867",89850,"Male","Grade 12",0,23.25,2993619,1.06,9037072,1.67,12.88,26.4,"Self-employed","Mortgage","Vehicle",0
"13",10091,"Female","No records",2,16.75,230877,1.81,315432,21.37,78,43.8,"Salaried","Mortgage","Home_improvement",1
"2077",28757,"Male","Diploma",0,20.25,526314,1.99,469414,8.09,34.77,37.6,"Contract","Mortgage","Home_improvement",0
"6412",68155,"Female","No records",1,16.25,307213,1.48,130406,15.96,51.87,45.9,"Salaried","Rent","Vehicle",0
"3483",41914,"Male","Grade 12",0,15.25,550960,1.74,229234,19.14,64.73,49.6,"Salaried","Mortgage","Vehicle",0
"3198",39332,"Female","Diploma",0,20.75,482887,1.75,1610627,4.54,19.24,27.9,"Salaried","Own","Debt_consolidation",0
"301",12784,"Female","Grade 12",0,22.75,2249875,2.04,6045442,36.48,114.41,60.1,"Self-employed","Own","Debt_consolidation",1
"296",12743,"Female","Grade 12",0,32.25,4900,0.39,13233,24.6,86.83,57.4,"Unemployed","Rent","Debt_consolidation",1
"5268",57956,"Female","No records",2,18.75,628905,1.52,1645219,18.56,64.35,49,"Salaried","Rent","Vehicle",0
"3701",43727,"Male","Degree",1,19.25,466797,1.23,1547458,28.33,96.13,60.6,"Salaried","Mortgage","Vehicle",1
"3626",43155,"Female","Degree",0,28.75,2101,0.3,7471,13.21,47.43,43.8,"Unemployed","Mortgage","Debt_consolidation",0
"7339",75991,"Male","Grade 12",0,21.25,1385523,1.55,3467894,7.6,35.83,30.3,"Self-employed","Own","Debt_consolidation",1
"711",16490,"Male","Diploma",1,23.75,2699361,1.21,8759062,11.42,44.94,46.3,"Self-employed","Rent","Other",1
"2601",33516,"Female","Diploma",1,23.75,4104966,1.7,3965488,13.91,52.97,37.3,"Self-employed","Rent","Other",1
"4441",50311,"Female","No records",3,21.75,1322769,1.33,1827146,24.83,82.88,49.7,"Self-employed","Mortgage","Debt_consolidation",1
"2682",34285,"Male","Grade 12",1,19.75,339500,1.11,856757,26.24,88.92,57.4,"Self-employed","Mortgage","Vehicle",0
"7966",81771,"Male","No records",0,19.75,1314703,1.78,3725579,12.65,49.17,43,"Self-employed","Mortgage","Vehicle",0
"1556",24097,"Female","Grade 12",0,24.75,1269210,2.11,3876067,36.13,119.93,67.3,"Contract","Mortgage","Debt_consolidation",1
"7779",80145,"Male","Grade 12",1,19.25,329269,1.49,635994,15.39,57.64,47.9,"Salaried","Own","Debt_consolidation",0
"5615",61264,"Female","No records",0,17.75,423819,1.17,1555277,9.6,40.75,32.8,"Salaried","Mortgage","Vehicle",1
"328",13041,"Female","Degree",1,25.25,651674,2,1629160,6.53,27.91,41.1,"Self-employed","Rent","Other",1
"9422",94645,"Female","Degree",0,21.75,596574,1.59,708294,12.29,47.18,45.7,"Salaried","Rent","Other",0
"8507",86672,"Female","No records",0,20.25,328618,1.26,1048515,5.45,25.01,30.6,"Salaried","Rent","Vehicle",1
"7161",74638,"Male","Grade 12",0,35,3845,0.51,5477,36,119.21,63.7,"Unemployed","Rent","Other",0
"3355",40809,"Female","Grade 12",1,21.25,641588,1.87,2143519,28.96,102.06,54,"Self-employed","Own","Debt_consolidation",1
"1967",27580,"Female","Degree",1,18.75,552229,1.04,1089090,7.58,30.55,30,"Salaried","Rent","Vehicle",0
"6264",67009,"Male","Degree",0,18.75,1462624,1.49,640388,20.57,71.05,52.4,"Self-employed","Own","Debt_consolidation",0
"5046",55795,"Female","Diploma",3,23.25,1610097,1.24,1541554,1.81,17.77,26.8,"Self-employed","Mortgage","Vehicle",0
"223",12091,"Male","No records",2,35,4872,0.58,17610,26.52,89.29,52.9,"Unemployed","Rent","Debt_consolidation",1
"6260",66975,"Female","Degree",0,18.25,472872,1.65,1691889,5.11,23.72,29.5,"Salaried","Mortgage","Home_improvement",0
"9890",99033,"Female","Diploma",2,16.75,542173,1.56,1449875,16.32,58.44,44,"Salaried","Mortgage","Home_improvement",1
"5108",56352,"Male","No records",0,19.25,297932,1.09,138131,23.8,77.89,54,"Salaried","Rent","Other",1
"208",11957,"Male","Grade 12",1,30.75,5823,0.34,20114,16.07,56.31,39.9,"Unemployed","Rent","Other",0
"9996",99983,"Male","Grade 12",0,21.75,735595,1.23,1407215,2.35,20.5,24.7,"Salaried","Mortgage","Home_improvement",0
"3975",46112,"Male","Degree",0,19.25,274801,0.71,718210,8.75,38.15,38.3,"Salaried","Own","Debt_consolidation",0
"67",10601,"Male","Diploma",4,20.25,1118478,2.12,1763653,39.48,124.64,71,"Self-employed","Mortgage","Home_improvement",1
"8523",86831,"Female","Diploma",2,21.75,671590,1.92,2416239,37.91,128.13,70.7,"Contract","Mortgage","Home_improvement",0
"2268",30567,"Male","Grade 12",0,16.75,219687,1.26,516209,16.61,54.26,47.1,"Salaried","Mortgage","Home_improvement",0
"2741",34851,"Female","Diploma",2,23.75,1810892,2.01,4929892,11.96,46.04,34.9,"Self-employed","Rent","Other",1
"4401",49926,"Female","Degree",1,16.75,480483,1.49,1128704,10.12,38.88,33.8,"Salaried","Mortgage","Home_improvement",0
"6293",67238,"Male","Degree",1,17.75,527559,1.1,721650,25.58,83.87,51.4,"Salaried","Mortgage","Vehicle",1
"2681",34275,"Male","No records",0,21.25,313939,1.46,507288,11.23,42.01,34,"Contract","Mortgage","Vehicle",0
"3513",42123,"Female","Diploma",0,23.25,1494985,1.65,1372175,0.17,10.01,28.1,"Self-employed","Mortgage","Vehicle",0
"2533",32967,"Male","Grade 12",0,21.75,837259,1.86,1624646,28.45,96.11,54.4,"Self-employed","Mortgage","Debt_consolidation",1
"9035",91333,"Male","No records",1,20.75,590909,0.88,1581397,34.08,112.84,61,"Salaried","Own","Debt_consolidation",1
"815",17484,"Female","Diploma",2,20.75,366785,1.04,985395,33.74,110.12,64.5,"Salaried","Own","Debt_consolidation",1
"8601",87524,"Female","Diploma",0,21.75,482837,1.38,610588,27.93,91.29,54.7,"Salaried","Rent","Other",1
"8704",88472,"Male","Diploma",2,22.25,570441,1.19,1033706,12.33,43.55,39.4,"Contract","Rent","Vehicle",0
"9480",95311,"Male","Postgrad",2,35,3369,0.58,12321,19.99,69.81,49.3,"Unemployed","Rent","Debt_consolidation",0
"1187",20742,"Female","Postgrad",0,17.75,592397,1.59,1876997,12.61,46.99,37,"Salaried","Mortgage","Vehicle",0
"4892",54552,"Male","No records",2,18.75,205094,1.53,721177,23.53,77.69,47.6,"Salaried","Rent","Vehicle",1
"7019",73536,"Female","Diploma",0,35,5234,0.5,10515,19.19,64.18,48,"Unemployed","Rent","Debt_consolidation",0
"566",15233,"Female","Diploma",0,18.75,306892,1.35,1022130,7.78,31.84,36.5,"Salaried","Rent","Vehicle",1
"1345",22195,"Female","Postgrad",0,30.75,5792,0.35,21971,19.58,71.71,46.4,"Unemployed","Rent","Other",1
"7874",80961,"Female","No records",0,22.25,958879,1.96,1193659,13.92,52.27,43.4,"Contract","Rent","Vehicle",1
"3984",46189,"Male","Grade 12",2,23.75,801955,2.57,1870082,37.73,119.42,67.3,"Contract","Rent","Vehicle",0
"8149",83520,"Male","Diploma",0,23.75,2977348,2.18,6161459,33.32,112.26,59.2,"Self-employed","Rent","Other",1
"9778",98036,"Male","Grade 12",0,17.75,316797,1.89,159498,33.88,112.59,66.9,"Salaried","Rent","Vehicle",1
"1493",23481,"Female","Grade 12",2,19.25,523225,1.25,1868210,3.14,9.73,33.4,"Salaried","Mortgage","Vehicle",0
"2170",29605,"Male","No records",2,20.25,305402,1.29,826171,4.96,22.08,35.8,"Salaried","Rent","Vehicle",0
"8806",89326,"Male","Grade 12",0,22.25,287748,1.49,808151,11.64,44.77,42,"Contract","Rent","Vehicle",1
"7947",81618,"Female","Grade 12",2,21.25,1602008,2.14,2990671,40,132.89,62.6,"Self-employed","Mortgage","Vehicle",1
"4122",47315,"Female","Postgrad",2,16.75,282664,1.02,201655,15.66,61.98,47.1,"Salaried","Mortgage","Home_improvement",1
"7447",76965,"Female","No records",0,18.25,616726,1.35,627379,39.92,134.39,66.6,"Salaried","Mortgage","Home_improvement",1
"6774",71498,"Female","No records",0,34.75,5585,0.49,7611,31.96,104.95,59.3,"Unemployed","Mortgage","Debt_consolidation",1
"2920",36807,"Female","No records",0,21.75,512810,1.18,1686698,25.89,88.98,58.2,"Salaried","Rent","Other",1
"1776",25985,"Female","Grade 12",2,35,1516,0.53,5701,29.88,102.43,57.8,"Unemployed","Rent","Debt_consolidation",1
"1355",22285,"Female","Diploma",1,23.25,379156,1.51,301553,38.32,126.28,66.6,"Salaried","Rent","Other",1
"45",10361,"Male","Grade 12",3,18.75,175158,1.37,604447,25.47,88.47,48,"Salaried","Rent","Vehicle",0
"6798",71717,"Female","Degree",0,21.25,588457,1.47,1118559,33.49,111.34,59.6,"Contract","Mortgage","Vehicle",0
"8234",84325,"Male","Diploma",0,20.25,349109,1.09,1164160,35.98,120.16,60.9,"Salaried","Rent","Vehicle",1
"1434",22987,"Male","Diploma",0,16.75,469352,2.08,477834,20.52,67.19,54.1,"Salaried","Mortgage","Home_improvement",0
"831",17650,"Female","Grade 12",0,17.75,504670,1.56,1909147,33.45,110.72,59.1,"Salaried","Mortgage","Vehicle",1
"8818",89467,"Male","No records",1,19.75,745877,1.65,315157,2.15,19.36,28,"Salaried","Rent","Vehicle",0
"1203",20872,"Female","Grade 12",0,18.25,455561,1.19,205552,34.75,112.85,67.4,"Salaried","Own","Debt_consolidation",1
"9210",92867,"Female","Grade 12",3,18.75,303342,1.42,196873,0.48,9.67,33,"Salaried","Mortgage","Vehicle",0
"574",15309,"Male","No records",3,15.75,170883,1.71,88184,3.86,23.25,31.8,"Salaried","Mortgage","Home_improvement",0
"1362",22362,"Female","No records",0,18.75,413814,1.09,474057,7.44,35.31,36,"Salaried","Rent","Vehicle",0
"3469",41812,"Male","No records",0,16.75,345916,1.2,206250,39.43,130.38,70.7,"Salaried","Mortgage","Vehicle",0
"6991",73251,"Male","Grade 12",0,29.75,2638,0.32,7403,33.96,113.26,56.1,"Unemployed","Rent","Debt_consolidation",1
"1654",24982,"Female","Diploma",1,19.25,281828,1.61,122337,18.8,60.54,49.4,"Salaried","Rent","Other",0
"4669",52513,"Male","No records",1,20.25,180142,1.88,228387,2.02,18.56,28,"Salaried","Mortgage","Home_improvement",0
"5875",63580,"Female","Grade 12",2,24.25,524722,1.47,1319637,34.68,117.53,66.7,"Contract","Own","Debt_consolidation",1
"2203",29929,"Female","Diploma",0,18.75,567537,1.56,337838,2.43,14.78,31.5,"Salaried","Mortgage","Vehicle",0
"9692",97371,"Male","Grade 12",1,20.25,404596,1.52,899440,2.56,13.18,31.3,"Salaried","Mortgage","Home_improvement",0
"5522",60272,"Male","Degree",2,16.75,319824,1.67,124590,38.77,123.9,63.3,"Salaried","Mortgage","Vehicle",0
"9515",95708,"Male","Grade 12",1,23.75,1815068,1.84,6160135,24,78.37,49.9,"Self-employed","Rent","Other",1
"2515",32716,"Male","Degree",3,18.25,457349,1.54,764729,30.85,97.41,64.2,"Salaried","Mortgage","Home_improvement",0
"2723",34701,"Male","Degree",0,22.25,810806,2.29,2243993,16.76,57.21,42.7,"Contract","Rent","Vehicle",0
"2852",35884,"Female","Diploma",2,20.25,1739896,2.17,2682788,4.19,23.58,30.7,"Self-employed","Mortgage","Home_improvement",0
"3227",39739,"Male","Diploma",2,17.75,240982,1.85,327356,21.57,75.06,47.9,"Salaried","Mortgage","Vehicle",0
"1564",24147,"Female","Diploma",2,25.25,1349435,0.89,2719126,0.55,6.77,31.7,"Self-employed","Mortgage","Debt_consolidation",0
"6833",72006,"Male","No records",0,21.25,526147,1.71,1156415,31.94,104.15,59.9,"Contract","Mortgage","Vehicle",1
"3705",43763,"Male","Grade 12",0,23.75,1040984,1.16,3873271,25.73,88.43,53.8,"Self-employed","Rent","Other",1
"9840",98559,"Female","Degree",0,18.75,82965,1.38,82190,8.7,39.51,40.3,"Salaried","Rent","Vehicle",1
"7980",81926,"Male","Grade 12",0,24.75,1142098,1.47,4148518,35.03,115.2,68.5,"Contract","Mortgage","Debt_consolidation",0
"3851",45150,"Female","Grade 12",0,16.75,428565,2.28,738118,27.12,89.98,58.1,"Salaried","Mortgage","Home_improvement",1
"7645",78741,"Male","Diploma",0,20.75,143948,1.81,117306,29.72,96.77,64.3,"Salaried","Own","Debt_consolidation",1
"3097",38376,"Male","Diploma",0,18.75,799702,1.41,2472844,32.03,106.86,55.3,"Salaried","Rent","Vehicle",0
"2926",36859,"Male","Diploma",0,33.75,4115,0.39,7326,33.49,111.15,67.6,"Unemployed","Rent","Debt_consolidation",1
"6611",70245,"Female","Postgrad",3,19.25,611170,1.74,1669124,22.37,77.43,50.8,"Salaried","Own","Debt_consolidation",1
"6968",73070,"Male","No records",2,33.25,2334,0.6,837,28.95,96.1,56.5,"Unemployed","Rent","Debt_consolidation",1
"1819",26333,"Female","Diploma",1,18.75,679977,1.7,2209320,10.5,42.76,33.1,"Salaried","Rent","Vehicle",1
"460",14265,"Female","No records",0,33.25,6741,0.45,13156,25.21,88.72,58.9,"Unemployed","Rent","Other",0
"7682",79153,"Male","No records",1,35,3649,0.54,8232,21.82,70.18,56.2,"Unemployed","Rent","Debt_consolidation",1
"4615",51981,"Male","Postgrad",0,17.75,346362,1.6,1007705,16.64,55.96,43.3,"Salaried","Mortgage","Vehicle",0
"2544",33061,"Male","Grade 12",0,20.25,464379,1.14,722990,3.4,24.01,32.2,"Salaried","Rent","Vehicle",0
"9945",99484,"Female","Diploma",0,23.75,1535063,1.64,2668994,31.09,104.24,58.2,"Self-employed","Rent","Other",0
"5579",60872,"Female","Diploma",2,16.75,265120,1.45,876054,22.6,77.03,46.5,"Salaried","Mortgage","Home_improvement",1
"6914",72615,"Female","Degree",1,17.75,395473,1.33,497306,8.29,34.2,39,"Salaried","Mortgage","Vehicle",1
"7870",80896,"Female","No records",0,19.75,872722,1.35,3032252,24.49,87.07,51,"Self-employed","Mortgage","Vehicle",1
"1780",26006,"Male","Degree",1,17.75,221682,1.62,553008,17.11,55.41,45.9,"Salaried","Mortgage","Vehicle",0
"9538",95880,"Female","Diploma",2,22.25,632510,1.95,2199381,7.7,27.73,40.5,"Contract","Rent","Vehicle",1
"3920",45697,"Male","Grade 12",2,18.25,221682,1.16,675386,39.58,127.29,70.5,"Salaried","Mortgage","Home_improvement",0
"2458",32232,"Female","Grade 12",1,16.75,716659,1.38,1053574,24.06,84.46,57.5,"Salaried","Mortgage","Home_improvement",0
"4838",54072,"Male","Grade 12",2,23.75,2891342,1.47,5077444,29.07,101.35,55.9,"Self-employed","Rent","Other",1
"177",11690,"Male","Grade 12",0,20.25,524730,1.81,509365,30.78,106.52,62.4,"Salaried","Rent","Vehicle",1
"3689",43651,"Female","No records",1,16.75,304937,1.18,752100,16.26,63.39,51.3,"Salaried","Mortgage","Home_improvement",1
"8771",88993,"Female","No records",0,19.25,322830,0.97,1089666,4.52,20.44,30.3,"Salaried","Mortgage","Vehicle",0
"2244",30329,"Male","Diploma",0,18.75,114069,1.09,350021,17.72,59.45,40.9,"Salaried","Rent","Vehicle",1
"3060",37999,"Male","Diploma",0,21.25,1032157,1.97,1215932,18.46,69.66,50.1,"Contract","Mortgage","Vehicle",0
"5253",57845,"Female","Diploma",0,14.25,86441,1.28,40224,16.79,60.3,39,"Salaried","Mortgage","Home_improvement",0
"4537",51147,"Female","No records",0,16.75,510221,1.04,1834559,32.49,105.22,55.5,"Salaried","Mortgage","Home_improvement",0
"8012",82189,"Male","Diploma",1,34.25,5826,0.53,3231,15.6,59.37,45.6,"Unemployed","Rent","Other",1
"1276",21582,"Female","Postgrad",1,17.75,379213,1.59,1433399,14.27,54.4,48.6,"Salaried","Mortgage","Vehicle",1
"6280",67122,"Male","No records",2,35,3370,0.58,7124,37.03,118.04,70.4,"Unemployed","Rent","Debt_consolidation",0
"322",12961,"Female","Grade 12",0,22.25,413259,1.68,1133980,2.02,15.02,30.9,"Salaried","Rent","Vehicle",0
"2092",28863,"Male","Diploma",2,26.75,1095675,1.73,1796446,31.24,105.51,63.7,"Contract","Rent","Other",1
"6511",69195,"Male","No records",0,17.75,308938,1.33,694954,30.15,102.33,59.6,"Salaried","Mortgage","Vehicle",1
"3454",41674,"Female","Grade 12",0,17.75,134943,1.43,112831,22.45,78.06,51,"Salaried","Mortgage","Vehicle",0
"3648",43279,"Female","No records",0,17.75,433898,1.5,1428069,11.23,44.74,37.4,"Salaried","Mortgage","Vehicle",0
"3999",46301,"Male","Diploma",0,16.75,315580,1.76,785911,13.33,56.03,44.1,"Salaried","Mortgage","Home_improvement",1
"1217",20995,"Male","Grade 12",1,16.75,458663,0.89,1185337,22.49,78.81,54.6,"Salaried","Mortgage","Home_improvement",0
"6408",68114,"Female","Grade 12",1,25.25,452528,1.34,1694502,0.1,5.86,34,"Salaried","Rent","Other",0
"2374",31580,"Female","Grade 12",1,18.75,521671,2.12,923371,19.58,73.62,50,"Salaried","Rent","Vehicle",1
"8642",87907,"Female","Grade 12",0,23.25,1623521,1.98,4525059,0.18,7.74,34.2,"Self-employed","Mortgage","Vehicle",0
"5238",57734,"Male","Grade 12",2,25.25,2258058,2.14,2345780,5.75,30.08,39.8,"Self-employed","Rent","Other",1
"8542",87010,"Male","Diploma",0,20.25,579109,1.58,1573247,6.48,27.06,32.5,"Salaried","Rent","Vehicle",1
"7548",77856,"Female","No records",2,19.25,229268,1.58,429099,38.16,129.22,61.3,"Salaried","Mortgage","Vehicle",1
"9181",92623,"Female","Diploma",0,18.75,355208,0.86,493086,8.33,40.15,34.7,"Salaried","Rent","Vehicle",0
"3315",40438,"Male","Degree",2,20.25,433320,1.71,1154570,36.88,124.25,68.5,"Salaried","Rent","Vehicle",0
"3783",44534,"Female","Grade 12",1,25.25,518512,1.88,1490737,19.15,68.06,46.4,"Contract","Rent","Other",1
"786",17280,"Male","Diploma",1,19.25,91052,1.76,252093,19.11,69.27,44.3,"Salaried","Own","Debt_consolidation",0
"5352",58636,"Male","Grade 12",1,16.75,326787,1.97,175459,15.68,54.72,48.5,"Salaried","Own","Debt_consolidation",0
"7909",81274,"Female","Diploma",3,16.75,122842,1.31,186031,21.02,74.61,49,"Salaried","Mortgage","Home_improvement",1
"1265",21485,"Male","Grade 12",2,16.75,561502,1.77,1648798,11.45,49.2,37.9,"Salaried","Mortgage","Home_improvement",0
"3495",41975,"Female","Grade 12",4,22.75,740947,1.83,2129063,16.67,60.48,50.9,"Contract","Own","Debt_consolidation",1
"3926",45741,"Male","Diploma",1,16.75,448941,1.31,1372778,10.88,42.88,45.3,"Salaried","Mortgage","Home_improvement",0
"3663",43419,"Male","Grade 12",0,29.75,3961,0.36,6670,9.64,36.14,35.7,"Unemployed","Rent","Debt_consolidation",1
"121",11121,"Male","Diploma",0,18.75,292526,1.4,269506,22.11,79.11,56.7,"Salaried","Rent","Vehicle",0
"3541",42429,"Female","Grade 12",2,21.75,463615,1.47,766610,7.57,29.45,29.6,"Salaried","Rent","Other",0
"1723",25603,"Male","Degree",0,18.75,122563,1.73,246107,27.49,90.83,52,"Salaried","Rent","Vehicle",1
"4589",51732,"Male","No records",0,21.25,818361,0.78,1658214,11.16,44.43,40,"Contract","Mortgage","Vehicle",0
"3512",42122,"Male","No records",0,14.25,148826,1.57,63308,29.85,100.09,56.9,"Salaried","Mortgage","Home_improvement",0
"6444",68428,"Male","Grade 12",0,21.25,1441737,1.85,1800253,33.37,110.49,63.9,"Self-employed","Mortgage","Vehicle",1
"7201",74901,"Male","Grade 12",0,20.25,364750,0.9,548981,35.24,113.47,62.2,"Salaried","Rent","Vehicle",0
"4672",52525,"Female","No records",1,19.25,383363,1.56,1211770,36.35,112.76,64.2,"Salaried","Mortgage","Vehicle",0
"8888",90016,"Male","Grade 12",1,18.75,324719,0.87,449911,9.34,42.05,33.3,"Salaried","Rent","Vehicle",0
"3985",46208,"Female","Diploma",1,16.25,1382575,1.09,780430,11.4,42.55,42.3,"Self-employed","Mortgage","Home_improvement",0
"132",11249,"Male","Grade 12",0,23.75,3604993,2.14,2971385,22.1,72.26,45.5,"Self-employed","Rent","Other",1
"3665",43434,"Female","No records",1,16.75,215079,2.22,543654,7.54,26.51,29.9,"Salaried","Mortgage","Home_improvement",0
"4827",53982,"Female","Degree",1,23.75,720671,2.09,852664,28.16,100.71,52.9,"Self-employed","Rent","Other",1
"2577",33306,"Female","No records",0,23.25,226747,1.51,619051,28.21,94.46,61.5,"Salaried","Rent","Other",0
"8349",85376,"Male","Degree",0,21.25,108697,1.68,318266,0.76,13.55,31.7,"Salaried","Mortgage","Vehicle",0
"3944",45922,"Female","Grade 12",0,17.75,792241,1.72,1499093,10.45,41.35,38,"Salaried","Mortgage","Vehicle",1
"8435",86115,"Female","Grade 12",0,20.25,2264690,2.25,2171469,5.28,26.92,35.9,"Self-employed","Mortgage","Home_improvement",1
"9073",91626,"Male","Grade 12",0,21.75,437308,1.14,1230184,23.79,78.74,50.5,"Salaried","Rent","Other",1
"6566",69807,"Male","Diploma",0,31.25,5751,0.47,3804,19.32,70.58,51.3,"Unemployed","Rent","Vehicle",1
"3656",43327,"Female","Grade 12",4,22.75,792082,1.52,1913279,5.85,27.91,36.5,"Contract","Mortgage","Vehicle",1
"8194",83923,"Female","Diploma",2,33.25,6407,0.49,2456,17.89,62.3,42,"Unemployed","Rent","Debt_consolidation",1
"9390",94364,"Female","Diploma",0,35,6205,0.64,14337,35.66,115.7,62.3,"Unemployed","Rent","Debt_consolidation",1
"7859",80794,"Female","Grade 12",1,23.25,264152,1.66,526896,6.71,27.89,33.4,"Salaried","Rent","Other",0
"9979",99812,"Male","No records",0,18.75,735299,2.32,956666,23.26,75.28,52.2,"Self-employed","Mortgage","Home_improvement",1
"6135",65986,"Female","Grade 12",1,16.25,428386,1.36,202526,25.14,83.67,48.5,"Salaried","Rent","Vehicle",0
"9789",98203,"Female","Degree",2,18.75,357515,1.87,539918,15.16,53.11,40.2,"Salaried","Rent","Vehicle",0
"748",16926,"Female","Grade 12",0,17.75,139162,1.42,96246,9.34,36.88,42.9,"Salaried","Mortgage","Vehicle",1
"5424",59241,"Female","No records",3,16.75,202488,2.07,547734,25.34,85.22,52.4,"Salaried","Mortgage","Home_improvement",0
"1436",23024,"Female","No records",0,25.25,343726,1.64,819610,29.81,98.21,55.6,"Contract","Rent","Other",1
"4086",47039,"Male","Diploma",0,16.25,532050,1.27,307368,7.16,31.84,30.8,"Salaried","Rent","Vehicle",1
"4649",52265,"Male","Grade 12",2,22.25,562877,1.41,1428378,19.2,65.08,51,"Contract","Rent","Vehicle",1
"3878",45399,"Female","Grade 12",0,17.75,168036,1.71,601197,22.32,78.38,45.3,"Salaried","Mortgage","Vehicle",1
"1695",25325,"Male","Diploma",0,18.25,470550,0.83,797871,4.2,22.73,38.2,"Salaried","Mortgage","Home_improvement",0
"3381",41105,"Female","Diploma",0,20.25,478202,1.56,736817,38.99,126.4,61.7,"Salaried","Rent","Vehicle",1
"3674",43553,"Female","Degree",2,21.25,2204671,1.98,2217784,36.3,117.1,61.9,"Self-employed","Mortgage","Vehicle",1
"4468",50496,"Female","Grade 12",0,17.75,535134,0.47,1795020,21.8,77.49,45.3,"Salaried","Mortgage","Vehicle",0
"618",15667,"Male","Grade 12",1,23.25,1052143,1.51,1142891,1.2,11.44,29.5,"Self-employed","Mortgage","Vehicle",0
"8512",86721,"Male","Diploma",3,15.25,372377,1.73,170314,19.15,67.26,51.2,"Salaried","Mortgage","Vehicle",0
"9298",93768,"Female","Grade 12",1,22.25,980700,2.05,1215871,13.58,58.22,36.3,"Contract","Rent","Vehicle",1
"7914",81338,"Male","No records",0,20.75,383763,1.33,637298,6.91,33.08,41.5,"Salaried","Own","Debt_consolidation",1
"6800",71725,"Male","Grade 12",0,19.25,154522,1.73,111341,30.53,105.31,54.8,"Salaried","Own","Debt_consolidation",1
"6200",66545,"Male","Postgrad",0,23.75,1255662,2.64,863498,28,90.9,59.2,"Self-employed","Rent","Other",1
"7956",81676,"Male","No records",2,20.75,288808,1.84,734293,33.24,108.84,60.1,"Salaried","Own","Debt_consolidation",1
"3273",40148,"Female","Diploma",0,35,4501,0.77,6612,13.52,49.78,45.1,"Unemployed","Rent","Other",0
"7417",76649,"Female","Diploma",0,23.25,476935,1.65,868751,34.3,112.45,62.8,"Salaried","Rent","Other",1
"9866",98739,"Female","Diploma",1,16.75,77473,1.65,282902,29.16,97.66,53.6,"Salaried","Mortgage","Home_improvement",1
"629",15783,"Male","Grade 12",2,26.75,714279,2.4,584607,35.59,117.45,68.3,"Contract","Rent","Other",0
"9451",94971,"Female","Degree",0,20.25,519898,1.49,1257882,31.66,106.13,65.1,"Salaried","Rent","Vehicle",0
"3458",41711,"Male","Grade 12",0,35,3980,0.58,6766,8.71,36.48,36,"Unemployed","Rent","Other",1
"2298",30809,"Female","Postgrad",0,19.25,548741,1.65,344786,14.73,61.87,44.2,"Salaried","Rent","Other",0
"8810",89370,"Female","Postgrad",1,16.75,231476,1.65,304333,34.24,111,58.3,"Salaried","Mortgage","Home_improvement",1
"5109",56361,"Female","Grade 12",0,35,7396,0.54,9788,36.63,120.87,63.1,"Unemployed","Rent","Other",1
"4716",52925,"Female","No records",0,25.25,1250661,2.08,4210501,38.27,126.38,73.1,"Self-employed","Rent","Other",0
"7288",75590,"Female","Grade 12",0,19.25,242739,1.73,916300,11.37,44.23,40.2,"Salaried","Own","Debt_consolidation",0
"5678",61831,"Female","Grade 12",0,23.25,526032,2.1,692275,30.27,92.89,62.6,"Salaried","Rent","Other",0
"8424",86032,"Male","No records",0,16.25,192941,1.44,80357,20.48,72.97,43.3,"Salaried","Rent","Vehicle",0
"8376",85635,"Male","Diploma",0,16.75,250122,1.47,667181,13.34,50.39,45.2,"Salaried","Mortgage","Home_improvement",0
"7544",77829,"Female","Postgrad",0,16.75,540427,1.86,307404,32.13,110.03,56.8,"Salaried","Own","Debt_consolidation",0
"1650",24963,"Female","Degree",1,21.75,469351,1.32,384218,10.93,39.06,42.3,"Salaried","Rent","Other",1
"8419",85971,"Female","Diploma",0,21.75,580041,1.35,1387073,32.04,104.94,55.1,"Salaried","Rent","Other",0
"3634",43207,"Female","Diploma",2,18.75,454910,1.63,1631866,23.09,79.69,46.8,"Salaried","Rent","Vehicle",1
"5024",55625,"Female","Diploma",3,17.75,144962,1.76,275214,12.84,48.67,45,"Salaried","Mortgage","Vehicle",0
"7730",79645,"Male","Grade 12",0,18.75,2170788,2.56,1326330,35.29,115.16,67.7,"Self-employed","Mortgage","Vehicle",1
"3098",38383,"Male","No records",1,16.25,401943,1.72,148107,26.68,86.83,56.3,"Salaried","Rent","Vehicle",1
"7590",78200,"Female","Diploma",1,27.75,825115,2.57,2948504,1.6,16.34,24.6,"Contract","Own","Debt_consolidation",1
"8297",84937,"Male","Diploma",1,16.75,580471,1.41,1755930,21.64,70.32,51,"Salaried","Mortgage","Home_improvement",1
"1389",22585,"Female","No records",2,21.75,296960,1.7,289931,31.79,103.84,54.2,"Salaried","Rent","Other",0
"8206",84043,"Male","No records",1,25.25,1170554,1.72,3740653,35.28,114.48,69.6,"Self-employed","Rent","Other",1
"2260",30508,"Male","Grade 12",0,15.75,191361,0.79,120713,3.89,21.29,32,"Salaried","Mortgage","Home_improvement",0
"3301",40341,"Female","Grade 12",0,20.25,544235,1.69,1580661,6.49,31.76,40.7,"Salaried","Rent","Vehicle",0
"2770",35104,"Male","Degree",0,17.75,287085,1.56,1058009,24.83,89.25,51.3,"Salaried","Mortgage","Vehicle",1
"6136",66005,"Male","No records",1,17.75,1670962,1.79,660960,37.93,124.27,62.1,"Self-employed","Mortgage","Home_improvement",0
"7232",75157,"Female","No records",2,17.75,158768,1.21,553908,21.89,72.49,54.2,"Salaried","Mortgage","Vehicle",0
"3377",41044,"Male","Grade 12",2,17.75,449281,1.29,1562773,28.38,98.87,56.8,"Salaried","Mortgage","Vehicle",1
"5298",58231,"Male","No records",1,19.75,1162987,1.56,1748003,16.21,53.44,50.6,"Self-employed","Mortgage","Vehicle",0
"8332",85246,"Male","Diploma",0,18.25,431306,1.5,1482556,36,120.27,66.2,"Salaried","Mortgage","Home_improvement",1
"6617",70304,"Female","Postgrad",0,22.75,602336,1.76,1628542,25.65,83.62,59.9,"Contract","Own","Debt_consolidation",1
"9351",94120,"Male","No records",0,34.25,6942,0.61,3102,16.27,62.39,50.1,"Unemployed","Rent","Other",1
"8902",90128,"Male","Grade 12",1,18.25,293173,1.55,1017950,3.95,21.14,31.3,"Salaried","Mortgage","Home_improvement",0
"670",16097,"Female","Diploma",0,23.25,676779,1.29,1896949,34.32,109.33,58.5,"Contract","Mortgage","Debt_consolidation",1
"2612",33637,"Female","Diploma",0,17.75,723563,1.27,937427,16.12,56.5,45.2,"Salaried","Mortgage","Vehicle",1
"4600",51842,"Male","No records",0,18.75,139863,1.21,110185,20.49,65.69,52,"Salaried","Rent","Vehicle",0
"4431",50223,"Female","Diploma",0,23.25,1890693,1.97,1643815,6.58,22.69,34.4,"Self-employed","Mortgage","Debt_consolidation",1
"1709",25444,"Male","Grade 12",1,17.75,567669,0.85,1300731,17.07,63.14,49.4,"Salaried","Mortgage","Vehicle",0
"3990",46222,"Male","Grade 12",2,35,7039,0.71,23600,13.75,47.82,41.9,"Unemployed","Rent","Debt_consolidation",1
"9257",93377,"Female","No records",0,17.75,371809,1.48,556979,18.2,63.42,41.2,"Salaried","Mortgage","Vehicle",1
"3384",41145,"Male","Grade 12",0,17.75,415114,1.49,983693,12.98,49.99,44.8,"Salaried","Mortgage","Vehicle",1
"7344",76040,"Female","Degree",1,17.75,316376,1.53,1057144,27.81,96.71,57.8,"Salaried","Mortgage","Vehicle",0
"9872",98797,"Male","Diploma",0,18.75,681443,1.37,1719949,18.08,66.65,48.7,"Salaried","Rent","Vehicle",1
"2442",32031,"Male","Diploma",1,18.25,786156,1.3,2559047,37.9,115.04,70.3,"Salaried","Mortgage","Home_improvement",0
"845",17780,"Female","Degree",1,14.25,472255,1.18,250380,31.11,104.25,60,"Salaried","Mortgage","Home_improvement",0
"6685",70799,"Male","Grade 12",0,19.25,364812,1.22,1084817,16.06,56.6,47.5,"Salaried","Own","Debt_consolidation",0
"3499",41999,"Male","Grade 12",0,19.25,95144,1.71,258729,9.25,35.62,34.4,"Salaried","Own","Debt_consolidation",0
"479",14473,"Female","Diploma",1,15.25,306257,1.52,127911,28.93,102.77,56.5,"Salaried","Mortgage","Vehicle",1
"4335",49279,"Male","Diploma",0,22.75,2504820,2.67,3097441,33.99,113.08,66.8,"Self-employed","Own","Debt_consolidation",1
"8432",86096,"Female","Grade 12",0,22.75,2056183,1.29,1282096,5.65,31.4,34.1,"Self-employed","Rent","Other",1
"7623",78555,"Female","Degree",2,18.75,529293,2.05,661554,15.57,52.52,48.7,"Self-employed","Mortgage","Home_improvement",1
"6409",68124,"Male","Degree",0,16.75,377260,0.9,487027,11.81,46.45,43.4,"Salaried","Mortgage","Home_improvement",0
"8430",86075,"Male","Diploma",0,35,7022,0.57,18826,20,66.27,47.4,"Unemployed","Rent","Debt_consolidation",1
"6795",71690,"Male","Grade 12",1,21.75,1884520,1.43,4157909,9.59,35.68,42.9,"Self-employed","Mortgage","Debt_consolidation",1
"744",16917,"Male","Degree",0,18.75,501580,1.56,1161332,19.3,66.78,45.8,"Salaried","Rent","Vehicle",1
"4360",49547,"Male","Diploma",1,21.75,1506685,1.32,3060133,21.05,76.45,43.7,"Self-employed","Mortgage","Debt_consolidation",1
"580",15358,"Male","Grade 12",2,25.25,423616,1.78,1165118,19.06,66.08,42.4,"Contract","Rent","Other",0
"3468",41799,"Male","Postgrad",0,18.75,3146804,1.75,10071502,8.96,36.91,38.2,"Self-employed","Mortgage","Home_improvement",0
"884",18167,"Male","Degree",0,27.25,1084257,1.73,1140163,0.01,9.84,33.7,"Self-employed","Rent","Other",0
"3182",39224,"Female","Grade 12",3,23.75,1771682,1.17,3691992,7.58,31,30.9,"Self-employed","Rent","Other",0
"5675",61800,"Female","No records",0,16.75,494177,2.25,1422674,18.68,65.89,50.5,"Salaried","Mortgage","Home_improvement",1
"9214",92888,"Female","No records",0,19.25,452024,1.17,1387396,17.63,63.31,49.6,"Salaried","Own","Debt_consolidation",1
"3637",43217,"Male","Degree",0,25.25,1349077,2.12,1855217,5.97,22.92,35,"Self-employed","Rent","Other",0
"1609",24670,"Male","No records",1,16.75,606515,1.2,1853638,32.23,109.42,58.9,"Salaried","Mortgage","Home_improvement",0
"4913",54672,"Female","Grade 12",0,31.25,3248,0.33,8869,35.62,116.4,68.4,"Unemployed","Rent","Debt_consolidation",1
"8293",84911,"Female","Grade 12",2,22.75,679053,1.54,368716,17.16,60.86,47.6,"Contract","Rent","Other",0
"5030",55681,"Female","Diploma",0,35,8017,0.48,9141,3.41,16.44,29.2,"Unemployed","Rent","Debt_consolidation",1
"5282",58085,"Male","No records",0,23.25,436449,1.96,1157381,6.01,29.5,33.5,"Salaried","Rent","Other",1
"111",11016,"Female","Grade 12",1,21.75,646860,1.73,2227295,14.85,52.49,41.8,"Salaried","Rent","Other",0
"9457",95086,"Male","Diploma",2,18.75,339505,0.99,624775,33.9,115.21,57.5,"Salaried","Rent","Vehicle",0
"6679",70773,"Male","Grade 12",0,26.25,557398,1.65,927158,0.82,12.72,33.8,"Contract","Own","Debt_consolidation",0
"8666",88128,"Female","No records",0,23.75,1052195,1.09,3630455,13.74,56.51,39,"Self-employed","Rent","Other",1
"8937",90422,"Male","No records",1,16.75,292462,2.27,592582,18.04,62.59,52.1,"Salaried","Mortgage","Home_improvement",1
"6865",72218,"Male","Postgrad",0,19.25,252409,1.96,443811,12.63,46.38,40.3,"Salaried","Own","Debt_consolidation",0
"3314",40437,"Female","Grade 12",0,22.75,573583,1.61,400297,4.79,29.1,37.9,"Self-employed","Own","Debt_consolidation",0
"3372",41006,"Male","Diploma",0,22.25,708262,1.63,648006,24.08,84.5,54.1,"Contract","Rent","Vehicle",0
"7719",79517,"Female","Grade 12",0,32.25,5338,0.39,16057,26.38,90.68,59.8,"Unemployed","Rent","Debt_consolidation",1
"9146",92296,"Female","Degree",2,18.75,238054,1.61,553391,26.29,86.64,57.8,"Salaried","Rent","Vehicle",1
"6519",69251,"Female","Degree",0,23.25,481142,0.89,1030026,35.42,111.54,68.2,"Salaried","Rent","Other",0
"7930",81442,"Female","Grade 12",0,18.75,527880,1.28,811480,22.12,78,51,"Salaried","Rent","Vehicle",0
"5287",58116,"Female","Grade 12",0,18.25,397962,1.19,710564,37.48,123.99,69.7,"Salaried","Mortgage","Home_improvement",1
"3310",40397,"Female","Grade 12",2,24.75,1620695,1.54,3860872,1.12,9.78,34.7,"Self-employed","Own","Debt_consolidation",1
"2498",32547,"Female","No records",1,35,3861,0.5,11145,22.37,77.88,47.5,"Unemployed","Rent","Debt_consolidation",1
"3744",44117,"Male","Degree",1,31.25,3607,0.3,11831,33.77,114.5,67.3,"Unemployed","Rent","Debt_consolidation",1
"2128",29179,"Male","No records",0,19.25,462256,1.55,1210476,10.92,44.35,36.1,"Salaried","Own","Debt_consolidation",0
"3442",41559,"Female","Diploma",0,15.75,830444,1.71,390202,35.54,114.63,69.4,"Salaried","Mortgage","Home_improvement",0
"5386",58919,"Female","Degree",0,23.25,733156,1.96,1875692,39.19,130.63,69.8,"Salaried","Rent","Other",1
"4580",51650,"Male","Grade 12",0,32.25,2292,0.43,5115,32.62,108.98,55.5,"Unemployed","Rent","Debt_consolidation",1
"5060",55922,"Male","Degree",0,25.25,618811,1.54,1420889,1.53,13.29,27.2,"Salaried","Rent","Other",0
"7441",76911,"Male","No records",2,31.25,3474,0.62,2140,25.38,88.78,49.6,"Unemployed","Rent","Vehicle",1
"7806",80349,"Female","Grade 12",2,19.75,2314970,1.74,3773322,10.15,34.15,33,"Self-employed","Mortgage","Vehicle",1
"1931",27290,"Male","Diploma",3,18.75,510088,1.85,1214748,13.04,47.75,46.5,"Salaried","Rent","Vehicle",1
"2939",36975,"Female","No records",0,18.75,3126767,1.81,1236695,11.62,44.88,41.5,"Self-employed","Own","Debt_consolidation",0
"7703",79358,"Male","Diploma",2,21.75,384545,2.08,788893,11.39,48.24,38.6,"Salaried","Rent","Other",0
"6567",69808,"Male","Grade 12",2,19.25,100650,1.8,270956,38.1,125,60.1,"Salaried","Mortgage","Vehicle",0
"1517",23817,"Male","Diploma",0,18.75,259617,1.4,719670,12.87,47.29,42.4,"Salaried","Rent","Vehicle",0
"6204",66586,"Male","Degree",0,17.75,433133,1.05,874048,37.04,118.78,59.2,"Salaried","Mortgage","Vehicle",1
"4052",46772,"Female","Diploma",1,19.25,245865,1.37,465161,4.95,25.8,34.8,"Salaried","Mortgage","Vehicle",0
"7218",75069,"Male","Degree",2,16.75,359784,1.62,369470,8.58,35.66,36.8,"Salaried","Mortgage","Home_improvement",1
"7062",73892,"Female","Grade 12",0,24.75,1144475,1.71,1135493,36,120.73,60.1,"Contract","Mortgage","Debt_consolidation",0
"2303",30888,"Male","Grade 12",0,18.25,80139,1.67,264739,35.41,114.79,66.6,"Salaried","Mortgage","Home_improvement",1
"7925",81401,"Female","Postgrad",2,20.25,705330,1.66,1246037,1.3,16.92,27.9,"Salaried","Mortgage","Home_improvement",1
"715",16545,"Male","No records",1,23.75,1254594,2.01,1252277,35.87,118.31,69.5,"Contract","Rent","Vehicle",1
"8706",88482,"Female","Diploma",0,14.25,708711,1.29,417472,18.66,58.84,53.5,"Salaried","Mortgage","Home_improvement",0
"4169",47676,"Female","No records",0,17.75,290569,1.65,893355,15.96,57.34,49.6,"Salaried","Mortgage","Vehicle",0
"820",17558,"Female","Degree",0,16.75,311931,2.05,646051,29.66,97.87,52.2,"Salaried","Mortgage","Home_improvement",0
"5665",61722,"Female","No records",1,23.25,224873,2.05,215324,33.69,109.08,60.2,"Salaried","Rent","Other",1
"2340",31258,"Male","Degree",2,18.75,400296,1.23,639534,12.7,45.16,42,"Salaried","Rent","Vehicle",1
"420",13963,"Male","Diploma",0,21.75,464602,1.93,1710681,10.97,43.84,44.7,"Salaried","Rent","Other",1
"5596",61049,"Male","Grade 12",0,34.25,4287,0.73,9527,39.35,125.33,65.6,"Unemployed","Rent","Home_improvement",1
"1429",22913,"Male","Grade 12",2,18.75,581724,1.43,1309921,8.44,33.86,40.4,"Self-employed","Mortgage","Home_improvement",1
"2658",34037,"Male","No records",0,23.25,481919,1.55,593585,28.15,92.71,58.2,"Contract","Mortgage","Debt_consolidation",1
"9993",99957,"Female","Diploma",2,16.75,412738,2,813044,11.49,40.23,45.2,"Salaried","Mortgage","Home_improvement",0
"1763",25861,"Female","Diploma",0,20.25,333480,1.19,427727,32.29,101.56,60.3,"Salaried","Rent","Vehicle",1
"8760",88925,"Female","No records",0,20.75,317267,1.42,1020624,33.9,118.9,64.6,"Salaried","Own","Debt_consolidation",1
"8265",84622,"Male","No records",0,22.25,424887,1.8,1153919,0.01,14.68,32.7,"Salaried","Rent","Vehicle",0
"195",11834,"Female","No records",1,18.25,768923,1.33,2133469,36.55,118.06,70.2,"Salaried","Mortgage","Home_improvement",1
"1367",22393,"Female","Diploma",1,20.25,333226,1.58,570233,29.14,93.61,58.4,"Contract","Mortgage","Home_improvement",1
"2421",31907,"Female","Diploma",0,35,5478,0.51,10010,27.41,96.08,59.1,"Unemployed","Rent","Other",1
"5182",57192,"Female","Grade 12",3,16.75,365781,1.33,891346,19.13,67.23,49,"Salaried","Mortgage","Home_improvement",1
"6970",73097,"Female","Diploma",0,34.25,2131,0.61,6864,6.94,36.64,29.1,"Unemployed","Rent","Home_improvement",0
"1871",26828,"Male","No records",0,21.25,194155,1.15,419671,19.59,67.74,46.5,"Contract","Mortgage","Vehicle",1
"4505",50813,"Female","No records",0,19.25,316316,1.65,549166,19.14,66.02,50.7,"Salaried","Own","Debt_consolidation",0
"992",19117,"Female","No records",0,17.75,341911,1.27,134332,28.19,92.85,60.7,"Salaried","Rent","Vehicle",0
"2031",28220,"Male","Degree",1,16.75,156278,1.47,182287,33.51,112.87,58.1,"Salaried","Mortgage","Home_improvement",1
"7558",77918,"Male","No records",1,21.75,2946500,1.7,5730200,27.2,99.62,49.7,"Self-employed","Mortgage","Debt_consolidation",0
"8661",88077,"Male","Diploma",0,18.75,288335,1.94,938098,10.63,43.01,40.3,"Salaried","Rent","Vehicle",0
"2708",34591,"Male","Grade 12",1,18.25,445098,1.59,1548617,38.34,122.49,69.3,"Salaried","Mortgage","Home_improvement",1
"9824",98436,"Male","No records",1,23.75,320777,2.31,352670,31.11,101.66,59.5,"Self-employed","Rent","Other",1
"1620",24732,"Male","Postgrad",0,24.25,498441,1.43,519070,0.03,9.62,23.7,"Salaried","Own","Debt_consolidation",0
"3373",41026,"Male","Grade 12",0,23.25,420707,2.07,439655,32.42,101.67,65,"Self-employed","Mortgage","Debt_consolidation",1
"5292",58172,"Male","Diploma",0,20.25,573676,1.43,1120833,37.45,121.19,65.3,"Salaried","Rent","Vehicle",0
"9706",97451,"Female","No records",0,23.25,385145,1.62,741961,39.55,125.86,62.1,"Salaried","Rent","Other",1
"1269",21526,"Male","Grade 12",1,21.75,124786,0.99,286438,9.61,33.71,38.7,"Salaried","Rent","Other",1
"2106",29020,"Female","No records",1,32.25,2702,0.43,4382,22.31,74.57,50.6,"Unemployed","Rent","Debt_consolidation",1
"6013",64920,"Female","Grade 12",0,19.75,1789554,1.88,2920409,32.43,106.84,58.2,"Self-employed","Mortgage","Vehicle",0
"4088",47051,"Male","Degree",1,35,4798,0.47,11942,29.11,96.77,51.4,"Unemployed","Rent","Debt_consolidation",0
"5260",57923,"Male","No records",1,29.75,2429,0.36,3572,22.11,78.98,56.7,"Unemployed","Rent","Debt_consolidation",1
"2550",33082,"Male","Grade 12",1,18.75,266923,1.26,249944,26.15,83.34,48.4,"Salaried","Rent","Vehicle",0
"6290",67187,"Male","Diploma",0,22.25,193340,1.35,724211,10.17,43.08,43.3,"Contract","Rent","Vehicle",0
"2523",32842,"Male","Degree",0,18.25,360426,1.7,424302,36.82,124.11,70.6,"Salaried","Mortgage","Home_improvement",1
"17",10113,"Female","Grade 12",0,17.75,391867,1.3,262191,14.55,49.24,49,"Salaried","Mortgage","Vehicle",0
"6474",68799,"Female","No records",2,25.25,505154,1.8,1811611,36.95,115.49,71,"Self-employed","Rent","Other",1
"6852",72132,"Male","No records",0,18.75,116195,2.08,152058,29.15,96.21,54.5,"Salaried","Rent","Vehicle",1
"8518",86759,"Male","Grade 12",1,19.75,2969318,1.87,8102081,9.47,37.61,41.1,"Self-employed","Mortgage","Vehicle",0
"5833",63202,"Male","Degree",3,16.75,349851,2,1316888,7.07,30.08,38.8,"Salaried","Mortgage","Home_improvement",0
"3711",43825,"Female","Grade 12",1,20.25,602577,1.28,2227140,37.02,122.24,65.5,"Salaried","Rent","Vehicle",1
"7788",80201,"Male","Grade 12",0,16.75,631167,1.39,1905494,12.87,44.84,42.1,"Salaried","Mortgage","Home_improvement",1
"9148",92304,"Male","Diploma",0,19.75,1460132,2.15,5447955,36.52,121.63,59.2,"Self-employed","Mortgage","Vehicle",1
"937",18629,"Male","Diploma",2,18.25,410290,1.08,420498,36.79,120.02,60.8,"Salaried","Mortgage","Home_improvement",1
"4057",46824,"Female","Grade 12",1,19.75,417308,1.57,981364,25.07,87.25,51.1,"Self-employed","Mortgage","Vehicle",0
"3254",39971,"Female","Grade 12",1,16.75,259529,1.43,445486,14.56,55.41,42,"Salaried","Mortgage","Home_improvement",0
"2502",32607,"Female","Diploma",1,25.25,781394,1.69,896682,37.86,121.87,71,"Self-employed","Rent","Other",1
"7265",75399,"Female","No records",0,24.75,449322,1.84,1020130,37.18,123.63,66.5,"Contract","Mortgage","Debt_consolidation",1
"1292",21737,"Female","No records",2,16.75,485345,1.78,556273,24.6,80.89,59.4,"Salaried","Mortgage","Home_improvement",0
"3457",41707,"Male","Grade 12",2,21.25,1422775,1.44,4910695,36.78,118.94,65.8,"Self-employed","Mortgage","Vehicle",0
"3937",45827,"Female","Grade 12",0,16.75,485743,1.21,1159772,17.62,64.2,46.5,"Salaried","Mortgage","Home_improvement",1
"4162",47608,"Male","Grade 12",1,23.75,1064145,2.04,3302821,11.6,45.45,36.3,"Self-employed","Rent","Other",0
"2870",36160,"Male","Degree",2,18.75,182400,1.7,588671,24.93,81.02,55.7,"Salaried","Rent","Vehicle",0
"7923",81390,"Female","Diploma",1,16.75,199926,1.43,467156,8.79,30.67,37.7,"Salaried","Mortgage","Home_improvement",0
"2981",37279,"Male","No records",0,15.25,94193,1.51,55056,31.4,107.62,53.9,"Salaried","Mortgage","Vehicle",1
"2836",35707,"Male","Grade 12",0,22.75,782964,1.91,1348694,33.43,110.6,66.8,"Self-employed","Own","Debt_consolidation",1
"1785",26022,"Male","Degree",0,17.75,124462,1.53,212418,23.89,82.97,48.2,"Salaried","Mortgage","Vehicle",1
"329",13047,"Male","Diploma",1,17.75,411485,1.58,484314,13.89,54.26,41.5,"Salaried","Mortgage","Vehicle",0
"9704",97447,"Female","Grade 12",0,17.75,768328,0.9,2222514,22.8,73.92,46.2,"Salaried","Mortgage","Vehicle",0
"6716",71025,"Male","No records",0,19.25,101717,1.77,241765,3.53,22.18,33.8,"Salaried","Mortgage","Vehicle",0
"3420",41386,"Female","No records",0,19.25,619367,1.36,218827,18.11,60.54,41.4,"Salaried","Rent","Other",0
"7985",81970,"Female","Grade 12",1,21.75,1311192,1.19,3788923,23.35,78.13,46.6,"Self-employed","Mortgage","Debt_consolidation",0
"3557",42573,"Male","Grade 12",0,23.75,3970694,2.43,7241055,32.71,109.75,58,"Self-employed","Rent","Other",1
"3832",45006,"Female","Diploma",0,35,1840,0.68,1312,13.81,51.3,36.7,"Unemployed","Rent","Debt_consolidation",1
"3991",46235,"Female","Grade 12",0,31.75,5064,0.42,12578,4.74,21.78,32.2,"Unemployed","Rent","Vehicle",1
"8302",84969,"Male","Grade 12",0,19.25,499026,0.97,1096948,35.67,118.65,63.5,"Salaried","Mortgage","Vehicle",1
"3840",45036,"Female","Degree",0,17.75,558890,1.01,650658,32.73,105.91,54.8,"Salaried","Mortgage","Vehicle",1
"2574",33287,"Female","Grade 12",0,21.75,1537897,1.25,4227718,23.24,80.15,55,"Self-employed","Mortgage","Debt_consolidation",1
"4314",49105,"Female","Grade 12",2,21.75,609764,1.62,784457,14.03,59.75,38.6,"Salaried","Rent","Other",0
"2282",30659,"Male","Diploma",1,17.75,757264,1.52,1261281,25.18,84.71,58.8,"Salaried","Mortgage","Vehicle",0
"3862",45272,"Female","Grade 12",0,19.25,434287,1.41,1416215,18.77,61.94,42.4,"Salaried","Own","Debt_consolidation",1
"5463",59644,"Female","Postgrad",1,17.75,342339,1.84,246994,7.03,35.85,30.8,"Salaried","Mortgage","Vehicle",0
"6310",67359,"Male","Degree",2,16.75,138837,1.44,189561,20.24,65.9,45.7,"Salaried","Mortgage","Home_improvement",1
"5651",61556,"Female","Diploma",0,35,8124,0.54,23296,3.8,19.53,36.5,"Unemployed","Rent","Debt_consolidation",0
"4778",53548,"Female","No records",2,17.75,499913,1.82,1027821,26.06,88.32,58.1,"Salaried","Mortgage","Vehicle",0
"221",12078,"Female","No records",0,18.75,1980808,1.53,6357382,8.99,38.09,40.2,"Self-employed","Mortgage","Home_improvement",1
"4288",48867,"Male","Degree",1,18.25,343994,1.59,1125181,34.89,112.09,68.3,"Salaried","Mortgage","Home_improvement",1
"3382",41127,"Male","Grade 12",1,20.25,212197,1.52,168578,28.27,93.53,60.4,"Salaried","Rent","Vehicle",0
"7312",75773,"Female","No records",1,16.25,355218,1.27,173555,25.06,89.27,58.3,"Salaried","Rent","Vehicle",0
"617",15665,"Female","No records",3,20.25,595038,1.81,567390,4.73,18.16,27.4,"Salaried","Rent","Vehicle",0
"1027",19466,"Female","Diploma",1,29.25,2515,0.41,4462,26.85,89.48,51.3,"Unemployed","Rent","Home_improvement",1
"4817",53884,"Female","Postgrad",0,20.25,2293641,2.07,2680734,4.12,23.21,34.1,"Self-employed","Mortgage","Home_improvement",1
"8029",82302,"Male","Diploma",0,19.25,282307,0.86,438504,22.75,77.68,52.5,"Salaried","Own","Debt_consolidation",0
"1232",21084,"Male","Grade 12",0,35,5804,0.48,14037,12.74,48.36,41.4,"Unemployed","Rent","Debt_consolidation",1
"7233",75158,"Female","Diploma",1,19.25,220521,1.48,210472,26.19,89.79,59,"Salaried","Own","Debt_consolidation",0
"9132",92106,"Male","Degree",0,23.75,2499006,2.27,2653905,15.59,58.88,44.7,"Self-employed","Rent","Other",1
"4968",55070,"Male","No records",0,18.75,353921,1.19,510413,17.88,66.78,41.5,"Salaried","Rent","Vehicle",0
"7225",75117,"Male","Grade 12",1,16.75,309010,1.62,487502,8.84,38.19,35.1,"Salaried","Mortgage","Home_improvement",1
"8816",89441,"Male","No records",2,25.25,290009,1.79,967629,22.86,75.83,53.4,"Contract","Rent","Other",1
"7384",76371,"Male","Degree",0,22.75,667619,1.35,1298922,14.83,60.28,45.6,"Contract","Own","Debt_consolidation",0
"323",12967,"Male","Grade 12",0,28.75,4465,0.36,10639,17.13,58.96,45.2,"Unemployed","Mortgage","Debt_consolidation",1
"8101",83075,"Male","Grade 12",1,20.75,101592,1.27,279295,3.63,17.42,37.2,"Salaried","Own","Debt_consolidation",1
"1204",20873,"Male","Degree",2,18.75,1483629,1.77,1920324,32.32,103.44,59.3,"Self-employed","Mortgage","Home_improvement",1
"3913",45650,"Male","Grade 12",0,33.25,2076,0.49,1309,9.56,34.37,32.9,"Unemployed","Rent","Debt_consolidation",0
"6075",65450,"Female","No records",1,16.75,378697,1.52,1056533,11.25,39.5,44.1,"Salaried","Mortgage","Home_improvement",0
"960",18891,"Male","No records",2,22.25,615226,1.51,1510340,0.34,10.66,30.6,"Salaried","Rent","Vehicle",0
"7070",73966,"Male","Diploma",0,17.75,627367,1.49,784476,9.71,38.8,34.6,"Salaried","Mortgage","Vehicle",0
"1626",24764,"Male","Postgrad",0,19.75,2826931,2.15,10061116,33.76,104.91,59.3,"Self-employed","Mortgage","Vehicle",1
"9343",94062,"Male","Degree",2,35,5262,0.4,6655,2.83,23.62,32.7,"Unemployed","Rent","Debt_consolidation",1
"9107",91941,"Male","Grade 12",2,35,6142,0.55,8303,8.47,35.84,31.8,"Unemployed","Rent","Debt_consolidation",0
"433",14041,"Female","Diploma",1,21.75,1822913,1.45,3659632,21.58,74.32,47.4,"Self-employed","Mortgage","Debt_consolidation",0
"7236",75184,"Female","Diploma",0,19.25,402900,1.51,848430,30.9,103.71,62,"Salaried","Mortgage","Vehicle",0
"8767",88982,"Female","Grade 12",0,19.25,204165,1.85,765021,31.31,105.48,61.2,"Salaried","Mortgage","Vehicle",0
"4238",48410,"Male","Grade 12",1,19.25,570354,1.68,1718203,21.48,76.17,55.3,"Salaried","Own","Debt_consolidation",0
"1887",26977,"Male","No records",0,21.25,408014,1.26,816516,0.58,6.76,32.8,"Salaried","Mortgage","Vehicle",0
"8316",85137,"Male","Diploma",0,18.75,416225,1.29,1104066,9.66,38.04,36.6,"Salaried","Rent","Vehicle",1
"8203",84013,"Male","Degree",0,19.25,383759,1.34,1314289,32.3,107.85,57.5,"Salaried","Own","Debt_consolidation",0
"9957",99587,"Female","Grade 12",0,17.75,207282,1.66,592295,18.02,63.05,42.5,"Salaried","Mortgage","Vehicle",0
"3394",41192,"Female","Degree",0,18.25,521567,1.6,872714,38.63,124.93,64.3,"Salaried","Mortgage","Home_improvement",0
"2277",30626,"Male","Degree",0,19.25,525119,1.77,1002502,36.41,118.28,65.5,"Salaried","Mortgage","Vehicle",1
"8877",89955,"Female","Grade 12",2,33.75,5802,0.45,13933,6.89,31.18,37.7,"Unemployed","Rent","Debt_consolidation",1
"3187",39251,"Male","Grade 12",1,16.75,738447,0.7,1548199,25.21,86.36,51.5,"Salaried","Mortgage","Home_improvement",1
"1574",24211,"Female","Diploma",0,21.25,3252292,1.21,3770106,35.17,118.6,66.8,"Self-employed","Mortgage","Vehicle",1
"3282",40211,"Female","Diploma",1,23.75,434267,1.44,1585269,2.14,21.94,27.6,"Contract","Mortgage","Home_improvement",0
"4258",48598,"Female","No records",0,16.75,200592,1.54,142024,20.72,73.17,55.1,"Salaried","Mortgage","Home_improvement",0
"5970",64473,"Male","Diploma",0,18.25,137172,1.31,369276,39.17,130.21,62.9,"Salaried","Mortgage","Home_improvement",1
"8053",82647,"Male","Diploma",2,21.75,650643,1.82,1801459,15.46,59.13,40,"Salaried","Rent","Other",0
"5925",63992,"Male","Grade 12",0,18.75,552910,1.46,1560423,29.29,98.41,51.5,"Salaried","Rent","Vehicle",1
"6167",66280,"Female","Grade 12",0,20.25,587010,2.12,755752,35.26,113.8,61.4,"Salaried","Rent","Vehicle",1
"1473",23352,"Male","Postgrad",2,23.25,104610,1.43,175153,4.81,22.76,33.5,"Salaried","Rent","Other",1
"7000",73348,"Male","Postgrad",0,16.75,633856,1.97,312335,31.55,102.97,61.2,"Salaried","Mortgage","Vehicle",0
"2641",33879,"Male","Grade 12",0,35,2767,0.71,8395,4.16,20.92,27.9,"Unemployed","Rent","Debt_consolidation",1
"2941",36990,"Male","Diploma",0,23.25,168610,1.73,394403,27.73,93.32,58.2,"Contract","Mortgage","Debt_consolidation",1
"6468",68749,"Male","Grade 12",2,16.75,348468,1.77,1277008,27.03,90.58,52.9,"Salaried","Mortgage","Home_improvement",1
"117",11088,"Female","Grade 12",0,22.75,293515,2.45,137160,27.82,97.84,51.9,"Contract","Rent","Other",1
"8010",82179,"Female","Diploma",2,34.25,6831,0.48,4452,18.99,66.08,45,"Unemployed","Rent","Other",1
"2002",27981,"Male","Diploma",0,35,1749,0.46,1854,7.79,32.63,33,"Unemployed","Rent","Debt_consolidation",1
"823",17593,"Female","Grade 12",0,25.25,1400582,1.99,4424108,27.13,91,60.8,"Self-employed","Rent","Other",1
"6161",66240,"Female","No records",0,31.25,2212,0.41,6621,19.65,68.68,50.3,"Unemployed","Mortgage","Debt_consolidation",1
"1198",20849,"Female","No records",0,23.75,2842227,2.22,5585230,19.5,70.56,47.1,"Self-employed","Rent","Other",1
"5077",56039,"Male","Degree",0,18.25,232563,1.26,577030,37.65,129.2,64.6,"Salaried","Mortgage","Home_improvement",0
"5417",59165,"Male","No records",1,23.75,2578425,1.51,4799799,7.82,34.81,40.7,"Self-employed","Rent","Other",0
"7939",81565,"Female","Grade 12",0,23.75,373599,1.59,542192,37.63,124.87,71,"Contract","Rent","Vehicle",1
"8420",85973,"Male","Diploma",0,23.75,856108,1.6,2573481,18.47,65.61,43.1,"Self-employed","Rent","Other",1
"1259",21413,"Male","Diploma",0,20.25,348096,1.58,816441,0.03,11.42,28.5,"Salaried","Mortgage","Home_improvement",1
"7868",80868,"Male","Degree",2,24.75,627526,2.21,1169739,0.91,9.83,27.8,"Self-employed","Own","Debt_consolidation",0
"1937",27359,"Male","Diploma",0,23.25,506528,1.49,487747,38.23,126.37,72.8,"Salaried","Rent","Other",0
"3880",45417,"Female","Diploma",0,18.25,216775,1.45,770717,35.76,121.7,68.8,"Salaried","Mortgage","Home_improvement",1
"7055",73822,"Male","Grade 12",0,23.25,173523,1.36,575535,4.57,22.06,39.2,"Salaried","Rent","Other",0
"9906",99145,"Male","Degree",0,18.75,481720,1.1,1127209,14.99,57.61,42.9,"Salaried","Rent","Vehicle",1
"1034",19510,"Male","Degree",2,19.25,469888,2.05,616115,10.12,40.24,42.9,"Salaried","Own","Debt_consolidation",0
"8553",87081,"Female","Diploma",0,20.75,305696,1.5,797932,4.2,21.99,30.8,"Salaried","Own","Debt_consolidation",0
"8827",89543,"Male","Grade 12",0,21.25,1397381,1.72,2019661,39.42,131.24,74.3,"Self-employed","Mortgage","Vehicle",1
"5498",60019,"Male","Grade 12",0,22.75,1050933,1.82,2511530,36.2,118.74,64.3,"Contract","Mortgage","Vehicle",1
"6725",71106,"Male","Degree",0,18.75,441827,1.88,975508,17.76,64.69,48.5,"Salaried","Rent","Vehicle",1
"1462",23245,"Female","No records",1,19.25,544858,1.34,440978,38.7,126.04,63.7,"Salaried","Mortgage","Vehicle",0
"5523",60320,"Male","Diploma",0,16.75,254354,1.65,824931,16.82,62.51,45.4,"Salaried","Mortgage","Home_improvement",1
"7067",73941,"Male","Grade 12",0,19.75,1406478,2.12,1449903,18.9,75.67,43.3,"Self-employed","Mortgage","Vehicle",0
"5810",63000,"Male","Diploma",0,18.75,319954,1.72,800323,28.21,94.16,58.3,"Salaried","Rent","Vehicle",1
"7596",78278,"Female","Diploma",0,16.75,290003,0.73,940212,11.67,50.52,43.7,"Salaried","Mortgage","Home_improvement",0
"2522",32840,"Male","Grade 12",0,21.75,217750,1.75,427757,11.79,44.74,44.7,"Salaried","Rent","Other",0
"6229",66766,"Female","No records",0,16.75,252839,1.27,363272,11.88,46.33,44.7,"Salaried","Mortgage","Home_improvement",0
"5465",59671,"Female","Grade 12",0,35,5285,0.66,9885,27.62,94.14,59.7,"Unemployed","Rent","Debt_consolidation",1
"8374",85606,"Male","Grade 12",2,18.75,352801,1.61,1295061,17.89,61.18,42.9,"Salaried","Rent","Vehicle",1
"9031",91302,"Female","Postgrad",1,19.25,188333,1.77,484814,25.74,87.23,56.8,"Salaried","Own","Debt_consolidation",0
"3590",42829,"Female","No records",1,24.75,464483,2.28,791757,1.88,16.71,26.4,"Self-employed","Own","Debt_consolidation",1
"8708",88495,"Female","Diploma",0,32.25,7674,0.43,2607,35.73,115.86,70.3,"Unemployed","Rent","Other",1
"7327",75905,"Female","Diploma",2,21.75,403926,1.71,1088096,18.8,65.14,44.7,"Salaried","Rent","Other",1
"7023",73557,"Male","Grade 12",0,35,4890,0.51,6276,28.32,99.06,57.9,"Unemployed","Rent","Debt_consolidation",1
"5157",56904,"Male","Postgrad",2,16.75,476017,1.99,349124,11.45,46.32,37.2,"Salaried","Mortgage","Home_improvement",1
"2813",35498,"Male","Diploma",0,16.75,580235,1.48,916038,13.25,49.66,44.2,"Salaried","Mortgage","Home_improvement",0
"8862",89817,"Male","Diploma",0,21.25,3345661,1.5,12047678,32.92,112.29,63.5,"Self-employed","Mortgage","Vehicle",1
"2337",31248,"Female","Grade 12",0,22.25,204370,1.56,379190,0.58,18.11,28.7,"Salaried","Rent","Vehicle",1
"2216",30028,"Female","No records",0,16.75,430337,0.98,1193585,13.34,51.57,39.6,"Salaried","Mortgage","Home_improvement",1
"4727",53016,"Female","Grade 12",0,19.25,363801,1.52,924897,31.99,105.23,66.3,"Salaried","Mortgage","Vehicle",1
"4232",48322,"Female","Grade 12",1,35,9370,0.56,8889,5.44,28.74,37.2,"Unemployed","Rent","Debt_consolidation",0
"1226",21035,"Male","Grade 12",0,21.75,282345,1.94,118144,39.8,129.52,67.4,"Contract","Own","Debt_consolidation",1
"5986",64638,"Female","Degree",2,19.25,382192,1.74,1417104,38.43,124.86,65.5,"Salaried","Mortgage","Vehicle",1
"10",10079,"Male","Grade 12",0,20.75,279544,1.66,293855,6.21,29.92,29.6,"Salaried","Own","Debt_consolidation",0
"7363",76176,"Female","Diploma",2,20.25,367091,1.21,629219,39.71,128.21,68.5,"Salaried","Rent","Vehicle",1
"1918",27197,"Female","Diploma",2,16.25,788850,1.38,494903,15.44,53.06,48.3,"Self-employed","Mortgage","Home_improvement",1
"7073",73985,"Female","Diploma",1,23.75,1233288,1.77,4138340,14.77,52.35,41.7,"Self-employed","Rent","Other",1
"6083",65536,"Male","Diploma",2,16.75,408948,1.34,1413479,21.3,75.41,47.2,"Salaried","Mortgage","Home_improvement",0
"128",11194,"Male","No records",0,18.75,452431,1.57,1610728,10.06,40.56,43.2,"Salaried","Rent","Vehicle",0
"2324",31107,"Female","Postgrad",0,16.75,258983,1.32,550074,21.25,72.27,55.3,"Salaried","Mortgage","Home_improvement",0
"1173",20599,"Female","No records",0,22.75,1090701,1.14,863663,35.24,114.74,57.3,"Contract","Own","Debt_consolidation",1
"7414",76605,"Male","Postgrad",2,16.75,520098,1.29,1760829,18.11,65.92,43.2,"Salaried","Mortgage","Home_improvement",0
"1172",20598,"Female","Diploma",0,23.75,1168801,1.27,2699583,30.47,101.55,56.3,"Self-employed","Rent","Other",0
"7667",78992,"Male","Degree",0,18.75,434227,1.78,463899,29.32,103.73,54.9,"Salaried","Rent","Vehicle",0
"1458",23219,"Male","Diploma",0,19.25,255421,0.81,569031,32.58,107.1,62.1,"Salaried","Mortgage","Vehicle",1
"337",13117,"Female","Postgrad",2,19.25,359532,1.53,928572,39.65,127.53,69.1,"Salaried","Mortgage","Vehicle",0
"6236",66825,"Male","Diploma",1,35,5430,0.49,13549,15.59,60.09,38.8,"Unemployed","Rent","Debt_consolidation",0
"1740",25696,"Male","Diploma",0,20.25,1381415,1.48,2910493,6.52,31.08,34.6,"Self-employed","Mortgage","Home_improvement",0
"7952",81645,"Female","Grade 12",0,20.25,151497,1.37,383305,33.24,106.18,65.6,"Salaried","Rent","Vehicle",0
"7303",75671,"Male","Grade 12",3,19.25,383938,1.95,1073025,27.67,96.14,61.7,"Salaried","Mortgage","Vehicle",1
"725",16653,"Female","Degree",4,19.75,312090,1.12,1135116,9.24,42.54,34.2,"Self-employed","Mortgage","Vehicle",0
"834",17692,"Male","Diploma",0,18.75,602238,2.04,1866278,8,32.09,43,"Salaried","Rent","Vehicle",0
"6951",72915,"Female","Grade 12",0,18.75,749676,1.59,2046004,13.68,50.06,37.2,"Salaried","Rent","Vehicle",1
"4413",50042,"Male","Grade 12",2,19.25,1108320,1.41,702668,29.75,99.52,53.5,"Self-employed","Mortgage","Debt_consolidation",0
"8900",90099,"Female","No records",3,16.75,379738,1.09,665987,13.61,54.06,43.1,"Salaried","Mortgage","Home_improvement",0
"8914",90189,"Female","Postgrad",2,18.75,412903,1.99,316855,12.1,45.55,46.3,"Salaried","Rent","Vehicle",0
"550",15112,"Male","Degree",0,32.75,5074,0.47,10964,16.53,61.69,44.9,"Unemployed","Rent","Home_improvement",1
"4621",52058,"Male","Degree",0,21.75,176875,1.38,161620,23.16,80.08,57.3,"Salaried","Rent","Other",1
"145",11412,"Female","Diploma",0,25.25,2420709,2,1699510,38.84,128.38,62.2,"Self-employed","Rent","Other",1
"1658",25028,"Female","Diploma",0,23.25,911953,1.65,629733,23.71,82.93,49.3,"Contract","Mortgage","Debt_consolidation",1
"4278",48778,"Female","Diploma",0,18.25,272040,1.45,239190,34.05,113.18,67.2,"Salaried","Mortgage","Home_improvement",0
"578",15341,"Female","Grade 12",0,18.75,372087,1.47,1138938,7.74,35.9,41.7,"Salaried","Rent","Vehicle",1
"1816",26308,"Female","Grade 12",3,19.25,486102,1.68,1615516,7.4,30.38,40.9,"Salaried","Own","Debt_consolidation",0
"4423",50160,"Female","Degree",0,18.75,650599,1.2,1773332,13.71,49.48,37,"Salaried","Rent","Vehicle",0
"7901",81204,"Male","No records",2,21.75,252382,1.69,310727,9.53,35.49,38.1,"Salaried","Rent","Other",1
"9340",94041,"Male","Degree",0,23.25,265090,1.51,487440,3.72,18.05,29.3,"Salaried","Rent","Other",0
"7776",80128,"Male","No records",2,16.25,422757,2.05,234792,31.54,110.16,57.8,"Salaried","Rent","Vehicle",0
"7226",75118,"Male","Postgrad",0,21.75,502019,1.72,818651,17.8,63.34,45.2,"Salaried","Rent","Other",1
"5982",64566,"Male","Diploma",3,23.25,536534,1.92,1940266,5.09,28.84,36.3,"Salaried","Rent","Other",0
"79",10760,"Female","Postgrad",1,17.75,175855,1.02,288059,16.56,57.33,41.8,"Salaried","Mortgage","Vehicle",0
"1690",25276,"Female","Degree",2,17.75,195856,2.03,705726,19.26,67.15,41.7,"Salaried","Mortgage","Vehicle",0
"2475",32345,"Male","Grade 12",0,17.75,237734,1.77,222732,19.17,64.3,43.5,"Salaried","Mortgage","Vehicle",0
"1908",27135,"Female","Diploma",3,20.25,2796445,1.94,2152941,39.08,127.69,63.1,"Self-employed","Mortgage","Home_improvement",1
"3983",46178,"Female","Grade 12",2,30.75,6326,0.37,16917,34.11,114.26,60.1,"Unemployed","Rent","Home_improvement",1
"52",10456,"Male","Degree",0,16.75,411287,1.64,1461376,21.81,75.01,56.3,"Salaried","Mortgage","Home_improvement",0
"2185",29744,"Male","Diploma",0,19.25,657892,1.62,1411821,37,119.87,70.7,"Salaried","Mortgage","Vehicle",0
"3116",38582,"Male","Grade 12",1,20.25,903777,1.09,2901183,16.99,62.67,42.3,"Contract","Mortgage","Home_improvement",0
"7334",75934,"Female","Diploma",0,16.75,585991,0.96,651931,33.14,111.06,58.8,"Salaried","Mortgage","Home_improvement",0
"4379",49700,"Female","Grade 12",1,23.75,1216966,1.77,1398730,10.71,43.59,41,"Self-employed","Rent","Other",1
"8022",82241,"Female","Grade 12",0,20.25,380369,1.64,1324457,33.17,112.23,66.2,"Salaried","Rent","Vehicle",1
"7523",77641,"Male","Diploma",0,18.25,634988,1.38,1273978,6.93,36.31,36.8,"Salaried","Mortgage","Home_improvement",0
"6783",71585,"Male","Degree",2,22.75,1474721,1.86,4758481,36.7,115.12,66.8,"Self-employed","Own","Debt_consolidation",1
"8863",89828,"Male","Postgrad",1,21.25,3170635,1.99,11224189,13.76,53.09,46,"Self-employed","Own","Debt_consolidation",1
"3500",42007,"Male","Grade 12",0,19.25,583161,1.82,1020962,38.15,128.63,65.6,"Salaried","Mortgage","Vehicle",0
"6727",71124,"Male","Postgrad",0,21.75,397057,1.7,641606,16.1,63.15,47.8,"Salaried","Rent","Other",1
"6184",66408,"Male","Diploma",0,21.25,1715203,1.74,3594745,21.15,79.64,45.8,"Self-employed","Own","Debt_consolidation",0
"9211",92872,"Male","Diploma",0,16.75,718781,1.07,2578061,15.09,56.78,40.4,"Salaried","Mortgage","Home_improvement",0
"3125",38726,"Male","Diploma",0,22.75,1957553,2,1005578,38.04,120.21,65.5,"Self-employed","Rent","Other",1
"8674",88171,"Female","Diploma",0,18.75,379694,1.18,1339934,21.96,80.39,51.3,"Salaried","Rent","Vehicle",0
"3160",39025,"Male","Grade 12",2,35,4383,0.65,13970,23.76,84.39,49.4,"Unemployed","Rent","Other",1
"9040",91358,"Female","Diploma",2,18.75,2600082,1.18,4092660,15.14,53.97,40.5,"Self-employed","Mortgage","Home_improvement",0
"7111",74270,"Female","Diploma",1,16.75,458714,1.43,1230615,9.6,43.62,44.5,"Salaried","Mortgage","Home_improvement",0
"8703",88463,"Female","Diploma",0,25.25,1703563,1.08,2597906,28.72,93.8,62.2,"Self-employed","Rent","Other",0
"9742",97774,"Female","Diploma",1,18.25,304971,1.66,990637,29.17,99.21,61.4,"Salaried","Mortgage","Home_improvement",0
"485",14509,"Male","Diploma",0,22.25,1828955,1.13,2790788,1.27,15.72,29.2,"Self-employed","Mortgage","Home_improvement",1
"6961",72987,"Male","Diploma",0,22.75,1133124,1.1,4140949,6.22,30.33,39.9,"Contract","Mortgage","Vehicle",0
"6934",72781,"Female","No records",1,23.75,2547145,2.07,7961179,20.23,75.26,45,"Self-employed","Rent","Other",1
"6896",72495,"Male","Diploma",0,24.75,905029,1.45,729093,34.33,111.23,66.3,"Contract","Mortgage","Debt_consolidation",1
"8693",88339,"Male","Diploma",0,17.75,896128,1.15,2363213,34.49,110.94,58.7,"Salaried","Mortgage","Vehicle",1
"1300",21834,"Female","Grade 12",0,31.25,2581,0.26,3714,36.94,120.02,64.9,"Unemployed","Rent","Debt_consolidation",1
"3252",39959,"Female","Diploma",0,17.75,455819,1.93,851911,21.94,75.09,44.3,"Salaried","Mortgage","Vehicle",1
"3039",37860,"Female","Grade 12",2,21.25,406674,1.86,770237,21.11,74.1,46.5,"Self-employed","Own","Debt_consolidation",0
"3835",45011,"Female","Grade 12",1,21.25,3264306,1.74,4839379,4.29,27.02,27.6,"Self-employed","Mortgage","Vehicle",1
"6539",69505,"Male","Grade 12",0,20.25,387547,1.54,310685,31.12,101.03,64.8,"Salaried","Rent","Vehicle",1
"1171",20586,"Female","No records",2,35,3281,0.48,7439,10.96,41.99,43.9,"Unemployed","Rent","Other",1
"1147",20477,"Female","No records",0,23.25,494071,1.7,1725908,32.42,108.07,61.8,"Salaried","Rent","Other",1
"9992",99944,"Female","Diploma",0,23.25,2957177,1.8,4862336,37.62,131.3,60.3,"Self-employed","Mortgage","Debt_consolidation",1
"6039",65107,"Male","Degree",1,32.75,9092,0.58,18731,15.27,64.99,38.6,"Unemployed","Rent","Home_improvement",1
"3539",42397,"Female","Grade 12",0,17.75,224146,1.83,292718,9,37.36,32,"Salaried","Mortgage","Vehicle",1
"2005",27994,"Female","Grade 12",1,17.75,188611,1.31,314395,15.37,50.71,46.5,"Salaried","Mortgage","Vehicle",0
"1579",24284,"Male","Diploma",0,18.75,129166,0.98,146448,14.14,53.93,45.4,"Salaried","Rent","Vehicle",0
"9517",95720,"Male","Degree",1,20.25,274392,1.74,764762,34.18,120.72,68.9,"Salaried","Rent","Vehicle",1
"2724",34706,"Female","Degree",1,22.75,877824,2.31,2068621,17.14,57.18,46.4,"Contract","Own","Debt_consolidation",1
"597",15498,"Male","Grade 12",2,19.75,761973,2.21,1040820,16.99,59.74,43,"Self-employed","Mortgage","Vehicle",1
"1751",25801,"Female","Diploma",1,18.25,389589,1.27,1478810,37.75,120.69,72,"Salaried","Mortgage","Home_improvement",0
"5766",62550,"Female","Diploma",0,18.75,370631,1.52,632714,18.16,60.47,52.3,"Salaried","Rent","Vehicle",0
"818",17513,"Male","No records",1,20.25,1323478,1.85,4522374,26.42,93.77,51.3,"Contract","Mortgage","Home_improvement",1
"5714",62144,"Female","Diploma",2,33.75,2339,0.44,8027,29.88,97.33,64.5,"Unemployed","Rent","Debt_consolidation",1
"8548",87036,"Female","Diploma",0,19.75,2787608,1.24,2146768,13.52,48.97,39.2,"Self-employed","Mortgage","Vehicle",0
"5300",58247,"Female","Degree",0,18.25,272067,2.06,195919,6.16,28.22,34,"Salaried","Mortgage","Home_improvement",1
"9651",96961,"Male","Grade 12",0,16.75,666454,2.09,1928586,11,39.62,43.2,"Salaried","Mortgage","Home_improvement",0
"5319",58401,"Male","Diploma",0,17.75,466000,1.9,486837,20.68,74.29,45.9,"Salaried","Mortgage","Vehicle",1
"668",16054,"Male","Diploma",2,14.25,494421,1.58,282126,28.95,97.26,59.3,"Salaried","Mortgage","Home_improvement",1
"5899",63776,"Female","No records",0,22.75,2215175,2.03,2766296,6.68,31.2,31.1,"Self-employed","Own","Debt_consolidation",1
"92",10877,"Female","Diploma",1,17.25,582829,1.34,303630,26.5,90.7,59.2,"Self-employed","Mortgage","Vehicle",1
"5638",61448,"Male","Grade 12",0,22.75,567918,1.77,793760,0.04,8.69,28.1,"Salaried","Own","Debt_consolidation",1
"6580",69934,"Male","Grade 12",4,22.25,409241,1.81,395727,28.63,96.07,51.8,"Contract","Rent","Vehicle",1
"2829",35670,"Female","Degree",1,17.75,424945,1.17,1181664,19,72.77,47.4,"Salaried","Mortgage","Vehicle",0
"4740",53160,"Male","Grade 12",2,21.75,486437,1.68,1271810,32.67,105.91,57.8,"Salaried","Rent","Other",1
"1655",24988,"Female","Grade 12",0,18.75,165682,1.77,196203,29.05,100.1,57.9,"Salaried","Rent","Vehicle",1
"5396",59009,"Female","Diploma",0,21.75,286231,1.42,1080907,24.68,84.59,54.8,"Salaried","Rent","Other",0
"1447",23116,"Male","Grade 12",0,23.75,1312168,1.26,4658880,20.89,80.08,54.7,"Self-employed","Rent","Other",1
"9686",97309,"Male","Grade 12",0,21.25,3159650,1.51,1549805,28.49,94.35,53.1,"Self-employed","Rent","Other",0
"726",16698,"Male","Diploma",0,35,8630,0.54,15620,37.11,116.77,61,"Unemployed","Rent","Other",1
"9677",97245,"Female","Grade 12",1,21.75,595887,1.59,598394,24.7,88.17,48.6,"Salaried","Rent","Other",1
"1600",24545,"Female","No records",2,25.25,583960,1.56,1602133,2.32,19.12,28.6,"Salaried","Rent","Other",0
"1565",24161,"Male","Degree",0,21.75,1858891,1.92,1694896,30.93,105.2,53.3,"Self-employed","Mortgage","Debt_consolidation",0
"5099",56250,"Female","No records",1,20.25,277686,1.33,825578,1.17,12.69,35.4,"Salaried","Mortgage","Home_improvement",0
"1877",26886,"Male","No records",0,23.25,273207,1.25,333474,30.27,97.6,62.6,"Salaried","Rent","Other",0
"2272",30606,"Male","No records",2,16.75,231616,0.7,629594,29.97,99.99,53.6,"Salaried","Mortgage","Home_improvement",0
"2886",36438,"Female","Grade 12",1,23.25,178593,1.16,557947,35.52,113.89,60.4,"Salaried","Rent","Other",1
"6238",66837,"Male","Degree",2,21.25,2935281,1.78,750670,26.3,85.79,50.1,"Self-employed","Rent","Other",1
"5693",61953,"Female","Grade 12",2,20.25,503170,0.91,754956,6.43,26.57,29.7,"Salaried","Rent","Vehicle",0
"1020",19420,"Female","Grade 12",0,16.25,217439,1.59,135699,29.31,98.17,53.3,"Salaried","Rent","Vehicle",1
"4137",47412,"Female","Diploma",0,17.75,396776,2.19,531748,20.22,74.37,52.7,"Salaried","Mortgage","Vehicle",0
"4009",46367,"Female","Postgrad",0,23.75,2354840,2.25,2576653,29.53,100.69,54.6,"Self-employed","Rent","Other",0
"3986",46212,"Female","No records",0,18.25,406611,1.72,565421,37.17,120.85,65.2,"Salaried","Mortgage","Home_improvement",1
"1397",22641,"Male","No records",0,22.75,874283,0.92,2814492,20.18,75.78,54,"Contract","Own","Debt_consolidation",1
"1981",27768,"Male","Degree",2,23.25,359203,1.16,1316976,33.95,112.46,63.2,"Salaried","Rent","Other",1
"55",10499,"Male","Diploma",0,33.75,3533,0.45,9553,35.6,114.68,60.8,"Unemployed","Rent","Debt_consolidation",0
"3695",43684,"Male","No records",1,20.75,250332,0.92,733885,35.72,112.74,60.8,"Salaried","Own","Debt_consolidation",0
"256",12412,"Male","Grade 12",1,17.75,100289,1.14,367918,10.09,46.03,43.3,"Salaried","Mortgage","Vehicle",0
"4359",49522,"Female","Grade 12",1,23.75,893793,1.37,719868,5.73,29.32,30.9,"Contract","Rent","Vehicle",1
"9243",93264,"Male","Diploma",0,21.25,918386,1.53,819564,29.69,98.78,55.4,"Self-employed","Own","Debt_consolidation",0
"6168",66292,"Female","Degree",0,19.75,2121842,1.51,5264662,15.54,58.3,39.3,"Self-employed","Mortgage","Vehicle",0
"3056",37980,"Male","Diploma",0,20.25,524288,1.42,1749897,6.15,28.4,36.9,"Salaried","Rent","Vehicle",1
"8177",83761,"Female","Grade 12",1,19.25,488921,1.87,515921,37.53,123.62,68.1,"Salaried","Mortgage","Vehicle",1
"7369",76244,"Male","No records",2,23.75,1491873,1.83,2248071,12.38,44.49,39.1,"Self-employed","Rent","Other",0
"3299",40315,"Male","Degree",1,18.75,315553,1.4,985788,9.35,44.78,33.1,"Salaried","Rent","Vehicle",0
"6419",68231,"Male","Diploma",2,20.25,2067220,1.59,4243895,3.61,21.66,34.5,"Self-employed","Mortgage","Home_improvement",1
"8822",89481,"Male","Grade 12",0,35,5718,0.56,8577,18.73,67.39,45.2,"Unemployed","Rent","Debt_consolidation",0
"1549",24055,"Male","Degree",2,18.25,130722,1.33,453619,29.19,101.55,60.2,"Salaried","Mortgage","Home_improvement",0
"4862",54306,"Male","Degree",0,20.25,258921,1.84,590822,33.56,107.19,65.5,"Salaried","Rent","Vehicle",0
"4289",48872,"Female","Grade 12",0,18.75,285784,1.12,899616,20.35,72.98,55.1,"Salaried","Rent","Vehicle",0
"2985",37320,"Male","Grade 12",2,18.75,470086,1.39,1089177,27.95,98.96,52.7,"Salaried","Rent","Vehicle",1
"2856",35924,"Male","No records",0,22.25,597917,1.67,1510873,0.06,14.31,25.6,"Salaried","Rent","Vehicle",0
"2561",33195,"Female","Degree",3,16.75,324070,1.6,1185007,20.92,72.19,47,"Salaried","Mortgage","Home_improvement",1
"2887",36445,"Male","Grade 12",0,25.25,607009,1.49,1398857,28.37,95.41,54.7,"Contract","Rent","Other",1
"5142",56773,"Female","Degree",2,20.75,232960,1.32,189337,5.45,23.99,35.5,"Salaried","Own","Debt_consolidation",1
"2145",29383,"Female","No records",2,16.75,178656,1.73,442822,15.34,57.6,45.6,"Salaried","Mortgage","Home_improvement",0
"6639",70469,"Female","Degree",1,18.75,573033,1.07,1756175,11.59,47.75,41.9,"Salaried","Rent","Vehicle",1
"6205",66595,"Female","Diploma",0,33.75,5627,0.74,9290,14.75,52.67,44.6,"Unemployed","Rent","Vehicle",0
"5919",63927,"Male","Degree",0,21.75,259599,1.18,506661,17.59,60.08,48.6,"Salaried","Rent","Other",1
"9024",91233,"Male","Diploma",0,21.75,278250,1.43,916884,15.21,55.94,40.5,"Salaried","Rent","Other",1
"6187",66420,"Male","Diploma",2,31.25,3251,0.28,2964,39.3,124.51,65.2,"Unemployed","Rent","Debt_consolidation",0
"7322",75847,"Male","No records",0,16.25,444874,1.3,164971,18.29,62.75,45.7,"Salaried","Rent","Vehicle",0
"7208",74964,"Male","Postgrad",2,14.25,272031,1.39,143395,16.14,56.59,46.5,"Salaried","Mortgage","Home_improvement",0
"6247",66893,"Male","No records",0,19.25,336177,1.41,542141,3.05,12.95,27.9,"Salaried","Mortgage","Vehicle",0
"8065",82779,"Male","Diploma",1,18.25,682072,1.47,549046,6.72,27.07,29.9,"Salaried","Mortgage","Home_improvement",1
"374",13497,"Female","Diploma",0,29.25,2774,0.21,5705,36.21,117.24,69.2,"Unemployed","Rent","Vehicle",0
"6346",67642,"Female","Degree",0,17.75,171423,1.66,204706,8.81,41.54,33.6,"Salaried","Mortgage","Vehicle",0
"2003",27985,"Male","Degree",0,20.25,186948,1.35,607859,5.49,32.93,28.6,"Salaried","Rent","Vehicle",0
"7902",81210,"Female","Postgrad",2,23.75,2471050,1.58,8637289,35.9,117.48,58.2,"Self-employed","Rent","Other",1
"8262",84606,"Male","Diploma",0,17.75,297898,1.82,584493,20.54,72.56,50.8,"Salaried","Mortgage","Vehicle",0
"7313",75780,"Male","Grade 12",0,25.25,2944131,1.86,8370095,4.08,22.63,30.5,"Self-employed","Rent","Other",0
"1438",23040,"Male","No records",0,19.25,177591,1.5,221812,29.39,98.78,59.2,"Salaried","Own","Debt_consolidation",0
"2507",32655,"Male","No records",2,18.75,249031,2.25,914857,13.02,42.11,42,"Salaried","Rent","Vehicle",1
"6902",72541,"Male","Diploma",1,35,7031,0.54,8975,2.88,18.49,33,"Unemployed","Rent","Debt_consolidation",0
"8428",86061,"Male","Grade 12",2,18.75,240602,1.6,661823,24.1,78.64,46.2,"Salaried","Rent","Vehicle",1
"8140",83408,"Female","Grade 12",1,35,2276,0.51,3622,10.04,33.77,40.3,"Unemployed","Rent","Debt_consolidation",1
"7647",78796,"Male","Diploma",0,23.25,431855,1.86,336906,32.54,109.6,61.5,"Salaried","Rent","Other",1
"4291",48886,"Female","Grade 12",0,20.25,428641,1.42,475418,38.98,127.69,63.1,"Salaried","Rent","Vehicle",1
"9279",93590,"Male","Grade 12",1,18.25,364225,1.33,607067,38.62,123.98,73.2,"Salaried","Mortgage","Home_improvement",1
"1177",20640,"Female","Degree",1,18.75,504917,1.81,1138162,23.73,78.62,52.3,"Salaried","Rent","Vehicle",1
"4543",51246,"Male","Postgrad",1,19.25,358552,1.81,544374,19.4,67.32,52.6,"Salaried","Own","Debt_consolidation",1
"9104",91925,"Female","Grade 12",0,22.75,1354004,1.69,452776,35.68,114.14,65.7,"Self-employed","Rent","Other",0
"5232",57659,"Female","Grade 12",2,32.25,3931,0.51,2007,25.46,86.8,50.2,"Unemployed","Mortgage","Debt_consolidation",0
"7855",80769,"Female","Degree",2,21.75,857777,1.74,1969294,21.29,74.04,52.5,"Salaried","Rent","Other",0
"4290",48876,"Female","Diploma",0,19.75,597695,1.63,2073550,24.01,82.89,51.2,"Self-employed","Mortgage","Vehicle",1
"7671",79036,"Male","Degree",0,21.25,855708,1.92,3118359,3.15,20.44,37.2,"Self-employed","Mortgage","Vehicle",1
"9065",91539,"Male","Diploma",0,32.75,6623,0.59,9801,18.65,67.74,46.4,"Unemployed","Rent","Home_improvement",1
"2818",35560,"Male","Grade 12",1,17.75,335448,1.84,684629,10,43.87,35.8,"Salaried","Mortgage","Vehicle",0
"7534",77748,"Male","Grade 12",1,18.75,1344924,1.49,4133753,21.25,73.96,44.8,"Self-employed","Mortgage","Home_improvement",0
"5695",61958,"Female","Degree",0,18.25,242287,1.36,317716,3.65,19.71,37,"Salaried","Mortgage","Home_improvement",0
"6171",66312,"Male","Grade 12",2,17.75,400448,1.92,413239,20.44,67.69,48.5,"Salaried","Mortgage","Vehicle",0
"5814",63045,"Male","Grade 12",0,19.75,91715,0.94,97241,17.31,64.36,46.6,"Self-employed","Mortgage","Vehicle",0
"6851",72131,"Male","Grade 12",1,20.25,752915,1.29,608352,1.13,11.45,32.7,"Salaried","Mortgage","Home_improvement",0
"3236",39797,"Male","Degree",0,23.75,1311587,1.28,3922923,12.54,50.68,41.1,"Self-employed","Rent","Other",0
"5203",57392,"Male","No records",0,17.75,157506,1.49,158583,10.63,42.54,44.3,"Salaried","Mortgage","Vehicle",0
"5304",58265,"Female","Grade 12",3,23.25,431893,1.82,1301514,30.78,104.47,62.3,"Salaried","Rent","Other",1
"1765",25873,"Female","Diploma",0,21.75,101785,1.13,384029,9.7,40.6,44.3,"Salaried","Rent","Other",0
"9960",99607,"Female","Grade 12",0,20.25,457356,1.57,883371,31.74,102.82,65.3,"Salaried","Rent","Vehicle",1
"7755",79961,"Male","Grade 12",0,32.25,5186,0.45,13787,8.31,35.97,30.4,"Unemployed","Rent","Debt_consolidation",1
"9787",98164,"Female","No records",0,23.25,857582,1.58,795667,12.08,43.55,45,"Contract","Mortgage","Debt_consolidation",0
"2392",31692,"Male","Diploma",2,21.75,165601,1.15,528242,21.53,78.35,54.4,"Salaried","Rent","Other",1
"611",15624,"Male","Postgrad",0,23.75,1074561,1.88,2543884,27.91,93.15,54.6,"Self-employed","Rent","Other",1
"1855",26672,"Male","Diploma",0,35,5019,0.56,4175,38.9,125.09,69,"Unemployed","Rent","Debt_consolidation",1
"3408",41290,"Female","Diploma",2,22.25,408178,2.09,537012,1.64,21.07,27.3,"Salaried","Rent","Vehicle",1
"2846",35814,"Female","Grade 12",0,26.75,689450,1.65,1342092,0.62,11.54,35.6,"Contract","Mortgage","Debt_consolidation",1
"6695",70845,"Female","Diploma",1,16.75,557312,1.78,1180505,24.72,88.7,55.1,"Salaried","Mortgage","Home_improvement",0
"8408",85897,"Female","Grade 12",0,21.75,2216505,2.32,2762274,23.02,78.1,55.3,"Self-employed","Mortgage","Debt_consolidation",1
"2573",33276,"Male","Diploma",1,31.25,2471,0.4,1381,36.7,117.72,64.5,"Unemployed","Rent","Debt_consolidation",0
"4471",50514,"Female","No records",1,18.75,220441,1.81,406051,27.3,93.89,49.5,"Salaried","Rent","Vehicle",1
"4446",50340,"Female","No records",0,20.25,410786,0.78,1481784,6.06,25.09,37.8,"Salaried","Rent","Vehicle",0
"9626",96743,"Male","Diploma",1,23.25,1839816,1.72,2384684,4.39,25.86,36.8,"Self-employed","Mortgage","Debt_consolidation",0
"5089",56138,"Male","Diploma",0,18.75,95260,1.39,205266,28.6,91.13,59,"Salaried","Rent","Vehicle",1
"528",14932,"Male","Diploma",1,30.25,3131,0.36,10767,38.12,129.84,65,"Unemployed","Mortgage","Debt_consolidation",1
"1282",21640,"Female","Grade 12",0,16.75,278581,2.02,1003730,20.05,66.28,44.5,"Salaried","Mortgage","Home_improvement",1
"6735",71167,"Male","Grade 12",0,17.25,2200027,1.94,1444742,13.72,50.78,46.9,"Self-employed","Mortgage","Vehicle",1
"5122",56552,"Female","Degree",0,32.25,3096,0.45,5895,29.71,95.17,57.1,"Unemployed","Rent","Debt_consolidation",1
"2636",33816,"Female","Grade 12",0,20.75,439918,1.55,758102,36.8,116.35,70.6,"Salaried","Own","Debt_consolidation",1
"7436",76887,"Male","Degree",0,23.75,1506927,1.86,2343357,18.35,66.71,49.6,"Self-employed","Rent","Other",1
"2169",29592,"Male","Grade 12",0,18.75,2163909,0.84,6608607,15.71,58.96,38,"Self-employed","Mortgage","Home_improvement",1
"7704",79360,"Male","Grade 12",0,17.75,735557,1.86,2278084,8.22,31.75,34.5,"Salaried","Mortgage","Vehicle",0
"3357",40825,"Male","Diploma",0,19.25,346110,1.65,1237967,34.78,115.94,59,"Salaried","Own","Debt_consolidation",0
"943",18697,"Male","Postgrad",0,17.75,270339,1,958312,16.97,61.53,45,"Salaried","Mortgage","Vehicle",1
"662",16008,"Male","Grade 12",0,18.25,678002,1.54,703853,39.12,129.97,70.8,"Salaried","Mortgage","Home_improvement",1
"95",10897,"Female","Grade 12",1,21.75,357207,1.76,639551,23.85,82.16,48.9,"Salaried","Rent","Other",0
"8978",90805,"Male","Grade 12",0,23.75,3270128,1.41,3696447,22.29,75.09,55.6,"Self-employed","Rent","Other",0
"1999",27968,"Female","No records",0,19.75,3828231,2.03,8799260,17.25,56.85,50.8,"Self-employed","Mortgage","Vehicle",1
"2590",33403,"Male","No records",2,22.75,366978,1.84,1157703,38.94,132.56,66.8,"Contract","Mortgage","Vehicle",0
"5698",61994,"Male","Degree",0,35,2853,0.47,6192,25.82,83.97,50.9,"Unemployed","Rent","Debt_consolidation",1
"4411",50025,"Male","Diploma",2,19.25,745283,1.35,2140984,10.42,42.73,38.8,"Salaried","Own","Debt_consolidation",1
"8807",89343,"Female","Grade 12",1,25.25,561341,2.67,1818494,31.19,103.49,64.2,"Self-employed","Rent","Other",1
"541",15062,"Male","Grade 12",2,35,2058,0.56,2297,23.11,87.84,47.5,"Unemployed","Rent","Other",0
"2794",35371,"Female","Grade 12",3,14.25,420165,1.36,171878,15.34,53.07,45.3,"Salaried","Mortgage","Home_improvement",0
"4624",52063,"Male","Grade 12",0,23.25,307537,1.46,587606,38.58,129.38,67.7,"Salaried","Rent","Other",1
"4886",54500,"Male","Diploma",0,17.75,240928,1.52,284521,22.79,75.73,48.5,"Salaried","Mortgage","Vehicle",0
"9603",96590,"Male","Grade 12",0,17.75,126992,1.35,135548,17.96,60.9,49.5,"Salaried","Mortgage","Vehicle",1
"6277",67092,"Male","Grade 12",0,20.25,643031,1.7,981573,0.93,12.85,31.4,"Salaried","Mortgage","Home_improvement",0
"3958",46004,"Female","Grade 12",0,23.25,1957773,1.1,4196595,32.91,109.28,65.4,"Self-employed","Mortgage","Debt_consolidation",0
"7757",79970,"Female","Postgrad",0,17.75,398392,1.92,820305,20.42,68.83,52.2,"Salaried","Mortgage","Vehicle",0
"6709",70967,"Male","Grade 12",0,20.25,265281,1.53,261938,5.19,17.7,35.4,"Salaried","Rent","Vehicle",0
"2717",34656,"Female","Diploma",1,18.75,174779,1.23,587322,9.54,39.83,35.4,"Salaried","Rent","Vehicle",1
"9424",94672,"Male","Diploma",1,22.25,602056,1.53,476426,33.13,108.24,57.1,"Contract","Rent","Vehicle",1
"2194",29825,"Female","Grade 12",2,20.25,464668,1.22,1523817,0.89,13.35,35,"Salaried","Mortgage","Home_improvement",1
"9203",92796,"Female","Diploma",0,17.75,281443,1.32,576368,30.02,103.16,52.7,"Salaried","Mortgage","Vehicle",1
"3750",44171,"Male","Grade 12",3,23.75,896088,1.8,3387040,4.87,27.06,33.8,"Contract","Rent","Vehicle",0
"6763",71378,"Male","Grade 12",2,19.25,431483,1.6,1280396,4.03,21.58,38.4,"Salaried","Mortgage","Vehicle",0
"636",15804,"Male","Diploma",2,18.75,625372,1.4,2338056,21.81,69.4,45.8,"Salaried","Rent","Vehicle",0
"5098",56248,"Female","Diploma",0,22.75,535450,0.98,2016807,2.44,16,36.3,"Salaried","Own","Debt_consolidation",1
"4607",51931,"Female","Diploma",2,16.75,229838,1.48,261931,15.56,51.15,46.8,"Salaried","Mortgage","Home_improvement",1
"3154",38992,"Female","No records",1,16.75,113819,1.37,235387,24.93,83.27,51.3,"Salaried","Mortgage","Home_improvement",1
"4995",55285,"Female","Degree",1,35,6726,0.55,20230,36.55,122.48,70.6,"Unemployed","Rent","Debt_consolidation",1
"1631",24790,"Male","Diploma",0,18.75,532095,1.46,1578377,11.93,44.21,40.3,"Salaried","Rent","Vehicle",0
"4951",54887,"Male","Degree",0,16.75,359534,1.35,773617,10.58,40.15,41.1,"Salaried","Mortgage","Home_improvement",1
"3657",43331,"Female","Grade 12",2,21.75,255871,1.21,714825,9.9,44.87,34.3,"Salaried","Rent","Other",1
"8654",88013,"Female","Diploma",2,18.75,148129,1.26,519217,23.27,78.71,54.6,"Salaried","Rent","Vehicle",0
"6106",65728,"Male","Grade 12",1,20.25,442076,0.94,1399086,3.39,17.85,31.1,"Salaried","Rent","Vehicle",0
"9354",94147,"Female","Degree",0,21.25,868496,1.38,642784,28.69,98.79,56.9,"Contract","Mortgage","Vehicle",1
"1892",27018,"Male","No records",0,17.75,306047,1.29,1089211,32.26,106.61,56.3,"Salaried","Mortgage","Vehicle",0
"3151",38939,"Female","Degree",0,20.75,509277,0.91,1808633,5.97,31.51,34.9,"Salaried","Own","Debt_consolidation",1
"9458",95111,"Male","No records",2,20.75,222848,1.58,825483,3.2,18.68,35.4,"Salaried","Own","Debt_consolidation",0
"9848",98602,"Male","Grade 12",0,19.75,765944,1.91,2819174,17.67,64.85,45.4,"Self-employed","Mortgage","Vehicle",1
"228",12118,"Male","No records",0,18.75,1692824,1.26,1367101,21.39,74.8,44.7,"Self-employed","Mortgage","Home_improvement",0
"219",12062,"Female","Grade 12",0,17.75,294992,1.53,893410,8.77,30.53,41.8,"Salaried","Mortgage","Vehicle",0
"5534",60439,"Female","No records",2,20.75,296390,1.06,771964,33.02,108.87,62.9,"Salaried","Own","Debt_consolidation",1
"2146",29384,"Female","No records",0,20.25,107446,1.49,113726,30.74,104.19,61.6,"Salaried","Rent","Vehicle",0
"3361",40908,"Male","Diploma",1,23.75,760053,1.46,2020616,29.58,101.69,59.7,"Self-employed","Rent","Other",1
"3684",43634,"Female","Degree",1,17.75,516913,1.16,1843482,16.75,60.23,45.1,"Salaried","Mortgage","Vehicle",0
"435",14066,"Female","Grade 12",1,16.75,186267,2.18,295675,24.94,83.77,53.9,"Salaried","Mortgage","Home_improvement",0
"4821",53923,"Female","No records",0,17.75,470645,1.69,1097032,11.6,35.97,40.1,"Salaried","Mortgage","Vehicle",0
"4070",46915,"Female","Grade 12",0,17.75,452318,1.8,1074068,18.06,67.66,49.2,"Salaried","Mortgage","Vehicle",0
"9368",94231,"Male","No records",2,21.75,298662,0.92,1081782,21.63,77.8,53.2,"Salaried","Rent","Other",1
"9525",95776,"Female","Degree",1,21.75,603453,1.6,2258280,13.84,51.71,36.2,"Salaried","Rent","Other",1
"2863",36053,"Male","Diploma",0,16.75,315196,1.38,118495,28.62,95.37,59.4,"Salaried","Own","Debt_consolidation",1
"194",11828,"Female","No records",1,19.75,915247,2.15,781241,24.63,85.05,54,"Self-employed","Mortgage","Vehicle",0
"2188",29764,"Female","Grade 12",0,17.75,572546,1.77,1612792,17.21,64.62,52.2,"Salaried","Mortgage","Vehicle",0
"8035",82362,"Male","Grade 12",3,18.75,106331,1.82,397014,20.86,72.7,43.3,"Salaried","Rent","Vehicle",0
"4153",47539,"Female","Diploma",1,17.75,454124,1.8,776854,18.49,59.06,44.6,"Salaried","Mortgage","Vehicle",0
"3386",41155,"Female","No records",0,16.75,482297,0.86,1019831,28.73,96.66,52.7,"Salaried","Mortgage","Home_improvement",1
"8104",83105,"Female","Grade 12",1,19.25,81074,1.5,89393,6.07,22.86,35.4,"Salaried","Mortgage","Vehicle",0
"3636",43216,"Male","Diploma",1,16.75,438324,1.39,963697,26.5,95.64,59.7,"Salaried","Mortgage","Home_improvement",0
"160",11525,"Male","Degree",1,25.25,594602,1.54,943333,39.54,135.14,70.2,"Self-employed","Rent","Other",1
"8752",88849,"Male","Diploma",0,17.75,355852,1.4,985261,20.77,69.52,52.5,"Salaried","Mortgage","Vehicle",0
"5605",61176,"Female","Diploma",0,16.75,181292,1.42,407269,32.5,111.38,59.4,"Salaried","Mortgage","Home_improvement",0
"5707",62063,"Female","Diploma",0,33.25,9875,0.51,5379,18.01,61.49,40.3,"Unemployed","Rent","Debt_consolidation",0
"3713",43831,"Female","Diploma",0,19.25,309488,1.26,751681,15.78,61.52,40.1,"Salaried","Own","Debt_consolidation",0
"7824",80558,"Female","Degree",0,23.75,1926658,1.52,7028377,7.76,38.84,30.3,"Self-employed","Rent","Other",0
"7867",80866,"Male","Diploma",0,21.25,284312,1.48,209030,2.18,11.92,32.6,"Salaried","Mortgage","Vehicle",0
"3917",45662,"Female","Diploma",1,21.25,278368,1.52,687623,0.36,12.65,29.8,"Salaried","Mortgage","Vehicle",1
"3263",40033,"Female","Diploma",0,18.25,156681,1.33,350865,32.6,106.39,62.1,"Salaried","Mortgage","Home_improvement",1
"1838",26567,"Female","Grade 12",0,23.75,3036720,1.38,9686445,28.63,92.94,57.6,"Self-employed","Rent","Other",0
"3118",38590,"Male","Grade 12",1,18.75,210086,1.26,210303,19.96,71.2,50.7,"Salaried","Rent","Vehicle",0
"3286",40223,"Male","Grade 12",0,16.75,142683,1.71,259819,20.31,66.74,45.1,"Salaried","Mortgage","Home_improvement",0
"7710",79411,"Female","Grade 12",0,18.75,1029668,2.23,550075,5.95,27.92,36.5,"Self-employed","Mortgage","Vehicle",1
"3808",44769,"Male","Grade 12",0,23.25,582445,1.01,471205,36.48,124.45,69,"Salaried","Rent","Other",1
"2111",29057,"Female","Grade 12",0,18.25,619836,1.45,1321497,38.53,133.33,73.5,"Salaried","Mortgage","Home_improvement",1
"8594",87467,"Male","Grade 12",0,20.25,307049,1.51,327643,6.32,28.91,39.7,"Salaried","Rent","Vehicle",1
"2687",34338,"Female","Diploma",2,17.75,88186,1.8,281412,9.56,35.75,37.6,"Salaried","Mortgage","Vehicle",0
"3203",39437,"Female","Degree",1,17.75,341199,1.65,131678,34.25,111.87,65.4,"Salaried","Rent","Vehicle",0
"8068",82844,"Male","No records",0,20.25,455924,1.82,1024090,1.89,17.53,34.4,"Salaried","Mortgage","Home_improvement",0
"7476",77236,"Female","Grade 12",0,23.25,314686,1.57,777925,3.46,20.04,33.8,"Salaried","Rent","Other",0
"4675",52559,"Female","Diploma",3,23.25,322286,1.7,1024139,37.78,119.1,64.6,"Salaried","Rent","Other",1
"7120",74311,"Female","Grade 12",4,19.25,431781,1.45,334975,28.99,97.63,51.6,"Salaried","Own","Debt_consolidation",1
"3938",45832,"Female","Degree",1,35,7018,0.63,21990,39.33,128.36,62.9,"Unemployed","Rent","Debt_consolidation",1
"8659",88070,"Female","Diploma",2,18.75,206266,1.29,753651,25.57,85.68,57,"Salaried","Rent","Vehicle",0
"229",12127,"Female","Diploma",0,23.75,1924295,2.42,4006437,22.19,73.76,47.4,"Self-employed","Rent","Other",1
"2182",29732,"Male","Degree",1,35,2003,0.53,3321,29.4,100.46,53.9,"Unemployed","Rent","Debt_consolidation",1
"4225",48214,"Female","No records",0,21.75,1078367,1.75,1390114,34.91,114.93,60.9,"Contract","Mortgage","Home_improvement",0
"5507",60127,"Male","Diploma",1,25.25,2265277,1.37,6890590,35.49,119.59,66.3,"Self-employed","Rent","Other",1
"3702",43739,"Male","Diploma",0,21.75,415828,1.5,1112582,8.94,38.57,42.9,"Salaried","Rent","Other",0
"8401",85820,"Male","Diploma",0,18.75,122245,1.55,158089,24.07,86.71,50.7,"Salaried","Rent","Vehicle",0
"1535",23944,"Female","Diploma",3,22.25,760130,1.42,877223,30.39,98.44,57.2,"Contract","Rent","Vehicle",1
"5124",56561,"Male","No records",0,22.25,259574,1.62,783816,1.08,15.48,30.6,"Salaried","Rent","Vehicle",0
"4043",46649,"Male","Grade 12",0,20.25,923278,2.07,588205,39.46,131.84,65.9,"Contract","Mortgage","Vehicle",1
"1186",20733,"Female","Grade 12",2,16.75,646955,1.36,1068277,22.63,79.86,46.8,"Salaried","Mortgage","Home_improvement",1
"6691",70835,"Female","Grade 12",0,23.75,1068546,1.66,1874597,14.93,44.28,39,"Self-employed","Rent","Other",1
"3804",44746,"Female","Grade 12",0,28.75,3182625,1.83,3501809,0.89,14.28,23,"Self-employed","Rent","Other",1
"4277",48776,"Male","No records",0,18.25,217806,1.47,435105,31.32,104.6,64.7,"Salaried","Mortgage","Home_improvement",1
"266",12502,"Male","Grade 12",1,21.75,226836,1.25,624343,31.26,103.78,58.3,"Salaried","Rent","Other",1
"9842",98568,"Male","Grade 12",0,17.75,439530,1.72,1138658,19.71,69.92,52.3,"Salaried","Mortgage","Vehicle",0
"1221",21012,"Female","Diploma",4,33.25,5395,0.4,19008,32.63,111.95,59.1,"Unemployed","Rent","Other",1
"5863",63477,"Female","Diploma",0,35,3943,0.55,13200,19.34,69.67,50.5,"Unemployed","Rent","Debt_consolidation",1
"731",16763,"Male","Grade 12",0,19.75,1437077,1.53,2762861,35.06,123.75,59.2,"Self-employed","Mortgage","Vehicle",0
"5548",60590,"Female","Postgrad",3,16.75,391773,1.52,1416254,29.94,101.01,58,"Salaried","Mortgage","Home_improvement",1
"7592",78232,"Male","Degree",1,35,2694,0.53,9214,13.28,54.06,40,"Unemployed","Rent","Debt_consolidation",1
"6139",66029,"Male","Grade 12",2,26.75,426010,1.59,441889,3.63,21.74,37.6,"Contract","Rent","Other",1
"5390",58933,"Male","Diploma",3,16.25,506327,1.89,317725,17.67,57.73,43.9,"Salaried","Rent","Vehicle",0
"4839",54090,"Female","No records",0,22.75,1416694,2.27,666766,33.84,106.14,60.2,"Self-employed","Rent","Other",0
"6138",66020,"Male","Grade 12",2,21.75,528098,1.2,1101603,20.88,69.22,51.9,"Salaried","Rent","Other",0
"4501",50794,"Male","Degree",0,19.25,273959,1.17,304497,27.44,95.11,61.3,"Salaried","Mortgage","Vehicle",1
"4521",50927,"Male","No records",0,18.25,177588,1.45,106349,4.11,20.54,36.7,"Salaried","Own","Debt_consolidation",0
"5045",55790,"Female","Degree",1,18.25,464800,1.67,551311,33.75,112.3,61.8,"Salaried","Mortgage","Home_improvement",1
"7649",78838,"Male","No records",0,18.75,185633,1.81,564933,28.36,95.52,54.3,"Salaried","Rent","Vehicle",0
"9417",94593,"Male","Grade 12",0,19.25,227576,1.27,704177,36.77,119.52,67,"Salaried","Mortgage","Vehicle",1
"4301",48966,"Female","Diploma",0,18.75,186850,2.25,222271,23.85,84.37,57,"Salaried","Rent","Vehicle",0
"2734",34788,"Male","Grade 12",0,23.75,781100,2.12,2033998,3.09,16.7,37.8,"Contract","Rent","Vehicle",1
"6307",67352,"Male","Grade 12",0,19.25,457550,2.1,1149392,31.6,106.83,61.7,"Salaried","Mortgage","Vehicle",0
"6455",68579,"Female","Diploma",2,18.25,337435,1.45,543896,3.65,17.63,29,"Salaried","Mortgage","Home_improvement",0
"7482",77282,"Female","Diploma",1,23.25,1627189,1.43,3921503,27.76,95.07,53.5,"Contract","Mortgage","Debt_consolidation",1
"7854",80760,"Female","No records",0,25.25,1455043,2.34,2164525,39.68,129.27,63.2,"Self-employed","Rent","Other",1
"9141",92196,"Female","Grade 12",1,19.25,531089,1.73,1779733,30.63,106.06,65.5,"Salaried","Mortgage","Vehicle",1
"3046",37895,"Male","Degree",1,19.25,269822,0.95,535914,30.49,98.15,63.1,"Salaried","Mortgage","Vehicle",0
"6853",72143,"Female","Degree",1,26.75,940920,1.32,3056013,27.19,88.66,62,"Contract","Rent","Other",1
"5036",55731,"Male","Grade 12",0,18.75,669859,1.55,1917860,9.94,45.97,41,"Salaried","Rent","Vehicle",0
"8794",89184,"Female","No records",0,22.75,1286639,1.76,4127072,38.24,120.52,69.5,"Self-employed","Own","Debt_consolidation",1
"91",10856,"Female","No records",0,19.25,400504,1.53,1206011,3.74,14.75,27.9,"Salaried","Mortgage","Vehicle",1
"9163",92450,"Female","Diploma",3,35,6963,0.48,12072,39.89,130.43,70,"Unemployed","Rent","Debt_consolidation",1
"2876",36262,"Female","Grade 12",2,35,1755,0.52,1787,38.97,129.45,73.3,"Unemployed","Mortgage","Debt_consolidation",0
"5028",55642,"Male","Grade 12",0,23.75,3092030,2.22,7272554,20.65,67.68,47.1,"Self-employed","Rent","Other",0
"656",15952,"Female","Diploma",2,21.75,410816,1.77,1523737,11.21,37.15,42.1,"Salaried","Rent","Other",0
"259",12424,"Female","No records",0,17.75,232855,1.53,795576,16.21,55.64,50.7,"Salaried","Mortgage","Vehicle",0
"2084",28807,"Male","Diploma",0,19.25,215145,0.98,485846,11.22,44.46,33.6,"Salaried","Own","Debt_consolidation",0
"1050",19671,"Male","Diploma",1,23.25,712427,1.63,1678653,6.19,28.42,30.3,"Salaried","Rent","Other",1
"7908",81271,"Male","No records",0,20.25,132429,0.93,207224,2.17,17.81,35,"Salaried","Mortgage","Home_improvement",1
"3429",41450,"Female","Grade 12",0,19.25,411357,1.57,298330,35.84,120.21,65.5,"Salaried","Mortgage","Vehicle",0
"2311",30983,"Female","No records",1,22.75,1590076,2.25,3761685,5.57,24.1,40.4,"Self-employed","Own","Debt_consolidation",0
"224",12093,"Male","Degree",2,16.25,227106,2.11,102098,22.75,78.84,55.2,"Salaried","Rent","Vehicle",1
"6306",67339,"Female","No records",1,18.75,667375,1.52,468040,14.09,52.36,44.3,"Salaried","Rent","Vehicle",0
"4510",50829,"Female","No records",1,21.75,587952,1.84,2153247,21.12,71.82,52.9,"Self-employed","Mortgage","Debt_consolidation",1
"5843",63321,"Male","Grade 12",0,16.75,711675,1.51,714008,35.27,117.6,59.9,"Salaried","Mortgage","Home_improvement",0
"5433",59299,"Male","No records",1,32.25,3592,0.44,7701,27.45,90.9,59.4,"Unemployed","Rent","Debt_consolidation",0
"3462",41733,"Male","Postgrad",0,16.25,460415,1.04,242911,27.9,93.4,59.2,"Salaried","Rent","Vehicle",0
"4320",49135,"Female","Diploma",0,17.75,572609,1.51,1481122,9.53,37.63,38.2,"Salaried","Mortgage","Vehicle",0
"3538",42395,"Female","Postgrad",0,32.25,6822,0.64,2275,28.59,100.1,53.8,"Unemployed","Mortgage","Debt_consolidation",1
"9970",99747,"Male","No records",2,20.75,255880,1.57,764269,33.93,113.39,68.3,"Salaried","Own","Debt_consolidation",0
"6257",66966,"Female","Degree",1,20.25,395261,1.07,909118,37.22,122.45,71.3,"Salaried","Rent","Vehicle",1
"915",18437,"Female","Degree",0,21.25,1118657,1.59,2049187,34.13,112.18,57.1,"Self-employed","Own","Debt_consolidation",1
"5335",58531,"Male","Postgrad",0,16.75,158786,2.03,292792,34.59,113.93,57.6,"Salaried","Mortgage","Home_improvement",1
"7702",79344,"Male","Diploma",0,23.75,748182,2.04,945218,16.43,54.32,42.8,"Self-employed","Rent","Other",0
"4416",50099,"Male","Grade 12",0,16.75,195188,1.93,160174,16.84,65.18,42.6,"Salaried","Mortgage","Home_improvement",0
"1534",23938,"Female","No records",0,21.25,2400176,1.28,4177839,30.42,101.57,60.8,"Self-employed","Mortgage","Vehicle",0
"6494",68976,"Male","Postgrad",2,18.75,698071,1.65,2565673,7.92,29.81,42,"Salaried","Rent","Vehicle",0
"6008",64852,"Female","Diploma",4,16.75,456115,1.36,171927,4.46,18.37,37.9,"Salaried","Mortgage","Vehicle",0
"8741",88767,"Female","Grade 12",0,24.75,266566,1.12,681034,1.24,17.06,32.7,"Contract","Mortgage","Vehicle",0
"2389",31677,"Female","No records",1,20.25,1425063,1.58,3735891,33.55,107.58,64.5,"Self-employed","Mortgage","Home_improvement",0
"2109",29045,"Female","Grade 12",0,18.75,400036,1.72,1201105,9.59,43.48,33.3,"Salaried","Rent","Vehicle",1
"6945",72887,"Female","Degree",0,35,1490,0.63,4795,11.58,43.99,43.7,"Unemployed","Rent","Debt_consolidation",1
"5226",57555,"Male","Diploma",0,23.75,643572,1.58,1779455,5.63,30.07,40.4,"Contract","Rent","Vehicle",1
"6489",68938,"Male","Postgrad",0,33.25,5016,0.64,2446,9.27,35.33,40,"Unemployed","Rent","Debt_consolidation",0
"3738",44051,"Male","Grade 12",0,16.75,256294,1.2,391235,10.66,41.47,44.1,"Salaried","Mortgage","Home_improvement",1
"1533",23934,"Female","Degree",0,16.75,402823,1.28,1403042,21.61,73.27,49.6,"Salaried","Mortgage","Home_improvement",0
"5920",63929,"Male","Grade 12",2,25.25,1116571,1.34,3323995,17.13,63.65,45.5,"Contract","Rent","Other",1
"2639",33842,"Female","Grade 12",0,18.75,473200,1.24,596997,11.21,42.7,40.5,"Salaried","Rent","Vehicle",1
"9516",95717,"Female","Grade 12",0,26.75,763020,1.32,2033130,37.13,117.66,62.7,"Contract","Rent","Other",1
"8071",82895,"Female","Degree",1,19.25,372949,1.37,968966,9.8,37.47,41,"Salaried","Own","Debt_consolidation",0
"8570",87261,"Male","Postgrad",0,23.75,1536228,2.19,1969496,27.15,92,57.9,"Self-employed","Rent","Other",1
"4338",49302,"Male","Diploma",2,20.25,367382,1.16,532144,5.05,25.42,38.8,"Salaried","Rent","Vehicle",0
"9999",99995,"Female","Grade 12",0,14.75,643123,1.95,198908,18.81,65.65,51.8,"Salaried","Rent","Vehicle",1
"8051",82623,"Female","Grade 12",0,20.25,452947,1.16,817309,3.18,17.29,31,"Salaried","Rent","Vehicle",0
"2775",35206,"Male","No records",1,27.25,974686,1.54,1935039,2.03,18.15,25.8,"Self-employed","Rent","Other",1
"1182",20713,"Male","Grade 12",0,23.75,2020899,1.34,5924143,24.51,78.65,48.1,"Self-employed","Rent","Other",1
"3476",41859,"Male","Grade 12",0,17.75,462376,1.09,532828,25.56,79.82,52.8,"Salaried","Mortgage","Vehicle",0
"4395",49897,"Male","Degree",4,23.75,2818549,1.83,9513308,25.86,91.98,53.9,"Self-employed","Rent","Other",1
"1453",23205,"Female","No records",0,21.75,2405415,2.76,1845407,8.98,39.37,38.5,"Self-employed","Mortgage","Debt_consolidation",1
"3651",43292,"Female","Grade 12",2,15.75,437299,1.31,215482,31.65,103.08,60.7,"Salaried","Mortgage","Home_improvement",0
"4988",55209,"Female","Degree",2,20.25,1528705,2.01,3971768,21.22,76.52,53.9,"Contract","Mortgage","Home_improvement",0
"6541",69536,"Female","No records",0,23.25,593471,1.7,734079,37.92,125.09,62.4,"Salaried","Rent","Other",0
"2509",32670,"Male","Grade 12",0,21.75,486801,1.36,974868,20.64,70.73,49.5,"Salaried","Rent","Other",0
"4305",49033,"Female","No records",0,24.75,853968,1.72,1996229,1.1,12.96,33.8,"Self-employed","Own","Debt_consolidation",0
"1783",26019,"Male","Diploma",1,20.25,257229,2.3,405035,29.26,97.25,60.8,"Salaried","Rent","Vehicle",1
"4474",50535,"Female","Grade 12",3,35,3464,0.52,2542,5.76,27.36,31.7,"Unemployed","Rent","Debt_consolidation",1
"3231",39775,"Female","Diploma",1,16.25,478675,1.26,222979,22.76,77.67,46.8,"Salaried","Rent","Vehicle",0
"1017",19404,"Male","Diploma",0,19.75,305510,1.86,680538,27.67,93.54,51.8,"Self-employed","Mortgage","Vehicle",0
"2787",35320,"Female","No records",0,17.75,185974,1.66,289115,20.16,68.58,54.3,"Salaried","Mortgage","Vehicle",0
"4864",54310,"Male","Grade 12",1,18.75,906622,2.83,1650512,24.01,80.67,49.4,"Self-employed","Mortgage","Home_improvement",1
"34",10265,"Female","Degree",0,16.75,537837,1.16,963193,24.2,82.26,51.5,"Salaried","Mortgage","Home_improvement",1
"4719",52959,"Male","Grade 12",0,18.75,538874,1.51,726057,7.04,25.95,40.7,"Salaried","Rent","Vehicle",1
"2606",33580,"Male","No records",1,20.25,275376,1.43,1025149,6.73,26.21,37.1,"Salaried","Rent","Vehicle",0
"5442",59403,"Female","Grade 12",0,30.75,4108,0.26,14647,22.03,77.28,48.2,"Unemployed","Rent","Other",1
"28",10194,"Female","Diploma",2,19.25,705746,1.71,714150,23.32,78.86,53.6,"Salaried","Own","Debt_consolidation",0
"7812",80414,"Male","Grade 12",0,17.75,418506,1.38,370881,21.91,68.83,48.9,"Salaried","Mortgage","Vehicle",0
"4498",50775,"Male","Diploma",1,21.25,1919178,2,5734797,5.48,31.21,35.3,"Self-employed","Mortgage","Vehicle",0
"5189",57253,"Female","Grade 12",1,22.25,369751,2.45,377156,15.97,57.34,45,"Contract","Rent","Vehicle",1
"7349",76094,"Female","Grade 12",0,33.25,8468,0.57,5529,16.17,54.46,47,"Unemployed","Rent","Debt_consolidation",1
"6415",68186,"Male","Grade 12",0,35,5478,0.56,8876,19.87,70.4,52.1,"Unemployed","Rent","Debt_consolidation",0
"1769",25916,"Male","No records",2,19.75,2470476,1.6,3634999,24.83,84.59,54.6,"Self-employed","Mortgage","Vehicle",1
"9169",92514,"Female","Diploma",0,18.25,304358,1.9,927954,34.65,111.12,66.7,"Salaried","Mortgage","Home_improvement",1
"4865",54316,"Male","Diploma",0,20.25,262281,1.25,339411,1.19,13.79,27.2,"Salaried","Mortgage","Home_improvement",0
"4189",47865,"Male","Postgrad",0,20.25,188110,1.42,242826,3.86,22.69,29,"Salaried","Rent","Vehicle",0
"1449",23169,"Male","Diploma",0,23.25,527329,0.86,811129,3.25,20.62,36.6,"Salaried","Rent","Other",0
"4535",51105,"Female","Diploma",0,17.75,463467,1.15,1714347,22.91,78.35,49.1,"Salaried","Mortgage","Vehicle",1
"9263",93414,"Male","No records",1,18.75,840813,1.97,2327037,27.21,87.77,56.6,"Self-employed","Mortgage","Home_improvement",1
"1713",25488,"Male","Diploma",0,21.75,631202,1.52,1792702,1.14,12.57,24.5,"Salaried","Mortgage","Home_improvement",0
"543",15071,"Female","Diploma",2,25.25,2059968,2.12,1650614,36.25,112.3,69.8,"Self-employed","Rent","Other",1
"7105",74247,"Male","Diploma",0,16.75,353219,1.16,1209678,27.05,89.17,55.1,"Salaried","Mortgage","Home_improvement",1
"5870",63556,"Male","Grade 12",0,22.25,300437,2.23,1023389,8.9,35.08,40,"Contract","Rent","Vehicle",1
"6875",72298,"Female","Grade 12",0,16.75,319045,1.13,701075,25.19,81.87,55.6,"Salaried","Mortgage","Home_improvement",0
"5435",59317,"Male","Grade 12",0,19.25,524326,1.37,1561715,10.45,41.67,34.4,"Salaried","Own","Debt_consolidation",1
"5",10057,"Male","Grade 12",2,35,2188,0.52,4568,4.46,22.91,31.2,"Unemployed","Rent","Debt_consolidation",0
"362",13390,"Male","Grade 12",0,19.25,218109,1.39,246831,24.67,84.65,50.3,"Salaried","Own","Debt_consolidation",0
"1141",20446,"Male","Grade 12",0,32.25,5151,0.44,18020,18.9,65.06,44.9,"Unemployed","Rent","Debt_consolidation",0
"169",11625,"Female","No records",0,22.75,1176251,2.03,2976252,5.45,21.31,37.3,"Contract","Mortgage","Vehicle",1
"5441",59396,"Male","Grade 12",2,21.25,883560,2.16,2346873,10.08,38.16,39.1,"Self-employed","Own","Debt_consolidation",1
"7311",75766,"Female","No records",2,20.75,408720,1.54,1176347,32.58,110.18,67.4,"Salaried","Own","Debt_consolidation",1
"4028",46533,"Male","Degree",0,23.25,395049,1.03,474641,5.56,24.32,31.4,"Salaried","Rent","Other",0
"5267",57954,"Male","Diploma",0,21.75,1811439,1.37,5919216,14.35,50.32,41.7,"Self-employed","Mortgage","Debt_consolidation",1
"1546",24042,"Female","Degree",1,17.75,362559,0.95,533448,22.5,80.5,54.6,"Salaried","Mortgage","Vehicle",0
"5116",56473,"Female","Diploma",0,16.75,101623,1.53,137352,15.7,56.12,42.8,"Salaried","Mortgage","Home_improvement",1
"7296",75630,"Female","Diploma",0,32.25,5940,0.45,9853,27.61,88.53,59.8,"Unemployed","Rent","Debt_consolidation",0
"9798",98295,"Female","Grade 12",0,17.75,387743,1.62,1294269,32.23,106.91,55.9,"Salaried","Mortgage","Vehicle",1
"3194",39292,"Male","Grade 12",0,19.25,176634,1.69,395643,29.94,94.5,64.2,"Salaried","Mortgage","Vehicle",0
"3169",39088,"Male","Degree",0,23.25,751771,1.47,1241529,23.75,80.53,58.7,"Contract","Mortgage","Debt_consolidation",0
"271",12517,"Male","No records",0,17.75,235943,1.04,534795,8.76,29.55,36.1,"Salaried","Mortgage","Vehicle",0
"405",13798,"Male","Degree",2,25.75,516863,2.25,455271,0.66,14.05,33.7,"Contract","Rent","Vehicle",1
"2879",36293,"Female","Degree",2,18.75,1571744,1.22,4012358,35.4,112.47,58.5,"Self-employed","Mortgage","Home_improvement",0
"3124",38725,"Male","No records",0,19.25,279692,1.78,587286,21.13,80.02,45.9,"Salaried","Own","Debt_consolidation",1
"2235",30238,"Female","Diploma",1,16.75,360907,1.99,576377,14.96,50.12,47.2,"Salaried","Mortgage","Home_improvement",0
"6553",69682,"Female","No records",1,21.25,1480877,1.67,3995405,11.47,41.23,46.2,"Self-employed","Own","Debt_consolidation",1
"2021",28137,"Female","No records",0,22.75,694739,0.81,2361261,39.39,128.63,70.2,"Contract","Mortgage","Vehicle",0
"9589",96460,"Male","Grade 12",0,17.75,257884,1.29,769013,18.55,70.65,53,"Salaried","Mortgage","Vehicle",1
"897",18277,"Female","Degree",0,21.75,402953,1.62,1150232,34.07,111.77,58.5,"Salaried","Rent","Other",0
"9819",98418,"Female","Grade 12",2,21.75,239612,1.74,552367,16.72,63.42,49.2,"Salaried","Rent","Other",1
"8217",84134,"Male","Grade 12",3,25.25,618989,1.79,542179,2.58,15,27.4,"Salaried","Rent","Other",1
"2359",31456,"Male","Grade 12",1,23.75,1211619,1.74,2462678,18.85,67.26,41.4,"Self-employed","Rent","Other",1
"7049",73781,"Female","No records",1,23.75,2075428,1.52,2373416,28.89,95.14,55.4,"Self-employed","Rent","Other",0
"6082",65526,"Female","Diploma",0,27.25,2921004,1.71,750670,2.93,18.98,28.1,"Self-employed","Rent","Other",0
"1135",20401,"Female","No records",2,18.75,1474400,1.63,4072553,9.96,39.27,34.8,"Self-employed","Mortgage","Home_improvement",1
"4815",53854,"Female","No records",2,23.75,533428,1.13,1210164,32.56,106.67,57.9,"Self-employed","Rent","Other",0
"1627",24768,"Female","Degree",0,18.75,1642166,1.75,2646775,26.27,88.44,57.7,"Self-employed","Mortgage","Home_improvement",1
"4388",49806,"Male","Degree",0,21.25,1631964,1.54,1881444,10.45,39.79,45.2,"Self-employed","Own","Debt_consolidation",0
"7850",80746,"Female","Diploma",1,14.75,495422,1.35,152250,34.89,112.67,58.7,"Salaried","Rent","Vehicle",1
"2054",28525,"Female","Grade 12",1,23.25,123919,1.43,322778,3.64,23.51,32.3,"Salaried","Rent","Other",0
"3612",43064,"Male","Grade 12",0,20.25,157342,1,528450,40,131.19,71.9,"Salaried","Rent","Vehicle",1
"9854",98669,"Male","Degree",0,17.75,311967,1.47,1042819,18.83,61.03,53.6,"Salaried","Mortgage","Vehicle",0
"3266",40058,"Female","Diploma",2,17.75,554631,1.14,548370,28.49,93.11,54.5,"Salaried","Mortgage","Vehicle",0
"7058",73872,"Male","Postgrad",1,22.25,216687,1.95,578886,20.18,72.6,52.8,"Contract","Rent","Vehicle",0
"2760",35030,"Male","Grade 12",1,22.75,569661,0.96,1953099,0.23,11.42,28.7,"Salaried","Own","Debt_consolidation",1
"7560",77936,"Female","Diploma",0,19.25,468443,0.96,1318270,18.15,63.51,40.5,"Salaried","Own","Debt_consolidation",0
"183",11744,"Male","Diploma",0,19.75,1154874,1.74,2421513,11.58,44.18,46,"Self-employed","Mortgage","Vehicle",1
"5858",63437,"Female","No records",0,21.75,110241,1.15,289665,13.89,52.53,40.3,"Salaried","Rent","Other",1
"7873",80949,"Female","No records",1,19.25,272390,1.24,194833,35.95,117.59,61.1,"Salaried","Mortgage","Vehicle",0
"8145",83457,"Male","Diploma",0,20.25,343445,1.35,1075438,3.16,17.71,34.8,"Salaried","Rent","Vehicle",0
"110",10995,"Female","Degree",0,16.75,533493,1.84,717252,15.19,53.56,38.4,"Salaried","Mortgage","Home_improvement",1
"822",17588,"Female","Grade 12",1,35,4287,0.49,7282,32.28,107.15,66.4,"Unemployed","Rent","Debt_consolidation",1
"1904",27100,"Male","Degree",0,19.75,1072428,1.82,3304524,19.75,70.87,44.6,"Self-employed","Mortgage","Vehicle",1
"3881",45423,"Female","Grade 12",2,34.75,5622,0.45,5650,25.9,86.31,60.6,"Unemployed","Rent","Other",1
"9247",93295,"Female","Diploma",2,17.75,165074,1.7,601331,21.76,78.3,48.6,"Salaried","Mortgage","Vehicle",0
"9197",92757,"Male","Grade 12",3,18.25,501204,1.87,1610812,32.13,106.22,65.5,"Salaried","Mortgage","Home_improvement",0
"7673",79077,"Male","Grade 12",2,18.25,546347,2.09,1281391,31.95,108.96,60.3,"Salaried","Mortgage","Home_improvement",1
"109",10989,"Male","Diploma",1,18.75,685171,1.69,1152130,27.13,90.78,58.8,"Salaried","Rent","Vehicle",1
"475",14428,"Male","No records",0,22.75,452669,2.44,450510,17.46,61.44,41.5,"Contract","Own","Debt_consolidation",1
"9325",93971,"Female","Diploma",0,16.75,130414,1.71,245238,14.81,54.63,44.6,"Salaried","Mortgage","Home_improvement",0
"2417",31874,"Male","Grade 12",0,20.25,641592,1.37,2003031,32.75,110.47,65.7,"Salaried","Rent","Vehicle",1
"5852",63379,"Female","Degree",0,18.25,254526,1.42,408332,4.05,24.45,29.3,"Salaried","Mortgage","Home_improvement",1
"2364",31498,"Female","Diploma",2,18.75,572152,1.21,1485650,18.86,67.91,41.9,"Salaried","Rent","Vehicle",1
"3519",42202,"Female","Degree",0,21.25,624095,2.21,2104315,22.45,73.32,48.7,"Contract","Mortgage","Vehicle",0
"5645",61526,"Female","Grade 12",0,17.75,308525,1.65,1028473,8.12,33.81,41.8,"Salaried","Mortgage","Vehicle",0
"2208",29946,"Male","No records",1,21.75,579336,1.8,1801767,15.39,57.71,50.3,"Salaried","Rent","Other",1
"3803",44737,"Female","Diploma",1,16.75,191069,1.33,374920,9.25,39.55,31.7,"Salaried","Mortgage","Home_improvement",0
"5832",63191,"Male","Diploma",1,20.75,512995,1.75,1758754,3.79,18.96,37.2,"Salaried","Own","Debt_consolidation",0
"43",10346,"Female","Grade 12",3,17.25,1939571,1.31,810542,10.55,39.85,38.7,"Self-employed","Mortgage","Vehicle",0
"500",14647,"Male","Grade 12",0,17.75,304414,1.43,711457,13.8,47.77,47.7,"Salaried","Mortgage","Vehicle",0
"2928",36869,"Male","Diploma",0,17.75,130304,1.52,289585,20.43,66.96,51.2,"Salaried","Mortgage","Vehicle",0
"1329",22046,"Female","No records",1,23.75,575381,1.54,1636325,26.8,93.13,50.2,"Self-employed","Rent","Other",1
"2227",30135,"Female","Grade 12",1,23.25,1962502,1.34,5284590,3.89,17.91,31.6,"Self-employed","Mortgage","Debt_consolidation",1
"6881",72366,"Male","Degree",0,18.75,346493,1.64,512945,30.46,98.6,58.1,"Salaried","Rent","Vehicle",0
"8743",88781,"Male","Grade 12",1,35,1567,0.55,1287,24.78,83.01,53.9,"Unemployed","Rent","Debt_consolidation",0
"6391",67968,"Male","No records",1,18.25,256622,1.12,455308,33.34,108.55,67.4,"Salaried","Mortgage","Home_improvement",0
"6203",66570,"Female","Grade 12",0,17.75,749293,1.4,1367090,8.9,38.19,43.1,"Salaried","Mortgage","Vehicle",1
"1667",25077,"Female","Diploma",0,18.25,357997,1.49,364355,37.38,121.17,66.1,"Salaried","Mortgage","Home_improvement",0
"2086",28825,"Male","Grade 12",0,17.75,286385,2.15,748481,23.8,81.23,55.7,"Salaried","Mortgage","Vehicle",1
"6752",71332,"Female","Grade 12",1,18.25,446500,1.74,1460275,31.53,100.56,66,"Salaried","Mortgage","Home_improvement",0
"2621",33686,"Female","Grade 12",0,28.75,2575161,1.3,2685174,0.82,11.48,22.9,"Self-employed","Rent","Other",0
"8306",85034,"Male","Degree",1,22.25,588792,1.96,646309,23.71,79.14,48.4,"Contract","Rent","Vehicle",0
"3082",38268,"Male","Diploma",0,20.25,343359,1.76,576694,30.72,102.2,62.1,"Salaried","Rent","Vehicle",1
"86",10828,"Female","Diploma",0,20.25,452076,1.1,1531794,30.8,100.83,60.2,"Salaried","Rent","Vehicle",0
"5131",56661,"Male","Grade 12",0,35,5569,0.65,12532,14.43,55.93,41.9,"Unemployed","Rent","Debt_consolidation",1
"3853",45156,"Male","Diploma",0,20.25,179095,1.68,597032,30,103.75,62.3,"Salaried","Rent","Vehicle",1
"3192",39289,"Male","Grade 12",0,20.75,464627,1.51,574005,5.57,24.88,36.3,"Salaried","Own","Debt_consolidation",0
"6622",70328,"Female","No records",1,27.75,7962,0.43,2813,26.72,92.47,54.3,"Unemployed","Rent","Vehicle",0
"8673",88170,"Male","Degree",0,23.25,1092396,1.77,1635131,22.7,74.27,52.1,"Contract","Mortgage","Debt_consolidation",0
"3029",37765,"Male","Grade 12",2,21.25,2632076,2.01,2223855,34.57,118.23,59.1,"Self-employed","Own","Debt_consolidation",1
"5916",63902,"Female","Grade 12",1,22.25,532871,1.26,366489,11.3,44.36,40.8,"Contract","Rent","Vehicle",0
"8009",82174,"Male","Postgrad",1,19.25,426392,1.72,1089441,39.87,132.13,73,"Salaried","Mortgage","Vehicle",0
"3298",40309,"Female","Diploma",0,17.75,311826,1.12,1002236,17.8,61.1,52.6,"Salaried","Mortgage","Vehicle",0
"7381",76338,"Female","No records",2,23.25,300720,0.56,225678,29.77,94.24,63,"Salaried","Rent","Other",1
"5966",64453,"Female","Degree",0,23.25,537765,1.38,1117635,39.42,130.43,71.7,"Salaried","Rent","Other",0
"2944",37001,"Male","Diploma",0,35,5672,0.47,19089,26.4,86.44,51.4,"Unemployed","Rent","Other",1
"6199",66512,"Male","No records",1,27.25,2206751,2.14,7422785,0.79,11.93,29,"Self-employed","Rent","Other",1
"9329",93989,"Male","No records",2,16.75,322871,1.85,474551,13.61,54.07,44.1,"Salaried","Mortgage","Home_improvement",0
"6072",65418,"Male","No records",0,23.75,1871738,0.91,1422471,16.01,59.58,40.8,"Self-employed","Rent","Other",1
"1321",21997,"Female","No records",1,33.25,3340,0.4,7249,16.94,61.95,46.2,"Unemployed","Rent","Other",1
"9818",98405,"Female","Diploma",2,18.75,207960,1.38,436143,23.88,84.28,57.9,"Salaried","Rent","Vehicle",0
"3646",43271,"Male","Diploma",2,21.25,552226,1.46,1364958,1.66,13.61,28.1,"Salaried","Mortgage","Vehicle",0
"8361",85514,"Male","Diploma",2,21.25,1263505,1.8,3060164,32.81,107.13,64.7,"Self-employed","Mortgage","Vehicle",1
"1319",21988,"Male","Grade 12",1,18.75,514864,1.36,995531,20.99,74.19,43.9,"Salaried","Rent","Vehicle",0
"3239",39808,"Female","No records",0,19.25,426927,1.97,1323533,35.7,117.34,58.5,"Salaried","Own","Debt_consolidation",0
"9874",98810,"Male","Diploma",0,35,1228,0.56,1492,8.26,29.92,30.4,"Unemployed","Rent","Debt_consolidation",1
"5831",63187,"Female","Grade 12",0,17.75,382079,1.49,1256559,13.49,48.16,37.2,"Salaried","Mortgage","Vehicle",0
"6486",68928,"Female","Grade 12",0,17.75,291559,1.52,604143,7.76,27.85,41.8,"Salaried","Mortgage","Vehicle",0
"2066",28660,"Female","Grade 12",1,18.75,219414,1.67,785666,32.95,112.09,59.7,"Salaried","Rent","Vehicle",1
"3603",42985,"Female","Grade 12",0,22.75,323167,1.26,843638,0.61,10.53,34.4,"Salaried","Own","Debt_consolidation",0
"414",13910,"Female","Grade 12",0,16.75,336295,1.1,645244,15.23,52.24,41,"Salaried","Mortgage","Home_improvement",0
"8788",89114,"Male","Diploma",1,15.75,249954,1.53,99309,3.98,27.16,33.5,"Salaried","Mortgage","Home_improvement",0
"664",16014,"Male","Grade 12",1,17.75,397785,1.24,992088,24.25,82.06,49.5,"Salaried","Mortgage","Vehicle",0
"4881",54461,"Male","No records",0,20.25,353366,1.54,1225346,33.74,120.12,62.1,"Salaried","Rent","Vehicle",0
"3209",39491,"Female","Diploma",1,22.75,190797,1.31,481795,8.65,34.05,42.8,"Contract","Own","Debt_consolidation",0
"8925",90322,"Male","Postgrad",0,17.75,130519,1.52,155956,18.51,68.35,48.6,"Salaried","Mortgage","Vehicle",0
"8625",87705,"Male","Grade 12",0,18.75,389817,2.06,790987,10.54,39.06,33.7,"Salaried","Rent","Vehicle",1
"7725",79578,"Female","Diploma",0,19.25,165117,1.14,69684,27.69,92.13,58.3,"Salaried","Rent","Other",1
"3445",41574,"Male","Degree",1,21.75,588761,1.29,1076912,16.93,62.66,41,"Salaried","Rent","Other",0
"4816",53866,"Male","Diploma",0,23.75,1304535,1.87,3731852,15.53,56.33,37.9,"Self-employed","Rent","Other",1
"895",18268,"Male","Grade 12",1,20.25,429566,2.12,974622,33.33,108.68,62.3,"Salaried","Rent","Vehicle",1
"5295",58217,"Female","Diploma",1,18.75,626280,1.88,1767158,16.3,58.85,48.8,"Self-employed","Mortgage","Home_improvement",1
"9895",99070,"Male","Diploma",3,23.75,408540,1.51,938724,0.55,11.63,22.7,"Salaried","Rent","Vehicle",0
"7353",76111,"Female","Diploma",0,16.75,236656,1.93,411966,14.28,52.86,48.8,"Salaried","Mortgage","Home_improvement",1
"474",14404,"Female","No records",0,15.75,126928,1.34,57255,5.58,26.5,30.9,"Salaried","Mortgage","Home_improvement",0
"4598",51834,"Male","Grade 12",2,19.25,504852,1.3,1605713,28.63,96.22,61.5,"Salaried","Mortgage","Vehicle",1
"5998",64761,"Female","Grade 12",2,16.75,491036,1.78,186111,4.71,20.58,35.3,"Salaried","Mortgage","Vehicle",1
"6687",70812,"Male","Grade 12",0,18.75,106172,1.54,115653,29.65,99.59,58.9,"Salaried","Rent","Vehicle",1
"687",16263,"Female","Diploma",0,19.25,420371,1.25,335490,31.64,107.44,64.3,"Salaried","Mortgage","Vehicle",1
"103",10918,"Female","Diploma",0,34.75,1885,0.57,1398,12.05,43.62,38.5,"Unemployed","Mortgage","Debt_consolidation",1
"1806",26229,"Male","Diploma",0,16.75,289259,1.18,471125,9.86,42.49,35.2,"Salaried","Mortgage","Home_improvement",0
"7790",80209,"Male","Grade 12",1,21.75,345134,1.07,453942,19.45,70.53,45.8,"Salaried","Rent","Other",1
"3132",38780,"Male","Diploma",0,19.25,327783,0.71,616866,33.12,110.93,61.9,"Salaried","Mortgage","Vehicle",1
"7724",79573,"Male","Grade 12",0,23.75,443820,1.52,1378545,25.1,77.53,54.6,"Self-employed","Rent","Other",1
"7",10062,"Female","Degree",0,17.75,508186,1.44,1482142,35.69,114.58,59.8,"Salaried","Mortgage","Vehicle",1
"3718",43850,"Male","No records",1,20.75,230592,1.89,484804,35.31,113.7,62.1,"Salaried","Own","Debt_consolidation",1
"3159",39021,"Male","Diploma",1,18.75,322433,1.36,893042,7.68,32.85,41.5,"Salaried","Rent","Vehicle",0
"9913",99186,"Female","Grade 12",0,21.75,2792488,1.56,2232878,11.34,44.55,44.9,"Self-employed","Mortgage","Debt_consolidation",1
"3170",39092,"Male","Grade 12",0,20.75,101173,1.48,91030,33.06,110.42,63,"Salaried","Own","Debt_consolidation",1
"8063",82763,"Male","Grade 12",2,21.75,386254,1.76,962647,25.22,88.46,50.7,"Salaried","Rent","Other",1
"3304",40351,"Female","Diploma",0,20.25,471351,1.55,658781,39.83,129.4,69.7,"Salaried","Rent","Vehicle",0
"6952",72921,"Male","Diploma",0,20.75,624190,1.97,744862,28.24,96.93,62,"Salaried","Own","Debt_consolidation",0
"3730",43996,"Male","Degree",2,23.75,730595,1.06,944116,4.78,24.38,35.4,"Contract","Rent","Vehicle",1
"8848",89702,"Female","Postgrad",0,26.75,1130394,1.57,2934291,29.87,97.65,60.4,"Contract","Rent","Other",1
"848",17831,"Female","No records",0,19.25,256537,0.93,344746,38.32,126.35,62.5,"Salaried","Mortgage","Vehicle",1
"161",11532,"Male","No records",0,19.25,212211,1.64,779603,38.05,125.23,68,"Salaried","Mortgage","Vehicle",1
"5462",59633,"Female","Degree",0,16.75,342576,1.21,1298446,12.54,49.71,45.3,"Salaried","Mortgage","Home_improvement",0
"4620",52049,"Female","Degree",0,17.75,546276,2.15,1079465,17.62,64.97,52.2,"Salaried","Mortgage","Vehicle",1
"6759",71362,"Male","Degree",0,20.75,527852,1.48,745960,37.38,117.39,61.4,"Salaried","Own","Debt_consolidation",0
"5560",60662,"Female","Grade 12",2,27.25,410153.5,1.9,9818336,2.82,16.83,27.9,"Self-employed","Rent","Other",0
"2403",31761,"Male","Diploma",2,19.25,371699,1.62,888791,21.36,73.5,54.5,"Salaried","Own","Debt_consolidation",1
"1668",25079,"Male","Degree",2,17.75,72797,1.7,244206,24.71,84.72,53.9,"Salaried","Mortgage","Vehicle",0
"3020",37696,"Female","Degree",2,23.75,443087,1.63,884635,38.73,124.06,64.2,"Contract","Rent","Vehicle",0
"5593",60972,"Male","Grade 12",0,17.75,102268,1.26,353172,26.6,90.75,49.4,"Salaried","Mortgage","Vehicle",0
"1494",23486,"Male","Grade 12",1,22.75,1736990,1.14,1291812,34.24,112.99,65,"Self-employed","Own","Debt_consolidation",1
"1696",25332,"Male","Grade 12",0,18.25,324213,1.57,775016,38.71,124.2,72.7,"Salaried","Mortgage","Home_improvement",1
"7333",75931,"Male","No records",0,17.75,330234,1.58,246827,9.72,38.54,32.4,"Salaried","Mortgage","Vehicle",0
"4350",49404,"Female","No records",0,21.25,2080868,2.65,1540537,30.26,94.56,61.7,"Self-employed","Mortgage","Vehicle",1
"9189",92683,"Female","Grade 12",0,17.75,454277,1.38,1141939,21.97,74.73,50.1,"Salaried","Mortgage","Vehicle",0
"3859",45232,"Male","Grade 12",2,18.75,402990,0.88,375082,20.92,69.94,53.1,"Salaried","Rent","Vehicle",0
"4770",53453,"Female","Postgrad",1,35,6997,0.49,18028,6.59,25.89,33.7,"Unemployed","Rent","Debt_consolidation",0
"3635",43214,"Female","No records",0,20.75,272304,1.7,421675,33.79,113.66,64.2,"Salaried","Own","Debt_consolidation",1
"6768",71437,"Female","Degree",0,18.25,421299,1.52,496917,6.6,29.81,36.5,"Salaried","Mortgage","Home_improvement",0
"5469",59736,"Male","Diploma",0,21.25,1978450,2.56,5192693,34.82,114.5,62.2,"Self-employed","Mortgage","Vehicle",1
"359",13338,"Male","No records",0,16.75,430368,1.29,1560090,19.52,69.48,47,"Salaried","Mortgage","Home_improvement",0
"843",17768,"Female","Diploma",0,18.25,508488,1.22,467100,37.54,126.55,65.4,"Salaried","Mortgage","Home_improvement",1
"2596",33469,"Male","Grade 12",0,18.75,199529,1.13,428053,24.67,82.18,50.2,"Salaried","Rent","Vehicle",0
"6661",70631,"Female","Degree",2,19.25,338166,1.66,462966,6.48,32.56,30.2,"Salaried","Mortgage","Vehicle",1
"9838",98545,"Female","No records",0,19.75,1750930,1.74,2858911,25.1,81.12,48.7,"Self-employed","Mortgage","Vehicle",1
"2397",31708,"Female","Diploma",2,19.75,807585,1.44,951188,28.65,93.01,56.2,"Self-employed","Mortgage","Vehicle",0
"2600",33508,"Female","Diploma",0,23.75,1001603,1.63,2849489,7.97,35.14,42.8,"Self-employed","Rent","Other",1
"3608",43027,"Male","Diploma",0,18.75,488084,1.49,412645,26.69,85.99,50.3,"Salaried","Rent","Vehicle",0
"3772",44358,"Male","Degree",0,35,7047,0.57,8566,15.95,56.95,49.1,"Unemployed","Rent","Other",1
"280",12568,"Male","Postgrad",0,23.25,511103,1.34,566698,5.67,32.61,29,"Salaried","Rent","Other",0
"3401",41243,"Male","Degree",0,33.75,2587,0.4,9520,28.39,90.11,61,"Unemployed","Rent","Debt_consolidation",1
"3768",44312,"Female","Diploma",0,19.25,220590,1.32,207661,4.35,24,33.5,"Salaried","Mortgage","Vehicle",0
"6652",70551,"Male","Grade 12",0,18.75,381797,1.27,745881,12.67,51.45,47,"Salaried","Rent","Vehicle",1
"9490",95394,"Female","Diploma",2,19.25,345629,2.15,172782,23.92,83.07,57.8,"Salaried","Rent","Other",1
"1214",20979,"Male","Degree",0,20.25,681457,1.05,506293,0.33,8.26,34.4,"Salaried","Mortgage","Home_improvement",1
"5206",57438,"Female","Grade 12",3,20.25,705436,1.63,1163031,3.39,24.51,26.3,"Salaried","Rent","Vehicle",0
"4811",53833,"Male","Degree",1,20.25,464327,1.32,587347,6.96,33.02,34.8,"Salaried","Rent","Vehicle",0
"2402",31752,"Male","Grade 12",0,17.75,351342,1.36,1315429,8.74,34.14,33.5,"Salaried","Mortgage","Vehicle",0
"9428",94745,"Male","No records",0,16.75,334232,1.97,587324,10.32,43.86,37.6,"Salaried","Mortgage","Home_improvement",1
"9826",98446,"Male","No records",1,20.75,332972,1.74,1146353,31.07,106.08,62,"Salaried","Own","Debt_consolidation",1
"8348",85364,"Male","No records",0,17.75,500364,0.99,1634178,34.75,115.39,58.5,"Salaried","Mortgage","Vehicle",0
"6471",68785,"Male","No records",0,19.25,216338,1.21,754569,5.63,24.93,40.6,"Salaried","Mortgage","Vehicle",0
"3030",37771,"Male","Diploma",0,18.75,859510,2.01,1651527,14.12,47.91,46.6,"Salaried","Rent","Vehicle",1
"4549",51334,"Male","Grade 12",0,21.75,354013,1.69,900314,23.09,77.52,51.5,"Salaried","Rent","Other",1
"727",16699,"Male","Grade 12",0,23.75,1575305,1.62,1925334,13.99,50.23,40.1,"Self-employed","Rent","Other",1
"6033",65057,"Female","Grade 12",0,22.75,739532,2.29,1423821,38.51,128.26,63.4,"Contract","Mortgage","Vehicle",0
"8733",88693,"Male","No records",0,20.25,372984,1.4,965180,0.68,12.24,29.4,"Salaried","Mortgage","Home_improvement",0
"2758",35025,"Female","Grade 12",1,21.25,669898,1.57,988325,0.85,13.06,26.4,"Salaried","Mortgage","Vehicle",1
"9494",95411,"Female","Grade 12",0,18.25,663808,1.8,1078858,29.51,96.91,60.1,"Salaried","Mortgage","Home_improvement",1
"7285",75570,"Female","Degree",1,16.75,268882,1.31,366884,22.78,85.42,52,"Salaried","Mortgage","Home_improvement",0
"9642",96871,"Female","Grade 12",0,24.75,446718,1.45,1549709,27.71,89.64,61.7,"Contract","Mortgage","Debt_consolidation",1
"6588",70016,"Female","No records",0,23.75,839205,2.71,575971,2.93,16.04,36.1,"Contract","Mortgage","Home_improvement",1
"4680",52583,"Female","No records",4,19.75,1365970,1.53,2570873,29.78,103.8,56.6,"Self-employed","Mortgage","Vehicle",1
"4924",54722,"Female","Grade 12",0,18.75,388528,1.69,879639,14.14,51.98,49,"Salaried","Rent","Vehicle",0
"4105",47199,"Male","Grade 12",0,34.75,3401,0.67,1255,38.25,122.3,71.6,"Unemployed","Rent","Debt_consolidation",1
"1980",27767,"Female","Grade 12",0,16.75,552369,1.22,1112877,32.78,110.45,56.8,"Salaried","Mortgage","Home_improvement",1
"7165",74662,"Female","No records",0,21.75,669730,2.18,2309906,16.73,56.69,40.6,"Self-employed","Mortgage","Debt_consolidation",1
"5988",64652,"Male","Degree",0,23.75,280849,2.21,831365,28.25,91.1,59.8,"Self-employed","Rent","Other",1
"2655",34011,"Male","Grade 12",0,19.25,232921,1.42,95979,9.59,41.47,40.2,"Salaried","Rent","Other",0
"740",16865,"Male","Grade 12",3,20.75,826275,1.82,753007,34.11,111.74,63.5,"Salaried","Own","Debt_consolidation",1
"9822",98433,"Female","Diploma",0,17.75,512180,2.13,763842,13.42,52.59,38.1,"Salaried","Mortgage","Vehicle",1
"9634",96812,"Male","Grade 12",1,16.75,629810,1.87,414251,31.64,101.7,64.9,"Salaried","Mortgage","Vehicle",0
"1959",27517,"Male","Grade 12",0,30.25,7372,0.5,3781,26.94,95.11,53,"Unemployed","Rent","Home_improvement",0
"9718",97545,"Male","Degree",1,21.25,1487624,1.1,5147792,15.97,57.76,40.3,"Self-employed","Own","Debt_consolidation",1
"2838",35731,"Female","Grade 12",0,17.75,859172,1.32,293351,31.69,106.23,66.3,"Self-employed","Mortgage","Home_improvement",1
"3255",39976,"Female","Grade 12",0,21.75,495972,1.6,1696569,21.92,76.34,56.7,"Salaried","Rent","Other",0
"929",18544,"Male","Grade 12",3,15.75,67779,2.18,35875,36.25,119.79,64.5,"Salaried","Mortgage","Home_improvement",0
"3788",44578,"Male","Diploma",0,23.25,2564770,1.68,2045381,33.01,109.49,67.4,"Self-employed","Mortgage","Debt_consolidation",1
"7924",81399,"Male","No records",0,20.75,217435,1.14,361284,32.12,99.58,61.9,"Salaried","Own","Debt_consolidation",1
"2048",28474,"Female","Degree",0,18.75,2016561,1.29,4625447,10.85,46.55,41.3,"Self-employed","Mortgage","Home_improvement",0
"1118",20228,"Female","Degree",2,19.25,161940,1.2,331641,35.07,117.38,63.9,"Salaried","Mortgage","Vehicle",0
"7742",79788,"Male","Grade 12",2,27.25,7128,0.33,2477,9.2,38.7,32.8,"Unemployed","Rent","Debt_consolidation",0
"2082",28791,"Male","Diploma",1,20.25,269151,1.37,897999,1.24,14.28,28.7,"Salaried","Mortgage","Home_improvement",1
"6417",68212,"Female","Degree",3,19.75,1501086,1.87,5266410,14.39,54.21,49.3,"Self-employed","Mortgage","Vehicle",0
"8273",84714,"Female","Grade 12",0,18.25,385140,1.92,232540,36.56,120.52,62,"Salaried","Own","Debt_consolidation",1
"8291",84880,"Male","No records",0,17.75,212112,1.66,233343,8.54,27.77,40.9,"Salaried","Mortgage","Vehicle",1
"5715",62159,"Male","Grade 12",0,20.25,697856,1.16,1354265,36.65,123.04,65.4,"Salaried","Rent","Vehicle",1
"8382",85671,"Female","Postgrad",3,19.75,2400353,1.31,8806270,15.27,51.43,38.2,"Self-employed","Mortgage","Vehicle",1
"8304",84999,"Male","No records",0,21.75,124850,1.65,258634,20.09,70.23,48,"Salaried","Rent","Other",0
"5020",55539,"Male","Grade 12",0,18.25,651375,0.98,1705022,33.09,107.39,62.2,"Salaried","Mortgage","Home_improvement",0
"6986",73206,"Male","Diploma",0,17.75,439046,1.34,1667438,20.25,70.66,53.4,"Salaried","Mortgage","Vehicle",0
"5545",60542,"Male","Diploma",0,25.25,535953,1.84,1686533,34.78,111.03,62,"Self-employed","Rent","Other",1
"6599",70117,"Female","Grade 12",2,19.75,2641609,1.71,8473536,28.27,97.07,58,"Self-employed","Mortgage","Vehicle",1
"7861",80797,"Male","Degree",2,21.75,285450,1.9,381605,35.2,115.89,58.9,"Salaried","Rent","Other",0
"1483",23434,"Female","Grade 12",1,21.25,1172322,2.38,1860093,22.7,79.69,55.2,"Self-employed","Own","Debt_consolidation",1
"7044",73757,"Female","Degree",3,19.25,352688,2.3,250994,26.23,85.2,53.9,"Salaried","Own","Debt_consolidation",0
"3820",44934,"Male","Grade 12",0,21.25,647048,0.85,1088171,29.41,90.76,52.7,"Contract","Mortgage","Vehicle",1
"3644",43263,"Male","Diploma",0,35,5578,0.55,16416,32.92,108.1,61.4,"Unemployed","Mortgage","Debt_consolidation",1
"7158",74624,"Male","Grade 12",0,22.75,1025132,1.26,3402523,5.29,24.63,28,"Contract","Mortgage","Vehicle",0
"8220",84163,"Male","Grade 12",0,17.75,348031,1.37,277354,16.08,55.2,45.2,"Salaried","Mortgage","Vehicle",0
"3606",42994,"Female","No records",0,18.25,267834,1.27,375793,3.95,25.71,37.3,"Salaried","Mortgage","Home_improvement",1
"546",15096,"Male","Diploma",0,25.25,1190686,1.27,4379473,32.34,106.12,62.7,"Self-employed","Rent","Other",0
"2945",37009,"Female","Diploma",0,35,4373,0.54,9273,26.32,90.34,49.3,"Unemployed","Rent","Debt_consolidation",1
"4734",53086,"Male","Degree",0,19.75,292112,1.64,160904,2.12,18.65,27.2,"Salaried","Rent","Vehicle",0
"4254",48564,"Female","Grade 12",0,17.75,603863,2.21,1203541,20.57,73.4,43,"Salaried","Mortgage","Vehicle",1
"2932",36892,"Female","Grade 12",0,20.25,321174,1.46,122113,2.99,15.05,28.9,"Salaried","Own","Debt_consolidation",1
"6159",66221,"Female","Diploma",2,20.25,226272,1.53,695107,35.41,117.33,70.4,"Salaried","Rent","Vehicle",0
"5118",56476,"Female","Diploma",0,18.25,120045,1.19,86534,38.56,122.2,73,"Salaried","Mortgage","Home_improvement",1
"7071",73971,"Male","Grade 12",0,17.75,608063,1.7,1973197,35.58,118.26,58.9,"Salaried","Mortgage","Vehicle",0
"7308",75730,"Male","Postgrad",0,21.75,356310,1.31,1088333,14.85,54.08,47.1,"Salaried","Rent","Other",0
"3735",44022,"Male","Degree",1,18.75,104713,1.23,347009,9.99,35.23,39.3,"Salaried","Rent","Vehicle",0
"8948",90494,"Female","Grade 12",0,20.25,266195,1.24,522366,3.17,13.68,30.9,"Salaried","Rent","Vehicle",0
"5838",63290,"Male","Grade 12",0,19.25,375580,1.67,151298,14.6,49.77,48.4,"Salaried","Rent","Other",1
"1229",21046,"Male","Grade 12",0,21.75,218663,1.91,491869,25.15,90.4,49,"Salaried","Rent","Other",0
"7372",76274,"Male","Grade 12",0,21.25,1391810,1.37,4655462,15.13,55.7,43.5,"Contract","Mortgage","Vehicle",0
"2733",34778,"Male","Diploma",1,19.75,590392,1.73,301119,22.36,76.74,55.3,"Contract","Rent","Vehicle",0
"1391",22612,"Male","Diploma",0,23.75,1337566,1.23,1742147,38.54,126.36,68.2,"Contract","Rent","Vehicle",1
"2712",34618,"Male","No records",0,35,4250,0.51,16108,27.22,95.88,61.6,"Unemployed","Rent","Debt_consolidation",1
"7818",80540,"Male","Grade 12",0,17.25,2529375,1.94,894402,9.63,38.99,32.8,"Self-employed","Mortgage","Vehicle",0
"2418",31875,"Female","Degree",0,32.25,8968,0.42,30683,14.16,50.66,47.2,"Unemployed","Rent","Debt_consolidation",0
"4813",53837,"Female","Diploma",0,33.75,3362,0.54,10267,7.35,34.79,31.6,"Unemployed","Rent","Vehicle",1
"9434",94806,"Female","Diploma",0,23.25,745193,1.66,1513017,28.73,90.63,52.5,"Contract","Mortgage","Debt_consolidation",1
"9728",97678,"Female","Grade 12",0,21.25,1468448,1.82,1610336,30.56,106.78,53.3,"Self-employed","Own","Debt_consolidation",1
"1235",21150,"Female","No records",0,17.75,561608,1.8,294070,0.71,14.87,29.5,"Salaried","Mortgage","Home_improvement",0
"6944",72874,"Female","No records",1,18.75,354763,1.82,609312,19.7,64.86,42.6,"Salaried","Rent","Vehicle",0
"2196",29836,"Male","Grade 12",1,18.75,483011,1.12,1056680,12.01,43.09,40.2,"Salaried","Rent","Vehicle",0
"5582",60909,"Female","Diploma",1,21.75,410153.5,1.35,5162901,16.73,58.59,42.3,"Self-employed","Mortgage","Debt_consolidation",0
"2388",31673,"Female","Grade 12",0,19.25,545731,1.59,647226,27.78,98.1,55.2,"Salaried","Own","Debt_consolidation",1
"9153",92341,"Male","Grade 12",1,34.75,6122,0.56,6148,33.66,107.09,58,"Unemployed","Mortgage","Debt_consolidation",1
"3138",38872,"Female","Degree",3,35,4464,0.47,11428,28.31,95.74,62,"Unemployed","Rent","Debt_consolidation",1
"3130",38761,"Male","Degree",1,19.75,3019551,1.44,9628702,26.71,89.58,57.3,"Self-employed","Mortgage","Vehicle",1
"3413",41312,"Female","Diploma",1,18.75,203039,1.15,310074,7.91,35.6,30.8,"Salaried","Rent","Vehicle",0
"5650",61554,"Male","Grade 12",0,19.25,476194,1.27,1720276,7.63,35.45,32.1,"Salaried","Own","Debt_consolidation",0
"5716",62179,"Female","Diploma",3,19.25,407784,1.51,362109,6.39,33.7,29.8,"Salaried","Mortgage","Vehicle",1
"1495",23494,"Female","Degree",0,24.75,868974,1.83,425523,1.16,13.66,30.8,"Self-employed","Rent","Other",0
"3756",44206,"Male","Degree",1,16.75,488419,1.03,1421345,22.86,73.29,46.8,"Salaried","Mortgage","Home_improvement",0
"2485",32419,"Male","No records",0,18.75,598535,1.7,754367,20.34,72.6,54.7,"Salaried","Rent","Vehicle",1
"8211",84083,"Male","No records",2,23.75,774667,1.81,2346285,25.94,88.98,51.8,"Self-employed","Rent","Other",0
"9414",94574,"Male","Grade 12",3,15.25,478670,1.18,273067,19.39,67.98,45,"Salaried","Mortgage","Vehicle",0
"6660",70627,"Female","Diploma",0,18.75,401726,1.91,1144347,12.78,48.57,45.2,"Salaried","Rent","Vehicle",1
"3536",42376,"Female","No records",0,20.75,451116,1.37,917251,6.26,31.05,30.6,"Salaried","Own","Debt_consolidation",0
"8950",90512,"Male","No records",2,20.25,301775,1.55,963058,30.77,98.43,62.6,"Salaried","Rent","Vehicle",1
"4993",55260,"Female","Grade 12",0,16.25,561227,1.13,249569,11.76,49.98,36,"Salaried","Rent","Vehicle",1
"828",17622,"Male","No records",0,22.25,1298769,1.44,1180736,26.3,83.71,56.7,"Contract","Rent","Vehicle",1
"4603",51866,"Male","Degree",3,16.75,591962,1.84,280673,29.24,99.82,54.6,"Salaried","Own","Debt_consolidation",1
"9576",96379,"Female","Grade 12",1,35,2118,0.49,4523,17.81,61.37,48.2,"Unemployed","Rent","Other",1
"6386",67938,"Female","No records",0,17.75,205694,1.5,461949,8.87,39.26,43.8,"Salaried","Mortgage","Vehicle",0
"7632",78632,"Female","No records",0,18.75,498133,1.34,498923,21.44,77.26,50.8,"Salaried","Rent","Vehicle",1
"6102",65672,"Female","Diploma",0,17.75,135600,0.97,405641,14.7,51.93,49.4,"Salaried","Mortgage","Vehicle",0
"564",15226,"Male","Grade 12",0,18.75,185580,1.39,198017,8.47,38.27,30.9,"Salaried","Rent","Vehicle",0
"193",11826,"Male","No records",0,16.75,255209,1.91,696462,23.12,77.07,56,"Salaried","Mortgage","Home_improvement",0
"9502",95482,"Female","Grade 12",0,18.25,350822,1.11,1285870,38.33,130.43,71.4,"Salaried","Mortgage","Home_improvement",1
"3588",42819,"Male","Diploma",0,21.75,236776,1.75,810203,9.73,36.2,33.6,"Salaried","Rent","Other",0
"7325",75882,"Female","No records",1,23.75,1026847,1.57,1886793,21.37,73.46,51.4,"Self-employed","Rent","Other",1
"389",13619,"Female","Grade 12",0,21.75,849019,1.92,798704,34.99,113.1,62.5,"Contract","Mortgage","Home_improvement",1
"370",13458,"Male","Grade 12",0,16.75,245318,1.26,245227,16.57,59.23,45.4,"Salaried","Mortgage","Home_improvement",1
"6606",70181,"Female","Grade 12",2,23.75,3586747,2.34,10384539,26.57,89.69,57.4,"Self-employed","Rent","Other",1
"4214",48123,"Male","Grade 12",0,20.25,1844345,1.41,6430014,38.36,124.85,61.2,"Self-employed","Mortgage","Home_improvement",1
"2334",31236,"Female","Degree",4,18.25,184281,2.07,226413,36.1,118.81,61.6,"Salaried","Mortgage","Home_improvement",0
"355",13322,"Male","No records",3,18.75,357903,1.56,935477,16.1,62.93,43,"Salaried","Rent","Vehicle",1
"9045",91398,"Male","No records",1,22.75,2583886,1.58,1382758,36.88,118.59,65.1,"Self-employed","Rent","Other",0
"7412",76591,"Male","Degree",2,21.25,696532,1.79,1283829,34.21,110.34,67.9,"Self-employed","Mortgage","Vehicle",1
"5950",64264,"Male","No records",1,25.25,3092965,1.83,750670,26.19,88.84,60.4,"Self-employed","Rent","Other",0
"4829",53992,"Male","Diploma",0,23.75,966670,1.31,3320464,39.61,126.27,73.9,"Contract","Rent","Vehicle",1
"9237",93153,"Female","Grade 12",0,18.75,340898,1.46,798979,17.22,65.86,44.2,"Salaried","Rent","Vehicle",0
"2107",29025,"Male","Degree",2,23.75,2336096,1.68,8162821,14.85,53.12,41,"Self-employed","Rent","Other",0
"2038",28326,"Male","Grade 12",0,18.75,789791,1.45,1065030,31.67,106.94,58.6,"Salaried","Rent","Vehicle",1
"5427",59259,"Male","Grade 12",0,12.75,229880,1.07,72760,22.94,77.27,50.3,"Salaried","Mortgage","Home_improvement",0
"684",16232,"Female","Degree",0,25.25,1325036,1.63,1237298,5.39,28.88,37.6,"Self-employed","Rent","Other",1
"3842",45047,"Male","Degree",0,16.75,351643,0.92,174049,24.72,79.6,53.7,"Salaried","Own","Debt_consolidation",0
"348",13216,"Male","No records",0,18.75,648302,1.72,2225860,24.82,83.58,48.3,"Salaried","Rent","Vehicle",1
"6647",70534,"Male","No records",0,19.25,190846,1.61,249054,38.09,119.67,65.6,"Salaried","Mortgage","Vehicle",1
"6351",67679,"Female","Degree",1,19.25,208903,1.28,715983,19.54,67.51,53.8,"Salaried","Own","Debt_consolidation",0
"2511",32683,"Female","No records",0,35,4494,0.53,15750,37.78,123.17,67.6,"Unemployed","Rent","Debt_consolidation",1
"1633",24810,"Female","Postgrad",3,21.75,762542,1.24,1984195,15.89,56.13,45.9,"Salaried","Rent","Other",0
"281",12589,"Female","Diploma",1,18.75,564546,1.89,1425642,8.3,32.5,37,"Salaried","Rent","Vehicle",1
"9216",92891,"Female","Degree",0,17.75,349772,1.79,766186,30,103.64,55.5,"Salaried","Mortgage","Vehicle",1
"3346",40698,"Female","Degree",3,23.25,349336,1.36,414728,3.27,20.88,32,"Salaried","Rent","Other",0
"9749",97831,"Male","No records",1,19.75,563762,1.79,927136,28.8,95.68,56.9,"Self-employed","Mortgage","Vehicle",1
"1705",25426,"Female","Postgrad",0,23.75,2153989,1.95,4581922,18.04,61.09,46.5,"Self-employed","Rent","Other",1
"347",13206,"Male","Degree",0,21.75,256443,1.94,555844,29.58,106.02,54.8,"Salaried","Rent","Other",1
"7419",76696,"Female","Degree",1,21.75,2514014,1.79,3045566,10.23,38.67,33.5,"Self-employed","Mortgage","Debt_consolidation",0
"425",13997,"Male","Grade 12",0,18.25,345363,1.67,732006,35.44,114.46,69.2,"Salaried","Mortgage","Home_improvement",1
"3901",45571,"Female","Grade 12",0,19.25,327066,1.4,862683,22.22,77.37,51.5,"Salaried","Own","Debt_consolidation",0
"2142",29366,"Male","No records",1,17.25,226431,1.99,77673,14.43,59.06,43.7,"Self-employed","Mortgage","Vehicle",0
"2378",31590,"Female","Degree",0,19.25,300143,1.44,1056242,5.79,27.9,40.7,"Salaried","Mortgage","Vehicle",0
"7605",78387,"Male","Postgrad",1,18.75,351186,1.48,265676,22.46,81.32,52.5,"Salaried","Rent","Vehicle",0
"2779",35243,"Female","Diploma",0,16.75,366059,1.58,913355,20.71,71.67,47.2,"Salaried","Mortgage","Home_improvement",1
"2024",28162,"Male","Diploma",1,22.75,883990,1.8,1540348,8.05,30.12,41.3,"Contract","Own","Debt_consolidation",1
"7385",76382,"Male","Degree",0,18.75,315516,1.17,638998,21.73,79.66,51.9,"Salaried","Rent","Vehicle",0
"7477",77247,"Female","Grade 12",1,20.75,464025,1.19,338368,3.99,15.3,29,"Salaried","Own","Debt_consolidation",0
"9097",91880,"Female","Postgrad",0,18.75,434370,1.6,395847,31.13,104.87,59.6,"Salaried","Rent","Vehicle",0
"3069",38089,"Male","Degree",0,21.25,1451300,2.14,1567102,18.33,65.16,51.6,"Self-employed","Own","Debt_consolidation",0
"9658",97015,"Male","Diploma",0,24.75,1276944,1.78,2600935,1.14,12.54,28.8,"Self-employed","Own","Debt_consolidation",1
"211",11980,"Female","Grade 12",0,25.25,3065705,1.34,2575372,37.84,113.96,69.6,"Self-employed","Rent","Other",1
"6484",68884,"Female","Grade 12",2,16.75,355924,1.49,1271423,16.61,56.88,44.8,"Salaried","Mortgage","Home_improvement",1
"6224",66726,"Female","Degree",2,15.75,595335,1.89,192264,27.41,91.11,50.4,"Self-employed","Mortgage","Vehicle",0
"1091",19996,"Male","No records",0,19.25,390421,1.3,1204522,7.52,37.85,38.4,"Salaried","Own","Debt_consolidation",1
"125",11172,"Male","Degree",2,20.25,599581,1.94,1172271,32.6,115.65,65.2,"Salaried","Rent","Vehicle",0
"2414",31853,"Male","Grade 12",0,16.75,599717,1.4,1369756,18.62,67.62,43.4,"Salaried","Mortgage","Home_improvement",1
"9222",92979,"Male","Diploma",0,16.75,317811,1.37,808073,28.1,96.94,50.8,"Salaried","Mortgage","Home_improvement",0
"6514",69228,"Male","Grade 12",0,25.25,1425577,1.81,1511774,35.44,118.35,69.4,"Self-employed","Rent","Other",1
"5050",55825,"Male","Grade 12",0,22.25,778102,1.01,2465256,8.4,34.18,37.3,"Contract","Rent","Vehicle",0
"5495",59951,"Female","Grade 12",0,18.75,458592,0.85,506543,23.63,79.64,51.5,"Salaried","Rent","Vehicle",0
"9076",91652,"Male","Diploma",0,21.75,272121,1.24,221035,20.64,74.82,49.1,"Salaried","Rent","Other",1
"3463",41736,"Female","Diploma",1,19.25,234436,1.61,93764,29.24,93.8,53.1,"Salaried","Rent","Other",1
"5067",55963,"Female","Diploma",0,23.25,755674,1.64,2428378,14.87,50.94,43.4,"Contract","Mortgage","Debt_consolidation",1
"1506",23603,"Female","Postgrad",0,22.75,1685867,2.02,1040339,6.26,31.82,28.5,"Self-employed","Rent","Other",1
"6302",67325,"Female","Grade 12",0,19.25,339599,2.16,339256,18.54,69.35,53.4,"Salaried","Own","Debt_consolidation",1
"2737",34819,"Male","Diploma",0,19.25,225267,1.82,816570,39.94,131.36,64,"Salaried","Mortgage","Vehicle",1
"6737",71178,"Male","Degree",1,16.75,242772,1.21,391469,14.62,54.24,36.6,"Salaried","Mortgage","Home_improvement",1
"6047",65196,"Male","Degree",0,16.75,185917,1.8,540156,25.03,81.62,59.2,"Salaried","Mortgage","Home_improvement",1
"5280",58075,"Male","Diploma",0,18.75,2972001,1.02,4353078,28.16,95.27,58.9,"Self-employed","Mortgage","Home_improvement",0
"2130",29201,"Female","Diploma",0,20.25,319348,1.81,613400,4.52,26.95,37.5,"Salaried","Rent","Vehicle",0
"8305",85032,"Male","Grade 12",0,17.75,396336,2.08,273067,14.15,50.96,40.8,"Salaried","Mortgage","Vehicle",0
"350",13230,"Male","Diploma",2,22.75,989943,1.25,1894299,39.64,127.06,68.4,"Contract","Mortgage","Vehicle",1
"4106",47216,"Female","Degree",0,16.75,293056,1.67,206089,8.69,35.22,34.2,"Salaried","Mortgage","Home_improvement",1
"8965",90631,"Female","Grade 12",0,23.75,1354487,1.79,2705963,31.1,105.06,61.5,"Contract","Rent","Vehicle",1
"4073",46973,"Male","No records",1,16.75,599590,1.22,2269886,12.64,51.36,41,"Salaried","Mortgage","Home_improvement",1
"4095",47106,"Male","Grade 12",0,33.75,1664,0.4,2779,37.14,120.15,67.6,"Unemployed","Rent","Debt_consolidation",1
"8039",82402,"Female","No records",1,20.25,541586,1.36,1088143,1.75,20.38,30.3,"Salaried","Mortgage","Home_improvement",0
"7863",80829,"Male","Postgrad",1,21.25,3374129,1.54,1389556,33.72,108.09,57,"Self-employed","Rent","Other",1
"2695",34417,"Female","Grade 12",0,20.25,640386,1.23,733244,37.46,118,60.4,"Salaried","Rent","Vehicle",1
"7993",82044,"Female","Grade 12",2,20.25,716168,1.64,901358,35.42,106.96,66.7,"Salaried","Rent","Vehicle",1
"2720",34682,"Male","No records",0,18.25,518215,1.63,940928,39.44,131.94,72.8,"Salaried","Mortgage","Home_improvement",1
"2454",32193,"Female","Diploma",0,14.25,722146,1.49,257452,19.71,68.67,53.3,"Salaried","Mortgage","Home_improvement",0
"8509",86690,"Male","Diploma",2,21.25,1330809,1.9,3396445,33.18,114.35,65,"Self-employed","Mortgage","Vehicle",0
"9827",98455,"Female","Diploma",1,27.25,2420712,1.97,7830291,2.67,18.69,34.8,"Self-employed","Rent","Other",0
"2404",31762,"Male","Grade 12",1,17.75,607349,1.72,356512,5.33,24.2,38.4,"Salaried","Rent","Vehicle",0
"1720",25582,"Female","Grade 12",2,18.75,239413,1.92,799386,14.88,56.1,37.6,"Salaried","Rent","Vehicle",1
"1210",20925,"Male","Diploma",0,18.75,654469,1.42,1194348,21.34,68.1,44.9,"Salaried","Rent","Vehicle",0
"6148",66108,"Female","Degree",1,21.75,1716992,1.79,2002556,10.24,39.75,40.1,"Self-employed","Mortgage","Debt_consolidation",0
"6946",72897,"Female","Diploma",2,25.25,2461269,1.83,1849902,36.39,115.81,71.1,"Self-employed","Rent","Other",1
"2347",31329,"Male","Diploma",2,21.25,2432917,1.37,7572643,4.25,19.12,34.8,"Self-employed","Mortgage","Vehicle",0
"8738",88751,"Male","Grade 12",0,16.75,200120,1.5,680846,21.01,78.17,51.3,"Salaried","Mortgage","Home_improvement",1
"4492",50681,"Female","Grade 12",0,20.25,443402,1.49,1522318,2.32,6.09,30.2,"Salaried","Mortgage","Home_improvement",0
"5148",56813,"Female","No records",1,25.25,1581224,1.59,2073848,37.39,118.09,68,"Self-employed","Rent","Other",1
"6516",69243,"Female","Grade 12",1,16.75,316205,1.99,482055,11.23,39.54,36.1,"Salaried","Mortgage","Home_improvement",1
"7413",76600,"Male","No records",0,18.25,145089,1.01,232687,6.27,28.99,31.9,"Salaried","Mortgage","Home_improvement",0
"172",11651,"Female","Grade 12",1,19.25,122328,1.78,66464,8.57,41.07,38.2,"Salaried","Rent","Other",1
"6620",70314,"Male","Grade 12",0,18.25,464014,1.52,1736730,35.1,113.67,65.1,"Salaried","Mortgage","Home_improvement",0
"1063",19816,"Male","Grade 12",0,18.75,539304,1.82,1432648,19.22,69.98,46.8,"Salaried","Rent","Vehicle",1
"7553",77892,"Male","Diploma",2,18.75,309801,1.46,646057,21.11,73.82,49.1,"Salaried","Rent","Vehicle",0
"1353",22267,"Male","No records",0,19.25,497178,1.98,839249,32.73,113.3,58.3,"Salaried","Own","Debt_consolidation",0
"1470",23332,"Male","Diploma",1,16.75,236270,1.52,772319,17.04,61.84,41.3,"Salaried","Mortgage","Home_improvement",0
"3137",38858,"Male","Grade 12",2,16.75,788222,1.83,2542808,36.05,120.56,59.6,"Salaried","Mortgage","Home_improvement",0
"1538",23971,"Female","Grade 12",0,19.25,362394,1.82,1170874,38.34,126.93,63.4,"Salaried","Mortgage","Vehicle",1
"8289",84864,"Male","No records",0,20.25,217002,1.94,297712,38.67,129.88,68.1,"Salaried","Rent","Vehicle",1
"8779",89057,"Male","Diploma",0,18.75,241788,1.27,545466,18.31,65.74,50.4,"Salaried","Rent","Vehicle",1
"7457",77050,"Male","Grade 12",0,19.25,680910,1.57,2353297,30.37,100.67,62.1,"Salaried","Mortgage","Vehicle",1
"8375",85607,"Male","Degree",2,19.25,251647,2.07,928807,3.91,21.97,35.2,"Salaried","Mortgage","Vehicle",0
"6577",69906,"Female","Degree",0,22.75,507232,1.8,1404760,3.53,20.63,31.4,"Self-employed","Own","Debt_consolidation",0
"6096",65600,"Male","Grade 12",1,19.25,88200,1.26,297099,7.47,33.16,36.5,"Salaried","Own","Debt_consolidation",1
"1488",23465,"Male","Grade 12",1,19.25,378107,1.4,291274,3.63,14.36,34.5,"Salaried","Mortgage","Vehicle",0
"4333",49254,"Female","Degree",0,23.25,343069,1.36,1117030,28.33,95.75,62.8,"Salaried","Rent","Other",1
"6621",70327,"Male","Diploma",0,31.25,4456,0.39,8978,25,84.1,50.5,"Unemployed","Mortgage","Debt_consolidation",0
"9225",93006,"Female","Degree",0,17.75,158527,1.45,68828,28.72,94.89,60.9,"Salaried","Rent","Vehicle",1
"3821",44937,"Female","No records",3,22.25,426583,1.98,448494,0.83,13.34,26.4,"Salaried","Rent","Vehicle",0
"7801",80291,"Female","Grade 12",2,17.75,112888,2.08,85203,16.13,56.99,44.3,"Salaried","Mortgage","Vehicle",1
"3253",39967,"Female","Grade 12",4,16.25,1263907,1.44,681392,29.8,102.29,52.3,"Self-employed","Mortgage","Home_improvement",0
"9744",97792,"Female","Grade 12",0,18.75,197943,1.39,706250,26.13,87.79,55.3,"Salaried","Rent","Vehicle",1
"1694",25307,"Female","Grade 12",0,22.75,205809,1.76,240245,14.72,57.35,47.3,"Contract","Own","Debt_consolidation",1
"8199",83951,"Female","Diploma",0,35,3583,0.75,8549,36.29,122.63,71.1,"Unemployed","Rent","Debt_consolidation",1
"9360",94208,"Female","Grade 12",0,21.25,387232,1.69,731887,22.85,81.29,54.2,"Contract","Mortgage","Vehicle",1
"2516",32720,"Female","No records",0,20.25,362409,1.68,567832,5.1,21.79,32.9,"Salaried","Rent","Vehicle",1
"5813",63043,"Female","Grade 12",3,35,4066,0.48,10890,37.29,122.13,60.7,"Unemployed","Rent","Debt_consolidation",1
"4397",49909,"Female","Grade 12",2,16.75,371652,1.26,286331,23.2,79.18,47.8,"Salaried","Mortgage","Home_improvement",0
"537",15023,"Female","Diploma",1,23.75,946760,1.68,2350109,15.21,59.69,45.1,"Self-employed","Rent","Other",1
"2862",36047,"Female","Grade 12",1,16.75,611650,1.36,1675187,23.84,75.44,55.8,"Salaried","Mortgage","Home_improvement",1
"7083",74037,"Male","Grade 12",3,21.25,328153,1.57,1101224,2.63,22.48,37.5,"Salaried","Mortgage","Vehicle",0
"8495",86556,"Female","Grade 12",0,24.25,293639,2.14,828614,4.81,29.27,38.6,"Contract","Own","Debt_consolidation",1
"1653",24974,"Male","Degree",0,23.75,1687749,0.96,3601557,23.71,80.2,57.2,"Self-employed","Rent","Other",0
"1254",21364,"Female","Diploma",1,33.25,5132,0.72,2725,7.06,29.62,30.6,"Unemployed","Rent","Debt_consolidation",1
"216",12043,"Female","Degree",1,20.25,3347840,1.95,9369926,5.85,23.35,34.3,"Self-employed","Mortgage","Home_improvement",0
"8972",90744,"Male","Degree",0,17.75,285074,1.8,360363,15.08,55.52,48.2,"Salaried","Mortgage","Vehicle",1
"4979",55134,"Female","No records",0,18.75,409729,1.57,688802,20.21,70.86,52.4,"Salaried","Rent","Vehicle",0
"5450",59449,"Male","Diploma",0,24.25,438464,2.07,1300594,3.73,21.82,26.4,"Contract","Own","Debt_consolidation",0
"3391",41176,"Female","Grade 12",0,25.25,803724,2.61,792580,34.39,116.81,64.1,"Self-employed","Rent","Other",1
"7283",75555,"Male","No records",0,17.25,1582848,1.68,943183,17.3,65.81,41.1,"Self-employed","Mortgage","Vehicle",1
"6034",65064,"Female","Degree",1,26.75,701355,2.2,2364023,0.08,9.49,28.5,"Contract","Mortgage","Debt_consolidation",0
"7771",80091,"Male","Diploma",0,22.25,809867,1.22,2576103,2.51,18.25,35.2,"Salaried","Rent","Vehicle",0
"8170",83728,"Male","Diploma",0,35,1831,0.6,2286,36.36,122.05,66.9,"Unemployed","Rent","Debt_consolidation",1
"8344",85318,"Female","Diploma",3,19.75,943211,1.48,2161953,30.91,97.5,58.9,"Self-employed","Mortgage","Vehicle",0
"9764",97937,"Female","Grade 12",0,24.75,354206,1.86,799334,2.25,15.22,26.3,"Self-employed","Own","Debt_consolidation",0
"8077",82933,"Male","Grade 12",0,15.75,438334,1.79,144146,14.36,50.26,41.8,"Self-employed","Mortgage","Vehicle",1
"4583",51683,"Male","Grade 12",2,23.75,899186,1.72,3411910,38.73,124.73,61.6,"Contract","Rent","Vehicle",1
"5915",63900,"Male","No records",1,16.75,416884,1.53,1449528,15.13,55.19,42.6,"Salaried","Mortgage","Home_improvement",1
"5779",62715,"Female","Diploma",0,33.75,6396,0.45,5846,34.57,113.17,63.6,"Unemployed","Rent","Debt_consolidation",1
"3921",45710,"Male","Grade 12",0,17.75,330655,1.72,228154,27.49,95.01,57.1,"Salaried","Mortgage","Vehicle",1
"1885",26958,"Male","No records",2,23.75,1222466,1.68,957562,11.96,46.73,41.3,"Self-employed","Rent","Other",1
"9657",96999,"Female","Diploma",0,21.75,390230,1.24,1117251,30.68,102.66,59.1,"Salaried","Rent","Other",0
"7565",77964,"Male","Grade 12",0,18.75,475018,1.05,898901,33.08,102.78,57.4,"Salaried","Rent","Vehicle",1
"452",14211,"Male","Grade 12",2,18.75,592028,2.3,1758481,20.05,74.17,44.5,"Salaried","Rent","Vehicle",0
"2547",33069,"Male","No records",0,18.75,306402,1.6,1115588,15.25,56.49,47.9,"Salaried","Rent","Vehicle",0
"178",11692,"Female","Grade 12",0,23.75,1700475,2.19,5056478,9.15,39.95,39,"Self-employed","Rent","Other",1
"2537",33016,"Male","No records",2,25.25,371822,1.55,829027,23.84,86.96,50.1,"Contract","Rent","Other",1
"5633",61411,"Female","Diploma",0,33.25,4463,0.53,2724,21.45,69.41,48.3,"Unemployed","Rent","Debt_consolidation",1
"866",17998,"Male","Grade 12",0,20.25,483480,1.6,1162202,33.75,106.02,63,"Salaried","Rent","Vehicle",0
"5780",62728,"Female","Degree",2,20.25,308662,1.62,422344,0.65,6.26,32.1,"Salaried","Mortgage","Home_improvement",0
"2041",28378,"Female","Postgrad",2,25.25,679346,1.54,1200204,33.46,110.66,63.7,"Self-employed","Rent","Other",1
"1536",23952,"Male","Grade 12",0,17.75,119559,1.27,347109,23.85,78.93,46.8,"Salaried","Mortgage","Vehicle",0
"5410",59104,"Male","Degree",0,18.75,181217,0.8,452921,33.11,108.13,56.3,"Salaried","Rent","Vehicle",1
"8559",87150,"Male","Grade 12",0,18.75,2674152,1.46,1535043,35.03,112.18,57.8,"Self-employed","Own","Debt_consolidation",1
"672",16112,"Male","No records",0,19.25,193759,1.14,435905,5.9,25.74,31.1,"Salaried","Mortgage","Vehicle",0
"4205",47995,"Male","Grade 12",0,17.75,235850,1.74,460930,21.45,71.62,55.6,"Salaried","Mortgage","Vehicle",0
"4804",53770,"Female","Grade 12",0,16.75,551588,1.69,661730,21.54,81.09,47.1,"Salaried","Mortgage","Home_improvement",0
"4644",52240,"Male","Grade 12",2,18.75,1608805,1.59,1940186,7.33,26.97,31.5,"Self-employed","Mortgage","Home_improvement",0
"5827",63154,"Male","Diploma",0,17.25,1396351,1.42,777072,14.94,55.99,41.7,"Self-employed","Mortgage","Vehicle",0
"568",15242,"Female","Grade 12",0,21.75,854379,1.8,1999078,26.58,93.81,54.2,"Self-employed","Mortgage","Debt_consolidation",1
"530",14966,"Male","Grade 12",0,17.25,4135570,1.54,2409752,25.44,83.52,58.8,"Self-employed","Mortgage","Vehicle",1
"7526",77662,"Female","No records",0,18.75,179114,1.6,581683,18.98,58.8,49.7,"Salaried","Rent","Vehicle",0
"6547",69648,"Male","Grade 12",0,35,2593,0.47,7184,15.02,54.77,37.4,"Unemployed","Rent","Debt_consolidation",0
"6861",72189,"Male","No records",0,21.75,422500,1.36,1552615,26.89,91.36,51.7,"Salaried","Rent","Other",0
"1188",20747,"Female","No records",2,18.25,437503,1.55,225529,3.72,19.86,29.5,"Salaried","Own","Debt_consolidation",0
"3792",44618,"Male","Grade 12",0,20.75,292447,1.35,354456,33.48,115.17,67.7,"Salaried","Own","Debt_consolidation",1
"3960",46019,"Female","Diploma",3,18.75,634068,2.02,1542417,26.44,89.74,59.7,"Salaried","Rent","Vehicle",1
"8963",90610,"Female","Diploma",1,21.25,717548,1.6,322607,32.1,111.14,61.3,"Contract","Rent","Vehicle",0
"6188",66429,"Male","Degree",0,21.25,1437843,2.2,4766023,18.53,68.15,52.2,"Contract","Mortgage","Vehicle",1
"521",14863,"Female","Diploma",2,20.25,685884,1.4,2389332,35.42,116.57,69.4,"Salaried","Rent","Vehicle",0
"7675",79089,"Male","Grade 12",0,21.25,1305405,2.37,3454528,36.12,125,60,"Self-employed","Own","Debt_consolidation",1
"6816",71841,"Female","Grade 12",0,23.75,3341526,2.16,5889354,18.86,66.82,52.9,"Self-employed","Rent","Other",1
"8001",82084,"Female","Postgrad",0,19.25,349534,1.34,947469,36.38,119.86,59.8,"Salaried","Own","Debt_consolidation",1
"2484",32416,"Female","Postgrad",1,18.25,414128,1.34,715982,30.04,104.82,64.9,"Salaried","Mortgage","Home_improvement",0
"308",12837,"Male","Grade 12",0,20.75,403883,1.01,787196,36.08,112.29,68.8,"Salaried","Own","Debt_consolidation",1
"6760",71363,"Male","Postgrad",2,25.25,193237,1.55,637851,2.46,20.09,27,"Salaried","Rent","Other",1
"5236",57693,"Female","Diploma",0,35,2464,0.55,3560,33.75,103.94,59.6,"Unemployed","Rent","Debt_consolidation",1
"1303",21858,"Female","Degree",1,16.75,298429,1.05,465364,12.89,42.58,43.6,"Salaried","Mortgage","Home_improvement",1
"291",12707,"Male","Grade 12",0,21.25,616277,1.84,257636,33.7,112.6,63.5,"Contract","Rent","Vehicle",0
"190",11782,"Female","Grade 12",0,35,6565,0.55,10598,29.1,99.61,62.8,"Unemployed","Rent","Other",1
"7508",77559,"Female","Postgrad",0,16.75,340367,1.65,659122,18.31,67.11,42,"Salaried","Mortgage","Home_improvement",0
"403",13770,"Male","Diploma",0,20.25,236995,1.42,370801,30.32,99.58,64.6,"Salaried","Rent","Vehicle",0
"2539",33024,"Male","Grade 12",0,20.75,2405484,1.7,1493726,37.44,118.63,69.7,"Self-employed","Mortgage","Debt_consolidation",1
"8121",83251,"Female","Degree",1,20.75,386318,1.36,702688,33.18,109.39,66.6,"Salaried","Own","Debt_consolidation",0
"5018",55532,"Female","No records",1,23.25,107364,1.74,324848,3.65,24.43,36.1,"Salaried","Rent","Other",0
"5604",61175,"Female","Grade 12",0,20.75,138582,1.05,333943,4.52,23.32,27.2,"Salaried","Own","Debt_consolidation",0
"6518",69250,"Male","Diploma",0,20.25,151304,1.32,192418,33.35,109.62,62,"Salaried","Rent","Vehicle",0
"4220",48187,"Female","Grade 12",0,22.25,1198805,1.78,4177286,0.94,21.54,35,"Self-employed","Mortgage","Home_improvement",0
"5821",63110,"Female","Degree",0,23.75,1004198,1.31,3171750,31.63,101.24,56.7,"Self-employed","Rent","Other",0
"1899",27083,"Female","Grade 12",2,21.25,322882,2.26,700598,16.01,59.64,41.2,"Contract","Mortgage","Vehicle",1
"7907",81265,"Female","Diploma",0,22.25,739575,1.68,1523449,2.65,19.82,37.2,"Self-employed","Mortgage","Home_improvement",1
"9806",98343,"Male","Diploma",2,34.25,4204,0.63,1548,12.35,46.13,37.6,"Unemployed","Rent","Other",1
"8156",83606,"Male","No records",1,20.75,170746,1.35,379083,38.73,121.8,72.1,"Salaried","Own","Debt_consolidation",1
"7176",74744,"Female","Degree",0,17.75,140368,1.23,141811,21.29,71.63,54.3,"Salaried","Mortgage","Vehicle",1
"7489",77334,"Male","No records",0,19.25,3000937,1.85,1888241,9.63,34.2,43,"Self-employed","Mortgage","Debt_consolidation",0
"1903",27093,"Male","No records",0,23.75,715946,1.44,2587031,15.24,51.11,49.6,"Self-employed","Rent","Other",0
"7663",78951,"Male","Grade 12",2,18.25,484244,1.68,1795486,5.43,27.63,28.2,"Salaried","Mortgage","Home_improvement",0
"9119",91991,"Female","Postgrad",1,18.75,338983,2.05,684565,20.86,68.29,51.5,"Salaried","Rent","Vehicle",1
"1897",27071,"Male","Diploma",0,20.25,244130,1.36,502623,27.15,91.94,61.2,"Salaried","Rent","Vehicle",1
"6786",71619,"Male","No records",1,23.75,1876298,1.69,6258337,27.05,89.65,58.3,"Self-employed","Rent","Other",1
"5526",60333,"Female","Diploma",1,15.25,324455,0.99,200969,26.65,87.5,54.2,"Salaried","Mortgage","Vehicle",0
"5380",58849,"Male","Diploma",2,23.25,269248,1.52,503106,37.48,124.77,66.8,"Salaried","Rent","Other",1
"1133",20391,"Male","Grade 12",2,18.75,496677,2.04,1067495,16.64,55.58,43.1,"Salaried","Rent","Vehicle",1
"8414",85927,"Male","Diploma",0,19.25,280967,1.65,668425,13.46,54.4,44.3,"Salaried","Own","Debt_consolidation",0
"3146",38922,"Female","Grade 12",0,21.75,497360,1.87,1513669,19.37,72.46,43.2,"Salaried","Rent","Other",1
"6111",65796,"Female","No records",1,20.25,85541,1.66,262599,6.76,24.21,29.3,"Salaried","Rent","Vehicle",1
"1335",22107,"Male","No records",0,23.25,574653,1.36,1087934,39.37,123.22,73.1,"Salaried","Rent","Other",1
"7573",78060,"Male","Diploma",1,20.25,261366,1.55,408190,5.99,24.25,30.6,"Salaried","Rent","Vehicle",0
"704",16453,"Male","Degree",0,20.75,618545,1.42,1266707,36.92,118.78,68.9,"Salaried","Own","Debt_consolidation",1
"4499",50778,"Female","Grade 12",0,18.75,362849,1.87,1181845,22.64,75.33,54.8,"Salaried","Rent","Vehicle",0
"8334",85250,"Male","Diploma",0,23.75,2025529,2.18,6598293,12.56,45.01,38.9,"Self-employed","Rent","Other",1
"977",19012,"Female","Grade 12",0,25.25,585157,1.28,1555962,0.39,8.55,31,"Salaried","Rent","Other",0
"3335",40602,"Male","Postgrad",0,20.75,134534,1.18,204634,6.96,35.85,29.8,"Salaried","Own","Debt_consolidation",0
"2582",33332,"Male","Diploma",2,28.75,2971263,1.74,3288446,2.01,16.7,24.9,"Self-employed","Rent","Other",0
"2408",31794,"Male","Diploma",0,17.75,354391,1.06,1145019,24.31,85.92,55.6,"Salaried","Mortgage","Vehicle",0
"6434",68354,"Female","Diploma",0,18.75,86113,1.5,124253,18.1,66.18,49.5,"Salaried","Rent","Vehicle",0
"9444",94901,"Male","Diploma",1,16.75,107529,1.21,318853,23.62,78.01,52.9,"Salaried","Mortgage","Home_improvement",0
"9722",97602,"Female","Diploma",0,17.75,549924,1.77,238462,39.3,128.5,74.2,"Salaried","Rent","Vehicle",1
"7991",82000,"Male","Grade 12",1,20.75,661006,1.82,562043,34.12,106.97,62.3,"Salaried","Own","Debt_consolidation",1
"3385",41148,"Male","Diploma",0,18.75,325562,1.11,295102,30.59,102.39,53.8,"Salaried","Rent","Vehicle",1
"9328",93983,"Male","Grade 12",0,18.75,217379,0.87,344118,26.34,91.58,53.9,"Salaried","Rent","Vehicle",1
"7967",81782,"Female","Diploma",1,21.75,397404,1.56,737694,27.66,97.48,56.2,"Salaried","Rent","Other",1
"2055",28539,"Female","Grade 12",0,18.75,236304,1.61,571751,31.78,107.34,58.6,"Salaried","Rent","Vehicle",1
"7184",74777,"Female","Grade 12",0,22.75,446516,1.46,1542776,0.26,5.86,23.2,"Salaried","Mortgage","Vehicle",0
"7293",75612,"Male","Degree",0,35,2819,0.58,9191,36.36,119.47,58.6,"Unemployed","Rent","Debt_consolidation",1
"3965",46043,"Male","Diploma",0,22.75,1310339,1.35,3200706,29.69,97.28,59.3,"Contract","Own","Debt_consolidation",1
"8099",83070,"Male","No records",0,18.75,280815,1.39,516006,12.18,50.42,39.7,"Salaried","Rent","Vehicle",0
"2521",32815,"Female","Grade 12",1,19.25,723137,1.25,704873,31.08,107.77,58.2,"Salaried","Own","Debt_consolidation",1
"7037",73690,"Male","Grade 12",0,19.25,473157,1,1155764,38.46,122.17,71.3,"Salaried","Mortgage","Vehicle",0
"8722",88595,"Male","Grade 12",2,21.25,759541,2.2,520411,39.58,126.9,71.4,"Self-employed","Mortgage","Vehicle",1
"5271",57989,"Male","No records",0,18.75,570890,1.58,1460238,27.23,92.87,52.9,"Salaried","Rent","Vehicle",0
"9156",92381,"Male","Diploma",0,19.25,511386,1.45,790460,23.37,82.16,58,"Salaried","Own","Debt_consolidation",1
"1068",19834,"Male","No records",2,34.75,1815,0.47,4674,22.7,79.92,53.9,"Unemployed","Mortgage","Debt_consolidation",1
"5704",62032,"Male","No records",0,19.25,183950,1.88,478559,3.99,28.09,29,"Salaried","Mortgage","Vehicle",0
"3149",38936,"Female","Grade 12",0,21.75,215917,1.46,223298,28.98,98.82,51.7,"Salaried","Rent","Other",1
"5708",62093,"Male","Degree",0,19.25,197144,1.86,167936,31.45,103.79,65.7,"Salaried","Mortgage","Vehicle",1
"2730",34742,"Male","Degree",0,33.75,4510,0.68,7746,17.75,60.35,40.1,"Unemployed","Rent","Vehicle",0
"265",12490,"Female","Grade 12",0,23.75,3491270,2.55,5908479,32.76,110.99,54.8,"Self-employed","Rent","Other",1
"7795",80270,"Female","Postgrad",1,16.75,257272,1.53,101157,32.39,110.62,58.1,"Salaried","Own","Debt_consolidation",0
"5263",57931,"Female","Grade 12",0,18.75,688111,1.98,2365659,32.62,109.91,55.3,"Self-employed","Mortgage","Home_improvement",0
"440",14105,"Male","Diploma",1,16.75,662699,2.06,2165959,15.87,54.24,44.8,"Salaried","Mortgage","Home_improvement",0
"1326",22016,"Male","Grade 12",0,18.75,749251,1.65,517294,21.53,74.41,48,"Self-employed","Mortgage","Home_improvement",0
"4282",48811,"Male","Degree",0,16.75,221575,1.35,811508,10.26,39.99,38.2,"Salaried","Mortgage","Home_improvement",0
"6259",66970,"Male","Postgrad",0,19.75,2473568,1.59,4945721,29.6,97.31,56.7,"Self-employed","Mortgage","Vehicle",1
"5317",58377,"Male","Diploma",0,17.75,283618,1.33,781447,13.9,54.29,43.8,"Salaried","Mortgage","Vehicle",0
"2178",29698,"Male","Degree",0,17.75,552099,1.23,560073,12.01,49.06,34.6,"Salaried","Mortgage","Vehicle",0
"5473",59760,"Male","Grade 12",0,18.75,97506,2,73301,9.84,41.09,44.4,"Salaried","Rent","Vehicle",0
"9376",94271,"Male","Diploma",3,19.25,373283,0.86,307136,27.96,97.18,57.3,"Salaried","Own","Debt_consolidation",0
"4774",53507,"Male","Diploma",1,17.75,145725,1.59,142026,9.22,34.57,32.9,"Salaried","Mortgage","Vehicle",0
"3296",40304,"Female","No records",0,23.25,1828260,1.92,1717718,3.04,17.99,26.6,"Self-employed","Mortgage","Debt_consolidation",1
"5388",58930,"Female","Postgrad",0,16.75,317521,2.03,369504,20.27,72.51,52.9,"Salaried","Mortgage","Home_improvement",1
"5756",62483,"Male","Grade 12",0,22.25,978592,1.83,1030139,35.98,119,59.1,"Contract","Rent","Vehicle",1
"7556",77908,"Female","No records",0,33.25,3668,0.32,7062,2.56,13.77,33.5,"Unemployed","Rent","Debt_consolidation",0
"7838",80666,"Female","No records",1,21.25,3215803,1.57,2870844,26.08,87.57,53.2,"Self-employed","Own","Debt_consolidation",0
"571",15272,"Female","Diploma",1,25.75,307579,2.02,792569,2.03,13.46,26.6,"Contract","Rent","Vehicle",1
"7928",81417,"Female","Grade 12",0,16.75,355209,0.99,915937,17.28,62.31,51.8,"Salaried","Mortgage","Home_improvement",0
"2438",32011,"Female","Diploma",0,18.75,487176,1.07,1656459,13.4,51.24,48.1,"Salaried","Rent","Vehicle",0
"7093",74149,"Female","Grade 12",0,19.75,1398197,1.86,2500466,22.95,73.72,46.6,"Self-employed","Mortgage","Vehicle",0
"7016",73518,"Female","No records",2,16.75,629755,1.25,1616211,15.81,58.99,45.6,"Salaried","Mortgage","Home_improvement",1
"9363",94213,"Male","Postgrad",2,19.25,170391,1.69,196049,6.01,28.19,40.8,"Salaried","Mortgage","Vehicle",0
"8271",84702,"Male","Diploma",0,22.75,2146487,2.34,3037328,34.03,107.21,62.8,"Self-employed","Own","Debt_consolidation",1
"7504",77507,"Male","Diploma",0,23.25,903248,0.99,844081,33.84,110.8,61.8,"Self-employed","Mortgage","Debt_consolidation",0
"2826",35616,"Female","No records",3,35,9007,0.5,14139,36.36,121.05,67.8,"Unemployed","Rent","Debt_consolidation",0
"7550",77869,"Female","Grade 12",0,32.25,3053,0.44,10962,15.06,53.37,39.1,"Unemployed","Rent","Debt_consolidation",0
"3761",44247,"Female","Grade 12",0,17.75,325532,1.27,393689,21.76,74.68,53.1,"Salaried","Mortgage","Vehicle",0
"6912",72593,"Male","Diploma",1,21.75,506706,1.84,1593972,0.76,17.85,24.5,"Salaried","Mortgage","Home_improvement",0
"620",15703,"Female","Postgrad",0,18.25,346205,2.19,684542,30.72,103.36,61.7,"Salaried","Mortgage","Home_improvement",0
"444",14124,"Female","Degree",3,16.75,103857,1.26,52474,28.98,98.44,60.6,"Salaried","Mortgage","Vehicle",0
"108",10957,"Male","No records",1,19.25,262622,1.27,256644,32.82,109.91,67.2,"Salaried","Mortgage","Vehicle",0
"7506",77536,"Male","No records",0,17.75,247666,0.87,847839,13.22,48.17,39.2,"Salaried","Mortgage","Vehicle",0
"9543",95961,"Male","Diploma",0,20.75,92813,1.86,45981,33.88,114.52,61.3,"Salaried","Rent","Other",0
"4831",54037,"Male","No records",1,22.25,556465,1.52,1404370,0.97,17.19,29,"Salaried","Rent","Vehicle",0
"1889",26988,"Male","Degree",2,35,3725,0.46,10740,17.41,57.91,41.2,"Unemployed","Rent","Debt_consolidation",1
"7371",76264,"Male","No records",0,17.75,124488,1.41,470742,17.43,63.46,39.9,"Salaried","Mortgage","Vehicle",1
"4211",48095,"Male","Diploma",0,22.75,737803,1.65,2402671,9.42,36.79,37.3,"Contract","Own","Debt_consolidation",0
"908",18372,"Male","Degree",2,21.75,651631,1.5,1820084,31.11,110.56,53.3,"Salaried","Rent","Other",1
"5521",60265,"Female","No records",0,20.25,357238,1.76,1119342,36.88,125.11,62,"Salaried","Rent","Vehicle",1
"9715",97526,"Male","Grade 12",1,15.25,463133,1.43,195908,16.31,55.28,49.8,"Salaried","Mortgage","Vehicle",0
"1435",22996,"Female","Degree",3,19.75,1304971,2.04,4314728,24.46,80.41,54.6,"Self-employed","Mortgage","Vehicle",0
"606",15595,"Male","Diploma",0,19.75,3612365,1.37,9833388,24.61,84.91,50.7,"Self-employed","Mortgage","Vehicle",1
"4297",48949,"Female","Degree",0,25.25,1988711,1.9,6892042,3.82,20.62,28.9,"Self-employed","Rent","Other",1
"9271",93521,"Male","Postgrad",0,22.25,1419775,1.26,1529406,22.91,83.31,54,"Contract","Rent","Vehicle",0
"4555",51393,"Male","Degree",1,18.75,594366,1.97,1886870,27.58,92.93,53.1,"Self-employed","Mortgage","Home_improvement",1
"9812",98379,"Male","Diploma",0,35,8545,0.55,5788,32.74,107.85,57.3,"Unemployed","Rent","Debt_consolidation",1
"3678",43594,"Male","Grade 12",1,22.25,370126,1.59,738439,0.89,6.84,30.6,"Salaried","Rent","Vehicle",0
"5193",57295,"Female","No records",1,17.25,921631,1.3,499701,19.5,68.12,42.4,"Self-employed","Mortgage","Vehicle",1
"2416",31871,"Male","Grade 12",1,23.75,1804942,1.59,4126101,8.05,33.44,39.6,"Self-employed","Rent","Other",0
"9597",96547,"Female","Grade 12",1,20.25,271389,1.65,990494,2.46,15.12,30.8,"Salaried","Mortgage","Home_improvement",1
"4756",53315,"Male","Degree",3,16.75,375667,1.68,1194401,28.79,100.72,58,"Salaried","Mortgage","Home_improvement",0
"4221",48198,"Male","Diploma",0,22.25,400762,1.73,1385169,2.67,15.7,32.4,"Salaried","Rent","Vehicle",0
"7969",81810,"Female","Diploma",0,21.25,1960324,2.31,2269202,17.44,61.13,49.5,"Self-employed","Own","Debt_consolidation",1
"535",15011,"Male","Diploma",2,18.75,246284,1.43,732167,27.74,93.1,50.4,"Salaried","Rent","Vehicle",0
"9930",99367,"Male","Postgrad",3,20.25,405548,1.29,718293,0.75,11.66,34.7,"Salaried","Mortgage","Home_improvement",0
"454",14232,"Female","No records",0,19.25,313918,1.09,1136106,34.26,111.49,68.6,"Salaried","Mortgage","Vehicle",0
"7156",74599,"Male","Diploma",1,33.25,3396,0.39,2015,2.56,17.86,33.5,"Unemployed","Rent","Debt_consolidation",1
"9043",91382,"Male","Postgrad",0,17.75,493062,1.26,1750522,19.77,66.75,52.2,"Salaried","Mortgage","Vehicle",0
"9669",97146,"Male","Grade 12",2,17.75,401676,1.4,1068261,7.72,32.16,30,"Salaried","Mortgage","Vehicle",1
"5259",57920,"Female","Diploma",0,19.25,265106,1.4,540231,8.77,36.87,31.8,"Salaried","Own","Debt_consolidation",0
"6755",71344,"Female","No records",0,19.25,418009,1.73,445950,12.01,45.36,46.5,"Salaried","Own","Debt_consolidation",1
"7837",80664,"Male","Grade 12",0,22.75,1531863,1.49,3930804,31.78,107,56.8,"Contract","Own","Debt_consolidation",0
"8322",85203,"Male","Diploma",0,23.25,440034,1.75,444177,3.34,21.79,28.3,"Salaried","Rent","Other",0
"531",14974,"Female","Degree",1,23.25,2280911,1.48,4067487,35.71,117.17,67.8,"Self-employed","Mortgage","Debt_consolidation",1
"371",13462,"Male","Diploma",0,19.75,948737,1.42,2186609,7.76,40.1,32.2,"Self-employed","Mortgage","Vehicle",1
"5428",59274,"Female","Diploma",2,18.25,629893,1.2,456969,3.03,16.34,34.4,"Salaried","Mortgage","Home_improvement",1
"669",16093,"Female","Grade 12",0,17.75,968977,2.25,526171,34.06,114.19,63.9,"Self-employed","Mortgage","Home_improvement",0
"4274",48757,"Female","Diploma",1,22.25,648179,0.81,1811242,7.57,31.93,30,"Contract","Rent","Vehicle",0
"2832",35688,"Male","Diploma",0,17.75,415226,1.53,841492,8.77,34.43,34.3,"Salaried","Mortgage","Vehicle",0
"4210",48051,"Female","Grade 12",1,17.75,512073,1.65,869562,13.86,48.84,47.3,"Salaried","Mortgage","Vehicle",0
"6777",71532,"Female","No records",1,20.25,441995,1.26,960748,3.47,15.88,31.7,"Salaried","Rent","Vehicle",0
"2090",28836,"Male","Diploma",0,20.25,316438,1.37,639724,1.88,14.26,32.3,"Salaried","Mortgage","Home_improvement",1
"565",15230,"Female","Grade 12",0,35,4997,0.58,18726,19.86,69.49,46.3,"Unemployed","Rent","Debt_consolidation",0
"6437",68378,"Male","Grade 12",2,20.75,158005,1.42,464371,4.05,20.37,27.5,"Salaried","Own","Debt_consolidation",0
"8804",89308,"Male","No records",0,21.25,280026,1.81,559244,28.93,97.49,54.2,"Contract","Mortgage","Vehicle",0
"1878",26915,"Female","Degree",0,19.25,163503,0.87,560754,36.99,122.19,70.5,"Salaried","Mortgage","Vehicle",1
"6682",70777,"Male","Degree",1,18.75,331603,1.4,901363,10.21,39.8,38.3,"Salaried","Rent","Vehicle",0
"8405",85840,"Female","Diploma",0,35,3017,0.54,5258,9.66,40.73,42.2,"Unemployed","Rent","Debt_consolidation",1
"1964",27549,"Male","Degree",1,23.75,4085954,1.13,6579974,13.76,52.28,45.7,"Self-employed","Rent","Other",0
"3930",45761,"Male","Diploma",0,20.25,705695,1.32,1557264,2.4,18.3,26.4,"Salaried","Mortgage","Home_improvement",0
"2039",28333,"Male","Diploma",1,15.25,557454,1.64,201449,22.58,77.77,48.9,"Salaried","Mortgage","Vehicle",1
"105",10940,"Female","Diploma",1,30.25,6730,0.39,9928,24.81,88.22,47.7,"Unemployed","Rent","Vehicle",1
"5586",60951,"Female","No records",0,35,4298,0.5,5094,30.6,98.36,59.7,"Unemployed","Rent","Debt_consolidation",0
"8327",85225,"Female","Degree",0,19.25,224275,1.64,749214,32.35,105.29,65.6,"Salaried","Mortgage","Vehicle",0
"2602",33540,"Female","Diploma",0,17.25,638850,1.2,204220,22.7,77.7,53.2,"Contract","Mortgage","Vehicle",1
"5081",56067,"Female","Grade 12",2,20.25,1220119,1.68,1911881,36.9,121.67,62.3,"Self-employed","Mortgage","Home_improvement",1
"8272",84710,"Female","No records",0,21.25,1197052,1.89,449706,20.23,67.78,48,"Self-employed","Rent","Other",0
"9775",98021,"Male","Degree",2,26.75,798948,1.3,702113,37.87,124.57,70.7,"Contract","Rent","Other",1
"3196",39312,"Male","Degree",2,18.75,1073402,1.94,2650381,27.99,92.47,59,"Self-employed","Mortgage","Home_improvement",1
"7172",74710,"Female","No records",0,19.25,1818771,1.51,622331,26.38,88.82,52.2,"Self-employed","Mortgage","Debt_consolidation",1
"6308",67353,"Male","Diploma",0,15.25,254827,1.3,146870,10.69,40.49,43.4,"Salaried","Mortgage","Vehicle",1
"4284",48819,"Male","Diploma",1,17.75,550579,1.26,627896,27.44,89.33,54.5,"Salaried","Mortgage","Vehicle",0
"8044",82513,"Male","Grade 12",1,22.25,428060,1.92,1512702,1.88,15.11,27.9,"Salaried","Rent","Vehicle",1
"7200",74886,"Male","Degree",1,16.75,220148,1.05,608027,10.61,41.07,43,"Salaried","Mortgage","Home_improvement",1
"4309",49060,"Male","Degree",0,18.75,368005,1.12,1207126,14.98,57.19,46,"Salaried","Rent","Vehicle",1
"7669",79009,"Male","No records",3,22.25,1196664,1.22,2518752,21.68,72.23,47.7,"Contract","Rent","Vehicle",1
"2974",37236,"Male","Degree",2,24.25,1418671,2.29,4660152,5.17,26.53,27.4,"Contract","Own","Debt_consolidation",1
"4658",52379,"Male","Postgrad",2,18.75,632028,1.5,920050,8.81,37.17,32.7,"Salaried","Rent","Vehicle",0
"8365",85530,"Male","Diploma",0,17.75,206761,1.55,337989,15.86,55.84,42,"Salaried","Mortgage","Vehicle",0
"6232",66790,"Male","Degree",1,19.75,384011,1.22,1451832,8.15,36.51,35.7,"Self-employed","Mortgage","Vehicle",0
"8665",88124,"Male","Grade 12",0,22.75,3830350,1.91,3846394,6.98,32.13,38.4,"Self-employed","Own","Debt_consolidation",1
"4647",52251,"Female","Grade 12",0,20.25,144026,1,62413,1.56,15.84,35.6,"Salaried","Own","Debt_consolidation",0
"115",11070,"Male","Degree",0,23.75,980224,0.69,871817,6.38,29,30.8,"Contract","Rent","Vehicle",0
"2898",36553,"Female","Degree",0,25.25,2917577,1.39,5160140,4.17,20.92,30.1,"Self-employed","Rent","Other",0
"6438",68379,"Male","Degree",0,18.75,426358,0.94,814873,32.8,107.37,55.1,"Salaried","Rent","Vehicle",0
"4424",50170,"Male","No records",0,20.75,273220,1.66,370208,37.86,124.55,65.2,"Salaried","Own","Debt_consolidation",1
"9735",97716,"Male","Grade 12",0,16.75,185098,1.72,411270,12.72,46.7,36.3,"Salaried","Mortgage","Home_improvement",0
"7085",74043,"Male","Diploma",3,24.25,839209,1.63,1308881,5.73,24.36,35.8,"Contract","Own","Debt_consolidation",1
"1722",25602,"Female","Diploma",0,15.25,405253,1.02,155075,10.17,38.83,41.1,"Salaried","Mortgage","Vehicle",0
"6052",65256,"Male","No records",0,17.75,426877,1.63,1522531,26.35,88.3,55.2,"Salaried","Mortgage","Vehicle",1
"7277",75495,"Female","Degree",0,23.75,504192,1.63,1569806,36.67,120.49,69.4,"Contract","Rent","Vehicle",1
"7884",81043,"Male","Postgrad",2,19.25,223602,1.41,286094,30.07,102.14,61.4,"Salaried","Mortgage","Vehicle",1
"8656",88032,"Female","Grade 12",2,16.75,272225,1.56,289320,14.28,52.53,47.8,"Salaried","Mortgage","Home_improvement",1
"7659",78934,"Female","No records",0,17.75,473330,1.57,1447026,25.26,85.3,58,"Salaried","Mortgage","Vehicle",0
"7488",77325,"Female","Diploma",1,21.75,243864,1.59,850896,23.54,79.04,52.3,"Salaried","Rent","Other",1
"5801",62954,"Male","Diploma",0,21.75,3070424,2.35,750670,19.07,67.1,47.1,"Self-employed","Mortgage","Debt_consolidation",1
"6918",72655,"Female","Grade 12",2,17.75,179328,1.55,401541,10.76,41.45,34.1,"Salaried","Mortgage","Vehicle",0
"1340",22125,"Female","Grade 12",0,18.75,158444,1.44,180916,20.56,64.54,54.1,"Salaried","Rent","Vehicle",0
"4651",52290,"Female","Grade 12",2,20.75,384179,1.59,556242,36.04,118.41,68.5,"Salaried","Own","Debt_consolidation",0
"4800",53741,"Female","Grade 12",1,13.75,471325,1.59,141974,11.94,40.19,45,"Salaried","Mortgage","Vehicle",0
"489",14562,"Female","Grade 12",0,18.25,500788,1.38,1376008,6.69,33.52,34.6,"Salaried","Mortgage","Home_improvement",0
"8309",85074,"Male","Degree",0,19.25,258376,1.93,638682,35.63,113.32,60.7,"Salaried","Mortgage","Vehicle",1
"8503",86638,"Male","Degree",1,18.75,1116635,1.51,1938405,17.75,63.96,41.1,"Self-employed","Mortgage","Home_improvement",0
"7022",73544,"Female","Grade 12",0,18.75,451686,1.84,662638,27.21,91.15,59.9,"Salaried","Rent","Vehicle",1
"3432",41480,"Male","Grade 12",0,23.75,372100,2.43,1139775,1.21,7.32,25.5,"Contract","Mortgage","Home_improvement",1
"7732",79684,"Male","Grade 12",0,23.25,424646,0.84,641045,34.06,108.59,66.1,"Salaried","Rent","Other",0
"1948",27430,"Female","Grade 12",0,21.25,553936,2.43,1575796,31.68,111.45,65.9,"Self-employed","Mortgage","Vehicle",1
"8621",87665,"Female","Diploma",0,16.75,324126,0.9,1016502,13.63,48.63,47.6,"Salaried","Mortgage","Home_improvement",0
"1433",22970,"Female","No records",0,21.25,369785,1.22,1380140,2.16,17.7,33.5,"Salaried","Mortgage","Vehicle",0
"5591",60968,"Female","No records",0,18.25,162078,1.56,112895,37.81,124.9,61.9,"Salaried","Mortgage","Home_improvement",0
"4611",51959,"Female","Grade 12",0,17.75,202883,1.57,266860,9.92,44.78,37.9,"Salaried","Mortgage","Vehicle",1
"3031",37774,"Male","Diploma",0,28.75,1829454,2.1,6227959,1.1,13.73,23.9,"Self-employed","Rent","Other",1
"8069",82860,"Male","Grade 12",1,23.75,905822,1.55,2617303,1.59,9.16,32.9,"Contract","Mortgage","Home_improvement",0
"3223",39676,"Female","Grade 12",2,23.25,248818,1.41,378468,26.26,92.78,61,"Salaried","Rent","Other",0
"3248",39903,"Female","No records",0,21.75,375544,1.95,545396,19.77,69.86,44.1,"Salaried","Rent","Other",1
"4155",47559,"Female","Grade 12",1,23.75,396053,1.61,1019166,13.64,52.27,43.8,"Self-employed","Rent","Other",0
"806",17451,"Male","Grade 12",0,30.75,6877,0.28,10089,18.21,66.28,41.9,"Unemployed","Rent","Other",1
"792",17356,"Female","Grade 12",0,18.75,309814,2.09,1041904,12.7,50.6,43.2,"Salaried","Rent","Vehicle",0
"3908",45616,"Female","No records",2,18.75,633077,1.77,1057041,15.63,53.02,48.4,"Self-employed","Mortgage","Home_improvement",1
"1443",23077,"Male","Grade 12",0,23.75,1016393,1.17,2967283,36.35,117.45,68.7,"Contract","Rent","Vehicle",1
"9453",95032,"Female","Diploma",3,18.25,496111,1.56,1462385,33.76,113.14,63.5,"Salaried","Mortgage","Home_improvement",1
"2207",29945,"Male","Grade 12",2,20.75,426895,1.62,661580,28.69,98.15,63.3,"Salaried","Own","Debt_consolidation",0
"5171",57081,"Male","No records",0,19.25,342360,1.27,1228981,13.92,54.05,44,"Salaried","Own","Debt_consolidation",0
"9927",99349,"Female","Degree",2,19.75,473643,1.09,1232488,31.32,99.1,56.4,"Self-employed","Mortgage","Vehicle",1
"3956",46000,"Female","Diploma",1,22.75,563967,1.99,1758288,29.76,99.44,60.6,"Self-employed","Own","Debt_consolidation",0
"6014",64924,"Male","No records",0,20.25,669907,1.68,676580,34.55,116.36,65.9,"Salaried","Rent","Vehicle",1
"7599",78305,"Male","Degree",0,21.25,846279,1.63,1924875,10.07,39.56,40.8,"Self-employed","Own","Debt_consolidation",0
"3333",40582,"Female","Grade 12",0,19.25,267188,1.05,901551,18.98,65.64,52.9,"Salaried","Own","Debt_consolidation",1
"9534",95817,"Female","No records",1,17.75,302964,1.69,973317,8.87,36.41,43.1,"Salaried","Mortgage","Vehicle",0
"1474",23356,"Female","Diploma",1,18.75,1212493,1.59,441846,32.88,107.78,55.9,"Self-employed","Own","Debt_consolidation",0
"1941",27373,"Male","Grade 12",0,25.25,1903995,1.79,3580842,39.82,130.99,71.4,"Self-employed","Rent","Other",1
"3786",44561,"Female","Grade 12",0,20.25,226128,1.18,402936,4.07,23.33,38.4,"Salaried","Rent","Vehicle",1
"9429",94753,"Female","Degree",0,16.75,787956,1.11,489297,32.5,104.43,60.8,"Salaried","Mortgage","Vehicle",1
"6172",66314,"Female","Degree",1,17.75,89469,1.89,255661,27.01,91.17,50.7,"Salaried","Mortgage","Vehicle",0
"3625",43147,"Female","Postgrad",0,22.25,417972,1.03,420974,24.89,90.82,51.2,"Contract","Rent","Vehicle",0
"5658",61606,"Female","No records",3,17.75,488873,1.48,187242,34.99,109.72,62.3,"Salaried","Rent","Vehicle",1
"9505",95535,"Female","Grade 12",0,22.75,262054,1.23,694834,6.41,30.34,35.3,"Contract","Mortgage","Vehicle",1
"5315",58372,"Female","No records",0,16.75,347659,1.71,1040845,25.06,82.77,47.9,"Salaried","Mortgage","Home_improvement",1
"4701",52779,"Female","Degree",0,18.75,185351,1.19,422553,27.55,89.91,56.9,"Salaried","Rent","Vehicle",0
"2010",28034,"Male","Grade 12",2,19.25,384289,1.45,585420,36.72,117.61,68.5,"Salaried","Mortgage","Vehicle",1
"4573",51585,"Male","Grade 12",0,20.25,506068,1.7,1810685,35.41,112.19,69.8,"Salaried","Rent","Vehicle",0
"5793",62899,"Male","Diploma",2,17.75,243481,1.24,246488,13.36,50,44.9,"Salaried","Mortgage","Vehicle",0
"8624",87693,"Male","No records",0,17.75,423641,1.67,469048,18.75,68.59,44.5,"Salaried","Mortgage","Vehicle",0
"2068",28665,"Female","Diploma",2,19.75,1845614,1.93,4424301,11.49,42.86,34.9,"Self-employed","Mortgage","Vehicle",1
"6154",66178,"Female","Degree",0,19.25,290958,1.76,129931,29.7,102.43,54.3,"Salaried","Rent","Other",0
"6086",65561,"Female","Grade 12",0,21.25,306162,1.22,1110623,0.19,14.15,26,"Salaried","Mortgage","Vehicle",0
"702",16447,"Male","Diploma",0,25.25,473642,1.15,1700058,23.34,81.38,51.4,"Contract","Rent","Other",1
"3043",37876,"Male","No records",3,19.25,151773,1.83,130393,39.25,136.34,73,"Salaried","Mortgage","Vehicle",1
"2466",32289,"Male","No records",1,18.75,523019,1.36,1205523,18.95,68.81,48.3,"Salaried","Rent","Vehicle",0
"8041",82449,"Male","Grade 12",2,23.75,2501434,1.87,3910384,18.58,67.31,52.2,"Self-employed","Rent","Other",1
"7271",75458,"Male","Diploma",0,18.25,116493,2.1,313749,34.88,114.78,66.6,"Salaried","Mortgage","Home_improvement",1
"3416",41336,"Female","Diploma",0,20.75,751603,2.04,277931,31.61,100.7,58.9,"Contract","Mortgage","Debt_consolidation",1
"8849",89706,"Male","Grade 12",2,23.75,499004,1.68,1257485,32.96,102.91,62.6,"Contract","Rent","Vehicle",1
"5890",63688,"Male","Grade 12",0,16.75,399006,1.74,506783,14.12,47.56,37.8,"Salaried","Mortgage","Home_improvement",0
"9584",96432,"Male","Diploma",2,25.25,585393,1.77,899798,18.93,66.67,44.4,"Contract","Rent","Other",1
"2759",35029,"Male","Diploma",1,19.25,736735,1.8,1533356,17.95,56.98,52.8,"Salaried","Own","Debt_consolidation",1
"2749",34945,"Male","Grade 12",0,21.25,919120,1.52,2263224,34.47,112.64,56.9,"Contract","Mortgage","Vehicle",1
"9407",94540,"Female","Degree",0,18.75,477497,1.82,1165267,7.42,32.37,36.6,"Salaried","Rent","Vehicle",0
"780",17193,"Female","Grade 12",0,35,5984,0.68,13076,37.66,120.06,68.5,"Unemployed","Mortgage","Debt_consolidation",1
"4402",49983,"Female","No records",0,23.25,326638,1.76,889765,30.53,100.97,63.7,"Salaried","Rent","Other",1
"5977",64528,"Female","Grade 12",2,16.75,158590,1.63,300288,24.58,84.18,52.7,"Salaried","Mortgage","Home_improvement",0
"4419",50124,"Female","Diploma",0,17.75,661815,0.97,2175955,17.11,63.41,50.3,"Salaried","Mortgage","Vehicle",0
"6803",71746,"Female","Grade 12",1,31.25,4640,0.36,12370,33.27,111.2,66,"Unemployed","Rent","Debt_consolidation",0
"6490",68942,"Male","Postgrad",0,25.25,1725514,2.12,3484383,37.02,118.87,66.5,"Self-employed","Rent","Other",1
"2448",32084,"Female","No records",1,30.75,4796,0.37,2651,25,86.43,54.1,"Unemployed","Rent","Other",1
"9127",92062,"Male","Grade 12",1,23.75,897220,2.18,3208313,32.43,105.87,58.4,"Self-employed","Rent","Other",1
"3599",42958,"Female","Diploma",2,20.25,278659,2.22,267285,5.66,30.34,31.6,"Salaried","Rent","Vehicle",1
"3367",40973,"Female","Grade 12",0,17.25,1350877,1.5,755816,11.44,42.56,43.9,"Self-employed","Mortgage","Vehicle",0
"3966",46053,"Female","Degree",2,27.25,1581599,1.58,2393878,1.14,18.84,28.4,"Self-employed","Rent","Other",1
"4322",49156,"Female","Grade 12",0,17.75,485178,1.28,1388041,26.64,86.89,50.2,"Salaried","Mortgage","Vehicle",0
"8657",88062,"Female","Degree",2,26.75,980365,2.27,2041001,35.31,116.46,67.6,"Contract","Rent","Other",1
"1987",27818,"Female","No records",0,17.75,365914,1.48,1062894,28.84,96.63,57.5,"Salaried","Mortgage","Vehicle",0
"7875",80972,"Male","Grade 12",1,22.75,334327,1.69,519307,0.79,14.44,24.1,"Salaried","Mortgage","Vehicle",0
"5096",56212,"Female","Degree",0,23.75,2041407,1.64,4513263,10.43,42.67,34.1,"Self-employed","Rent","Other",1
"3356",40824,"Male","Grade 12",3,18.25,301782,1.64,585674,3.12,19,25.7,"Salaried","Mortgage","Home_improvement",0
"2352",31392,"Female","Diploma",1,18.25,402247,1.17,1050705,5.23,28.29,31.7,"Salaried","Mortgage","Home_improvement",1
"4219",48168,"Female","Diploma",0,25.25,111457,1.56,378728,0.52,14.88,32.9,"Salaried","Rent","Other",0
"7238",75194,"Female","Grade 12",0,21.25,463014,1,503936,1.25,5.46,32.2,"Salaried","Mortgage","Vehicle",1
"7445",76960,"Female","Degree",2,19.25,169792,1.88,357422,16.46,57.37,41.4,"Salaried","Own","Debt_consolidation",1
"6593",70046,"Male","No records",2,23.75,1727130,1.84,2011535,22.51,81.37,51,"Self-employed","Rent","Other",1
"3276",40159,"Male","Degree",1,23.25,2755491,1.7,5582261,39.82,133.12,73.6,"Self-employed","Mortgage","Debt_consolidation",1
"220",12072,"Male","Grade 12",2,16.75,521004,2.16,895619,15.27,57.54,38.9,"Salaried","Mortgage","Home_improvement",1
"9430",94757,"Male","Grade 12",0,19.75,1598318,1.91,1540349,33.62,111.32,56.4,"Self-employed","Mortgage","Vehicle",1
"7043",73749,"Female","Postgrad",0,20.25,570352,1.49,618721,27.07,92.42,59.5,"Contract","Mortgage","Home_improvement",1
"9668",97142,"Male","Grade 12",0,19.75,1487415,1.59,1249015,28.74,95.86,55.8,"Self-employed","Mortgage","Vehicle",1
"4659",52385,"Male","Degree",0,21.75,204252,1.65,753059,32.69,104.94,57.5,"Salaried","Rent","Other",1
"1540",24001,"Female","Postgrad",0,18.25,534917,2.3,479508,34.35,114.45,60.8,"Salaried","Mortgage","Home_improvement",0
"9071",91612,"Female","Degree",2,16.75,205225,1.63,646138,25.69,85.64,48.7,"Salaried","Mortgage","Home_improvement",0
"5101",56261,"Male","Grade 12",0,22.25,1403354,2.05,1330270,14.65,51.84,41.7,"Contract","Rent","Vehicle",0
"2247",30359,"Male","Diploma",2,16.75,739743,1.72,1684936,17.25,60.05,50.8,"Salaried","Mortgage","Home_improvement",0
"8776",89042,"Male","Diploma",0,31.25,3030,0.32,6937,37.31,120.2,66.7,"Unemployed","Rent","Debt_consolidation",0
"2583",33337,"Female","Grade 12",0,17.75,212199,1.71,785539,17.68,60.98,52.6,"Salaried","Mortgage","Vehicle",1
"7781",80152,"Female","No records",0,20.25,2567539,1.64,1694394,39.15,123.97,73.3,"Self-employed","Own","Debt_consolidation",0
"7888",81085,"Female","Grade 12",0,18.25,309414,1.45,479210,3.51,14.87,34.8,"Salaried","Mortgage","Home_improvement",1
"7825",80579,"Male","Degree",0,23.75,359341,1.69,1348071,30.3,102.07,55,"Self-employed","Rent","Other",1
"9496",95428,"Female","Grade 12",0,17.75,399506,1.61,897949,27,90.08,51.8,"Salaried","Mortgage","Vehicle",0
"2218",30037,"Male","Diploma",0,14.25,325404,1.2,155739,9.15,39.85,39.2,"Salaried","Mortgage","Home_improvement",1
"9010",91145,"Male","Grade 12",1,23.75,2060561,2,2801013,19.99,70.9,42.9,"Self-employed","Rent","Other",0
"7883",81039,"Male","Diploma",2,27.25,1789083,0.93,5036715,1.03,14.79,35,"Self-employed","Rent","Other",1
"2653",33996,"Male","No records",1,20.25,116660,1.18,356339,1.32,10.17,31.2,"Salaried","Mortgage","Home_improvement",0
"4204",47986,"Male","Degree",1,16.75,265886,1.11,562610,22.05,78.03,46.6,"Salaried","Mortgage","Home_improvement",0
"4383",49712,"Male","Degree",0,23.75,1734850,2.14,5623886,20,71.68,52.2,"Self-employed","Rent","Other",1
"9215",92889,"Female","No records",1,20.25,545669,2.06,643230,3.39,19.48,30.6,"Salaried","Rent","Vehicle",1
"8667",88130,"Female","Postgrad",1,21.75,1462879,1.8,3990506,24.89,81.32,54.8,"Self-employed","Mortgage","Debt_consolidation",0
"1521",23839,"Male","Diploma",1,23.75,2100905,1.75,2309790,9.8,43.26,33.3,"Self-employed","Rent","Other",1
"7081",74024,"Male","Grade 12",0,17.75,178468,1.73,217116,15.58,51.08,47.7,"Salaried","Mortgage","Vehicle",0
"3583",42741,"Female","Diploma",0,31.75,1176,0.41,2642,37.61,120.41,66,"Unemployed","Rent","Vehicle",1
"2721",34683,"Male","Diploma",1,32.25,2797,0.44,2073,9.19,33.96,32.7,"Unemployed","Rent","Debt_consolidation",0
"2424",31920,"Female","Degree",0,25.25,1664056,1.48,5278356,6.08,28.3,38.5,"Self-employed","Rent","Other",1
"4994",55270,"Female","Grade 12",3,35,5864,0.48,8839,1.65,19.63,32.8,"Unemployed","Rent","Other",0
"6653",70567,"Female","No records",2,18.25,627771,1.58,2330353,6.4,30.89,33.5,"Salaried","Mortgage","Home_improvement",0
"8462",86342,"Male","Grade 12",0,19.75,534895,1.43,320157,2.56,15.97,28.8,"Salaried","Rent","Vehicle",1
"3709",43807,"Female","Grade 12",0,21.75,460665,1.95,721339,21.49,73.79,51.2,"Salaried","Rent","Other",1
"532",14986,"Female","Grade 12",0,19.25,421345,1.54,333958,5.32,21.52,36.9,"Salaried","Mortgage","Vehicle",0
"4625",52064,"Male","Degree",0,17.75,156082,1.53,429758,17.77,64.16,46.5,"Salaried","Mortgage","Vehicle",0
"7340",76007,"Male","Diploma",2,16.75,363534,1.55,1220936,15.03,57.77,39.9,"Salaried","Mortgage","Home_improvement",0
"2085",28813,"Female","Degree",2,17.75,791901,1.31,2503521,24.75,84.14,57.6,"Salaried","Mortgage","Vehicle",1
"5820",63092,"Male","No records",0,17.75,770392,1.23,1485819,26.1,86.95,56.4,"Salaried","Mortgage","Vehicle",0
"2186",29749,"Male","Degree",0,18.75,303197,1.41,172312,0.44,9.96,29.7,"Salaried","Mortgage","Vehicle",0
"867",18004,"Male","Grade 12",0,16.75,217088,1.06,545513,13.48,55.29,41.5,"Salaried","Mortgage","Home_improvement",0
"4280",48799,"Male","Grade 12",0,22.25,379368,1.61,1397418,9.27,40.53,35.4,"Contract","Rent","Vehicle",1
"7735",79718,"Male","No records",2,21.75,492268,1.42,1758200,9.29,38.98,36.1,"Salaried","Rent","Other",0
"1580",24291,"Female","Grade 12",3,18.75,348454,1.48,1280964,19.45,66.33,44.6,"Salaried","Rent","Vehicle",1
"5021",55544,"Female","Grade 12",1,18.75,572051,1.54,2031451,28.51,96.73,53.4,"Salaried","Rent","Vehicle",1
"5807",62980,"Female","Diploma",1,16.75,361169,1.82,857150,8.05,36.66,32.8,"Salaried","Mortgage","Home_improvement",0
"2808",35483,"Female","Grade 12",0,19.25,514740,1,979284,19.38,69.54,53.9,"Salaried","Own","Debt_consolidation",0
"1879",26921,"Female","Postgrad",0,35,4706,0.64,13535,0.73,9.28,28.8,"Unemployed","Rent","Home_improvement",1
"5519",60237,"Male","No records",3,18.75,161654,1.13,273409,7.62,38.07,33.2,"Salaried","Rent","Vehicle",1
"2686",34336,"Male","No records",0,18.25,460498,1.51,384915,28.07,92.28,62,"Salaried","Mortgage","Home_improvement",1
"2929",36880,"Female","No records",2,17.75,690935,1.82,254915,17.7,61.17,51.6,"Contract","Mortgage","Home_improvement",0
"8016",82218,"Male","Grade 12",0,23.75,293564,1.65,983694,35.84,116.84,67.1,"Contract","Rent","Vehicle",1
"5391",58954,"Male","Postgrad",0,20.25,610997,1.53,2236364,29.99,97.56,54.4,"Contract","Mortgage","Home_improvement",1
"300",12773,"Male","No records",0,18.75,397853,1.96,1253866,28.89,101.39,50.9,"Salaried","Rent","Vehicle",1
"5671",61777,"Female","Diploma",0,23.75,2405643,1.67,5554445,25.07,86.81,53.8,"Self-employed","Rent","Other",1
"6965",73028,"Female","Grade 12",0,19.75,1405432,1.1,5335126,13.43,52.38,45.1,"Self-employed","Mortgage","Vehicle",1
"5933",64101,"Female","Grade 12",0,19.75,155819,1.54,60577,1.18,13.08,32.1,"Salaried","Rent","Vehicle",0
"9598",96559,"Female","Grade 12",0,23.75,2535013,1.93,5610332,28.53,88.12,54.1,"Self-employed","Rent","Other",0
"6839",72034,"Female","Grade 12",0,21.75,219414,2.22,349306,22.66,82.64,54.6,"Self-employed","Mortgage","Debt_consolidation",1
"1674",25113,"Male","Diploma",1,18.75,217067,1.52,701872,20.1,69.25,46.7,"Salaried","Rent","Vehicle",0
"2143",29373,"Female","Diploma",2,18.25,218980,1.7,445038,5.33,23.42,39,"Salaried","Mortgage","Home_improvement",0
"8513",86739,"Male","No records",0,23.75,536323,2.07,1354062,25.97,89.95,49.4,"Self-employed","Rent","Other",1
"6771",71462,"Female","Grade 12",3,19.25,490681,1.91,1804529,31.92,104.39,62.6,"Salaried","Mortgage","Vehicle",1
"2890",36482,"Male","Grade 12",0,20.25,641380,1.32,580536,37.2,123.97,70.3,"Salaried","Rent","Vehicle",1
"1968",27608,"Female","Diploma",0,17.75,742621,1.44,2037906,35.21,113.91,59.8,"Salaried","Mortgage","Vehicle",0
"7772",80099,"Female","Diploma",1,28.75,5088,0.34,9489,11.69,48.99,34.5,"Unemployed","Mortgage","Debt_consolidation",1
"1057",19752,"Female","Grade 12",0,19.25,502989,1.5,1658831,3.54,24.03,34.7,"Salaried","Mortgage","Vehicle",0
"5448",59437,"Male","No records",2,21.25,334538,1.57,471990,0.23,19.47,35.1,"Salaried","Mortgage","Vehicle",1
"5896",63762,"Female","Grade 12",0,17.75,718163,1.89,1757846,31.6,102.69,60,"Salaried","Mortgage","Vehicle",0
"267",12505,"Female","Grade 12",0,20.75,454414,2.04,1534277,37.76,127.38,63.4,"Salaried","Own","Debt_consolidation",1
"3221",39661,"Female","Diploma",1,16.75,591774,1,475678,19.79,67.66,50.7,"Salaried","Mortgage","Home_improvement",0
"6051",65255,"Male","No records",0,23.75,1403550,2.36,1616855,24.44,83,56.5,"Self-employed","Rent","Other",1
"9612",96620,"Male","No records",3,23.75,3305469,1.93,3851796,10.04,38.04,40.8,"Self-employed","Rent","Other",1
"8554",87090,"Female","No records",2,35,9358,0.62,20757,39.68,123.47,74.6,"Unemployed","Rent","Debt_consolidation",1
"6149",66130,"Female","Degree",2,35,4777,0.54,10570,0.33,8.95,23.8,"Unemployed","Rent","Home_improvement",0
"5727",62273,"Female","Diploma",1,23.25,542008,1.96,1800545,12.75,48.63,44.9,"Contract","Mortgage","Debt_consolidation",1
"4584",51705,"Male","Grade 12",0,20.25,224318,1.61,747893,39.7,122.41,63,"Salaried","Rent","Vehicle",1
"319",12942,"Male","Diploma",1,16.75,249509,1.82,303959,20.11,69.16,52.9,"Salaried","Mortgage","Home_improvement",0
"8429",86067,"Male","Diploma",0,18.75,291760,1.3,683766,19.58,70.87,47.5,"Salaried","Rent","Vehicle",1
"8450",86205,"Male","Postgrad",0,16.75,406714,1.53,1177963,28.83,96.96,54.4,"Salaried","Mortgage","Home_improvement",1
"5769",62594,"Male","Grade 12",0,22.75,1524284,1.84,4906733,37.17,120.65,61.1,"Self-employed","Own","Debt_consolidation",1
"504",14673,"Female","Grade 12",0,21.25,1369449,1.67,5004656,23,76.57,51.9,"Self-employed","Own","Debt_consolidation",0
"5974",64502,"Male","Degree",2,22.25,530476,1.15,1953053,12.68,48.11,41.4,"Contract","Rent","Vehicle",1
"5054",55845,"Male","Diploma",0,19.25,678736,0.84,2156298,38.07,120.47,66.9,"Salaried","Mortgage","Vehicle",0
"5803",62974,"Male","Grade 12",1,16.75,532843,1.26,1345805,22.47,77.34,47.1,"Salaried","Mortgage","Home_improvement",0
"7451",76988,"Female","Grade 12",0,22.75,3857662,1.92,750670,4.34,29.4,37.3,"Self-employed","Own","Debt_consolidation",1
"8079",82964,"Male","Grade 12",0,14.25,529028,1.73,172166,36.24,118.58,65.7,"Salaried","Mortgage","Home_improvement",1
"6671",70699,"Female","Diploma",0,20.25,258462,1.68,628519,34.15,112.51,65.3,"Salaried","Rent","Vehicle",1
"8778",89046,"Male","Diploma",0,17.75,498245,1.57,279512,32.06,105.45,60.3,"Salaried","Rent","Vehicle",0
"8851",89725,"Male","Grade 12",2,20.25,398416,1.46,460431,15.76,59.81,43.6,"Contract","Mortgage","Home_improvement",0
"1176",20629,"Female","Diploma",0,34.75,4128,0.4,4462,33.37,111.94,61.3,"Unemployed","Rent","Other",0
"7919",81367,"Male","Grade 12",0,18.75,205708,2.26,596798,20.68,73.6,43.4,"Salaried","Rent","Vehicle",0
"4515",50879,"Female","Diploma",0,21.25,1531509,2.32,4614545,34.89,116.48,65,"Self-employed","Mortgage","Vehicle",0
"4844",54122,"Male","Postgrad",3,22.25,1034184,1.68,2721404,28.07,91.56,55.2,"Contract","Rent","Vehicle",1
"4011",46377,"Female","Diploma",2,21.75,664171,1.51,1969508,39.25,132.26,67.1,"Contract","Mortgage","Home_improvement",1
"4296",48933,"Female","Grade 12",1,18.25,601021,1.16,1198053,32.8,110.31,62.4,"Salaried","Mortgage","Home_improvement",1
"2287",30687,"Female","Diploma",2,25.25,2494526,1.52,2048690,34.17,115.84,68.1,"Self-employed","Rent","Other",0
"3112",38535,"Male","Degree",0,23.75,1197094,1.25,1153135,36.49,122.5,58.6,"Self-employed","Rent","Other",1
"4378",49699,"Female","Grade 12",0,16.75,236089,1.45,183153,18.42,63.36,43.3,"Salaried","Mortgage","Home_improvement",0
"8326",85221,"Male","Grade 12",0,18.75,411617,0.6,1354789,8.08,31.32,39.5,"Salaried","Rent","Vehicle",0
"9415",94580,"Female","No records",0,18.25,317806,1.67,130374,32.86,106.02,63,"Salaried","Own","Debt_consolidation",1
"585",15395,"Female","Grade 12",0,25.25,2056564,1.92,3605811,28.82,99.16,60.6,"Self-employed","Rent","Other",0
"2676",34224,"Male","Diploma",2,16.75,392011,1.54,172569,21.48,76.71,43.5,"Salaried","Own","Debt_consolidation",1
"2791",35343,"Female","Diploma",1,20.25,2796832,1.87,9570251,3.35,22.46,34.7,"Self-employed","Mortgage","Home_improvement",0
"8783",89076,"Female","Degree",0,23.25,703773,1.2,2263023,30.61,98.65,65.3,"Self-employed","Mortgage","Debt_consolidation",0
"7580",78124,"Female","No records",0,19.25,448337,1.26,1575872,6.26,27.96,33,"Salaried","Mortgage","Vehicle",0
"6925",72722,"Male","Postgrad",1,18.75,339048,1.69,975278,25.19,86.35,55.3,"Salaried","Rent","Vehicle",1
"9445",94905,"Female","Grade 12",0,21.75,362180,1.64,300532,29.19,99.59,53.3,"Salaried","Rent","Other",1
"8460",86309,"Female","Diploma",2,16.75,360747,1.25,579240,17.87,65.64,46.8,"Salaried","Mortgage","Home_improvement",0
"5011",55434,"Male","Grade 12",1,20.25,246435,1.44,180710,37.63,121.78,68.1,"Salaried","Rent","Vehicle",1
"8603",87532,"Male","Diploma",2,19.25,372502,1.45,423364,21.41,74.11,56.1,"Salaried","Own","Debt_consolidation",0
"8499",86592,"Female","Grade 12",0,18.75,1551961,1.8,3040907,22.7,79.74,56.2,"Self-employed","Mortgage","Home_improvement",0
"6007",64825,"Male","No records",0,32.25,4025,0.39,13441,19.35,69.81,45.6,"Unemployed","Rent","Debt_consolidation",1
"6487",68929,"Female","Grade 12",0,18.75,148786,1.7,411358,15.49,55.27,46.3,"Salaried","Rent","Vehicle",0
"3078",38252,"Male","No records",1,24.75,142868,1.89,357668,4.8,27.88,27.5,"Contract","Mortgage","Debt_consolidation",1
"2989",37340,"Female","Diploma",3,23.75,2202094,2.58,4902809,21.84,77.04,47.1,"Self-employed","Rent","Other",1
"9962",99646,"Female","Grade 12",0,22.25,323707,1.68,298768,1.93,17.98,29.1,"Salaried","Rent","Vehicle",0
"24",10166,"Male","Degree",0,23.25,300825,1.13,723432,37.62,123.7,64.7,"Salaried","Rent","Other",1
"1640",24859,"Male","Degree",0,20.75,475589,1.28,1373947,5.07,25.27,37.5,"Salaried","Own","Debt_consolidation",1
"1761",25854,"Male","Degree",0,35,3170,0.57,8852,3.87,25.06,29.2,"Unemployed","Rent","Debt_consolidation",1
"7182",74769,"Male","Diploma",0,35,5699,0.5,20496,35.51,120.73,65.1,"Unemployed","Rent","Debt_consolidation",1
"5255",57879,"Female","Grade 12",2,21.25,2013738,1.33,2341491,31.35,106.26,57.8,"Self-employed","Own","Debt_consolidation",1
"8358",85468,"Female","Diploma",0,21.25,1606087,1.93,2676549,35.69,118.91,62.7,"Self-employed","Mortgage","Vehicle",0
"8685",88271,"Male","No records",0,20.25,485701,1.63,980484,33.84,109.36,67.4,"Salaried","Rent","Vehicle",0
"819",17543,"Female","Degree",0,21.25,524208,1.59,1091792,2.77,18.59,26.7,"Salaried","Mortgage","Vehicle",0
"665",16018,"Male","Grade 12",1,34.25,4095,0.65,7482,4.98,24.11,38.3,"Unemployed","Rent","Home_improvement",0
"1016",19386,"Male","Postgrad",2,17.75,295265,1.54,425610,17.22,61.61,51.5,"Salaried","Mortgage","Vehicle",1
"3241",39821,"Male","Degree",0,17.75,379911,1.24,665017,9.3,34.93,34.7,"Salaried","Mortgage","Vehicle",1
"2995",37413,"Female","Diploma",0,28.75,4551,0.25,12101,14.91,56.8,45.4,"Unemployed","Mortgage","Debt_consolidation",1
"1151",20500,"Male","Diploma",2,35,4546,0.53,3174,16.18,59.66,50.9,"Unemployed","Rent","Debt_consolidation",1
"7352",76109,"Female","Diploma",1,17.75,388937,1.07,159170,38.86,129.1,73.1,"Salaried","Rent","Vehicle",0
"8941",90461,"Male","Degree",0,19.25,174998,1.45,222533,20.83,75.1,45.8,"Salaried","Own","Debt_consolidation",0
"4676",52565,"Male","No records",0,26.75,1117054,1.9,1365289,30.49,99.35,63,"Contract","Rent","Other",0
"8920",90291,"Female","Diploma",1,20.25,516206,1.67,277345,28.25,96.54,60.9,"Self-employed","Own","Debt_consolidation",1
"7809",80380,"Male","Diploma",1,18.75,868843,1.55,563797,15.78,59.09,38.9,"Contract","Mortgage","Vehicle",0
"941",18679,"Female","Degree",0,16.75,867576,1.71,3191908,21.38,74.28,43.8,"Salaried","Mortgage","Home_improvement",0
"7829",80597,"Male","Degree",0,13.75,496789,1.13,164217,24.22,81.72,53.1,"Salaried","Mortgage","Vehicle",0
"5102",56267,"Female","No records",0,16.75,204652,1.84,260729,10.25,45.67,44.7,"Salaried","Mortgage","Home_improvement",1
"1238",21198,"Female","Grade 12",0,19.75,2878928,1.6,4394110,19.72,72,52.7,"Self-employed","Mortgage","Vehicle",1
"7039",73715,"Male","No records",1,19.25,299102,1.15,661881,6.56,28.36,29.5,"Salaried","Mortgage","Vehicle",1
"5993",64710,"Male","Grade 12",0,23.75,1347713,1.47,4532501,23.32,76,47.8,"Self-employed","Rent","Other",0
"2322",31079,"Female","No records",0,22.25,1420819,1.56,1764598,29.85,103.04,56.1,"Contract","Rent","Vehicle",1
"5967",64456,"Female","No records",2,29.75,2296,0.35,5431,25.56,83.02,53.6,"Unemployed","Rent","Debt_consolidation",1
"1989",27865,"Female","Postgrad",0,19.25,380995,1.45,1395576,24.59,86.27,52.8,"Salaried","Own","Debt_consolidation",0
"6600",70126,"Male","No records",0,21.25,2258550,1.68,2714856,5.26,24.15,35.9,"Self-employed","Mortgage","Vehicle",0
"7360",76157,"Male","No records",0,21.75,573952,1.82,2047764,24.12,75.3,48.7,"Salaried","Rent","Other",0
"7786",80192,"Female","No records",1,23.25,2401332,1.37,1667476,0.96,13.44,35.4,"Self-employed","Mortgage","Vehicle",0
"6837",72023,"Male","Degree",2,21.25,1888436,1.57,2250867,5.04,21.34,34.4,"Self-employed","Mortgage","Vehicle",0
"2233",30205,"Male","Diploma",0,16.25,747947,1.83,309818,18.74,68.21,52.5,"Salaried","Rent","Vehicle",1
"8341",85289,"Male","Grade 12",0,20.25,305294,1.61,912310,14.95,57.72,45.9,"Contract","Mortgage","Home_improvement",0
"3077",38231,"Female","Grade 12",1,24.25,554371,2.34,1896502,36.87,120.97,61.2,"Contract","Own","Debt_consolidation",1
"978",19015,"Male","Diploma",0,16.75,322139,1.36,365116,31.82,98.35,58.5,"Salaried","Mortgage","Home_improvement",1
"2223",30090,"Male","No records",1,19.25,384729,1.16,741674,25.58,81.2,55.1,"Salaried","Own","Debt_consolidation",0
"8658",88065,"Female","Diploma",1,23.25,920648,2.42,2460752,1.69,18.76,36.4,"Self-employed","Mortgage","Vehicle",1
"8562",87162,"Male","No records",0,18.75,831775,1.73,1039350,7.43,28.88,33.2,"Self-employed","Mortgage","Home_improvement",1
"8891",90025,"Male","Degree",1,22.75,1426910,2.22,3570464,34.37,114.94,68.1,"Self-employed","Own","Debt_consolidation",0
"5467",59696,"Female","Grade 12",0,19.25,359861,1.64,256619,28.72,98.22,53,"Salaried","Own","Debt_consolidation",1
"8993",90991,"Male","No records",0,25.25,1829556,2.05,5864096,3.87,13.83,27.3,"Self-employed","Rent","Other",1
"196",11835,"Male","Grade 12",1,23.75,2186686,1.6,6744040,13.19,56.62,45.5,"Self-employed","Rent","Other",1
"1563",24142,"Male","Degree",2,33.75,9786,0.39,25622,25.1,89.27,60.1,"Unemployed","Rent","Debt_consolidation",1
"3754",44198,"Male","Diploma",0,34.75,8403,0.6,20912,29.98,103.81,56.4,"Unemployed","Mortgage","Debt_consolidation",1
"2318",31038,"Female","Diploma",1,16.75,336078,2,1156778,24.82,85.27,46.9,"Salaried","Mortgage","Home_improvement",1
"6515",69239,"Male","Degree",0,19.75,913296,2.4,2815483,29.58,103.95,57.5,"Self-employed","Mortgage","Vehicle",1
"3614",43072,"Female","Degree",2,19.25,237689,1.42,875413,35.46,113.62,60.5,"Salaried","Mortgage","Vehicle",0
"4712",52895,"Male","Grade 12",0,18.25,233636,1.66,675530,33.66,105.68,68.3,"Salaried","Mortgage","Home_improvement",0
"7452",77005,"Female","Diploma",2,18.25,252218,1.58,728706,6.78,28.32,41,"Salaried","Mortgage","Home_improvement",0
"6705",70937,"Female","Diploma",1,15.75,208291,1.68,110818,31.44,105.63,64.2,"Salaried","Mortgage","Home_improvement",1
"9154",92369,"Male","Grade 12",0,16.75,228910,0.71,820052,14.47,52.12,39.3,"Salaried","Mortgage","Home_improvement",0
"8150",83523,"Female","Degree",0,23.75,2876874,1.84,7929174,24.39,82.34,53.2,"Self-employed","Rent","Other",1
"7460",77086,"Male","No records",0,17.75,295858,1.66,934803,9.24,31.29,37.3,"Salaried","Mortgage","Vehicle",0
"7571",78034,"Female","Grade 12",0,22.75,364127,1.63,1045094,12.33,46.26,43.9,"Contract","Own","Debt_consolidation",0
"4037",46580,"Male","Grade 12",0,16.75,369532,1.01,1311263,10.86,45,45.5,"Salaried","Mortgage","Home_improvement",1
"4513",50868,"Female","Grade 12",0,19.25,490532,1.74,1035941,13.36,54.69,43.5,"Salaried","Own","Debt_consolidation",0
"857",17905,"Male","Grade 12",0,23.75,1703107,1.69,5844123,24.3,81.61,59.2,"Self-employed","Rent","Other",1
"467",14321,"Female","Grade 12",0,33.75,4947,0.42,4065,33.14,113.53,61.3,"Unemployed","Rent","Debt_consolidation",1
"556",15155,"Male","Diploma",0,17.75,360960,1.4,1239874,29.58,98.88,57.7,"Salaried","Mortgage","Vehicle",0
"921",18470,"Male","Grade 12",0,18.75,1200141,2.07,1139255,11.52,46.94,37.8,"Self-employed","Mortgage","Home_improvement",1
"529",14948,"Male","Diploma",0,21.75,600441,1.54,2129920,7.11,29.08,37.5,"Salaried","Rent","Other",1
"4999",55331,"Male","Grade 12",1,21.25,1734280,1.97,4774843,7.6,32.66,30.5,"Self-employed","Own","Debt_consolidation",0
"5170",57067,"Female","No records",2,18.75,294929,1.54,477238,29.33,102.53,58.2,"Salaried","Rent","Vehicle",1
"4742",53188,"Male","No records",0,23.25,770356,1.76,1751062,35.72,115.4,62.1,"Salaried","Rent","Other",1
"5039",55747,"Female","Grade 12",2,24.75,902593,1.9,2342076,2.74,19.73,26.3,"Contract","Mortgage","Vehicle",1
"410",13859,"Male","Diploma",0,23.75,2036996,1.4,7524354,20.9,75.34,55.9,"Self-employed","Rent","Other",1
"5323",58445,"Female","No records",0,23.75,1578237,1.47,4028053,13.39,51.29,38.2,"Self-employed","Rent","Other",1
"3195",39303,"Female","Grade 12",0,21.25,1631542,1,801976,12.08,49.35,46.9,"Self-employed","Rent","Other",1
"6447",68498,"Female","Grade 12",2,16.75,470406,1.92,357013,28.6,92.42,56.1,"Salaried","Mortgage","Home_improvement",1
"5509",60143,"Female","Grade 12",0,33.25,6411,0.4,10360,28.35,94.01,58.6,"Unemployed","Rent","Other",0
"5219",57530,"Male","No records",0,23.25,738999,1.4,2158931,17.07,62.15,51.3,"Contract","Mortgage","Debt_consolidation",1
"3369",40978,"Male","Diploma",0,22.75,353336,1.44,1079090,6.64,32.13,41.1,"Self-employed","Own","Debt_consolidation",1
"8672",88166,"Female","Grade 12",0,17.75,113883,1.56,191955,15.64,56.2,37.7,"Salaried","Mortgage","Vehicle",1
"5823",63112,"Male","Postgrad",1,20.75,348368,1.22,422827,31.71,105.54,66.4,"Salaried","Own","Debt_consolidation",1
"315",12911,"Female","Postgrad",4,21.25,2204947,1.9,8256259,34.89,114.19,60.3,"Self-employed","Mortgage","Vehicle",1
"4141",47433,"Female","Grade 12",1,25.25,1367602,1.13,1686954,3.15,23.77,31.2,"Self-employed","Rent","Other",0
"9059",91506,"Male","Grade 12",3,21.75,387395,1.15,258152,6.49,28.22,35.2,"Contract","Own","Debt_consolidation",0
"3147",38924,"Female","Grade 12",0,19.25,722398,1.47,1628320,34.59,109.36,62,"Salaried","Mortgage","Vehicle",0
"518",14830,"Male","Grade 12",0,18.25,205895,1.13,372304,5.11,28.33,29.2,"Salaried","Mortgage","Home_improvement",1
"124",11162,"Male","Grade 12",0,19.25,433738,1.57,384941,34.64,114.93,67.2,"Salaried","Mortgage","Vehicle",0
"7562",77949,"Female","Grade 12",0,35,9666,0.6,14897,8.38,41.05,34,"Unemployed","Rent","Debt_consolidation",0
"6863",72200,"Female","Grade 12",0,17.75,122419,1.59,191988,34.83,110.76,59.6,"Salaried","Mortgage","Vehicle",1
"9309",93858,"Female","No records",0,17.75,436197,1.36,1577046,21.13,77.99,53,"Salaried","Mortgage","Vehicle",0
"2407",31780,"Female","Diploma",3,21.75,1575224,2.41,3526493,16.21,59.72,42.6,"Self-employed","Mortgage","Debt_consolidation",1
"5314",58340,"Female","Grade 12",1,17.75,138850,1.39,285864,26.76,92.01,54.6,"Salaried","Mortgage","Vehicle",1
"9813",98384,"Female","No records",0,25.25,1031686,2.23,2238386,34.87,112.26,69.1,"Self-employed","Rent","Other",1
"5869",63550,"Male","Grade 12",0,16.75,663179,2.07,1115025,8.3,35.14,39.4,"Salaried","Mortgage","Home_improvement",1
"1635",24817,"Male","Grade 12",0,24.25,483226,2.35,1221858,3.56,14.91,35.8,"Contract","Own","Debt_consolidation",1
"8042",82505,"Female","No records",1,22.75,763393,2.05,1251629,24.95,85.51,50.4,"Contract","Own","Debt_consolidation",1
"3345",40689,"Male","Diploma",2,19.75,641751,2.48,273462,1.16,19.17,28.8,"Salaried","Rent","Vehicle",1
"495",14615,"Female","Grade 12",2,23.75,3069733,1.84,8086854,13.41,48.42,35.8,"Self-employed","Rent","Other",1
"2705",34582,"Female","Grade 12",0,23.75,554710,2.22,1109713,32.47,112.25,65.7,"Contract","Rent","Vehicle",0
"4362",49573,"Female","No records",0,19.75,2853603,1.23,3410944,23.02,80.29,51,"Self-employed","Mortgage","Vehicle",1
"9839",98554,"Male","No records",0,24.75,292355,2.08,405104,36.2,118.17,61.2,"Contract","Mortgage","Debt_consolidation",1
"255",12396,"Male","Grade 12",0,20.25,350093,1.3,413165,39.4,125.28,62.1,"Salaried","Rent","Vehicle",0
"5154",56893,"Female","No records",0,17.75,605204,1.06,1153410,10.26,42.31,38.7,"Salaried","Mortgage","Vehicle",1
"9491",95397,"Female","Diploma",0,18.75,360232,1.36,787536,27.97,89.52,51.1,"Salaried","Rent","Vehicle",0
"3383",41129,"Female","Grade 12",1,16.75,186011,1.35,664144,26.35,83.9,55.8,"Salaried","Mortgage","Home_improvement",1
"6736",71177,"Female","Grade 12",0,21.75,385423,1.91,660168,25.86,84.34,50.2,"Salaried","Rent","Other",0
"6905",72561,"Male","Diploma",0,22.75,677226,1.16,1656279,30.41,103.64,55.4,"Contract","Own","Debt_consolidation",1
"6416",68202,"Male","Grade 12",1,21.25,1845703,1.64,3594684,8.35,30.2,30.6,"Self-employed","Own","Debt_consolidation",1
"9231",93045,"Male","Grade 12",0,21.75,1324491,1.32,1622571,12.55,43.24,46.2,"Self-employed","Mortgage","Debt_consolidation",1
"1797",26151,"Female","Grade 12",2,22.25,762178,1.22,2247070,27.93,98.14,51.4,"Contract","Rent","Vehicle",1
"168",11619,"Male","Diploma",0,16.75,300197,1.63,365462,13.59,52.59,37.6,"Salaried","Mortgage","Home_improvement",0
"8515",86747,"Male","Diploma",0,19.75,1625483,1.33,513622,13.41,47.55,46.7,"Self-employed","Rent","Other",1
"3622",43122,"Female","Diploma",3,21.75,305158,1.49,533449,23.65,84,54.9,"Salaried","Rent","Other",1
"4481",50581,"Female","Postgrad",0,20.25,649855,1.35,1137263,6.63,31.81,33.7,"Salaried","Rent","Vehicle",0
"3378",41063,"Female","Grade 12",2,16.75,618519,1.63,899658,11.26,44.41,33.5,"Salaried","Mortgage","Home_improvement",1
"5284",58102,"Male","Diploma",0,35,1620,0.61,6020,17.78,65.43,41.2,"Unemployed","Rent","Debt_consolidation",1
"1154",20515,"Male","Diploma",0,21.75,207877,1.33,417758,8.57,37.31,34.7,"Salaried","Rent","Other",0
"3760",44234,"Female","Degree",0,18.25,537769,1.78,1156804,36.61,122.52,65.3,"Salaried","Mortgage","Home_improvement",1
"6147",66107,"Female","No records",2,31.25,5140,0.42,11496,7.53,35.49,39.8,"Unemployed","Mortgage","Debt_consolidation",1
"1503",23597,"Female","Diploma",0,22.75,384621,1.33,602531,2.87,12.25,37.8,"Salaried","Own","Debt_consolidation",0
"5817",63078,"Male","Degree",0,17.75,416939,1.51,544264,30.04,102.6,56.2,"Salaried","Mortgage","Vehicle",1
"7088",74071,"Male","Diploma",0,18.25,410577,1.19,873727,5.25,27.14,32.2,"Salaried","Mortgage","Home_improvement",0
"2441",32023,"Male","No records",1,18.75,593344,1.44,1270598,24.96,89.05,58.9,"Salaried","Rent","Vehicle",0
"8168",83723,"Female","No records",0,18.75,494939,2.2,190443,10.75,43.81,38,"Contract","Mortgage","Vehicle",0
"5862",63470,"Female","Grade 12",0,17.75,182161,1.8,344199,13.15,52.89,36.4,"Salaried","Mortgage","Vehicle",1
"675",16157,"Female","Grade 12",0,35,3254,0.44,11645,0.52,12.32,31.5,"Unemployed","Rent","Debt_consolidation",1
"3647",43275,"Female","Grade 12",0,35,3045,0.55,8533,20.9,70.95,53.4,"Unemployed","Rent","Debt_consolidation",1
"6718",71032,"Female","Grade 12",0,22.75,725222,1.53,2026409,16.09,52.3,43.1,"Contract","Own","Debt_consolidation",1
"8864",89830,"Male","Postgrad",3,21.75,168839,1.82,490759,8.78,36.01,37.9,"Salaried","Rent","Other",1
"6868",72234,"Male","Diploma",0,20.25,230954,1.73,818350,34.94,115.95,62.1,"Salaried","Rent","Vehicle",1
"4645",52246,"Female","Diploma",0,17.75,320367,1.51,433256,15.08,45.89,44.6,"Salaried","Mortgage","Vehicle",0
"1552",24080,"Male","No records",0,18.75,770183,1.39,689527,25.73,87.55,58.7,"Salaried","Rent","Vehicle",0
"764",17054,"Female","Diploma",2,18.75,2732748,1.9,1392283,36.35,121.25,66,"Self-employed","Mortgage","Vehicle",1
"9356",94164,"Male","Degree",1,18.75,145247,1.32,176518,11.07,45.39,36.2,"Salaried","Rent","Vehicle",0
"832",17654,"Female","Degree",0,19.25,293335,1.36,560593,35.83,117.36,63,"Salaried","Mortgage","Vehicle",0
"4193",47909,"Female","Degree",0,18.75,537700,1.76,1175599,35.99,118.18,58.7,"Self-employed","Mortgage","Home_improvement",1
"4851",54194,"Male","Grade 12",1,15.75,370553,1.38,246460,38.74,123.2,69.5,"Salaried","Mortgage","Home_improvement",1
"9625",96737,"Female","Grade 12",1,19.25,86053,1.29,139816,35.15,117.89,70.1,"Salaried","Mortgage","Vehicle",1
"7932",81468,"Female","Degree",1,17.75,200336,1.84,146649,21.47,79.29,56.2,"Salaried","Mortgage","Vehicle",0
"1882",26950,"Female","Grade 12",0,22.75,398258,1.27,1002842,1,17.34,29,"Salaried","Own","Debt_consolidation",0
"4047",46708,"Female","Diploma",0,16.75,267804,1.59,448124,17.38,63.44,51.5,"Salaried","Mortgage","Home_improvement",1
"2788",35325,"Male","Grade 12",2,19.25,507222,1.65,203785,1.14,15.21,23.3,"Salaried","Mortgage","Home_improvement",0
"3390",41173,"Male","Grade 12",0,17.75,509927,1.71,1776627,19.76,73.72,50.7,"Salaried","Mortgage","Vehicle",1
"9251",93329,"Female","Diploma",0,22.75,2085775,2.46,5633331,32.68,111.36,61.8,"Self-employed","Own","Debt_consolidation",0
"2294",30757,"Female","Degree",0,17.75,537952,1.73,267756,37.73,126.4,63.6,"Salaried","Rent","Vehicle",1
"8396",85797,"Male","Grade 12",0,19.25,290652,1.67,201881,4.09,19.64,26.8,"Salaried","Mortgage","Vehicle",0
"8201",83970,"Female","Diploma",2,20.75,478035,1.62,762882,36.63,118.65,61.5,"Salaried","Own","Debt_consolidation",1
"1628",24773,"Female","Degree",0,21.75,765079,2.3,1995966,26.49,90.47,61.3,"Contract","Mortgage","Home_improvement",1
"739",16853,"Female","Grade 12",2,35,3055,0.58,5242,2.48,16.79,29.1,"Unemployed","Rent","Home_improvement",0
"4002",46326,"Female","Grade 12",0,18.25,532300,0.94,1989277,35.25,118.96,70.2,"Salaried","Mortgage","Home_improvement",0
"9741",97750,"Male","Diploma",0,21.75,269987,1.47,714591,0.94,12.92,24.5,"Salaried","Mortgage","Home_improvement",0
"7583",78154,"Male","Grade 12",0,16.75,276709,1.38,895661,24.98,81.58,57.2,"Salaried","Mortgage","Home_improvement",0
"4985",55186,"Female","Degree",0,34.75,2944,0.59,1977,16.87,57.1,43.2,"Unemployed","Mortgage","Debt_consolidation",1
"4074",46987,"Male","No records",1,25.25,869135,2.39,2082182,24.61,81.9,48.6,"Contract","Rent","Other",0
"6734",71153,"Male","Grade 12",0,18.25,592353,1.5,463429,35.29,115.37,65,"Salaried","Mortgage","Home_improvement",1
"9357",94170,"Female","No records",1,21.25,743437,1.75,579861,0.77,13,30.3,"Salaried","Mortgage","Vehicle",0
"8726",88621,"Female","Grade 12",1,21.25,746241,1.34,310800,27.87,93.32,62.8,"Contract","Rent","Vehicle",0
"4695",52744,"Female","Grade 12",0,16.75,353067,1.11,468118,35.38,116.31,57.9,"Salaried","Mortgage","Home_improvement",0
"8214",84097,"Male","Grade 12",0,20.25,218418,1.79,576109,4.34,22.52,37.6,"Salaried","Rent","Vehicle",0
"7836",80663,"Male","Degree",2,25.25,775026,1.73,1633434,3.25,20.82,27.2,"Self-employed","Rent","Other",1
"8800",89256,"Female","Grade 12",0,18.75,300994,1.36,974446,29.25,95.48,55.7,"Salaried","Rent","Vehicle",0
"455",14234,"Female","Postgrad",0,19.25,444175,2.11,632455,38.37,125.97,63.1,"Salaried","Mortgage","Vehicle",1
"5709",62095,"Male","Degree",0,20.25,334751,1.72,646568,3.79,18.79,35.6,"Salaried","Rent","Vehicle",0
"4500",50791,"Male","Grade 12",0,27.25,127763,1.11,225591,1.2,17.1,34.1,"Self-employed","Rent","Other",0
"2372",31569,"Female","Grade 12",1,23.75,474228,1.69,1068144,17.77,65.76,45.8,"Self-employed","Rent","Other",1
"9761",97910,"Female","No records",0,35,5235,0.46,9469,17.24,61.88,49.4,"Unemployed","Rent","Other",1
"3002",37550,"Male","Grade 12",0,18.75,426272,1.29,637150,13.91,50.54,42.3,"Salaried","Rent","Vehicle",0
"1194",20828,"Female","Diploma",0,20.75,259308,1.63,839298,3.82,25.22,37.5,"Salaried","Own","Debt_consolidation",0
"5845",63349,"Male","Diploma",0,20.25,285228,1.42,683731,3.65,22.43,30,"Salaried","Rent","Vehicle",0
"3755",44200,"Female","No records",0,16.25,228511,1.88,131018,22.26,76.06,55.1,"Salaried","Rent","Vehicle",1
"5546",60558,"Female","No records",1,33.75,3175,0.42,9836,0.7,13.11,26.5,"Unemployed","Rent","Vehicle",0
"2774",35142,"Female","Postgrad",0,18.75,500347,1.88,172122,25.4,85.58,58.8,"Self-employed","Own","Debt_consolidation",1
"6491",68949,"Male","Degree",0,21.25,1648142,2.31,3199514,17.88,61.39,47.2,"Self-employed","Own","Debt_consolidation",0
"1343",22160,"Male","Diploma",0,18.75,749673,1.41,2775294,30.08,99.45,52.6,"Self-employed","Mortgage","Home_improvement",1
"5778",62711,"Male","Grade 12",0,17.75,473361,1.4,730840,30.45,105.96,54.6,"Salaried","Mortgage","Vehicle",0
"9443",94898,"Male","Grade 12",0,20.25,562062,1.05,1143823,38.99,125.39,73.6,"Salaried","Rent","Vehicle",0
"5847",63355,"Male","Diploma",2,19.25,359044,1.73,839480,14.85,48.9,39.9,"Salaried","Own","Debt_consolidation",1
"1636",24840,"Female","Diploma",0,16.75,552263,1.03,1026600,20.44,68.81,52.4,"Salaried","Mortgage","Home_improvement",0
"3180",39196,"Male","Degree",2,24.25,324107,1.5,848800,1.39,12.39,24.4,"Salaried","Own","Debt_consolidation",0
"3001",37544,"Female","No records",0,20.75,317403,1.28,440926,37.14,118.72,68.3,"Salaried","Own","Debt_consolidation",1
"2801",35453,"Male","Grade 12",0,17.75,485030,1.42,586906,26.48,93.71,56.2,"Salaried","Mortgage","Vehicle",0
"7382",76351,"Female","Diploma",0,20.25,432761,1.53,411936,39.87,128.25,64.8,"Salaried","Rent","Vehicle",1
"9676",97236,"Male","Diploma",0,20.25,354476,1.16,1251448,2.29,15.36,33.3,"Salaried","Mortgage","Home_improvement",0
"9435",94812,"Male","Grade 12",0,24.25,1118917,1.78,1296149,39.24,129.65,72.7,"Contract","Own","Debt_consolidation",1
"4217",48153,"Female","Diploma",0,32.25,8170,0.41,30498,23.1,80.88,55.4,"Unemployed","Rent","Debt_consolidation",0
"366",13426,"Male","Grade 12",0,23.75,936095,2.13,3176448,13.31,51.42,46.8,"Self-employed","Rent","Other",1
"356",13324,"Female","Diploma",0,23.75,2127471,2.62,5088215,25.85,85.38,55.6,"Self-employed","Rent","Other",1
"2047",28472,"Female","No records",0,16.75,130479,1.31,441265,24.79,90.04,51.4,"Salaried","Mortgage","Home_improvement",1
"4945",54872,"Female","Diploma",0,20.25,138832,2.24,341035,36.44,116.43,69.1,"Salaried","Rent","Vehicle",1
"9679",97259,"Male","Diploma",0,22.75,1055130,1.6,2412772,7.75,30.2,39.2,"Contract","Own","Debt_consolidation",1
"4367",49600,"Female","No records",2,35,5182,0.55,5468,38.63,124.48,69,"Unemployed","Rent","Debt_consolidation",1
"2241",30295,"Male","Grade 12",1,23.75,2955897,2.5,10051189,32.03,105.97,54.9,"Self-employed","Rent","Other",1
"5110",56366,"Male","No records",1,23.25,337700,1.44,984398,6.79,28.12,36.5,"Salaried","Rent","Other",0
"7432",76839,"Female","Degree",0,35,3570,0.55,5252,4.3,19.18,34.5,"Unemployed","Rent","Debt_consolidation",0
"7347",76075,"Male","No records",1,16.75,467978,2.02,958664,22.85,75.05,46.9,"Salaried","Mortgage","Home_improvement",1
"9217",92909,"Male","No records",0,19.75,1169125,1.68,1828386,28.11,92.85,57.2,"Self-employed","Mortgage","Vehicle",1
"4108",47230,"Male","Diploma",0,20.25,154313,1.54,120179,34.61,114.26,66.4,"Salaried","Rent","Vehicle",1
"8485",86493,"Male","Diploma",0,21.75,644809,1.11,1707696,18.11,63.2,46.9,"Salaried","Rent","Other",1
"9599",96564,"Female","Grade 12",1,18.75,212480,1.87,625494,20.93,70.42,50.8,"Salaried","Rent","Vehicle",0
"603",15563,"Female","Diploma",0,16.75,341142,1.83,398988,19.15,62.82,45.8,"Salaried","Mortgage","Home_improvement",1
"7454",77025,"Male","Diploma",1,21.25,1301143,1.47,2830710,36.73,119.59,62.4,"Self-employed","Mortgage","Vehicle",1
"8137",83383,"Male","Grade 12",0,19.25,573187,1.68,815321,31.22,100.2,63.9,"Salaried","Mortgage","Vehicle",0
"3791",44613,"Male","Degree",0,23.75,643008,1.33,888297,30.65,100.64,65.2,"Contract","Rent","Vehicle",1
"5404",59075,"Male","Degree",0,18.75,546976,1.25,1916606,15.85,64.72,47.7,"Salaried","Rent","Vehicle",0
"6074",65440,"Male","Grade 12",0,21.75,407182,1.48,330305,16.4,55.52,41.4,"Salaried","Rent","Other",1
"1978",27756,"Male","Diploma",0,18.75,124172,1.8,460501,23.42,82.74,55.9,"Salaried","Rent","Vehicle",0
"7731",79659,"Female","Postgrad",1,22.75,543417,1.89,1648053,3.92,18.24,31.9,"Contract","Mortgage","Vehicle",0
"2422",31908,"Female","Diploma",1,18.75,209310,1.43,471061,14.51,53.8,46.4,"Salaried","Rent","Vehicle",0
"4961",55009,"Female","Degree",0,16.75,255486,1.43,532423,14.83,49.33,39,"Salaried","Mortgage","Home_improvement",1
"5535",60467,"Female","Grade 12",1,35,5540,0.46,8190,39.06,126.16,65.5,"Unemployed","Rent","Debt_consolidation",1
"10000",99997,"Male","No records",0,35,5728,0.55,8169,29.67,98.39,57,"Unemployed","Rent","Debt_consolidation",1
"6546",69643,"Male","No records",2,20.75,1538643,1.5,681622,33.69,115.99,61.2,"Self-employed","Mortgage","Debt_consolidation",1
"7894",81153,"Male","No records",1,25.25,988104,1.76,1831144,36.48,123.04,70.2,"Self-employed","Rent","Other",1
"8102",83079,"Female","Grade 12",0,17.75,253176,1.83,878092,16.21,57.83,42.7,"Salaried","Mortgage","Vehicle",1
"1311",21906,"Female","Grade 12",0,21.75,167818,1.64,154085,22.41,79.01,46.1,"Salaried","Rent","Other",1
"4328",49217,"Female","Grade 12",0,16.75,436203,1.82,131293,31.27,109.45,63.3,"Salaried","Own","Debt_consolidation",1
"5104",56284,"Male","No records",0,35,1907,0.58,2827,14.2,55.08,43.1,"Unemployed","Rent","Other",1
"1606",24640,"Female","Diploma",1,21.75,318727,1.4,423699,8.48,38.28,34.1,"Salaried","Rent","Other",0
"8443",86168,"Female","Diploma",0,16.75,259454,1.5,625212,11.36,43.34,35.2,"Salaried","Mortgage","Home_improvement",0
"678",16197,"Female","Grade 12",0,19.75,2015346,1.93,7281730,13.03,54.02,45.8,"Self-employed","Mortgage","Vehicle",1
"5510",60147,"Male","No records",1,18.25,308461,1.55,754954,31.83,100.91,65.2,"Salaried","Mortgage","Home_improvement",1
"8841",89644,"Female","No records",0,16.75,541766,1.57,2058216,16.88,61,46.6,"Salaried","Mortgage","Home_improvement",0
"8180",83817,"Female","Grade 12",0,17.75,541190,1.53,1497011,15.01,54.99,44.1,"Salaried","Mortgage","Vehicle",0
"4366",49596,"Male","Grade 12",0,18.25,222247,1.46,842588,6.91,32.1,32.7,"Salaried","Mortgage","Home_improvement",1
"6544",69570,"Female","No records",2,18.75,379256,1.73,985159,9.69,40.41,39.5,"Salaried","Rent","Vehicle",1
"9527",95780,"Female","Diploma",1,16.75,695474,1.63,279094,3.39,20.6,37.4,"Salaried","Mortgage","Vehicle",0
"3814",44845,"Female","No records",0,17.75,661760,1.68,1735979,17.58,65.08,52.1,"Salaried","Mortgage","Vehicle",1
"5449",59443,"Male","Diploma",1,21.25,3954727,1.52,9307338,30.64,98.24,65.5,"Self-employed","Mortgage","Vehicle",0
"4273",48746,"Male","Grade 12",3,16.75,475096,1.22,1171517,20.04,71.74,43.9,"Salaried","Mortgage","Home_improvement",1
"9796",98280,"Female","Postgrad",1,20.75,254096,1.81,229060,3.18,18.68,31.5,"Salaried","Own","Debt_consolidation",0
"9910",99163,"Male","Grade 12",0,25.25,2556272,1.79,8161302,5.62,24.42,30.7,"Self-employed","Rent","Other",1
"1038",19551,"Male","Diploma",0,23.25,365561,1.88,920441,25.23,85.64,47.4,"Contract","Mortgage","Debt_consolidation",0
"9823",98434,"Male","Diploma",0,35,4765,0.55,11435,35.18,121.1,62.4,"Unemployed","Rent","Debt_consolidation",1
"3722",43875,"Female","Diploma",0,19.25,142822,1.52,301453,31.51,107.26,64.9,"Salaried","Mortgage","Vehicle",1
"8785",89098,"Female","Diploma",2,35,5219,0.46,10192,0.92,16.34,23.1,"Unemployed","Rent","Vehicle",1
"6562",69777,"Female","No records",0,18.75,397679,1.91,941461,15.65,54.31,50.2,"Salaried","Rent","Vehicle",1
"2118",29102,"Male","Grade 12",1,16.75,479178,1.79,734716,16.75,64.08,40.1,"Salaried","Mortgage","Home_improvement",0
"3537",42387,"Male","No records",0,19.25,212849,1.19,692829,32.37,106.36,66.6,"Salaried","Mortgage","Vehicle",1
"955",18799,"Female","Diploma",2,19.25,122950,1.88,348840,35.38,120.63,64.1,"Salaried","Mortgage","Vehicle",0
"7616",78520,"Male","No records",1,21.25,1455550,1.2,1146558,8.04,35.71,35,"Self-employed","Own","Debt_consolidation",0
"2338",31253,"Male","Grade 12",2,18.75,1743793,2.18,1125934,15.02,50.5,37.4,"Self-employed","Own","Debt_consolidation",0
"2016",28077,"Female","Postgrad",0,18.25,345801,1.33,1172574,37.7,120.01,60.4,"Salaried","Mortgage","Home_improvement",1
"6867",72227,"Male","Diploma",0,19.75,680045,2.02,2416991,10.89,40.82,42.5,"Self-employed","Mortgage","Vehicle",0
"3677",43576,"Female","Degree",2,18.75,356237,1.48,1316842,22.18,78.85,45.8,"Salaried","Rent","Vehicle",1
"9098",91885,"Male","No records",0,34.75,4947,0.46,12278,24.59,83.58,56.6,"Unemployed","Mortgage","Debt_consolidation",0
"2136",29290,"Male","Degree",2,21.25,3112208,1.02,10135558,14.03,55.02,47.1,"Self-employed","Own","Debt_consolidation",1
"3247",39898,"Male","Diploma",0,20.75,438456,1.44,1520499,36.75,116.81,70.8,"Salaried","Own","Debt_consolidation",1
"1357",22297,"Male","Grade 12",0,25.25,438378,1.88,781615,35.64,113.26,61.1,"Self-employed","Rent","Other",0
"2406",31774,"Male","Diploma",0,18.75,185558,1.44,464094,24.32,84.45,52.2,"Salaried","Rent","Vehicle",1
"4699",52768,"Female","Grade 12",0,17.75,256207,1.66,763776,7.74,37.53,38.7,"Salaried","Mortgage","Vehicle",0
"8839",89640,"Male","Postgrad",0,18.75,132252,1.43,83127,7.15,31.98,40.9,"Contract","Mortgage","Vehicle",0
"6424",68289,"Male","Degree",1,18.75,392829,1.22,406282,8.24,31.74,42.8,"Salaried","Rent","Vehicle",1
"920",18463,"Male","Grade 12",1,25.25,475023,1.71,1145645,2.92,19.57,29.9,"Salaried","Rent","Other",0
"3497",41985,"Female","No records",0,18.75,113176,1.38,376952,15.02,50.69,49.2,"Salaried","Rent","Vehicle",0
"5770",62597,"Female","Postgrad",1,20.25,379931,1.51,1054446,0.7,18.28,25.9,"Salaried","Mortgage","Home_improvement",1
"6537",69488,"Female","No records",0,22.25,423737,1.55,841830,8.69,32.12,35.4,"Contract","Rent","Vehicle",1
"1560",24124,"Female","Grade 12",0,30.25,4745,0.36,10711,38.41,124.85,62.5,"Unemployed","Mortgage","Debt_consolidation",1
"8821",89480,"Female","No records",0,32.75,6480,0.53,21599,10.27,40.48,39.1,"Unemployed","Rent","Home_improvement",1
"3259",39994,"Female","Diploma",0,16.75,598849,1.5,1984741,7.31,26.22,30.2,"Salaried","Mortgage","Home_improvement",0
"7491",77363,"Female","Postgrad",0,19.25,282120,1.6,855168,21.2,72.18,53.5,"Salaried","Own","Debt_consolidation",0
"3638",43227,"Female","Degree",0,23.75,1238635,1.35,4352228,24.05,82.22,49.8,"Self-employed","Rent","Other",0
"8119",83218,"Male","Diploma",1,25.25,1793375,1.6,3205579,4,25.41,33.5,"Self-employed","Rent","Other",0
"5485",59846,"Female","Degree",1,22.75,317460,1.64,696276,3.04,21.51,32,"Self-employed","Own","Debt_consolidation",1
"1280",21617,"Male","Grade 12",1,25.25,510773,2.17,1072088,6.4,32.16,33.5,"Self-employed","Rent","Other",1
"9238",93162,"Female","No records",0,31.25,9802,0.33,17972,3.46,23.45,35.8,"Unemployed","Rent","Debt_consolidation",1
"6031",65051,"Male","Diploma",2,19.75,1777026,1.75,4679803,8.4,32.87,39.3,"Self-employed","Mortgage","Vehicle",0
"8126",83300,"Female","No records",0,21.75,3325513,1.34,9967174,16.52,65.53,39.4,"Self-employed","Mortgage","Debt_consolidation",0
"7535",77754,"Male","Diploma",2,33.75,6607,0.59,3765,37.82,122.94,68.9,"Unemployed","Mortgage","Debt_consolidation",0
"658",15965,"Female","Grade 12",0,23.25,276941,1.7,708049,35.99,114.7,62.5,"Salaried","Rent","Other",1
"1507",23643,"Female","Grade 12",0,17.75,304545,1.36,704386,7.54,30.15,37,"Salaried","Mortgage","Vehicle",0
"9512",95646,"Male","Grade 12",0,31.25,4685,0.6,2915,14.71,55.53,39.7,"Unemployed","Rent","Vehicle",0
"3139",38874,"Male","Degree",0,35,5094,0.49,7487,2.72,15.77,28.8,"Unemployed","Rent","Debt_consolidation",1
"1896",27069,"Male","Grade 12",0,23.25,506324,1.46,553047,5.75,30.04,40.5,"Salaried","Rent","Other",0
"3114",38570,"Female","Grade 12",1,18.75,395414,1.39,938922,16.03,61.72,44,"Salaried","Rent","Vehicle",1
"817",17505,"Female","Diploma",1,18.25,230497,1.17,129736,36.38,114.94,63.1,"Salaried","Own","Debt_consolidation",1
"6722",71093,"Female","Diploma",0,17.75,229239,1.79,407119,27.2,89.41,56,"Salaried","Mortgage","Vehicle",1
"7584",78157,"Male","Diploma",0,32.25,5784,0.45,18804,36.8,118.53,59.4,"Unemployed","Rent","Debt_consolidation",0
"1708",25438,"Male","Diploma",0,35,2832,0.51,9360,32.22,105.13,65.6,"Unemployed","Rent","Debt_consolidation",1
"9513",95689,"Male","Grade 12",0,18.25,296596,1.35,878884,5.14,20.27,35.4,"Salaried","Mortgage","Home_improvement",1
"4479",50557,"Male","Diploma",0,22.25,1049848,1.81,2155538,35.66,118.27,60,"Contract","Rent","Vehicle",1
"6156",66210,"Male","Grade 12",0,15.75,198730,1.17,86723,39.31,127.72,72.8,"Salaried","Mortgage","Home_improvement",0
"5059",55906,"Male","No records",0,19.25,250042,1.12,453004,26.77,94.05,54.7,"Salaried","Own","Debt_consolidation",1
"8064",82777,"Male","Diploma",1,18.25,896143,1.23,2188347,32.78,116.56,60.5,"Salaried","Mortgage","Home_improvement",1
"6393",67979,"Male","Grade 12",1,23.25,242730,1.62,272126,32.89,105.74,65.2,"Salaried","Rent","Other",0
"2288",30693,"Female","Diploma",0,18.75,223580,1.71,669467,21.61,73.16,50.9,"Salaried","Rent","Vehicle",0
"3774",44364,"Male","No records",1,19.25,331669,1.76,515334,35.8,120.34,68.9,"Salaried","Mortgage","Vehicle",0
"4307",49050,"Female","Grade 12",1,23.75,2389529,0.67,4862621,19.14,66.23,44.3,"Self-employed","Rent","Other",1
"4455",50402,"Female","Postgrad",0,25.25,1246915,1.81,2518041,36.97,125.89,60.1,"Self-employed","Rent","Other",1
"6117",65825,"Male","Degree",0,21.25,1064034,2.2,1692824,30.7,95.03,58,"Contract","Mortgage","Vehicle",1
"4975",55101,"Male","Diploma",0,18.25,217708,1.25,375424,6.29,29.01,29,"Salaried","Mortgage","Home_improvement",0
"3632",43196,"Female","No records",1,20.25,268846,1.25,900593,34.55,113.59,68.9,"Salaried","Rent","Vehicle",0
"2348",31337,"Female","Grade 12",0,16.75,708175,1.39,1088664,29.78,98.54,54.8,"Salaried","Mortgage","Home_improvement",0
"6936",72804,"Female","Degree",1,17.75,143654,1.43,303944,11.7,49.98,41.5,"Salaried","Mortgage","Vehicle",0
"8390",85740,"Female","No records",0,16.75,391732,1.88,1455994,32.77,106.9,59.9,"Salaried","Mortgage","Home_improvement",1
"7188",74798,"Female","Grade 12",0,19.25,357588,1.44,144745,9.46,36.22,36.1,"Salaried","Rent","Other",1
"4919",54708,"Male","Degree",0,18.75,283209,1.38,1005630,18.9,66.03,43.7,"Salaried","Rent","Vehicle",0
"3508",42097,"Female","Grade 12",0,17.75,226878,1.31,153993,18.91,64.36,46.7,"Salaried","Mortgage","Vehicle",0
"8808",89344,"Male","Degree",0,19.25,192099,1.25,557947,33.42,110.4,58.2,"Salaried","Own","Debt_consolidation",1
"5846",63351,"Male","Diploma",0,16.75,293765,1.61,537085,11.89,48.07,40.4,"Salaried","Mortgage","Home_improvement",1
"5688",61903,"Male","Degree",2,19.25,478769,1.55,186227,9.43,40.08,40.2,"Self-employed","Mortgage","Debt_consolidation",0
"3850",45141,"Female","Grade 12",0,20.25,1791985,1.84,5677564,5.53,28.86,30.6,"Self-employed","Mortgage","Home_improvement",1
"2558",33161,"Female","Grade 12",0,21.75,1546103,1.87,4920001,21.47,76.43,52.4,"Self-employed","Mortgage","Debt_consolidation",1
"202",11899,"Female","Diploma",0,35,3276,0.65,6741,5.54,35.1,33.3,"Unemployed","Rent","Other",1
"9268",93490,"Female","No records",0,18.75,81549,1.32,308622,16.68,59.2,45.5,"Salaried","Rent","Vehicle",0
"7518",77608,"Female","Grade 12",3,23.75,2304014,1.88,8467744,19.21,67.48,48.8,"Self-employed","Rent","Other",1
"569",15253,"Female","Diploma",0,20.25,2009029,1.75,1932245,6.2,28.11,37.9,"Self-employed","Mortgage","Home_improvement",0
"7040",73734,"Male","Diploma",1,16.25,308336,1.73,134992,32.23,106.88,54.5,"Salaried","Rent","Vehicle",0
"8765",88967,"Female","No records",1,18.25,526432,1.31,669806,4.86,25.05,38.2,"Salaried","Mortgage","Home_improvement",0
"5439",59359,"Male","No records",2,16.75,716880,1.48,454334,39.45,128.28,67.7,"Salaried","Mortgage","Vehicle",0
"6602",70146,"Female","No records",0,24.25,457501,1.41,406900,38.26,121.3,67.2,"Contract","Own","Debt_consolidation",1
"1059",19778,"Female","Diploma",0,25.25,121603,1.67,265129,0.01,10.96,25,"Salaried","Rent","Other",1
"8453",86229,"Female","Postgrad",0,21.75,472873,1.89,1220174,29.07,96.34,58.9,"Salaried","Rent","Other",1
"7889",81090,"Female","Grade 12",1,23.75,1664036,2.33,1893956,30.87,98.04,58.2,"Self-employed","Rent","Other",1
"2747",34903,"Male","Grade 12",0,21.25,180777,2.03,372299,9.72,40.04,34.2,"Contract","Mortgage","Vehicle",1
"4617",52001,"Female","Diploma",0,21.25,1852786,1.1,6355663,5.32,20.91,31.9,"Self-employed","Mortgage","Vehicle",1
"2614",33642,"Male","Diploma",2,23.25,100431,1.38,380054,36.76,115.75,68.6,"Salaried","Rent","Other",1
"9464",95150,"Male","Grade 12",0,34.25,3783,0.67,11551,6.59,31.4,39.8,"Unemployed","Rent","Home_improvement",1
"1430",22934,"Male","No records",0,14.25,303431,1.44,174224,27.59,97.69,57.9,"Salaried","Mortgage","Home_improvement",1
"9532",95815,"Female","Diploma",0,25.25,1859129,2.05,4710063,32.02,103.74,63.1,"Self-employed","Rent","Other",1
"1478",23402,"Male","Diploma",0,19.25,184945,1.19,603196,29.23,102.8,59.8,"Salaried","Own","Debt_consolidation",0
"8815",89438,"Female","No records",0,16.75,189122,1.38,278882,24.83,86.52,50.9,"Salaried","Mortgage","Home_improvement",0
"2476",32347,"Male","Diploma",3,22.75,248595,1.33,704777,38.16,120.81,69.6,"Contract","Mortgage","Vehicle",1
"3365",40960,"Female","Degree",0,18.75,144485,1.86,423382,25.16,82.07,47.3,"Salaried","Rent","Vehicle",1
"7847",80715,"Male","Diploma",2,19.25,222565,1.53,195471,33.45,111.8,66.1,"Salaried","Mortgage","Vehicle",0
"3597",42908,"Male","Grade 12",3,19.25,491068,1.2,340330,39.3,128.51,72.7,"Salaried","Mortgage","Vehicle",1
"6049",65210,"Male","Diploma",0,17.75,285732,1.23,887400,23.3,84.16,48.4,"Salaried","Mortgage","Vehicle",0
"738",16835,"Male","Degree",0,26.75,9268,0.35,33671,8.88,33.89,37.2,"Unemployed","Rent","Home_improvement",0
"9698",97409,"Male","Diploma",0,19.75,1572378,1.91,4089659,15.54,56.57,39.4,"Self-employed","Mortgage","Vehicle",1
"2571",33259,"Male","Grade 12",1,18.75,297429,1.41,840914,24.64,86.57,54.2,"Salaried","Rent","Vehicle",0
"8586",87405,"Female","Grade 12",0,35,1791,0.46,4545,38.24,127.39,66.8,"Unemployed","Rent","Vehicle",1
"1396",22640,"Male","Degree",0,16.75,278482,1.34,647452,15.82,58.96,42.9,"Salaried","Mortgage","Home_improvement",0
"1652",24970,"Female","Grade 12",2,32.25,4285,0.45,11548,22.3,84.27,52.6,"Unemployed","Rent","Debt_consolidation",0
"7421",76733,"Female","No records",1,25.25,789035,2.66,1630019,4.39,18.43,27.9,"Self-employed","Rent","Other",1
"4606",51920,"Male","Diploma",0,14.25,116704,1.26,63719,13.05,49.58,38,"Salaried","Mortgage","Home_improvement",1
"8536",86956,"Female","Grade 12",0,20.75,860701,1.5,1414515,37.82,123.16,60.7,"Salaried","Own","Debt_consolidation",1
"9111",91962,"Female","Grade 12",0,19.25,766020,0.74,2881486,22.87,80.36,50,"Salaried","Own","Debt_consolidation",0
"5954",64324,"Male","Degree",1,18.75,124159,0.93,236597,34.11,114.09,57.7,"Salaried","Rent","Vehicle",1
"4720",52971,"Male","Grade 12",3,31.25,4389,0.26,11194,31.06,99.94,63.1,"Unemployed","Rent","Debt_consolidation",1
"2930",36881,"Female","Grade 12",0,16.75,511302,1.96,1239427,18.56,69.54,53.6,"Salaried","Mortgage","Home_improvement",1
"7446",76963,"Male","Diploma",0,22.25,923438,1.99,3114159,9.09,39.47,40.1,"Contract","Rent","Vehicle",1
"907",18360,"Female","No records",0,23.75,721793,1.78,1258257,28.81,91.04,53.8,"Self-employed","Rent","Other",1
"6198",66511,"Male","Diploma",2,14.25,202640,1.49,83371,11.17,34.27,33.7,"Salaried","Mortgage","Home_improvement",0
"2029",28209,"Female","No records",1,16.75,518997,1.42,1209458,23.72,81.34,50.8,"Salaried","Mortgage","Home_improvement",1
"4950",54886,"Female","No records",0,16.75,305304,1.31,893937,12.01,50.25,39.9,"Salaried","Mortgage","Home_improvement",0
"2445",32055,"Male","Grade 12",0,16.75,286120,1.29,904052,8.33,37.64,39.6,"Salaried","Mortgage","Home_improvement",0
"4125",47327,"Female","Diploma",0,22.25,514370,1.34,695911,0.98,11.72,29.7,"Salaried","Rent","Vehicle",0
"2576",33296,"Female","No records",0,19.25,186908,1.25,426123,39.52,128.47,67,"Salaried","Mortgage","Vehicle",0
"8630",87760,"Male","Grade 12",0,20.75,405133,1.48,234691,9.51,35.37,36.3,"Contract","Mortgage","Debt_consolidation",1
"4286",48827,"Female","Diploma",0,21.75,433019,1.72,1510723,11.55,43.01,35.9,"Salaried","Rent","Other",0
"1913",27174,"Male","Degree",0,19.75,715455,1.28,1649871,12.49,46.09,43,"Self-employed","Mortgage","Vehicle",1
"5293",58175,"Male","Diploma",2,20.25,162726,1.2,480118,35.36,117.23,69.9,"Salaried","Rent","Vehicle",1
"78",10751,"Male","Postgrad",1,21.25,287290,1.66,389189,1.66,11.93,33.2,"Salaried","Mortgage","Vehicle",1
"7036",73681,"Male","Grade 12",0,16.75,117260,1.36,161230,14.62,55.74,44.1,"Salaried","Mortgage","Home_improvement",0
"5525",60327,"Female","Diploma",1,20.25,152495,1.58,495454,39.62,131.3,65.8,"Salaried","Rent","Vehicle",1
"1377",22473,"Female","Diploma",2,19.25,351462,1.46,175468,10.42,42.91,42.8,"Salaried","Rent","Other",0
"5761",62509,"Male","Grade 12",0,18.75,414869,1.44,455221,20.11,76.34,53.9,"Salaried","Rent","Vehicle",0
"8991",90964,"Female","Grade 12",0,17.75,333526,1.52,732707,17.64,62.68,51.2,"Salaried","Mortgage","Vehicle",0
"8040",82441,"Female","Diploma",1,15.25,429337,1.2,136430,6.79,26.44,34.9,"Salaried","Mortgage","Vehicle",1
"5019",55533,"Male","Grade 12",0,25.25,2867886,1.67,9381686,5.02,27.85,28.8,"Self-employed","Rent","Other",0
"5278",58066,"Female","Diploma",0,16.75,164772,2.18,331448,24.89,84.44,50.6,"Salaried","Mortgage","Home_improvement",0
"6256",66961,"Female","No records",0,21.25,123022,1.69,161003,2.29,19.19,30.6,"Salaried","Mortgage","Vehicle",1
"1610",24673,"Female","No records",0,21.75,90215,1.95,316177,26.6,91.62,59,"Salaried","Rent","Other",1
"989",19112,"Female","No records",0,16.75,296389,1.83,950125,23.85,84.32,57.3,"Salaried","Mortgage","Home_improvement",0
"3380",41104,"Female","Grade 12",1,20.75,341049,1.88,227986,34.26,109.67,65.1,"Salaried","Own","Debt_consolidation",1
"2006",28010,"Male","No records",0,18.25,355496,1.17,766359,27.27,88.73,61.8,"Salaried","Mortgage","Home_improvement",1
"1374",22450,"Male","Grade 12",0,19.25,86431,1.46,229795,9.7,41.44,39,"Salaried","Own","Debt_consolidation",1
"3008",37615,"Male","Grade 12",0,19.25,316082,1.58,766119,39.35,129.32,66,"Salaried","Mortgage","Vehicle",1
"4294",48919,"Male","Grade 12",2,17.75,149942,1.52,269738,27.12,96.7,55.6,"Salaried","Mortgage","Vehicle",0
"5403",59066,"Male","Postgrad",2,16.75,459248,1.96,1158968,35.52,117.97,57.8,"Salaried","Mortgage","Home_improvement",1
"7207",74952,"Male","Diploma",3,33.75,3461,0.45,4216,29.28,94.06,63.4,"Unemployed","Rent","Debt_consolidation",1
"7601",78344,"Male","Diploma",0,21.75,153461,1.3,581436,19.81,70.11,42.1,"Salaried","Rent","Other",1
"61",10556,"Male","Diploma",0,16.75,529644,0.81,1013284,22.37,75.16,56.7,"Salaried","Mortgage","Home_improvement",0
"4874",54395,"Female","No records",2,18.75,521372,1.49,852845,30.91,106.31,53.8,"Salaried","Rent","Vehicle",0
"6193",66469,"Female","Grade 12",0,18.75,632692,1.46,1017561,14.67,52.83,40.9,"Salaried","Rent","Vehicle",1
"2011",28047,"Male","Grade 12",1,21.75,129545,1.08,415365,30.02,105.7,58.6,"Salaried","Rent","Other",0
"5581",60904,"Male","Grade 12",1,19.75,760439,2.26,2427421,8.88,38.72,34.7,"Self-employed","Mortgage","Vehicle",1
"8461",86318,"Male","Degree",3,34.25,5839,0.55,20757,33.91,112.88,64.6,"Unemployed","Rent","Home_improvement",0
"6402",68044,"Female","Diploma",0,20.25,1727652,2.02,5579034,5.17,27.99,39,"Self-employed","Mortgage","Home_improvement",1
"116",11072,"Female","Grade 12",2,17.75,404216,1.12,484808,21.83,76.37,48.4,"Salaried","Mortgage","Vehicle",0
"6741",71234,"Female","No records",0,18.25,302893,1.64,92186,1.31,12.79,34.5,"Salaried","Rent","Vehicle",0
"8313",85120,"Male","Grade 12",3,33.75,4574,0.43,3978,5.05,26.01,35,"Unemployed","Rent","Debt_consolidation",1
"5551",60612,"Male","Diploma",0,23.25,543312,1.29,989591,28.84,98.4,61.5,"Salaried","Rent","Other",1
"3547",42489,"Female","Degree",2,15.75,496224,1.19,204606,39.58,129.57,72.5,"Salaried","Mortgage","Home_improvement",1
"4368",49603,"Male","Diploma",0,32.25,4216,0.43,15752,25.47,87.67,53,"Unemployed","Rent","Debt_consolidation",1
"2789",35331,"Male","Grade 12",0,19.25,522486,1.52,753487,27.82,93.73,54.9,"Salaried","Own","Debt_consolidation",0
"171",11648,"Female","Grade 12",1,23.25,412029,2.22,287388,25.31,84.31,55.2,"Contract","Mortgage","Debt_consolidation",1
"6696",70849,"Male","No records",2,21.25,495102,2.1,442347,1.65,14.98,31.2,"Salaried","Mortgage","Vehicle",0
"526",14927,"Female","No records",2,23.75,2220695,1.46,4608610,23.24,75,55.4,"Self-employed","Rent","Other",0
"2440",32020,"Male","No records",0,16.75,99645,1.28,317846,16.31,59.96,39.2,"Salaried","Mortgage","Home_improvement",1
"4998",55302,"Male","Grade 12",3,28.75,3526,0.35,6969,10.32,43.93,40.8,"Unemployed","Mortgage","Debt_consolidation",1
"6941",72841,"Male","Grade 12",3,17.75,594212,1.79,807525,7.21,26.38,37.6,"Salaried","Mortgage","Vehicle",0
"7304",75686,"Female","No records",2,21.75,464817,1.53,1096152,20.87,75.29,53.9,"Salaried","Rent","Other",1
"6981",73179,"Female","Postgrad",3,20.25,2785012,1.98,7177548,5.09,27.81,37.8,"Self-employed","Mortgage","Home_improvement",1
"8283",84793,"Female","Grade 12",0,16.75,98035,1.46,268623,13.19,47.48,37.4,"Salaried","Mortgage","Home_improvement",0
"1301",21841,"Male","Grade 12",1,25.25,2531959,2.18,5070226,31.83,105.99,66.6,"Self-employed","Rent","Other",1
"381",13533,"Male","Degree",0,26.25,1205079,1.4,3843658,2.99,19.03,25.1,"Contract","Own","Debt_consolidation",0
"6298",67300,"Male","Degree",2,23.25,879355,1.82,1578813,34.21,107.86,63.8,"Salaried","Rent","Other",1
"3088",38303,"Female","Grade 12",1,18.75,185846,1.68,313700,11.88,42.91,43.7,"Salaried","Rent","Vehicle",0
"9070",91587,"Female","No records",0,21.25,232037,0.96,554262,1.47,16.67,36,"Salaried","Mortgage","Vehicle",0
"5849",63364,"Male","No records",1,20.25,2236669,1.84,7318640,38.66,125.91,67.2,"Self-employed","Mortgage","Home_improvement",1
"2295",30768,"Female","No records",0,20.25,279152,1.65,892685,35.45,118.52,64.8,"Salaried","Rent","Vehicle",0
"757",16997,"Female","Grade 12",2,22.25,131344,1.89,180853,0.46,14.24,27.5,"Salaried","Rent","Vehicle",0
"2670",34158,"Female","Grade 12",3,20.25,293377,1.34,654563,3.93,22.17,30.6,"Salaried","Rent","Vehicle",0
"6231",66788,"Female","Grade 12",2,35,4260,0.49,14708,1.5,17.85,35.9,"Unemployed","Rent","Debt_consolidation",0
"2505",32629,"Female","Grade 12",0,19.25,328935,1.25,792923,35.28,112.86,64.6,"Salaried","Mortgage","Vehicle",1
"9342",94051,"Male","Diploma",0,16.75,571971,1.16,1894162,8.2,35.85,40.2,"Salaried","Mortgage","Home_improvement",1
"7054",73793,"Male","Grade 12",0,31.75,4701,0.57,1935,37.38,121.19,66.4,"Unemployed","Rent","Home_improvement",1
"6676",70752,"Male","Degree",2,34.75,2488,0.54,5905,7.46,35.47,40.1,"Unemployed","Mortgage","Debt_consolidation",1
"2007",28013,"Male","Diploma",0,26.75,379706,1.51,1065306,37.35,119.7,68.3,"Contract","Rent","Other",1
"4799",53740,"Male","Postgrad",3,19.25,257683,2.06,286447,9.82,41.2,44.4,"Salaried","Own","Debt_consolidation",1
"4201",47977,"Female","No records",2,35,1734,0.6,4509,21.34,77.67,44,"Unemployed","Rent","Debt_consolidation",0
"7112",74272,"Female","Grade 12",0,23.75,2135224,1.56,7595414,28.49,94.29,54.2,"Self-employed","Rent","Other",0
"1917",27196,"Male","No records",1,22.25,859489,2,2835971,20.53,71.7,48.9,"Contract","Rent","Vehicle",1
"3434",41490,"Female","Grade 12",2,21.75,222069,1.09,682557,15.12,54.62,46.4,"Salaried","Rent","Other",0
"5208",57451,"Male","No records",0,22.25,210578,1.43,494477,15.39,57.02,50,"Contract","Rent","Vehicle",0
"8231",84309,"Female","Grade 12",1,18.75,171861,0.69,450871,25.94,87.63,59,"Salaried","Rent","Vehicle",1
"5176",57143,"Male","Grade 12",1,21.75,152772,1.6,381881,26.43,90.96,51.8,"Salaried","Rent","Other",0
"8261",84604,"Male","Diploma",1,20.25,258272,1.1,664787,26.38,94.87,60.9,"Salaried","Rent","Vehicle",0
"7648",78814,"Female","Grade 12",1,23.25,1122967,2.37,827024,31.12,105.62,66,"Self-employed","Mortgage","Debt_consolidation",1
"7652",78859,"Male","No records",1,19.25,772269,1.73,1225985,32.17,109.35,61.3,"Salaried","Mortgage","Vehicle",0
"5187",57228,"Female","Grade 12",0,21.25,1201331,1.49,3510163,33.54,109.72,66.5,"Self-employed","Mortgage","Vehicle",1
"3277",40167,"Female","Degree",0,23.25,525188,1.18,602746,5.98,29.5,34.8,"Salaried","Rent","Other",1
"7941",81570,"Male","Grade 12",3,19.25,203298,1.43,285032,16.56,63.71,49.2,"Salaried","Own","Debt_consolidation",0
"5972",64494,"Female","No records",0,19.25,237923,1.67,362065,34.3,117.84,66.8,"Salaried","Mortgage","Vehicle",0
"5413",59121,"Female","No records",2,35,1164,0.47,1252,33.6,113.43,65.8,"Unemployed","Rent","Debt_consolidation",1
"1040",19581,"Male","No records",2,33.75,2909,0.37,6995,30.62,107.65,61.6,"Unemployed","Rent","Debt_consolidation",0
"8423",86031,"Female","Grade 12",1,23.25,2008100,0.9,1997084,1.06,11.97,31.1,"Self-employed","Mortgage","Vehicle",0
"3207",39469,"Female","No records",0,21.25,2675280,2.08,2950955,34.96,115.82,66.1,"Self-employed","Mortgage","Vehicle",1
"7401",76481,"Female","Grade 12",0,21.25,961036,1.82,3306929,15.59,59.74,39.6,"Contract","Mortgage","Vehicle",1
"7273",75475,"Female","No records",0,21.25,664338,2.43,205154,33.8,114.22,60.4,"Self-employed","Rent","Other",1
"2451",32124,"Female","Diploma",1,16.75,382034,1.43,950020,10.34,41.94,34.9,"Salaried","Mortgage","Home_improvement",0
"2034",28280,"Female","Degree",0,19.75,759335,2.21,2528584,27.19,94.04,52.9,"Self-employed","Mortgage","Vehicle",1
"7052",73789,"Male","Grade 12",0,16.75,259724,1.34,796090,28.51,100.2,58.2,"Salaried","Mortgage","Home_improvement",0
"3629",43173,"Female","Degree",0,18.75,229896,2.03,417551,17.55,66.59,43.2,"Salaried","Rent","Vehicle",0
"3954",45992,"Female","Diploma",0,22.75,1362798,1.21,1030771,38.35,123.57,60.9,"Contract","Mortgage","Vehicle",0
"5113",56413,"Male","Degree",0,16.75,354386,2.6,1184528,31.74,104.15,55.9,"Salaried","Mortgage","Home_improvement",0
"2553",33109,"Female","Degree",0,32.25,2632,0.41,8877,27.37,85.74,50.6,"Unemployed","Rent","Debt_consolidation",1
"8832",89604,"Female","Degree",3,21.25,509002,1.26,1439017,1.84,13.84,34.7,"Salaried","Mortgage","Vehicle",0
"999",19210,"Female","Grade 12",0,20.25,411778,1.18,358695,5.99,26.37,39.8,"Salaried","Rent","Vehicle",0
"5619",61307,"Male","Diploma",0,22.75,909553,1.96,3149997,32.26,104.64,60.3,"Contract","Mortgage","Vehicle",1
"5362",58682,"Female","Degree",0,23.25,219050,1.14,460177,35.72,117.3,62.9,"Salaried","Rent","Other",0
"268",12507,"Male","Diploma",1,29.25,6623,0.43,13342,24.79,90.75,54.2,"Unemployed","Rent","Home_improvement",1
"925",18508,"Male","Grade 12",0,19.25,510496,1.28,755255,20.51,71.87,52.5,"Salaried","Own","Debt_consolidation",0
"4331",49243,"Male","Grade 12",0,21.75,1635765,1.83,1659458,19.95,70.04,51.2,"Self-employed","Mortgage","Debt_consolidation",1
"6155",66204,"Female","Degree",2,18.75,397878,1.15,284697,8.47,31.77,36.8,"Salaried","Rent","Vehicle",0
"659",15969,"Male","No records",0,17.75,266680,1.16,494194,18.22,62.51,46.7,"Salaried","Mortgage","Vehicle",1
"1630",24779,"Male","Postgrad",0,18.75,830813,1.84,416332,13.48,48.86,43.3,"Contract","Mortgage","Vehicle",1
"4575",51602,"Female","Diploma",0,20.25,2147174,1.4,6840244,35.24,113.01,64.3,"Self-employed","Mortgage","Home_improvement",1
"6436",68367,"Male","Degree",0,19.75,1743536,1.82,3706834,29.97,99.37,52,"Self-employed","Mortgage","Vehicle",0
"5960",64418,"Female","No records",0,20.25,744500,1.9,1515708,2.64,17.74,37.1,"Salaried","Mortgage","Home_improvement",0
"6573",69851,"Female","Degree",1,19.25,189802,1.57,220602,11.76,45.19,42.8,"Salaried","Own","Debt_consolidation",0
"8824",89499,"Male","Diploma",0,18.75,290231,0.78,467056,7.19,34.81,31.4,"Salaried","Rent","Vehicle",0
"8811",89378,"Male","Diploma",0,25.25,873518,1.17,631378,39.66,128.34,71.4,"Self-employed","Rent","Other",1
"3168",39076,"Male","Grade 12",0,16.25,381542,1.3,224135,22.7,79.5,55.8,"Salaried","Rent","Vehicle",1
"829",17625,"Female","Degree",1,20.75,198251,1.54,106362,38.88,126.14,63.8,"Salaried","Rent","Other",1
"2815",35514,"Male","Diploma",0,20.75,600585,1.22,1182733,6.59,35.21,40.9,"Salaried","Own","Debt_consolidation",0
"6243",66860,"Male","No records",0,25.25,959480,2.07,1357672,28.05,90.82,58.7,"Contract","Rent","Other",1
"1426",22892,"Male","Grade 12",1,16.75,655975,1.3,1308096,32.11,102.03,57.4,"Salaried","Mortgage","Home_improvement",0
"6425",68290,"Female","Diploma",0,19.25,151971,1.66,114595,26.55,86.54,61.1,"Salaried","Mortgage","Vehicle",1
"4730",53042,"Female","No records",0,22.75,1439392,2.13,1769873,22.61,76.18,44.7,"Contract","Own","Debt_consolidation",0
"6704",70924,"Male","Degree",0,20.25,1460481,0.93,4025703,6.34,29.69,33.4,"Self-employed","Mortgage","Home_improvement",0
"4953",54935,"Female","No records",2,16.75,665091,0.7,399534,5.6,26.3,39.8,"Salaried","Mortgage","Vehicle",0
"2250",30425,"Female","Diploma",0,23.75,1693111,2.18,5738189,27.32,89.82,57,"Self-employed","Rent","Other",1
"1281",21631,"Male","No records",0,17.75,159203,1.74,597087,27.58,91.7,57.8,"Salaried","Mortgage","Vehicle",0
"2812",35496,"Male","Diploma",2,23.75,1136667,1.37,1704411,5.82,32.66,36,"Contract","Rent","Vehicle",0
"1463",23288,"Male","Degree",0,18.75,1599027,1.72,2729680,10.38,38.97,38.9,"Self-employed","Mortgage","Home_improvement",1
"8784",89094,"Female","Diploma",0,16.75,339840,1.92,290532,12,38.34,36.1,"Salaried","Mortgage","Home_improvement",1
"3402",41248,"Male","Diploma",0,16.75,694553,1.28,928198,11,44.97,41.3,"Salaried","Mortgage","Home_improvement",0
"382",13552,"Female","No records",0,16.75,342702,1.66,258104,26.44,89.73,58.7,"Salaried","Mortgage","Home_improvement",0
"5944",64235,"Female","No records",0,17.75,207254,0.82,755791,10.98,44.82,35.3,"Salaried","Mortgage","Vehicle",0
"7769",80079,"Male","Grade 12",0,16.75,476059,1.74,1097585,31.5,103.97,56.6,"Salaried","Mortgage","Home_improvement",0
"7958",81689,"Female","No records",0,33.25,6690,0.37,10565,12.39,48.92,46.8,"Unemployed","Rent","Other",0
"8589",87421,"Male","Diploma",0,18.25,362902,1.47,415880,28.42,96.88,62.4,"Salaried","Mortgage","Home_improvement",0
"2258",30480,"Female","Grade 12",0,21.75,3255868,1.76,11058300,27.56,89.31,51.8,"Self-employed","Mortgage","Debt_consolidation",0
"8608",87570,"Female","Grade 12",0,18.75,187640,2.05,227238,9.09,41.56,37.6,"Salaried","Rent","Vehicle",1
"6509",69165,"Female","No records",1,20.25,358710,2.13,688191,36.22,109.88,71.1,"Salaried","Rent","Vehicle",1
"7255",75338,"Male","No records",0,16.75,428478,1.08,153079,39,125.21,63.2,"Salaried","Mortgage","Vehicle",0
"5063",55943,"Female","Diploma",1,16.75,412722,1.64,1547527,16.14,63.96,49.2,"Salaried","Mortgage","Home_improvement",1
"6000",64766,"Female","Postgrad",0,17.25,372771,1.72,120874,2.47,10.63,33.9,"Salaried","Mortgage","Vehicle",0
"7604",78386,"Male","Grade 12",3,18.75,641963,1.61,1796743,10.93,41.72,45.6,"Salaried","Rent","Vehicle",1
"7507",77540,"Male","Degree",0,21.25,535556,0.94,1311826,26.52,94.94,58.5,"Contract","Mortgage","Vehicle",0
"2857",35937,"Male","Diploma",0,19.25,349974,1.72,1032785,36.09,114.62,63,"Salaried","Mortgage","Vehicle",1
"5015",55508,"Male","Grade 12",0,20.75,156232,2.03,94290,5.49,27.55,31.3,"Salaried","Rent","Other",1
"800",17391,"Female","Grade 12",0,32.25,1595,0.45,3018,21.1,77.18,44.7,"Unemployed","Rent","Debt_consolidation",0
"9797",98283,"Male","Grade 12",2,18.25,543192,1.26,361152,32.68,105.37,63.8,"Salaried","Own","Debt_consolidation",1
"4016",46405,"Male","Degree",2,23.25,470141,1.53,993524,35.19,116.69,67.5,"Salaried","Rent","Other",1
"7492",77377,"Male","Diploma",1,16.25,415707,1.69,142457,12.64,51.85,36.2,"Salaried","Rent","Vehicle",0
"5503",60065,"Female","Diploma",0,18.25,436529,1.17,1187768,33.42,110.87,67,"Salaried","Mortgage","Home_improvement",0
"4761",53373,"Female","Diploma",1,16.75,106450,1.4,339152,23.81,78.37,50.7,"Salaried","Mortgage","Home_improvement",1
"1079",19914,"Male","No records",0,21.25,901176,1.43,1185098,6.89,28.37,31.9,"Self-employed","Mortgage","Vehicle",1
"4054",46812,"Female","No records",1,34.25,3842,0.57,1604,31.25,107.14,56.8,"Unemployed","Rent","Other",1
"2202",29905,"Male","Grade 12",2,21.75,303876,1.55,366977,19.75,64.72,44.7,"Salaried","Rent","Other",1
"1425",22888,"Female","Diploma",0,35,1637,0.52,3892,30.87,107.47,59.4,"Unemployed","Rent","Debt_consolidation",1
"6394",67984,"Female","Diploma",1,16.75,510309,1.14,1235660,8.49,35.31,34.8,"Salaried","Mortgage","Home_improvement",0
"1327",22023,"Female","Degree",1,16.75,367302,1.69,1098635,24.48,82.96,52.6,"Salaried","Mortgage","Home_improvement",1
"4145",47477,"Male","Diploma",1,20.25,397526,1.26,520131,0.87,9.58,35.6,"Salaried","Mortgage","Home_improvement",1
"4899",54611,"Female","Postgrad",0,16.75,213355,1.87,545317,26.51,85.71,55.1,"Salaried","Mortgage","Home_improvement",1
"8287",84836,"Female","Grade 12",2,19.75,1340321,2.14,3843389,29.21,96.4,53.9,"Self-employed","Mortgage","Vehicle",1
"6596",70094,"Male","No records",0,19.25,334410,1.64,670584,33.74,111.66,58.8,"Salaried","Own","Debt_consolidation",0
"4156",47562,"Female","Grade 12",0,19.25,487420,2,1827540,8.85,35.9,32.7,"Salaried","Own","Debt_consolidation",0
"2594",33462,"Male","Grade 12",1,21.75,322255,1.03,417934,34.86,108.3,59.6,"Salaried","Rent","Other",0
"4997",55291,"Male","Grade 12",4,18.75,311151,1.25,227799,19.18,59.1,50.4,"Salaried","Rent","Vehicle",1
"4986",55196,"Male","Diploma",4,21.25,935552,1.86,1424365,38.26,123.42,61.6,"Self-employed","Mortgage","Vehicle",1
"1958",27501,"Female","Grade 12",0,20.75,643734,1.25,2219420,35.55,112.78,70.4,"Salaried","Own","Debt_consolidation",1
"3572",42653,"Female","Degree",0,17.75,194316,1.21,197444,7.83,35.04,39.5,"Salaried","Mortgage","Vehicle",0
"879",18123,"Female","Degree",1,18.75,616721,1.14,1405272,13.57,54.07,43.7,"Salaried","Rent","Vehicle",0
"2745",34898,"Male","Grade 12",0,23.75,3030494,2.28,5846044,0.41,12.02,23.9,"Self-employed","Mortgage","Home_improvement",1
"7617",78529,"Female","No records",0,18.75,179008,1.37,282098,33.9,113.18,56.6,"Salaried","Rent","Vehicle",0
"7464",77113,"Female","No records",0,16.75,446956,1.33,1626511,31.54,104.47,54.8,"Salaried","Mortgage","Home_improvement",1
"2213",29999,"Male","Grade 12",2,23.25,225139,1.66,310523,35.31,114.9,63.8,"Salaried","Rent","Other",1
"825",17602,"Male","No records",0,33.75,6282,0.65,10572,28.26,93.62,57.6,"Unemployed","Rent","Vehicle",1
"6832",72000,"Female","Postgrad",2,24.75,867288,1.29,732422,2.79,18.39,35.3,"Self-employed","Own","Debt_consolidation",1
"1945",27413,"Female","Grade 12",1,34.75,3628,0.48,2242,6.72,28.07,35.9,"Unemployed","Rent","Debt_consolidation",0
"5120",56540,"Male","Diploma",0,23.75,328710,1.87,300549,28.04,94.53,61.6,"Contract","Rent","Vehicle",1
"3922",45711,"Male","Diploma",1,18.75,371723,1.81,1340789,20.32,64.49,54.7,"Salaried","Rent","Vehicle",0
"8496",86563,"Male","Degree",3,27.25,272825,2.84,875106,2.79,17.82,29.9,"Self-employed","Rent","Other",1
"1302",21844,"Male","Degree",2,19.25,297840,1.4,334575,21.49,73.97,52.9,"Salaried","Own","Debt_consolidation",0
"6094",65591,"Male","Grade 12",0,20.75,505401,1.63,1059891,35.57,117.95,69.6,"Salaried","Own","Debt_consolidation",1
"7679",79127,"Male","No records",0,21.25,2991593,1.1,1701137,26.86,92.92,50.2,"Self-employed","Rent","Other",1
"5630",61401,"Female","Diploma",2,21.25,1844391,1.72,6809877,36.31,115.3,63.9,"Self-employed","Mortgage","Vehicle",1
"609",15611,"Male","Grade 12",0,21.75,2317259,0.66,5637311,22.02,79.21,56.9,"Self-employed","Mortgage","Debt_consolidation",1
"7362",76166,"Male","Grade 12",0,35,2699,0.58,9120,33.2,111.05,64.7,"Unemployed","Rent","Other",1
"2083",28794,"Male","Grade 12",2,19.25,261944,0.99,810656,20.62,68.03,51.3,"Salaried","Own","Debt_consolidation",1
"1075",19877,"Male","Diploma",2,32.25,6262,0.39,21365,19.57,72.21,45.3,"Unemployed","Rent","Debt_consolidation",1
"1270",21529,"Female","Diploma",0,21.75,649427,1.29,2446792,25.09,84.57,54.2,"Salaried","Rent","Other",1
"5245",57798,"Male","No records",1,18.75,467786,1.38,750670,8.69,38.76,35.3,"Salaried","Rent","Vehicle",0
"8357",85453,"Male","Grade 12",2,23.75,3307743,2.1,11823883,28.18,95.4,53.3,"Self-employed","Rent","Other",0
"9322",93948,"Female","Diploma",0,15.75,204402,1.57,94043,39.83,129.49,73,"Salaried","Mortgage","Home_improvement",0
"2069",28676,"Male","Degree",4,23.75,1316748,1.7,4382466,19.14,69.93,45.7,"Self-employed","Rent","Other",1
"2189",29781,"Female","Degree",0,18.25,262796,1.3,258295,32.88,104.2,64,"Salaried","Mortgage","Home_improvement",1
"1585",24334,"Male","No records",0,23.25,218354,1.71,216081,5.7,29.6,38.1,"Salaried","Rent","Other",0
"4693",52737,"Male","Degree",0,17.75,963265,1.47,1431076,8.84,32.01,39.1,"Salaried","Mortgage","Vehicle",0
"8476",86437,"Male","Diploma",0,20.25,582256,1.12,1606054,29.55,97.29,63.6,"Salaried","Rent","Vehicle",1
"2206",29944,"Female","No records",0,25.25,2263241,1.48,3011614,5.35,23.53,27.7,"Self-employed","Rent","Other",0
"9522",95759,"Male","Degree",0,17.75,208500,1.68,387588,20.81,73.81,44.8,"Salaried","Mortgage","Vehicle",0
"473",14401,"Female","Grade 12",0,18.75,369989,1.25,529940,14.82,56.77,38.2,"Salaried","Rent","Vehicle",1
"7374",76286,"Male","Diploma",0,32.25,5132,0.44,15174,16.17,54.4,48.6,"Unemployed","Rent","Debt_consolidation",1
"2197",29864,"Female","Diploma",0,25.25,1185643,1.67,3764361,25.67,84.2,58.2,"Contract","Rent","Other",1
"5179",57175,"Male","Postgrad",0,18.25,380201,1.68,369216,37.98,124.68,65.8,"Salaried","Mortgage","Home_improvement",0
"3347",40699,"Female","Diploma",0,18.25,180945,1.64,312943,38.24,120.3,62.4,"Salaried","Mortgage","Home_improvement",0
"8947",90493,"Female","No records",2,35,5144,0.58,10372,24.81,90.6,47,"Unemployed","Rent","Debt_consolidation",1
"7389",76425,"Male","Grade 12",0,20.25,407334,1.8,219453,6.03,27.8,36.4,"Contract","Mortgage","Vehicle",0
"6251",66935,"Female","Grade 12",0,20.25,609050,1.81,1565187,4.59,26.08,32.9,"Salaried","Rent","Vehicle",0
"7135",74398,"Male","Diploma",0,20.25,604785,1.14,793365,4.92,28.69,36.8,"Salaried","Rent","Vehicle",1
"9830",98467,"Female","Degree",0,22.25,291141,1.45,297610,10.45,40.34,37.8,"Contract","Rent","Vehicle",0
"2198",29879,"Female","No records",2,23.25,413433,1.23,1309628,3.41,27.28,36.5,"Salaried","Rent","Other",1
"3225",39705,"Male","Grade 12",0,23.75,1470644,1.15,3555642,23.95,79.46,48.2,"Self-employed","Rent","Other",0
"4707",52834,"Female","Grade 12",2,23.25,403950,1.64,671917,25.94,87.51,60.8,"Salaried","Rent","Other",1
"6545",69640,"Male","Diploma",0,21.75,851898,1.37,2172654,20.19,71.5,43.5,"Self-employed","Mortgage","Debt_consolidation",0
"507",14718,"Male","Grade 12",2,23.25,479926,2.07,1178807,31.81,107.76,63.3,"Salaried","Rent","Other",1
"3980",46152,"Male","No records",0,20.25,730238,1.88,1671227,3.08,16.83,31.7,"Salaried","Rent","Vehicle",1
"4330",49236,"Female","Degree",3,17.75,233589,1.28,131821,12.61,49.23,45.6,"Contract","Mortgage","Home_improvement",0
"3242",39828,"Male","Grade 12",0,20.75,327599,2.04,871293,3.78,19.7,30.8,"Salaried","Own","Debt_consolidation",0
"6265",67013,"Male","Diploma",0,25.25,410153.5,0.62,3757029,3.73,20.27,30.8,"Self-employed","Rent","Other",0
"5239",57741,"Female","No records",1,21.75,3038591,1.56,5987209,9.54,42.86,36.2,"Self-employed","Mortgage","Debt_consolidation",1
"5976",64523,"Male","Degree",3,19.25,399058,1.05,231639,17.3,60.49,40.2,"Salaried","Rent","Other",0
"3998",46298,"Male","Degree",1,19.75,3298685,1.55,11361764,20.56,75.94,45.9,"Self-employed","Mortgage","Vehicle",0
"8719",88562,"Male","Grade 12",0,25.25,417541,1.88,457225,1.49,12.94,25.8,"Salaried","Rent","Other",1
"5296",58227,"Female","No records",1,17.75,410237,1.32,589609,8.58,34.51,43.4,"Salaried","Mortgage","Vehicle",0
"5888",63678,"Female","No records",1,16.75,747219,1.47,2561075,32.82,106.56,56.8,"Salaried","Mortgage","Home_improvement",1
"8259",84581,"Female","Diploma",0,21.25,3084712,1.76,8131964,21.62,82.9,53.1,"Self-employed","Own","Debt_consolidation",0
"3858",45230,"Female","Diploma",0,25.25,1414398,1.46,2165640,37.45,123.45,65.9,"Self-employed","Rent","Other",1
"6413",68165,"Female","Diploma",0,23.75,3299095,2.63,4527942,10.95,45.73,41.4,"Self-employed","Rent","Other",1
"1437",23027,"Male","Grade 12",2,19.25,268462,1.09,458895,17.43,62.39,40.9,"Salaried","Own","Debt_consolidation",0
"4376",49664,"Male","Grade 12",2,19.25,397517,1.33,864509,36.53,118.28,60.4,"Salaried","Mortgage","Vehicle",0
"970",18977,"Male","Degree",1,21.25,828225,2.14,312775,5.53,26.27,38.2,"Contract","Rent","Vehicle",0
"3977",46123,"Male","Degree",2,21.75,354052,2.16,547028,33.31,111.99,55.9,"Salaried","Rent","Other",1
"1726",25622,"Female","Grade 12",0,23.25,343949,1.37,1124176,37.92,123.6,69.6,"Salaried","Rent","Other",0
"7780",80147,"Female","Grade 12",0,19.75,3370091,2.23,7023990,25.85,88.28,54.9,"Self-employed","Mortgage","Vehicle",1
"9541",95923,"Male","Degree",0,19.25,639331,1.52,1266885,9.73,37.23,40.3,"Salaried","Own","Debt_consolidation",1
"9932",99401,"Female","Diploma",0,16.25,1700293,1.99,695200,17.72,63.68,46.3,"Self-employed","Mortgage","Home_improvement",1
"1350",22231,"Male","Grade 12",0,16.75,319899,1.31,285388,26.04,90.81,51.2,"Salaried","Mortgage","Home_improvement",0
"3103",38452,"Male","Degree",0,19.25,131462,1.19,176665,24.76,90.36,47.5,"Salaried","Own","Debt_consolidation",1
"8884",90003,"Male","Diploma",0,18.75,205127,1.43,716055,22.54,75.08,52.8,"Salaried","Rent","Vehicle",0
"1719",25573,"Female","Grade 12",0,23.75,451024,1.86,478200,27.64,95.84,49.8,"Self-employed","Rent","Other",1
"7876",80977,"Female","Grade 12",0,18.25,248660,1.43,617123,5.74,29.44,37,"Salaried","Mortgage","Home_improvement",0
"4594",51779,"Female","No records",2,19.25,713106,0.91,1698612,20.9,73.23,54.1,"Salaried","Own","Debt_consolidation",0
"2309",30970,"Female","Degree",0,17.75,324987,1.11,378772,18.65,60.04,44.3,"Salaried","Mortgage","Vehicle",0
"8011",82182,"Female","Grade 12",1,35,2701,0.44,7946,1.92,18.3,29.2,"Unemployed","Rent","Debt_consolidation",1
"8018",82224,"Male","Degree",0,17.75,670839,1.24,1147962,24.63,81.74,58.3,"Salaried","Mortgage","Vehicle",1
"3800",44706,"Female","Grade 12",0,15.25,475321,1.7,292354,33.27,114.33,58,"Salaried","Mortgage","Vehicle",1
"6335",67508,"Female","Diploma",1,34.25,6470,0.65,16806,6.69,26.3,35.3,"Unemployed","Rent","Home_improvement",1
"51",10453,"Female","Grade 12",0,23.25,131987,1.1,226123,37.91,127.56,69.1,"Salaried","Rent","Other",1
"8400",85816,"Female","No records",0,25.25,1086454,2.23,1116809,5.59,27.65,30.3,"Self-employed","Rent","Other",1
"3397",41223,"Male","Grade 12",0,19.25,258791,1.35,351411,19.78,72.22,51.8,"Salaried","Own","Debt_consolidation",0
"3997",46291,"Male","Grade 12",0,23.25,565819,1.74,426994,37.36,119.75,65.9,"Self-employed","Mortgage","Debt_consolidation",0
"4824",53956,"Female","Grade 12",2,26.75,4512,0.35,2163,3.65,19.97,30.6,"Unemployed","Rent","Vehicle",0
"33",10255,"Male","Grade 12",0,22.25,80506,1.38,238877,0.9,5.92,31.9,"Salaried","Rent","Vehicle",0
"707",16467,"Male","Grade 12",2,18.75,164959,1.62,113447,22.05,77.95,52.5,"Salaried","Rent","Vehicle",0
"6586",69999,"Male","Degree",0,16.75,493792,2.11,1831445,22.44,80.93,46.8,"Salaried","Mortgage","Home_improvement",1
"5549",60595,"Male","Diploma",2,21.75,499381,1.89,1729527,1.72,13.04,24.4,"Salaried","Mortgage","Home_improvement",0
"8576",87305,"Male","No records",0,20.75,370972,1.54,576675,39.35,127.45,72.3,"Salaried","Own","Debt_consolidation",1
"7253",75327,"Male","Degree",0,28.75,3595,0.67,1196,7.03,28.35,31.6,"Unemployed","Rent","Home_improvement",0
"2316",31031,"Female","Degree",0,25.25,660461,2.32,800770,3.64,26.26,36.9,"Self-employed","Rent","Other",1
"456",14239,"Male","Grade 12",0,20.25,745329,1.64,2335985,0.18,13.26,25,"Salaried","Mortgage","Home_improvement",0
"5947",64243,"Male","No records",0,20.25,248079,1.78,177260,38.72,121.52,64,"Salaried","Rent","Vehicle",0
"1006",19266,"Male","Diploma",2,19.25,158925,1.54,443444,37.61,124.74,70.3,"Salaried","Mortgage","Vehicle",1
"5407",59087,"Female","Grade 12",0,20.25,892824,1.63,1078622,31.31,102.88,59.5,"Contract","Mortgage","Home_improvement",1
"6258",66968,"Male","Diploma",1,23.75,797676,1.41,1807169,32.78,110.58,65.7,"Contract","Rent","Vehicle",1
"351",13273,"Male","No records",0,19.25,356754,1.43,981759,20.88,69.78,44.1,"Salaried","Own","Debt_consolidation",1
"2184",29742,"Female","No records",0,21.75,1458572,2.51,5187899,10.67,43.23,34.5,"Self-employed","Mortgage","Debt_consolidation",1
"8178",83776,"Female","Grade 12",0,22.75,516277,2,1286899,6.45,29.01,39.9,"Contract","Mortgage","Vehicle",0
"4688",52681,"Male","Grade 12",0,20.25,624681,1.76,814238,39.76,132.48,71,"Salaried","Rent","Vehicle",1
"174",11671,"Female","Grade 12",1,22.75,1833785,2.31,2750176,6.46,29.4,31.5,"Self-employed","Own","Debt_consolidation",1
"3",10031,"Male","Degree",0,18.75,331021,1.72,974609,23,76.17,54,"Salaried","Rent","Vehicle",0
"8239",84420,"Male","No records",2,19.75,1733446,2.19,2946678,33.28,115.28,58.5,"Self-employed","Mortgage","Vehicle",1
"3220",39659,"Female","Diploma",0,19.75,3489782,1.79,7279976,35.93,118.73,58,"Self-employed","Mortgage","Vehicle",1
"7263",75383,"Male","No records",0,16.25,497424,1.36,279960,26.17,93.39,52.3,"Salaried","Rent","Vehicle",1
"5281",58083,"Male","Diploma",1,17.75,279190,1.68,131941,32.59,101.36,64,"Salaried","Rent","Vehicle",0
"9804",98339,"Female","Diploma",0,20.25,464653,1.53,760424,36.87,119.17,70.2,"Salaried","Rent","Vehicle",0
"3290",40247,"Female","Grade 12",3,22.75,844627,1.23,3180147,24.13,79.14,50.4,"Contract","Own","Debt_consolidation",1
"4151",47529,"Female","Degree",2,19.25,111193,1.25,366888,6.05,25.61,32.8,"Salaried","Mortgage","Vehicle",0
"7572",78051,"Female","No records",0,23.75,941207,1.5,2204107,18.89,66.44,41.8,"Self-employed","Rent","Other",1
"760",17019,"Male","Diploma",2,35,1708,0.41,4988,0.9,13.39,25.9,"Unemployed","Rent","Debt_consolidation",0
"6726",71109,"Female","Grade 12",2,22.75,288498,1.21,538568,1.61,17.61,29.5,"Salaried","Own","Debt_consolidation",1
"1401",22661,"Female","Grade 12",3,20.25,200707,1.24,297669,6.5,33.31,32.6,"Salaried","Rent","Vehicle",0
"8103",83103,"Female","Grade 12",1,20.25,688491,1.54,746314,38.64,132.57,73.5,"Salaried","Rent","Vehicle",0
"9341",94050,"Female","Grade 12",0,16.75,365467,1.13,444098,22.11,79.27,50.1,"Salaried","Mortgage","Home_improvement",1
"5297",58228,"Female","Grade 12",1,21.75,686514,2.19,1988176,18.54,64.16,51.8,"Salaried","Rent","Other",0
"5626",61357,"Male","Diploma",0,35,6239,0.53,9872,23.07,78.94,46.4,"Unemployed","Rent","Debt_consolidation",0
"2967",37192,"Female","No records",1,17.75,452563,1.64,909850,14.43,55.36,44.1,"Salaried","Mortgage","Vehicle",1
"510",14752,"Male","Postgrad",0,20.75,356558,1.25,1169818,35.78,117.92,64.2,"Salaried","Own","Debt_consolidation",1
"7203",74923,"Female","Postgrad",1,20.75,1078342,1.4,374876,0.38,14.68,27.4,"Self-employed","Mortgage","Vehicle",0
"3927",45749,"Male","Grade 12",0,17.75,363900,1.68,1344088,26.95,93.4,49.1,"Salaried","Mortgage","Vehicle",1
"6266",67015,"Male","Grade 12",0,31.75,8493,0.42,28413,38.51,122.63,67.7,"Unemployed","Rent","Vehicle",1
"1808",26250,"Male","Grade 12",0,20.75,589458,2.51,298074,4.63,26.95,34.5,"Self-employed","Mortgage","Debt_consolidation",1
"9748",97821,"Female","Grade 12",2,18.75,350563,1.26,919947,7.07,35.88,41.5,"Salaried","Rent","Vehicle",0
"9972",99756,"Female","Grade 12",2,19.25,320109,1.6,225272,36.02,118.58,63.5,"Salaried","Mortgage","Vehicle",1
"5760",62496,"Male","Diploma",0,17.75,520140,1.44,941233,12.62,53.19,38.9,"Salaried","Mortgage","Vehicle",1
"284",12622,"Male","Grade 12",0,18.75,921809,1.54,2566093,11.29,40.33,40.3,"Self-employed","Mortgage","Home_improvement",1
"9611",96617,"Male","No records",0,18.25,243928,1.43,807127,34.19,112.19,60.3,"Salaried","Mortgage","Home_improvement",1
"388",13606,"Female","Degree",2,18.75,255839,1.3,725508,18.43,64.87,44.6,"Salaried","Rent","Vehicle",0
"7750",79914,"Male","Degree",0,19.25,312509,2.12,999563,39.62,131.46,71.2,"Salaried","Mortgage","Vehicle",1
"8372",85588,"Male","Grade 12",0,17.75,193500,1.71,258925,21.37,73.81,56.4,"Salaried","Mortgage","Vehicle",0
"9168",92496,"Female","Degree",0,21.75,3574427,2.39,9760045,15.42,57.27,45.2,"Self-employed","Mortgage","Debt_consolidation",1
"3083",38271,"Male","Grade 12",1,21.75,183194,1.2,558080,13.77,48.98,41.7,"Salaried","Rent","Other",0
"8595",87469,"Male","Grade 12",0,18.75,383068,1.82,351322,21.25,72.08,51.2,"Salaried","Rent","Vehicle",0
"5784",62791,"Female","Degree",0,29.75,9616,0.32,20376,36.25,117.75,59.8,"Unemployed","Rent","Debt_consolidation",0
"5421",59213,"Male","Diploma",2,20.25,1148914,2.16,2695669,28.97,96.32,54,"Contract","Mortgage","Home_improvement",1
"2333",31211,"Male","Diploma",0,16.75,345021,1.68,697487,28.57,94.53,53.3,"Salaried","Mortgage","Home_improvement",1
"4934",54802,"Male","Degree",1,25.25,4004252,1.26,750670,2.11,19.73,36.8,"Self-employed","Mortgage","Debt_consolidation",1
"8059",82735,"Male","Grade 12",1,19.75,1382513,1.47,2148330,23.67,80.31,57.5,"Self-employed","Mortgage","Vehicle",1
"8717",88549,"Female","Diploma",0,18.75,715694,1.18,816532,31.89,112.42,55.6,"Salaried","Rent","Vehicle",0
"3916",45661,"Female","Diploma",1,20.75,341844,1.73,953542,37.28,119.8,61.8,"Salaried","Own","Debt_consolidation",1
"1288",21695,"Female","Degree",0,17.75,124305,1.69,338328,14.09,54.98,39.8,"Salaried","Mortgage","Vehicle",1
"1664",25073,"Male","Diploma",0,20.25,449100,1.06,1307921,0.45,11.79,31.7,"Salaried","Mortgage","Home_improvement",1
"6984",73202,"Male","Postgrad",0,21.25,407914,1.59,594968,2.02,19.55,34.9,"Salaried","Mortgage","Vehicle",1
"7305",75691,"Male","Postgrad",1,22.75,901806,1.25,2409650,4.85,26.29,29.6,"Contract","Mortgage","Vehicle",0
"548",15105,"Female","Diploma",1,22.25,338148,1.79,405938,2.87,13.33,25.6,"Salaried","Rent","Vehicle",0
"4772",53461,"Male","Grade 12",0,19.25,541263,1.83,666886,37.15,122.97,69.8,"Salaried","Mortgage","Vehicle",1
"3427",41444,"Male","Grade 12",2,23.25,93678,1.59,344217,35.09,111.29,60.6,"Salaried","Rent","Other",0
"6675",70747,"Female","Grade 12",0,21.25,843887,1.59,308643,33.35,111.01,63.8,"Contract","Rent","Vehicle",1
"3763",44254,"Male","Degree",0,18.75,252906,1.76,391599,26.03,86.8,49.8,"Salaried","Rent","Vehicle",0
"9559",96133,"Female","Degree",0,28.75,7444,0.29,24326,24.1,85.74,52.4,"Unemployed","Mortgage","Debt_consolidation",1
"5190",57262,"Female","Postgrad",0,35,4607,0.52,11744,30.53,99.44,64.6,"Unemployed","Rent","Debt_consolidation",1
"5673",61787,"Male","Grade 12",0,35,1203,0.65,1886,10.2,44.24,44.3,"Unemployed","Rent","Debt_consolidation",1
"5600",61149,"Male","Grade 12",1,16.25,253102,0.92,115942,8.96,38.33,32.1,"Salaried","Rent","Vehicle",0
"7706",79381,"Female","Degree",2,32.25,3493,0.4,12295,9.6,34.26,43.4,"Unemployed","Rent","Debt_consolidation",0
"1400",22654,"Female","Diploma",0,21.25,990602,2.59,1676599,15.89,58.36,45.2,"Contract","Mortgage","Vehicle",0
"2588",33386,"Female","Grade 12",1,16.25,223163,1.92,142021,18.85,70.3,41.5,"Salaried","Rent","Vehicle",0
"9799",98298,"Female","Grade 12",0,20.25,392576,1.13,294777,1.16,12.68,28.2,"Salaried","Mortgage","Home_improvement",0
"7002",73371,"Male","Grade 12",0,19.25,517071,1.45,394268,39.19,125.96,70.6,"Salaried","Mortgage","Vehicle",0
"53",10467,"Male","Degree",0,25.25,227964,1.65,423009,23.56,82.64,49.1,"Contract","Rent","Other",0
"3925",45730,"Female","Grade 12",1,23.25,764145,1.75,498299,2.18,16.56,30.4,"Contract","Rent","Vehicle",1
"409",13854,"Female","Grade 12",0,34.75,2210,0.54,2346,23.75,82.81,52.6,"Unemployed","Mortgage","Debt_consolidation",1
"4717",52946,"Male","Diploma",0,18.75,1427283,1.64,1569543,32.74,107.48,57.2,"Self-employed","Mortgage","Home_improvement",1
"4098",47136,"Male","Grade 12",2,16.75,501881,1.41,1728732,28.86,98.33,58.5,"Salaried","Mortgage","Home_improvement",0
"3261",40018,"Female","Diploma",2,16.75,496400,1.29,959761,26.37,86.88,58.2,"Salaried","Mortgage","Home_improvement",0
"390",13639,"Male","No records",0,17.75,421397,2,795280,31.31,101.83,60,"Salaried","Mortgage","Vehicle",1
"9255",93345,"Male","Degree",2,18.25,81757,1.72,277257,36.52,122.46,62.4,"Salaried","Mortgage","Home_improvement",1
"9364",94215,"Female","Grade 12",1,19.75,1418572,2.29,5181561,9.43,35.95,43,"Self-employed","Mortgage","Vehicle",1
"2546",33068,"Male","Diploma",0,19.25,390759,2.18,1467195,24.45,88.87,51.9,"Salaried","Own","Debt_consolidation",1
"327",13000,"Male","Degree",1,20.25,321090,0.84,1036494,33.8,113.41,64.4,"Salaried","Rent","Vehicle",0
"2934",36912,"Male","Grade 12",3,18.75,1747764,1.74,4668205,28.63,95.51,58.4,"Self-employed","Mortgage","Home_improvement",1
"3534",42338,"Female","Grade 12",2,25.25,554873,1.51,1546535,2.3,13.91,36.9,"Salaried","Rent","Other",1
"391",13643,"Female","Degree",0,17.75,110344,1.41,388799,16.67,62.52,46.7,"Salaried","Mortgage","Vehicle",0
"6343",67598,"Female","Degree",2,32.25,5834,0.43,2758,36.82,125.13,65.8,"Unemployed","Rent","Other",0
"5311",58326,"Male","Grade 12",0,22.75,407875,2.29,750670,23.62,81.04,50.5,"Contract","Own","Debt_consolidation",1
"7328",75906,"Female","Grade 12",0,25.25,569252,1.82,1108301,0.07,11.67,30.9,"Salaried","Rent","Other",0
"5872",63574,"Female","No records",0,29.75,4153,0.36,11100,12.16,47.06,34.3,"Unemployed","Rent","Debt_consolidation",0
"4001",46313,"Female","Grade 12",0,23.75,462120,1.66,584563,34.83,120.57,63.2,"Contract","Rent","Vehicle",0
"6976",73169,"Female","No records",0,35,6278,0.54,7754,10.99,41.41,43.6,"Unemployed","Rent","Debt_consolidation",0
"9462",95128,"Male","No records",0,18.25,571408,1.29,533352,38.69,125.69,62.1,"Salaried","Mortgage","Home_improvement",1
"6636",70463,"Female","Diploma",0,26.75,586197,0.88,792399,32.86,114.5,64.4,"Contract","Rent","Other",1
"9663",97055,"Female","Grade 12",0,21.25,504968,2.3,464145,4.72,20.04,34.9,"Self-employed","Mortgage","Vehicle",0
"7346",76066,"Male","Diploma",0,23.25,424841,1.1,805072,5.38,28.68,34.9,"Salaried","Rent","Other",1
"5494",59929,"Female","Grade 12",0,19.75,1734723,1.8,4380923,11.04,42.18,41.3,"Self-employed","Mortgage","Vehicle",1
"2513",32707,"Female","Grade 12",2,24.75,235042,2.06,164652,35.06,115.96,64.9,"Contract","Mortgage","Debt_consolidation",1
"6919",72659,"Female","Diploma",0,22.75,2357687,1.91,8508101,33.6,112.13,63,"Self-employed","Own","Debt_consolidation",0
"6291",67204,"Male","No records",0,21.25,1100369,1.44,3559468,8.15,30.49,40.8,"Self-employed","Own","Debt_consolidation",1
"2922",36821,"Female","Degree",0,17.75,283138,1.18,462271,18.34,63.86,47.6,"Salaried","Mortgage","Vehicle",1
"6330",67474,"Male","Degree",0,19.75,2522555,2.08,1973793,34.07,115.14,58.4,"Self-employed","Mortgage","Vehicle",1
"3148",38933,"Male","Grade 12",0,16.75,307893,1.34,456757,7.46,37.11,30.1,"Salaried","Mortgage","Home_improvement",0
"6332",67476,"Male","Grade 12",0,25.25,353010,1.81,369332,26.07,83.96,54.7,"Contract","Rent","Other",1
"2999",37506,"Female","Diploma",2,21.25,1777982,1.93,6439234,5.58,29.48,30.5,"Self-employed","Mortgage","Vehicle",0
"6292",67216,"Female","Degree",0,18.25,357582,1.77,569380,3.48,14.07,25.6,"Salaried","Mortgage","Home_improvement",0
"7318",75817,"Female","Grade 12",2,21.25,1600346,2.01,2245650,5.74,21.15,30,"Self-employed","Mortgage","Vehicle",0
"8648",87965,"Female","Grade 12",1,16.75,451050,1.71,749525,27.44,92.51,55,"Salaried","Mortgage","Home_improvement",0
"4097",47134,"Female","Grade 12",0,24.75,324609,2.07,487131,2.94,19.33,37.6,"Contract","Mortgage","Vehicle",1
"3823",44941,"Female","Postgrad",0,17.75,364815,1.3,201978,39.82,133.1,62.8,"Salaried","Rent","Vehicle",1
"6441",68394,"Female","No records",2,19.25,353697,1.71,1142572,33.36,111.18,56.4,"Salaried","Own","Debt_consolidation",1
"1607",24642,"Male","No records",2,16.75,417331,1.41,1058216,28.46,98.95,58.3,"Salaried","Mortgage","Home_improvement",1
"5085",56115,"Male","Diploma",0,20.25,356686,1.55,398769,35.35,118.22,66.8,"Salaried","Rent","Vehicle",1
"5313",58337,"Male","Degree",0,16.75,427162,1.44,274970,29.11,94.7,64.1,"Salaried","Mortgage","Vehicle",0
"3095",38367,"Female","Grade 12",1,16.75,390617,1.09,669933,15.69,59.14,47.1,"Salaried","Mortgage","Home_improvement",1
"5010",55423,"Female","Degree",0,25.25,1730747,1.61,2387360,35.16,109.78,60.2,"Self-employed","Rent","Other",1
"4964",55053,"Female","Postgrad",0,35,3542,0.59,3792,9.92,39.16,34.3,"Unemployed","Rent","Debt_consolidation",1
"4894",54566,"Female","Diploma",0,21.75,458664,1.87,967344,21.85,75.12,48.6,"Salaried","Rent","Other",0
"6995",73294,"Male","Diploma",0,16.75,410141,1.51,442511,12.78,53.6,39.8,"Salaried","Mortgage","Home_improvement",1
"8492",86539,"Male","Diploma",1,18.75,170531,1.75,529750,28.82,95.7,57.1,"Salaried","Rent","Vehicle",0
"5303",58262,"Female","No records",2,20.25,565256,1.46,436012,37.73,122.06,70.2,"Salaried","Rent","Vehicle",0
"3183",39229,"Male","Grade 12",0,26.25,194247,1.26,539353,0.56,11.21,29.4,"Contract","Own","Debt_consolidation",0
"9969",99735,"Female","Grade 12",1,19.75,1362692,1.91,3622177,22.53,78.13,49.2,"Self-employed","Mortgage","Vehicle",1
"3993",46259,"Female","Diploma",0,21.25,806177,1.64,1775656,14.6,53.08,43.6,"Contract","Mortgage","Vehicle",1
"9731",97694,"Female","Degree",0,17.75,433422,1.22,715775,19.87,68.63,52.8,"Salaried","Mortgage","Vehicle",0
"8843",89650,"Male","No records",3,16.75,375305,0.94,324504,7.81,34.55,31.4,"Salaried","Mortgage","Home_improvement",0
"7061",73888,"Female","Grade 12",0,22.25,1045419,2.35,2969130,9.19,34.11,43.2,"Contract","Rent","Vehicle",1
"9191",92722,"Female","No records",0,19.25,520830,1.55,1785569,26.87,90.89,60.7,"Salaried","Mortgage","Vehicle",0
"4133",47380,"Male","Diploma",0,25.25,345715,1.56,585270,31.56,104.4,60.6,"Self-employed","Rent","Other",1
"647",15894,"Male","Grade 12",0,17.75,593084,1.01,1381872,10.48,40.49,45.5,"Salaried","Mortgage","Vehicle",0
"1657",25002,"Male","Degree",3,23.25,425081,1.47,990469,4.47,21.04,29.8,"Salaried","Rent","Other",0
"3243",39832,"Female","Diploma",1,23.75,295481,1.95,497212,38.8,127.66,63.4,"Contract","Rent","Vehicle",0
"4705",52816,"Male","Grade 12",0,17.75,281188,1.03,801652,16.62,59.65,42.2,"Salaried","Mortgage","Vehicle",0
"3288",40243,"Male","Diploma",0,24.75,854900,1.52,1787319,36.08,115.72,66.8,"Contract","Mortgage","Debt_consolidation",1
"9246",93288,"Male","No records",2,20.25,493680,1.7,1015551,2.25,17.19,37,"Salaried","Mortgage","Home_improvement",0
"6749",71299,"Female","Diploma",2,16.75,208837,1.82,249217,23.16,81.76,57.4,"Salaried","Mortgage","Home_improvement",0
"4096",47128,"Male","Degree",0,21.25,3201284,1.15,10808681,3.34,15.11,35.9,"Self-employed","Mortgage","Vehicle",0
"8100",83071,"Female","Grade 12",2,25.25,3843254,2.72,750670,4.74,27.58,36.7,"Self-employed","Rent","Other",0
"6411",68147,"Male","No records",1,22.75,1201264,1.3,3715335,20.48,74.97,45.3,"Contract","Own","Debt_consolidation",0
"7685",79172,"Female","Postgrad",0,21.75,3031205,1.84,10913402,22.88,74.42,46.4,"Self-employed","Mortgage","Debt_consolidation",1
"6282",67127,"Male","Diploma",0,19.25,205190,1.6,671217,11.26,49.75,36.9,"Salaried","Own","Debt_consolidation",0
"5246",57816,"Female","Grade 12",0,18.25,310891,1.51,1061017,39.14,129.83,62,"Salaried","Mortgage","Home_improvement",1
"1323",22007,"Female","Diploma",1,23.75,1893319,2.01,6434143,11.31,43.39,37.5,"Self-employed","Rent","Other",0
"3511",42115,"Male","Grade 12",2,19.25,255552,1.4,896089,24.96,82.15,50.9,"Salaried","Own","Debt_consolidation",1
"2809",35490,"Male","Diploma",3,16.75,378584,1.65,1230254,21.07,77.6,48.2,"Salaried","Mortgage","Home_improvement",0
"6678",70766,"Female","Degree",2,16.25,176014,1.86,68652,19.95,69.71,51.6,"Salaried","Rent","Vehicle",1
"1923",27227,"Male","Grade 12",0,35,1794,0.58,6294,14.52,54.06,38.1,"Unemployed","Rent","Debt_consolidation",1
"8070",82891,"Female","Grade 12",0,22.75,405042,1.34,206347,0.54,9.15,27.2,"Salaried","Rent","Other",0
"8452",86228,"Female","Grade 12",0,16.75,556733,1.37,459095,13.45,56.83,48.4,"Salaried","Mortgage","Home_improvement",1
"538",15043,"Female","Diploma",0,18.25,164025,1.61,549903,28.33,99.02,61.3,"Salaried","Mortgage","Home_improvement",1
"3746",44152,"Female","No records",0,25.25,2130218,2.42,7270365,31.54,102.16,60.8,"Self-employed","Rent","Other",1
"4302",48983,"Male","No records",0,32.25,2803,0.4,3778,8.75,31.23,37.7,"Unemployed","Rent","Debt_consolidation",0
"9265",93438,"Female","Grade 12",1,20.25,707285,2.85,1718934,5.17,30.3,32.4,"Self-employed","Mortgage","Home_improvement",1
"7449",76975,"Male","Diploma",3,21.25,1557166,1.31,759277,9.07,36.53,35.5,"Self-employed","Rent","Other",0
"25",10169,"Male","No records",2,26.75,775467,1.61,2850574,39.15,124.26,70,"Contract","Rent","Other",0
"8692",88323,"Male","Diploma",0,16.25,284877,1.27,120724,10.49,46.77,44.1,"Salaried","Rent","Vehicle",0
"5412",59118,"Female","Diploma",0,16.75,570656,2.19,2009342,27.34,96.58,52.1,"Salaried","Mortgage","Home_improvement",1
"3265",40051,"Male","Grade 12",0,21.75,538664,1.67,984579,12.61,47.71,40.1,"Salaried","Rent","Other",0
"8834",89607,"Female","Diploma",0,20.25,100221,1.31,314834,4.1,21.31,34.5,"Salaried","Rent","Vehicle",0
"6964",73024,"Female","Degree",1,20.25,282066,1.43,327649,2.29,13.01,25.1,"Salaried","Mortgage","Home_improvement",0
"5527",60350,"Male","Postgrad",0,19.25,203445,1.81,327137,39.76,131.47,62.4,"Salaried","Mortgage","Vehicle",1
"1920",27205,"Male","No records",0,17.75,615684,1.82,1842578,12.61,38.19,38.4,"Salaried","Mortgage","Vehicle",0
"2159",29517,"Female","Grade 12",0,21.25,1991155,1.66,2267891,19.95,65.15,54,"Self-employed","Own","Debt_consolidation",0
"5906",63852,"Male","No records",3,17.75,326483,1.85,1115081,26.21,88.97,52.2,"Salaried","Mortgage","Vehicle",1
"6940",72833,"Male","Degree",0,19.75,517297,1.91,198307,14.85,55.33,46.7,"Contract","Rent","Vehicle",1
"682",16225,"Male","Diploma",2,16.75,99491,1.54,171856,28.69,95.6,51.2,"Salaried","Mortgage","Home_improvement",1
"3773",44359,"Male","Diploma",1,21.25,506304,1.19,623301,1.99,18.18,34.2,"Salaried","Mortgage","Vehicle",0
"8120",83244,"Male","No records",0,16.75,194856,1.18,738548,13.71,52.79,36.8,"Salaried","Mortgage","Home_improvement",0
"9519",95751,"Female","Grade 12",1,18.75,331147,1.18,426497,30.42,99.35,55.4,"Salaried","Rent","Vehicle",1
"824",17595,"Male","Diploma",0,19.75,1317252,1.54,4558974,13.37,44.2,41.2,"Self-employed","Mortgage","Vehicle",1
"7086",74046,"Female","Grade 12",1,20.25,511709,1.4,433405,0.6,11.42,34.4,"Salaried","Mortgage","Home_improvement",0
"4439",50291,"Male","Diploma",1,32.75,7068,0.54,6353,8.41,36.22,31.1,"Unemployed","Rent","Home_improvement",1
"1092",20002,"Female","Diploma",1,16.75,145378,0.98,387376,11.93,43,43,"Salaried","Mortgage","Home_improvement",1
"7541",77787,"Male","Grade 12",2,17.75,694586,1.95,1108738,26.26,90.79,53,"Salaried","Mortgage","Vehicle",0
"4103",47170,"Female","Postgrad",0,21.75,290624,1.94,1084305,8.91,31.99,41.8,"Salaried","Rent","Other",1
"2302",30879,"Male","Diploma",0,21.75,720131,0.92,2093858,30.87,97.55,53.3,"Self-employed","Mortgage","Debt_consolidation",1
"3005",37559,"Male","Postgrad",3,18.75,154292,1.5,172498,23.61,79.97,56.7,"Salaried","Rent","Vehicle",1
"8024",82252,"Female","Diploma",0,23.25,648058,1.6,1966109,18.72,58.42,48.9,"Contract","Mortgage","Debt_consolidation",0
"2420",31881,"Female","Postgrad",0,35,5525,0.58,10031,31.22,110.89,58,"Unemployed","Rent","Debt_consolidation",1
"8393",85774,"Female","Degree",2,21.75,363814,1.6,707726,22.81,74.69,57.7,"Salaried","Rent","Other",1
"2357",31446,"Female","Diploma",0,32.25,5613,0.4,12138,17.77,63.54,52.5,"Unemployed","Rent","Debt_consolidation",1
"4119",47310,"Male","Grade 12",2,19.75,878501,2.28,1880101,17.16,63.65,45.6,"Self-employed","Mortgage","Vehicle",1
"9194",92733,"Male","Degree",0,35,7711,0.56,11759,0.82,11.42,32.9,"Unemployed","Rent","Debt_consolidation",0
"7132",74380,"Female","Diploma",0,23.75,1787540,1.78,1326489,20.36,68.17,53,"Self-employed","Rent","Other",0
"2329",31178,"Female","Diploma",1,25.25,681196,1.75,2241608,10.24,38.34,36.9,"Contract","Rent","Other",1
"5283",58091,"Male","Diploma",0,18.75,112870,0.86,371368,11.9,48.63,34.3,"Salaried","Rent","Vehicle",0
"1275",21559,"Female","Diploma",0,12.75,454262,1.77,141470,21.98,76.14,50,"Salaried","Mortgage","Home_improvement",0
"1446",23112,"Female","Grade 12",3,35,3955,0.52,4424,21.3,71.63,45.6,"Unemployed","Rent","Debt_consolidation",0
"6390",67957,"Female","Diploma",3,19.25,394418,1.43,1025747,13.91,59.25,39.2,"Salaried","Own","Debt_consolidation",0
"4161",47593,"Male","Diploma",0,16.75,546473,1.7,1673971,12.59,45.68,47.2,"Salaried","Mortgage","Home_improvement",0
"9439",94861,"Female","Diploma",0,18.75,309684,1.57,349770,9.26,41.02,39.2,"Salaried","Rent","Vehicle",0
"1069",19841,"Male","Degree",2,15.75,302036,1.42,150044,32.54,102.15,66.7,"Salaried","Mortgage","Home_improvement",0
"1984",27806,"Female","Grade 12",2,18.75,132933,1.28,170791,13.97,52.29,38.4,"Salaried","Rent","Vehicle",1
"9644",96876,"Male","Degree",0,19.25,229919,1.46,258379,38.89,124.38,68.4,"Salaried","Mortgage","Vehicle",1
"3692",43676,"Male","Diploma",2,34.75,3516,0.54,2464,7.41,37.97,33.6,"Unemployed","Mortgage","Debt_consolidation",0
"1637",24852,"Female","Diploma",2,23.25,258864,1.79,765922,39.62,126.15,64,"Salaried","Rent","Other",1
"3018",37683,"Female","Degree",1,16.75,408676,1.83,1147391,8.07,34.81,37.7,"Salaried","Mortgage","Home_improvement",0
"8631",87784,"Male","No records",0,17.75,198395,1.41,156503,30.08,98.98,55.9,"Salaried","Mortgage","Vehicle",1
"263",12468,"Female","Grade 12",0,18.75,240559,1.72,871609,29.22,97.67,55.6,"Salaried","Rent","Vehicle",0
"2212",29994,"Female","Diploma",0,22.75,250005,1.21,565174,1.85,20.63,28.4,"Salaried","Own","Debt_consolidation",0
"431",14036,"Male","Diploma",2,18.75,1915760,1.28,974026,3.55,21.15,30.9,"Self-employed","Mortgage","Vehicle",1
"2180",29712,"Male","Postgrad",0,23.75,1938596,2.36,2384958,7.57,33.64,37.9,"Self-employed","Rent","Other",1
"5488",59866,"Male","Diploma",0,16.75,420545,1.65,956999,18.86,69.27,42.8,"Salaried","Mortgage","Home_improvement",0
"6791",71663,"Female","No records",0,17.75,504911,1.55,178917,39.92,129,72.2,"Salaried","Rent","Vehicle",1
"6814",71830,"Male","Diploma",0,20.75,284960,2.24,136310,34.43,115.06,62.2,"Salaried","Rent","Other",1
"9557",96069,"Female","Diploma",1,22.75,296927,1.44,757368,28.9,97.47,52.3,"Contract","Own","Debt_consolidation",1
"6590",70039,"Female","Diploma",0,19.25,397293,1.69,718223,30.48,101.55,63.8,"Salaried","Mortgage","Vehicle",1
"3238",39802,"Female","Degree",2,18.75,2745061,1.97,6033380,17.14,64.2,43.5,"Self-employed","Mortgage","Home_improvement",0
"1082",19954,"Male","Degree",0,21.25,503213,1.46,1148863,37.6,123.9,60.2,"Self-employed","Mortgage","Vehicle",1
"442",14118,"Male","Grade 12",0,17.75,191751,0.95,231615,19.46,69.08,52.7,"Salaried","Mortgage","Vehicle",1
"9785",98149,"Male","Grade 12",0,19.25,548047,1.46,904298,15.84,59.79,39.8,"Salaried","Own","Debt_consolidation",0
"5741",62371,"Female","Grade 12",0,21.25,2280515,1.39,8445068,33.51,109.84,67.3,"Self-employed","Mortgage","Vehicle",1
"4595",51781,"Male","Grade 12",0,22.25,649158,1.54,585283,0.5,5.54,34.2,"Salaried","Rent","Vehicle",0
"5398",59026,"Male","Grade 12",0,18.75,365639,1.53,692996,7.09,35.35,33.5,"Salaried","Rent","Vehicle",0
"5451",59456,"Female","Grade 12",0,25.25,1744900,1.37,1776904,35.05,121.03,60.8,"Self-employed","Rent","Other",1
"2698",34508,"Female","Degree",0,14.25,279011,1.64,136444,20.74,67.95,53.7,"Salaried","Mortgage","Home_improvement",1
"4823",53951,"Female","Grade 12",3,20.25,187728,1.75,655763,6.21,27.11,32.2,"Salaried","Rent","Vehicle",1
"4405",50004,"Male","Diploma",3,21.25,2331823,1.72,2494786,14.75,52.05,38.1,"Self-employed","Own","Debt_consolidation",1
"8247",84480,"Female","Diploma",0,23.75,990007,1.14,2306394,19.49,64.58,45.7,"Self-employed","Rent","Other",1
"7935",81490,"Female","Diploma",0,16.75,383760,1.5,620688,17.44,62.76,51.4,"Salaried","Mortgage","Home_improvement",0
"2013",28058,"Female","Diploma",1,19.25,305159,1.62,1084021,3.9,19.4,32,"Salaried","Mortgage","Vehicle",1
"8607",87567,"Female","Grade 12",0,23.25,390842,1.52,729105,4.07,27.86,27.1,"Salaried","Rent","Other",0
"8609",87581,"Female","Degree",2,32.25,2095,0.41,7561,18.75,65.35,47.4,"Unemployed","Rent","Debt_consolidation",1
"7187",74790,"Male","Grade 12",0,21.75,566452,1.64,537686,10.44,39.19,36,"Salaried","Rent","Other",0
"5908",63857,"Male","Diploma",0,17.75,465671,1.72,1087368,19.5,63.51,49.5,"Salaried","Mortgage","Vehicle",1
"7359",76148,"Male","Postgrad",0,29.75,3082,0.35,6569,13.89,55.42,42.9,"Unemployed","Rent","Debt_consolidation",0
"5048",55814,"Male","Degree",0,25.25,1968061,2.11,1811675,37.63,123.43,69.1,"Self-employed","Rent","Other",1
"9968",99726,"Male","Diploma",0,19.25,107479,1.15,326978,22.86,79.7,47.7,"Salaried","Own","Debt_consolidation",0
"5856",63426,"Female","No records",0,16.75,271622,1.06,315891,30.76,100.67,59.6,"Salaried","Mortgage","Home_improvement",0
"3550",42520,"Male","Grade 12",0,31.75,4139,0.39,6329,33.03,109.11,64.5,"Unemployed","Rent","Vehicle",1
"2377",31589,"Male","Degree",1,24.25,397232,1.97,568682,33.15,112.96,67.7,"Contract","Own","Debt_consolidation",0
"3032",37779,"Male","No records",2,17.75,507570,1.81,1064461,14.74,49.16,39.6,"Salaried","Mortgage","Vehicle",1
"776",17154,"Female","Grade 12",0,20.25,1011145,2.24,1359720,26.43,89.22,53.5,"Contract","Mortgage","Home_improvement",1
"8718",88552,"Female","No records",0,23.75,1047547,2.2,1994749,20.15,70.33,43.8,"Self-employed","Rent","Other",0
"3219",39644,"Male","Degree",0,21.75,813092,1.65,1370820,14.98,54.79,40.9,"Salaried","Rent","Other",0
"1349",22218,"Male","Grade 12",0,34.75,4183,0.53,3741,24.55,85.18,56,"Unemployed","Mortgage","Debt_consolidation",0
"5860",63461,"Female","No records",0,18.25,113268,1.79,396675,39.33,128.78,71.4,"Salaried","Mortgage","Home_improvement",0
"8985",90918,"Male","Diploma",2,23.75,3083801,2.35,10148983,25.54,84.63,56.7,"Self-employed","Rent","Other",1
"4736",53102,"Female","Diploma",1,18.75,88097,0.66,135636,10.45,37.19,33.1,"Salaried","Rent","Vehicle",1
"4504",50812,"Male","Diploma",0,20.25,949864,1.07,2737629,16.5,55.99,41.2,"Contract","Mortgage","Home_improvement",0
"1209",20911,"Male","Grade 12",2,25.75,599489,1.46,517495,1.49,15.63,26.4,"Contract","Rent","Vehicle",1
"5578",60868,"Female","No records",0,19.75,948195,1.97,3398258,12.78,54.96,43,"Self-employed","Mortgage","Vehicle",0
"4628",52081,"Male","Grade 12",0,18.75,857516,1.07,2676333,28.67,94.53,57.6,"Salaried","Rent","Vehicle",1
"503",14667,"Female","Grade 12",2,17.75,620290,1.21,1788974,28.09,91.17,59.4,"Salaried","Mortgage","Vehicle",1
"7146",74525,"Male","Diploma",3,17.75,415547,1.73,886358,7.55,32.14,37.3,"Salaried","Mortgage","Vehicle",0
"836",17706,"Female","Diploma",1,20.25,785301,0.8,733012,17.44,57.35,47,"Contract","Mortgage","Home_improvement",0
"5248",57821,"Female","Grade 12",0,21.75,453423,1.22,832359,15.27,61.41,39.3,"Salaried","Rent","Other",1
"5537",60482,"Female","Diploma",0,20.25,306991,1.33,789143,31.87,108.68,65.4,"Salaried","Rent","Vehicle",0
"5844",63322,"Female","Diploma",0,16.75,446257,1.63,1274393,34.98,121.59,57.5,"Salaried","Mortgage","Home_improvement",0
"8321",85158,"Male","Diploma",2,23.75,646281,1.31,1290902,17.28,61.5,42.9,"Self-employed","Rent","Other",1
"5068",55966,"Male","Grade 12",0,18.75,344807,1.4,953515,22.03,76.51,45.1,"Salaried","Rent","Vehicle",0
"2133",29259,"Male","Grade 12",1,23.25,960077,1.26,2398240,24.6,88.72,54.8,"Contract","Mortgage","Debt_consolidation",1
"258",12417,"Male","Grade 12",1,19.25,280796,1.35,946869,38.55,123.05,65.9,"Salaried","Mortgage","Vehicle",1
"303",12796,"Male","Diploma",2,33.75,2479,0.42,9051,26.61,97.07,60.9,"Unemployed","Rent","Debt_consolidation",1
"5573",60790,"Female","No records",1,16.75,669965,1.78,1994811,16.94,51.42,49,"Salaried","Mortgage","Home_improvement",1
"846",17801,"Female","No records",1,21.25,1795093,1.17,3787667,30.33,103.52,57.4,"Self-employed","Own","Debt_consolidation",0
"4888",54516,"Female","Grade 12",0,35,3912,0.52,13146,8.59,35.74,42.4,"Unemployed","Rent","Other",1
"3419",41366,"Female","No records",0,22.75,870941,1.11,2257473,1.53,19.8,30.1,"Salaried","Own","Debt_consolidation",0
"6112",65797,"Female","Diploma",0,22.75,1062832,2.19,601452,29.91,101.74,56.5,"Contract","Rent","Other",0
"6772",71466,"Female","Grade 12",0,17.75,632685,1.47,1750138,8.94,35.98,32.8,"Salaried","Mortgage","Vehicle",1
"4599",51838,"Female","Diploma",2,18.25,405324,1.92,1217748,39.41,130.1,64.4,"Salaried","Mortgage","Home_improvement",0
"9779",98099,"Male","Grade 12",0,22.75,993512,1.5,2866437,24.97,82.91,53.4,"Contract","Own","Debt_consolidation",0
"1545",24035,"Female","Grade 12",0,35,6794,0.72,20665,37.83,128.06,64.5,"Unemployed","Mortgage","Debt_consolidation",1
"9226",93007,"Female","Diploma",1,17.75,750008,1.62,2018570,12.52,43.13,36.4,"Salaried","Mortgage","Vehicle",0
"3728",43950,"Female","Diploma",0,18.75,497446,1.66,1049726,20.32,70.75,44.3,"Salaried","Rent","Vehicle",1
"4470",50505,"Male","No records",0,17.75,830981,1.41,288192,4.88,20.49,39.8,"Salaried","Rent","Vehicle",0
"4853",54229,"Male","No records",0,19.25,110020,1.11,340156,37.02,122.16,67.7,"Salaried","Mortgage","Vehicle",1
"5149",56821,"Female","Diploma",0,20.75,196989,1.77,274469,34.27,108.77,66.4,"Salaried","Own","Debt_consolidation",1
"1039",19569,"Male","Degree",1,20.25,155077,1.68,567197,37.65,122.78,69.5,"Salaried","Rent","Vehicle",1
"7007",73420,"Male","Grade 12",1,18.25,428818,1.88,719572,5.96,24.62,30.8,"Salaried","Mortgage","Home_improvement",0
"7171",74709,"Male","Degree",2,20.25,570854,1.71,1752785,12.11,44.89,39.2,"Contract","Mortgage","Home_improvement",1
"4534",51101,"Female","Diploma",1,18.75,277615,1.61,531004,20.29,69.77,47.8,"Salaried","Rent","Vehicle",0
"8468",86387,"Male","Grade 12",0,33.75,8060,0.44,11023,6.92,33.53,36.6,"Unemployed","Rent","Debt_consolidation",0
"4334",49263,"Male","Grade 12",2,16.75,161780,1.67,191204,20.69,72.14,51.7,"Salaried","Mortgage","Home_improvement",0
"2446",32056,"Male","No records",0,19.25,399047,1.78,561553,6.95,32.53,35.4,"Salaried","Mortgage","Vehicle",0
"2756",35014,"Male","Grade 12",4,18.25,219244,1.35,426465,39.6,128.09,65.4,"Salaried","Mortgage","Home_improvement",1
"2221",30060,"Female","Degree",2,18.25,603328,1.56,1414897,35.55,112.88,66.8,"Salaried","Mortgage","Home_improvement",0
"6152",66151,"Female","No records",4,20.75,565711,1.34,1177126,38.26,123.21,70.8,"Salaried","Own","Debt_consolidation",0
"2972",37227,"Male","Grade 12",3,18.25,161134,1.15,346660,33.42,108.19,62.7,"Salaried","Mortgage","Home_improvement",0
"8255",84555,"Female","Grade 12",0,22.25,321915,1.59,746261,36.79,118.92,60,"Contract","Rent","Vehicle",1
"8819",89470,"Male","Grade 12",1,19.25,276483,0.8,675855,3.43,20.58,35.1,"Salaried","Mortgage","Vehicle",0
"4866",54318,"Female","Grade 12",0,19.25,281171,1.17,850375,22.51,73.58,55.5,"Salaried","Own","Debt_consolidation",0
"60",10547,"Male","Grade 12",1,18.75,522002,2.06,1227422,22.17,71.59,44.5,"Salaried","Rent","Vehicle",1
"9618",96659,"Female","Diploma",3,23.75,456387,1.78,1257509,4.19,22.91,28.1,"Contract","Rent","Vehicle",0
"9022",91229,"Male","Grade 12",0,35,2824,0.61,2756,27.99,91.37,62.8,"Unemployed","Rent","Debt_consolidation",1
"1000",19211,"Female","Diploma",0,17.75,445159,1.87,1284511,17.62,62.44,47.9,"Salaried","Mortgage","Vehicle",1
"1258",21408,"Male","Grade 12",0,25.25,2351795,1.69,5904380,4.38,26.02,28.3,"Self-employed","Rent","Other",0
"6464",68710,"Female","Degree",1,23.75,465552,1.4,948796,31.61,102.93,63.6,"Contract","Rent","Vehicle",0
"2214",30002,"Male","Grade 12",2,25.25,789999,1.5,998516,15.63,57.61,47.4,"Contract","Rent","Other",1
"6563",69780,"Male","Degree",0,18.75,596953,2.35,256879,0.66,11.77,30.9,"Salaried","Mortgage","Vehicle",0
"3884",45440,"Male","Grade 12",2,21.75,219878,1.75,659085,3.69,25.73,29.6,"Contract","Mortgage","Home_improvement",0
"2453",32160,"Female","Diploma",0,16.75,282457,1.5,934108,17.61,64.37,44.7,"Salaried","Mortgage","Home_improvement",1
"9701",97433,"Female","Degree",1,16.75,362379,1.14,1029960,17.93,70.6,41.3,"Salaried","Mortgage","Home_improvement",0
"9067",91543,"Male","Grade 12",1,18.75,368966,1.31,1037210,17.2,58.15,39.9,"Salaried","Rent","Vehicle",0
"2008",28024,"Male","Degree",2,23.25,363045,1.28,403816,37.19,116.68,67.6,"Salaried","Rent","Other",0
"7431",76832,"Male","Grade 12",0,18.25,486339,1.83,525091,34,115.1,67,"Salaried","Mortgage","Home_improvement",0
"9951",99545,"Male","Postgrad",0,18.75,235551,1.48,510253,24.32,83.36,57.2,"Salaried","Rent","Vehicle",1
"7231",75145,"Male","Grade 12",0,23.25,400903,1.54,700664,6.19,32.63,37.5,"Salaried","Rent","Other",1
"3459",41713,"Female","No records",0,18.75,105578,1.7,136143,15.87,56.11,39.4,"Salaried","Rent","Vehicle",0
"75",10732,"Male","Grade 12",2,20.25,342955,1.9,196298,17.4,59.04,47.2,"Contract","Own","Debt_consolidation",0
"7860",80795,"Male","Grade 12",0,16.75,328562,0.85,749530,28.07,93.81,59.3,"Salaried","Mortgage","Home_improvement",0
"6228",66764,"Female","Grade 12",0,15.25,155867,1.54,52930,15.38,54.33,50.2,"Salaried","Mortgage","Vehicle",0
"883",18153,"Male","Grade 12",1,31.25,7164,0.41,20280,15.65,53.05,44.1,"Unemployed","Mortgage","Debt_consolidation",0
"4464",50478,"Female","Degree",0,22.75,479990,1.6,1687041,2.61,18.16,25.3,"Salaried","Own","Debt_consolidation",0
"5941",64221,"Female","Grade 12",0,31.25,7820,0.41,5332,21.4,75.06,51,"Unemployed","Mortgage","Debt_consolidation",0
"1202",20863,"Female","No records",0,23.25,1988398,2.05,4850014,39.14,129.41,69.6,"Self-employed","Mortgage","Debt_consolidation",1
"8315",85128,"Male","No records",0,21.25,645861,1.63,2060474,24.91,82.03,56.4,"Contract","Mortgage","Vehicle",1
"7475",77232,"Male","No records",0,21.75,629915,1.41,1968077,30.33,106.16,59.9,"Salaried","Rent","Other",1
"9337",94035,"Male","Grade 12",0,16.75,350653,1.7,903633,22.78,78.52,52.1,"Salaried","Mortgage","Home_improvement",0
"8580",87357,"Male","Diploma",0,23.75,840468,1.68,2363486,22.46,77.71,47.4,"Self-employed","Rent","Other",0
"6993",73263,"Female","Diploma",3,23.75,1975694,1.75,2730096,17.54,60.2,50.4,"Self-employed","Rent","Other",1
"3375",41042,"Male","Degree",0,19.25,323935,1.75,270222,33.1,111.56,61.3,"Salaried","Mortgage","Vehicle",1
"8756",88899,"Male","No records",0,17.75,264697,1.53,961827,29.31,96.94,53.8,"Salaried","Mortgage","Vehicle",1
"4218",48159,"Female","Diploma",2,18.25,358396,1.22,802433,37.96,120.97,62.8,"Salaried","Mortgage","Home_improvement",0
"1298",21800,"Female","No records",2,16.25,353724,1.41,201707,11.14,37.26,42.1,"Salaried","Rent","Vehicle",0
"2952",37071,"Male","No records",0,24.25,625601,1.57,1972288,3.68,25.36,30.3,"Contract","Own","Debt_consolidation",1
"4053",46801,"Female","Grade 12",2,16.75,177301,0.91,319455,23.24,83.42,45.6,"Salaried","Mortgage","Home_improvement",0
"2225",30102,"Female","No records",0,23.75,2043832,1.05,7016632,17.38,59.88,43.4,"Self-employed","Rent","Other",1
"7615",78516,"Female","No records",0,25.25,2131082,2.28,4407883,28.03,94.21,61.1,"Self-employed","Rent","Other",1
"9896",99074,"Male","No records",3,16.25,153102,1.8,80030,16.85,63.95,46.2,"Salaried","Rent","Vehicle",0
"1481",23419,"Female","Grade 12",0,18.75,954836,0.87,532550,39.51,127.32,74.5,"Self-employed","Mortgage","Vehicle",1
"5329",58478,"Female","Grade 12",0,23.25,251791,0.88,728419,6,31.38,30.9,"Salaried","Rent","Other",0
"3193",39290,"Female","Diploma",1,18.75,209997,1.17,613968,18.47,70.69,48.3,"Salaried","Rent","Vehicle",0
"3246",39894,"Male","Grade 12",2,21.75,186534,1.61,318288,21.19,70.74,43.4,"Salaried","Rent","Other",1
"601",15512,"Female","Diploma",1,18.75,703473,1.74,521241,31.02,103.49,57.2,"Salaried","Rent","Vehicle",0
"914",18433,"Male","No records",0,35,4060,0.55,11372,36.77,117.45,66.7,"Unemployed","Rent","Debt_consolidation",1
"7575",78067,"Male","Diploma",1,18.75,383569,1.7,878324,10.18,44.44,40.8,"Salaried","Rent","Vehicle",0
"5056",55889,"Male","No records",0,19.75,885288,1.56,2097160,24.96,76.66,48.7,"Self-employed","Mortgage","Vehicle",1
"4538",51163,"Male","Grade 12",2,22.25,333188,1.77,1183957,11.25,44.5,40.3,"Contract","Rent","Vehicle",0
"5119",56497,"Female","Diploma",4,21.25,997068,1.52,3641560,15.03,52.36,38.9,"Contract","Mortgage","Vehicle",1
"8454",86233,"Male","Grade 12",1,25.25,1457442,1.72,3441571,31.24,106.92,64.2,"Self-employed","Rent","Other",0
"7160",74636,"Male","Diploma",2,18.25,459497,1.13,861353,34.26,114.09,66.2,"Salaried","Mortgage","Home_improvement",1
"2300",30819,"Female","Diploma",0,16.75,633908,1,569805,18.66,71.53,43.9,"Salaried","Mortgage","Home_improvement",0
"973",18997,"Female","Degree",0,16.75,192559,1.31,457088,7.34,31.68,30.1,"Salaried","Mortgage","Home_improvement",0
"6989",73242,"Female","Postgrad",0,21.75,184950,1.84,408478,16.06,60.68,42.6,"Salaried","Rent","Other",1
"4048",46713,"Male","Diploma",2,35,2203,0.59,3255,29.17,96.81,63.8,"Unemployed","Rent","Debt_consolidation",1
"4062",46862,"Male","Degree",1,23.75,1076643,1.36,2997748,36.62,118.88,64.9,"Contract","Rent","Vehicle",1
"7252",75326,"Female","Grade 12",0,35,5360,0.54,9991,2.05,12.31,32.8,"Unemployed","Mortgage","Debt_consolidation",1
"2155",29489,"Male","No records",1,19.75,679913,1.68,409210,11.8,45.62,45.1,"Contract","Rent","Vehicle",1
"7834",80628,"Female","Degree",0,21.75,528850,1.6,1866163,13.24,49.43,47.2,"Salaried","Rent","Other",0
"2748",34907,"Female","Grade 12",1,23.75,2135620,2.52,4924331,24.33,83.5,54.4,"Self-employed","Rent","Other",1
"6002",64781,"Female","Diploma",0,25.25,2207433,0.97,7870936,39.14,121.41,63.4,"Self-employed","Rent","Other",1
"179",11706,"Female","No records",2,16.75,285335,1.06,638789,11.28,47.48,34.3,"Salaried","Mortgage","Home_improvement",0
"5327",58468,"Female","Degree",0,23.75,496305,1.42,1453311,9.48,37.34,41.8,"Self-employed","Rent","Other",0
"4570",51562,"Female","Grade 12",2,19.75,2030211,2.03,2051451,27.72,94.15,54.3,"Self-employed","Mortgage","Vehicle",1
"1874",26861,"Female","Grade 12",0,18.75,402706,1.43,602402,20.05,73.85,53.8,"Salaried","Rent","Vehicle",0
"2160",29537,"Male","Diploma",0,35,3561,0.48,10444,13.3,48.34,37,"Unemployed","Rent","Debt_consolidation",1
"9693",97377,"Female","Postgrad",0,21.75,1738367,1.46,5167412,10.14,37.86,40.1,"Self-employed","Mortgage","Debt_consolidation",1
"5117",56474,"Male","Grade 12",0,23.25,320962,1.35,1028281,39.74,130.02,67.4,"Salaried","Rent","Other",1
"6311",67365,"Male","Postgrad",2,21.75,215525,1.63,792888,29.42,98.06,53.1,"Salaried","Rent","Other",1
"6992",73257,"Female","Degree",0,18.25,221410,1.58,702810,37.94,119.7,61.1,"Salaried","Mortgage","Home_improvement",0
"1856",26687,"Female","Diploma",0,24.25,316971,1.68,1078062,33.94,114.13,64.7,"Contract","Own","Debt_consolidation",1
"9746",97807,"Female","Grade 12",0,19.25,133541,1.49,213335,15.43,60.26,41,"Salaried","Own","Debt_consolidation",1
"4260",48608,"Female","Diploma",0,18.75,629133,1.28,2154584,8.55,36.56,36.1,"Salaried","Rent","Vehicle",0
"5512",60154,"Male","No records",0,16.75,279389,1.31,318958,17.3,56.27,49.8,"Salaried","Mortgage","Home_improvement",1
"2806",35473,"Male","Diploma",2,19.25,425342,1.42,1202169,35.34,114.62,65.8,"Salaried","Mortgage","Vehicle",0
"6664",70639,"Male","Degree",2,25.25,1380194,1.24,1443504,37.36,122.4,61.2,"Self-employed","Rent","Other",0
"6286",67165,"Female","Grade 12",3,19.25,891194,1.38,542087,32.96,107.32,55.7,"Self-employed","Mortgage","Debt_consolidation",0
"5137",56707,"Female","Diploma",0,17.75,243327,0.83,815572,11.76,46.7,40.5,"Salaried","Mortgage","Vehicle",0
"3270",40119,"Male","No records",0,17.75,316071,1.82,276060,17.79,61.52,42,"Salaried","Mortgage","Vehicle",0
"4269",48717,"Female","Degree",0,35,5405,0.74,11453,7.96,34.32,32.5,"Unemployed","Rent","Debt_consolidation",1
"6053",65263,"Male","Diploma",0,21.25,1650339,1.41,3843630,3.23,14.8,31.5,"Self-employed","Mortgage","Vehicle",0
"525",14877,"Male","Diploma",0,17.25,1451794,1.83,895648,12.57,42.08,36.2,"Self-employed","Mortgage","Vehicle",0
"6587",70008,"Male","Grade 12",0,16.75,613131,1.61,636251,7.72,31.61,37.7,"Salaried","Mortgage","Home_improvement",0
"5057",55892,"Male","Degree",0,25.25,2218223,1.13,5988191,29.59,95.95,62.7,"Self-employed","Rent","Other",0
"3488",41933,"Female","No records",0,19.25,121482,1.96,209619,22.39,74.97,52.3,"Salaried","Own","Debt_consolidation",1
"2850",35876,"Male","Diploma",0,17.75,135584,1.59,444216,24.37,83.08,58.9,"Salaried","Mortgage","Vehicle",1
"6316",67407,"Female","Grade 12",2,16.25,556129,1.72,218378,10.67,42.61,43.4,"Salaried","Rent","Vehicle",0
"9402",94477,"Male","No records",2,17.75,754248,1.75,1737735,12.6,40.51,44.1,"Salaried","Mortgage","Vehicle",1
"8483",86474,"Male","Degree",0,21.75,677991,1.53,1601709,14.91,53.31,45.3,"Salaried","Rent","Other",1
"1995",27954,"Male","Diploma",0,16.25,319290,1.68,194249,17.47,66.58,40.6,"Salaried","Rent","Vehicle",0
"6698",70854,"Male","No records",2,16.75,253349,1.37,112241,27.6,98.4,50.7,"Salaried","Own","Debt_consolidation",1
"8521",86806,"Male","No records",0,23.75,773612,2.41,2291706,24.56,82.42,52.4,"Self-employed","Rent","Other",1
"8364",85522,"Male","Diploma",0,18.75,442378,1.02,450502,16.89,56.79,45.8,"Salaried","Rent","Vehicle",1
"9938",99436,"Male","Grade 12",0,17.25,1835658,2.07,920501,7.57,26.32,33.6,"Self-employed","Mortgage","Vehicle",0
"1724",25615,"Female","Grade 12",3,19.25,141016,1.17,469362,21.57,64.8,48.6,"Salaried","Own","Debt_consolidation",1
"6043",65157,"Male","Degree",0,19.25,145179,1.35,368594,13.54,51.18,40.9,"Salaried","Own","Debt_consolidation",0
"6301",67316,"Female","Grade 12",1,17.75,452767,1.81,734523,28.56,98.65,54.1,"Salaried","Mortgage","Vehicle",0
"4547",51304,"Female","No records",1,19.25,231581,1.8,797459,22.52,77.05,46.9,"Salaried","Own","Debt_consolidation",0
"2219",30038,"Female","Diploma",0,20.75,370578,1.36,716579,37.5,120.38,70,"Salaried","Own","Debt_consolidation",1
"7658",78933,"Female","Grade 12",1,16.75,415469,1.11,385762,15.34,52.99,43.5,"Salaried","Mortgage","Home_improvement",1
"4023",46485,"Male","Diploma",0,35,7252,0.54,11406,4.6,21.1,30.7,"Unemployed","Mortgage","Debt_consolidation",1
"7612",78461,"Male","Grade 12",1,17.75,293622,1.21,308416,8.14,32.88,37.9,"Salaried","Mortgage","Vehicle",0
"2921",36813,"Male","Degree",0,22.75,918574,1.9,981308,31.88,112.77,62.9,"Self-employed","Own","Debt_consolidation",1
"4317",49118,"Female","Grade 12",0,22.25,452428,1.37,1229037,2.39,24.32,31.3,"Salaried","Rent","Vehicle",0
"1541",24014,"Female","No records",0,16.75,292280,1.4,169234,16.72,58.47,43.3,"Salaried","Own","Debt_consolidation",0
"87",10837,"Male","No records",2,19.75,541596,1.53,360980,0.66,9.9,29.3,"Salaried","Rent","Vehicle",1
"4585",51706,"Male","Degree",0,18.75,315708,1.41,369582,9.32,32.18,32.7,"Salaried","Rent","Vehicle",0
"3771",44353,"Male","Degree",1,16.75,388918,1.18,486755,19.22,70.84,51.6,"Salaried","Mortgage","Home_improvement",0
"6717",71028,"Male","No records",0,19.75,1409693,1.97,1175775,14.82,50.71,39.3,"Self-employed","Mortgage","Vehicle",1
"1693",25296,"Male","No records",1,18.75,368703,1.89,841820,17.43,65.93,44.3,"Salaried","Rent","Vehicle",0
"2174",29639,"Male","Grade 12",1,16.75,153181,1.29,224695,24.03,85.51,51,"Salaried","Mortgage","Home_improvement",0
"1318",21977,"Male","Degree",0,21.25,616783,2.22,1208811,37.64,118.62,67.7,"Self-employed","Mortgage","Vehicle",1
"9282",93618,"Female","Diploma",2,16.75,553060,1.45,1217931,13.37,50.3,41.6,"Salaried","Mortgage","Home_improvement",1
"6025",64994,"Female","No records",1,23.25,999564,1.22,699461,9.57,43.03,37.6,"Contract","Mortgage","Debt_consolidation",1
"2762",35049,"Male","Grade 12",0,21.75,294147,1.56,1079060,12.33,44.52,44.1,"Salaried","Rent","Other",1
"1869",26781,"Female","Grade 12",0,30.25,3069,0.34,4465,2.54,17.06,31.8,"Unemployed","Rent","Home_improvement",1
"5090",56139,"Female","No records",0,18.25,527894,1.54,385945,37.12,123.27,63.9,"Salaried","Mortgage","Home_improvement",0
"9732",97696,"Female","Diploma",1,26.75,1085567,2.16,1406909,39.41,124.89,65.7,"Contract","Rent","Other",0
"1820",26350,"Male","No records",0,35,5520,0.56,19077,38.19,120.93,61.4,"Unemployed","Rent","Debt_consolidation",1
"6728",71128,"Male","Degree",1,23.75,1078867,1.88,2003968,8.73,37.67,38.9,"Self-employed","Rent","Other",1
"7636",78669,"Male","Degree",0,21.25,2921778,1.59,2718013,12.27,45.08,40.8,"Self-employed","Own","Debt_consolidation",0
"1140",20426,"Male","No records",0,17.75,179996,1.16,394099,20.85,73.72,52.9,"Salaried","Mortgage","Vehicle",0
"8124",83280,"Male","Diploma",0,16.75,657518,1.36,2435544,9.8,34.73,32,"Salaried","Mortgage","Home_improvement",0
"4724",53003,"Female","Diploma",1,23.25,468895,1.2,581686,13.3,54.3,38.5,"Contract","Mortgage","Debt_consolidation",0
"112",11029,"Female","Degree",0,16.75,155713,1.53,460682,12.59,46.65,41.9,"Salaried","Mortgage","Home_improvement",0
"7777",80129,"Female","Degree",0,35,5402,0.5,5034,2.92,13.93,25.2,"Unemployed","Rent","Vehicle",1
"4581",51658,"Male","No records",0,16.75,364916,1.51,647132,18.84,65.13,45.1,"Salaried","Mortgage","Home_improvement",1
"5547",60579,"Male","No records",3,20.75,378074,1.85,257145,36.11,116.57,65.6,"Salaried","Own","Debt_consolidation",1
"9727",97662,"Male","Diploma",4,20.75,523335,0.81,1099066,32.44,105.95,66.8,"Salaried","Own","Debt_consolidation",1
"3897",45538,"Female","Grade 12",1,20.25,1369564,2.11,2138319,4.93,29.87,34.5,"Self-employed","Mortgage","Home_improvement",0
"2668",34132,"Female","Grade 12",2,20.25,255658,2.08,872671,37.72,121.85,63.2,"Salaried","Rent","Vehicle",0
"3749",44160,"Female","No records",0,18.75,357413,2.12,1332898,22.8,77.47,45.7,"Salaried","Rent","Vehicle",1
"1071",19854,"Female","Diploma",2,18.75,200215,1.55,561249,36.64,113.57,58.9,"Salaried","Rent","Vehicle",1
"5140",56760,"Female","Diploma",0,24.75,1110834,1.9,2565986,3.23,21.15,36.8,"Contract","Mortgage","Debt_consolidation",1
"4246",48509,"Female","Degree",2,18.75,393080,1.74,575397,26.33,83.63,55,"Salaried","Rent","Vehicle",0
"9242",93251,"Female","No records",0,18.25,408009,1.95,634143,35.11,114.91,65.3,"Salaried","Mortgage","Home_improvement",0
"9637",96815,"Female","Grade 12",0,19.75,833005,2.22,271342,15.96,53.58,47.2,"Self-employed","Rent","Other",0
"344",13196,"Male","No records",0,19.75,1610538,3.06,3086007,25.81,88.32,57.6,"Self-employed","Mortgage","Vehicle",1
"3106",38503,"Female","Grade 12",1,17.75,667277,1.33,246355,15.8,58.02,44.2,"Contract","Mortgage","Home_improvement",1
"257",12413,"Male","Diploma",2,17.75,326586,1.64,1094620,9.93,39.38,44,"Salaried","Mortgage","Vehicle",0
"8647",87957,"Female","Diploma",0,18.75,359462,1.56,706767,18.89,70.87,50.2,"Salaried","Rent","Vehicle",1
"5087",56125,"Male","Grade 12",0,18.75,556406,1.7,1056192,19.73,69.38,53.6,"Salaried","Rent","Vehicle",1
"6862",72199,"Male","Grade 12",2,20.25,1011618,1.45,2615143,25.8,81.61,53,"Contract","Mortgage","Home_improvement",0
"8417",85951,"Female","No records",3,16.75,315730,1.89,578403,9.67,39.05,32.7,"Salaried","Mortgage","Home_improvement",0
"864",17983,"Female","Diploma",3,24.75,2011559,1.68,1045373,0.92,13.62,32,"Self-employed","Rent","Other",1
"2343",31261,"Female","Grade 12",2,23.75,2376325,1.42,2893085,19.16,69.34,53.2,"Self-employed","Rent","Other",0
"3737",44048,"Female","Diploma",0,19.25,437614,1.5,1265833,39.11,124.49,70.3,"Salaried","Mortgage","Vehicle",1
"1823",26367,"Male","Degree",1,21.25,226102,1.85,722414,23.62,78.04,49.5,"Contract","Mortgage","Vehicle",1
"5038",55739,"Female","No records",0,19.25,725699,1.27,2208385,21.83,73.8,52.2,"Salaried","Own","Debt_consolidation",0
"5445",59412,"Female","Diploma",4,22.25,1017420,2.21,2754526,8.54,38.4,31.8,"Contract","Rent","Vehicle",0
"5316",58376,"Female","No records",0,19.75,1889795,2.44,2188834,28.18,96.18,53.7,"Self-employed","Mortgage","Vehicle",1
"8333",85248,"Female","Degree",0,19.75,1529247,1.73,5305519,25.2,89.62,53.9,"Self-employed","Mortgage","Vehicle",0
"3562",42592,"Male","Grade 12",0,18.75,511002,1.44,230496,25.85,84.71,50.6,"Self-employed","Own","Debt_consolidation",1
"9665",97071,"Female","Diploma",2,25.25,968226,1.42,2757664,5.46,21.4,34.7,"Self-employed","Rent","Other",0
"6050",65238,"Female","Grade 12",0,21.75,790874,1.68,1479332,39.28,126.05,69.7,"Contract","Mortgage","Home_improvement",0
"6470",68760,"Female","Grade 12",2,19.25,491900,1.4,741590,34.49,109.57,60.3,"Salaried","Mortgage","Vehicle",0
"7217",75057,"Male","Degree",0,16.75,369888,1.81,840510,13.36,47.51,46.4,"Salaried","Mortgage","Home_improvement",0
"163",11567,"Female","No records",0,17.75,441612,1.96,302166,23.84,80.13,53.5,"Salaried","Mortgage","Vehicle",1
"1548",24053,"Male","Grade 12",2,28.75,1895,0.36,3571,17.24,68,46.9,"Unemployed","Mortgage","Debt_consolidation",0
"4940",54849,"Male","Grade 12",1,20.25,495287,1.66,1494343,39.15,128.45,62.9,"Salaried","Rent","Vehicle",1
"4369",49606,"Female","Grade 12",1,22.75,1098508,1.58,2048939,36.61,122.55,66.2,"Contract","Mortgage","Vehicle",1
"1845",26612,"Male","No records",0,19.25,422360,1.4,1501483,13.26,50.52,47.6,"Salaried","Own","Debt_consolidation",0
"2257",30464,"Male","Grade 12",0,16.75,457768,1.35,1223469,17.04,59.92,43.1,"Salaried","Mortgage","Home_improvement",0
"2215",30026,"Female","Degree",1,20.75,1902905,1.6,929565,37.11,119.84,62.8,"Self-employed","Mortgage","Debt_consolidation",1
"3435",41503,"Male","Grade 12",1,21.25,446274,2.36,1330381,20.01,67.52,49,"Contract","Mortgage","Vehicle",0
"7733",79698,"Female","No records",0,18.75,430581,1.61,1426284,19.63,69.37,42.7,"Salaried","Rent","Vehicle",0
"924",18503,"Female","Grade 12",3,23.25,723331,1.64,2039982,39.83,126.92,68.8,"Salaried","Rent","Other",1
"4542",51245,"Male","Grade 12",2,31.25,4647,0.54,2072,14.88,61.33,42,"Unemployed","Rent","Vehicle",1
"7494",77388,"Male","Grade 12",0,16.75,359697,2.12,853166,18.7,65.36,42.8,"Salaried","Mortgage","Home_improvement",0
"9285",93648,"Female","No records",0,19.25,123846,1.18,46007,29.62,106.07,59.4,"Salaried","Rent","Other",1
"7234",75160,"Female","Grade 12",0,21.25,849451,1.57,2752354,21.64,79.84,56.3,"Contract","Mortgage","Vehicle",1
"3675",43565,"Male","Degree",0,23.25,502923,1.3,824363,27.44,96.12,60.9,"Salaried","Rent","Other",0
"3370",40987,"Female","Grade 12",0,18.75,391885,1.67,946776,26.83,94.24,53.9,"Salaried","Rent","Vehicle",1
"5436",59319,"Female","Degree",0,23.75,153296,1.27,573092,12.56,49.33,36.2,"Self-employed","Rent","Other",1
"3968",46066,"Female","Grade 12",1,21.25,909465,1.41,2477795,30.02,99.15,59.5,"Contract","Mortgage","Vehicle",1
"6079",65498,"Male","Diploma",1,19.75,1376974,2.46,4506053,17.54,66.61,52.5,"Self-employed","Mortgage","Vehicle",1
"4049",46720,"Male","No records",1,33.75,1957,0.44,4835,36.81,121.85,64.7,"Unemployed","Rent","Debt_consolidation",1
"4370",49620,"Female","Degree",0,17.75,395738,1.67,386581,8.66,36.02,38.5,"Salaried","Mortgage","Vehicle",1
"4248",48515,"Female","Diploma",0,20.75,318552,1.79,330300,28.46,95.78,62.9,"Salaried","Own","Debt_consolidation",1
"5559",60653,"Female","Grade 12",0,23.75,1269018,2.05,4580911,18.64,63.27,42.7,"Self-employed","Rent","Other",1
"4885",54490,"Male","Diploma",1,25.25,1891053,1.58,5408281,34.61,110.9,63.5,"Self-employed","Rent","Other",0
"7915",81342,"Female","Grade 12",0,16.75,179724,1.59,75932,19.25,63.64,42.6,"Salaried","Own","Debt_consolidation",1
"4100",47154,"Male","No records",2,23.25,448129,1.25,1613314,35.66,115.29,66.6,"Salaried","Rent","Other",1
"2330",31201,"Male","Diploma",1,17.75,214645,0.86,77043,4.71,29.07,35.5,"Salaried","Rent","Vehicle",1
"1811",26274,"Male","Grade 12",0,35,2083,0.49,1885,6.69,25.96,30.7,"Unemployed","Rent","Debt_consolidation",0
"6766",71414,"Male","Grade 12",0,16.75,590148,1.42,409068,12.76,50.81,45.6,"Salaried","Mortgage","Home_improvement",1
"4604",51869,"Male","Degree",0,25.25,645576,2.32,1173945,2.73,20.9,31.1,"Salaried","Rent","Other",1
"6461",68663,"Male","Grade 12",0,19.25,167062,0.9,523718,37.66,123.21,69.1,"Salaried","Mortgage","Vehicle",1
"6824",71890,"Female","Diploma",0,20.75,548659,1.38,210637,37.13,118.68,69.7,"Salaried","Rent","Other",1
"230",12131,"Male","No records",0,19.25,402657,1.03,1188191,23.48,81.77,50.5,"Salaried","Own","Debt_consolidation",0
"2108",29039,"Female","Grade 12",0,17.75,333272,1.46,278291,21.83,75.13,49.1,"Salaried","Mortgage","Vehicle",0
"7168",74683,"Male","Grade 12",1,18.25,105967,1.89,283251,38.23,124.46,69.7,"Salaried","Mortgage","Home_improvement",1
"3543",42467,"Female","Grade 12",0,16.75,542124,1.67,287202,16.78,59.43,40.1,"Salaried","Own","Debt_consolidation",0
"9989",99896,"Male","Grade 12",1,21.75,94356,1.15,152607,39.59,131.24,61.9,"Contract","Mortgage","Home_improvement",0
"1046",19635,"Female","Diploma",2,35,5967,0.52,7358,37.76,125.6,68.2,"Unemployed","Rent","Debt_consolidation",1
"5765",62548,"Female","Postgrad",0,22.75,947697,2.21,1162483,21.77,72.01,55.6,"Contract","Own","Debt_consolidation",1
"4186",47845,"Female","Postgrad",0,21.25,3215623,2.46,10375987,35.47,117.56,68.4,"Self-employed","Mortgage","Vehicle",1
"6398",68017,"Male","Grade 12",4,16.75,119846,1.63,295535,18.76,65.3,52.4,"Salaried","Mortgage","Home_improvement",0
"6954",72923,"Female","No records",0,16.75,123119,1.68,391934,20.29,70.38,44.7,"Salaried","Mortgage","Home_improvement",0
"1598",24539,"Female","Grade 12",3,18.25,580384,1.27,1619799,34.42,109.33,67.4,"Salaried","Mortgage","Home_improvement",1
"2166",29566,"Female","Grade 12",0,15.75,215979,1.81,108469,34.34,105.44,66.9,"Salaried","Mortgage","Home_improvement",1
"3178",39174,"Male","Diploma",2,21.75,113627,0.98,183371,32.5,103.89,57.1,"Salaried","Rent","Other",1
"8813",89412,"Male","Diploma",3,19.25,317356,1.85,459268,21.26,71.17,50.3,"Salaried","Own","Debt_consolidation",0
"3068",38087,"Female","Degree",0,17.75,733060,1.55,2538135,20.3,74.39,45.8,"Salaried","Mortgage","Vehicle",1
"4586",51713,"Female","Diploma",2,23.75,968904,1.66,2939186,0.58,14.76,30.8,"Contract","Mortgage","Home_improvement",0
"2059",28570,"Female","Diploma",0,18.25,278028,1.2,337154,35.55,119.35,61.1,"Salaried","Mortgage","Home_improvement",1
"3570",42646,"Female","Grade 12",0,17.75,210685,1.42,162751,24.86,87.38,50.3,"Salaried","Mortgage","Vehicle",0
"6342",67592,"Male","Postgrad",2,22.75,2009056,1.92,2810722,35.71,121.54,68.9,"Self-employed","Own","Debt_consolidation",0
"5711",62123,"Male","Diploma",0,21.75,202354,1.97,311089,30,100.54,58.5,"Salaried","Rent","Other",1
"1241",21244,"Male","Diploma",1,16.75,212385,2,657991,25.05,85.46,60,"Salaried","Mortgage","Home_improvement",0
"938",18652,"Male","Postgrad",1,17.75,469774,1.6,334435,23.63,77.91,50,"Salaried","Mortgage","Vehicle",0
"6337",67529,"Male","Grade 12",1,21.75,91573,1.62,295562,11.41,50,46.4,"Salaried","Rent","Other",0
"2033",28265,"Male","Grade 12",0,21.75,768843,1.74,1591920,34.74,122.27,61.2,"Contract","Mortgage","Home_improvement",1
"7074",73991,"Female","Grade 12",0,34.75,4049,0.51,3282,22.18,70.19,49.3,"Unemployed","Mortgage","Debt_consolidation",0
"8162",83663,"Male","Grade 12",0,19.25,418483,1.56,738449,31.9,108.96,66.2,"Salaried","Mortgage","Vehicle",1
"4728",53025,"Female","Grade 12",0,23.75,962479,1.68,3173368,26.4,93.95,52.5,"Self-employed","Rent","Other",1
"9081",91695,"Female","No records",0,22.25,1416832,1.89,5185421,23.62,80.19,52.6,"Contract","Rent","Vehicle",1
"1942",27397,"Male","No records",2,21.75,666550,0.95,2038421,17.01,55.24,40,"Salaried","Rent","Other",0
"40",10323,"Female","Grade 12",0,18.75,332222,1.61,1172108,7.96,29.68,39.8,"Salaried","Rent","Vehicle",0
"3729",43963,"Male","No records",0,21.75,343433,1.64,594956,17.83,63.26,47.2,"Salaried","Rent","Other",0
"1862",26734,"Female","No records",1,21.75,317923,1.83,311085,8.43,34.34,32.8,"Salaried","Rent","Other",1
"2089",28834,"Female","Grade 12",0,18.75,3054406,2.06,6018083,27.62,92.78,58.7,"Self-employed","Mortgage","Home_improvement",0
"9898",99085,"Female","Diploma",2,19.25,114729,1.6,395651,31.55,112.03,65.6,"Salaried","Mortgage","Vehicle",0
"4566",51530,"Male","Grade 12",0,21.25,3795866,2.57,3861330,9.03,41.94,34.4,"Self-employed","Own","Debt_consolidation",1
"9753",97854,"Female","Degree",0,19.25,240047,1.97,106137,19.95,65.58,43.9,"Salaried","Rent","Other",0
"1212",20974,"Male","Grade 12",2,16.75,184613,0.83,664785,23.6,81.22,58.5,"Salaried","Mortgage","Home_improvement",1
"808",17466,"Male","Grade 12",0,19.25,360252,0.9,472570,8.69,29.2,38.6,"Salaried","Own","Debt_consolidation",1
"7714",79470,"Female","Diploma",0,25.25,3318367,1.88,3880042,32.25,106.68,63.7,"Self-employed","Rent","Other",1
"5859",63453,"Female","Grade 12",0,18.75,334738,1.69,809543,10.41,36.4,37.2,"Salaried","Rent","Vehicle",1
"616",15660,"Female","Diploma",1,25.25,373193,1.35,602355,35.09,114.31,59.1,"Contract","Rent","Other",1
"4466",50491,"Female","Diploma",0,21.25,2010308,1.64,4092086,9.59,40.28,34.5,"Self-employed","Own","Debt_consolidation",1
"3781",44465,"Male","Degree",1,19.25,203154,1.24,469715,37.54,121.53,61.3,"Salaried","Mortgage","Vehicle",0
"3855",45177,"Male","Grade 12",1,18.25,323142,1.42,516434,4.45,25.75,29.2,"Salaried","Mortgage","Home_improvement",0
"32",10251,"Female","No records",1,19.25,322862,1.4,340262,25.33,86.42,52.5,"Salaried","Own","Debt_consolidation",0
"2514",32710,"Male","Grade 12",0,20.75,436363,0.95,215289,36.04,111.53,70.4,"Salaried","Rent","Other",1
"5776",62673,"Female","Postgrad",0,20.75,470953,1.43,568774,32.05,104.7,63,"Salaried","Own","Debt_consolidation",1
"6128",65924,"Male","Grade 12",2,19.25,534005,1.24,1388768,18.35,61.97,43.8,"Salaried","Own","Debt_consolidation",0
"8921",90295,"Male","Diploma",1,17.75,458392,1.6,1203033,29.08,94.18,59.6,"Salaried","Mortgage","Vehicle",0
"9110",91957,"Female","No records",1,18.75,246747,1.39,203682,18.87,65.86,53.4,"Salaried","Rent","Vehicle",1
"689",16281,"Female","No records",1,18.75,278663,1.35,584010,13.77,55.64,39.8,"Salaried","Rent","Vehicle",0
"5135",56695,"Male","Grade 12",0,19.75,1703591,2.4,2951946,20.39,66.14,49.9,"Self-employed","Mortgage","Vehicle",1
"8981",90834,"Male","Degree",0,19.25,211011,1.28,168655,13.66,47.71,36.4,"Salaried","Own","Debt_consolidation",0
"876",18096,"Male","Postgrad",1,23.75,3492569,1.99,4204235,14.75,49.95,43,"Self-employed","Rent","Other",1
"904",18303,"Male","Grade 12",0,16.25,522201,1.37,162292,8.2,34.71,38,"Contract","Mortgage","Home_improvement",1
"8573",87278,"Male","Degree",0,20.25,409184,1.28,854740,37.72,120.2,72.6,"Salaried","Rent","Vehicle",1
"4536",51107,"Female","Diploma",1,18.25,459529,1.81,1436295,28.56,93.81,60.4,"Salaried","Mortgage","Home_improvement",1
"3861",45262,"Male","Diploma",1,18.25,63183,2.04,106372,29.88,101.6,61.6,"Salaried","Mortgage","Home_improvement",1
"2251",30438,"Male","No records",0,16.75,374134,1.7,860710,30.15,100.63,56.5,"Salaried","Mortgage","Home_improvement",1
"8415",85929,"Female","Degree",2,19.75,2183178,1.49,6435139,8.32,36.47,32.9,"Self-employed","Mortgage","Vehicle",1
"6582",69954,"Female","Degree",0,18.75,524448,1.86,1931195,24.42,83.19,50.3,"Salaried","Rent","Vehicle",1
"2306",30936,"Male","Grade 12",0,21.75,2138921,1.21,6352598,10.96,41.88,43.5,"Self-employed","Mortgage","Debt_consolidation",0
"1665",25075,"Male","Grade 12",0,20.25,656740,1.59,1351553,34.4,117.86,60.6,"Salaried","Rent","Vehicle",0
"152",11478,"Female","Grade 12",1,18.75,216540,1.11,161756,14.64,53.53,43.9,"Salaried","Rent","Vehicle",0
"2481",32402,"Male","Postgrad",1,32.75,4650,0.56,14449,28.48,96.9,54.7,"Unemployed","Rent","Home_improvement",1
"5069",55982,"Female","No records",0,19.25,437482,1.17,713894,5.98,27.1,33.8,"Salaried","Mortgage","Vehicle",0
"3311",40407,"Female","No records",2,16.75,423574,1.27,1463831,26.47,90.46,51.6,"Salaried","Mortgage","Home_improvement",0
"3250",39927,"Female","No records",0,17.75,188351,1.74,108375,27.92,98.41,60.7,"Salaried","Rent","Vehicle",0
"6871",72271,"Male","Grade 12",0,18.25,603142,2.12,593054,4.5,21.46,35.3,"Salaried","Mortgage","Home_improvement",1
"4494",50713,"Female","Diploma",1,23.25,861485,2.02,950379,28.02,92.98,50.4,"Contract","Mortgage","Debt_consolidation",1
"2074",28706,"Female","Grade 12",2,18.75,190120,1.75,142081,27.95,94.77,50.6,"Salaried","Rent","Vehicle",0
"18",10125,"Male","Diploma",1,14.25,214972,1.59,73649,22.84,76.69,57.1,"Salaried","Mortgage","Home_improvement",1
"8110",83163,"Male","Degree",1,19.25,687269,1.71,373624,31.87,106.6,56.6,"Salaried","Rent","Other",1
"9261",93403,"Female","Grade 12",0,23.75,1018080,1.64,1868584,23.44,84.03,53.7,"Self-employed","Rent","Other",1
"8633",87801,"Female","Degree",0,21.75,292353,1.54,981040,0.02,7.79,23.1,"Salaried","Mortgage","Home_improvement",0
"6894",72462,"Male","Diploma",0,17.75,479111,1.42,1158963,25.24,78.86,58,"Salaried","Mortgage","Vehicle",1
"7126",74353,"Male","Degree",0,23.75,876149,2.26,1214383,37.6,122.51,60.2,"Contract","Rent","Vehicle",1
"2366",31510,"Female","Grade 12",2,16.75,529546,1.35,1734567,20.39,70.6,52.6,"Salaried","Mortgage","Home_improvement",0
"2993",37397,"Female","No records",2,16.75,377636,1.68,780917,32.48,108.02,59.4,"Salaried","Mortgage","Home_improvement",0
"1924",27240,"Female","No records",0,35,4218,0.7,10567,19.09,68.98,46.2,"Unemployed","Rent","Debt_consolidation",1
"7455",77030,"Male","Grade 12",0,20.25,643876,1.35,387045,31.75,108.76,62.5,"Self-employed","Own","Debt_consolidation",1
"3685",43637,"Female","Diploma",0,19.25,625820,1.81,1781365,10.99,41.34,33.3,"Salaried","Own","Debt_consolidation",1
"9801",98316,"Female","Grade 12",0,16.75,687604,1.61,1549494,31.17,104.08,57.6,"Salaried","Mortgage","Home_improvement",0
"7053",73791,"Female","No records",0,20.75,548709,1.49,1317105,27.7,93.87,62.2,"Salaried","Own","Debt_consolidation",0
"9096",91869,"Male","No records",0,19.25,448382,1.39,1139052,33.41,109,64.2,"Salaried","Mortgage","Vehicle",0
"4399",49917,"Female","Diploma",0,35,6076,0.5,4768,9.09,35.63,37.7,"Unemployed","Rent","Debt_consolidation",1
"5500",60040,"Female","Diploma",1,33.25,2888,0.34,6520,2.79,18.89,25.8,"Unemployed","Rent","Debt_consolidation",1
"979",19025,"Female","Grade 12",1,20.25,592174,2,694415,1.39,12.37,25.8,"Salaried","Mortgage","Home_improvement",0
"8923",90315,"Male","Degree",2,15.75,463792,0.69,287468,39.85,130.56,67,"Salaried","Mortgage","Home_improvement",1
"1320",21993,"Female","Grade 12",1,26.75,510674,1.86,1144959,5.98,33.73,40.8,"Contract","Rent","Other",1
"1848",26631,"Female","Diploma",3,23.25,881331,1.66,884139,12.5,47.97,39.6,"Contract","Mortgage","Debt_consolidation",0
"1330",22061,"Female","Grade 12",0,32.25,4900,0.4,17063,22.92,78.92,51.8,"Unemployed","Rent","Debt_consolidation",1
"2171",29621,"Female","Postgrad",1,21.25,111544,1.52,292545,1.2,12.49,33,"Salaried","Mortgage","Vehicle",0
"2909",36691,"Female","Grade 12",0,21.25,1937061,2.12,1475639,5.96,28.44,39.4,"Self-employed","Mortgage","Vehicle",1
"1946",27424,"Female","Diploma",1,19.25,296453,0.88,323712,31.52,105.53,61.7,"Salaried","Mortgage","Vehicle",0
"6347",67648,"Male","Diploma",1,19.75,2758384,1.39,3611233,12.03,48.25,45.3,"Self-employed","Mortgage","Vehicle",0
"1122",20295,"Female","No records",0,32.25,2885,0.4,6831,13.68,52.79,38.8,"Unemployed","Rent","Debt_consolidation",0
"8918",90266,"Male","Diploma",0,23.25,397886,1.54,1043837,5.1,21.41,27.3,"Salaried","Rent","Other",1
"1405",22696,"Male","Grade 12",0,20.75,234421,1.43,411668,39.67,124.94,68.7,"Salaried","Own","Debt_consolidation",1
"5606",61178,"Male","No records",4,18.75,274838,1.32,614015,33.34,108.61,57,"Salaried","Rent","Vehicle",0
"2766",35077,"Male","Postgrad",1,17.75,727641,1.56,660984,35.33,116.96,58.3,"Salaried","Mortgage","Vehicle",1
"2496",32535,"Female","Grade 12",0,18.75,735684,1.39,2734877,7.32,35.44,33,"Salaried","Rent","Vehicle",0
"4618",52011,"Male","Degree",0,20.25,681680,1.12,2321178,4.54,23.03,29.1,"Salaried","Rent","Vehicle",0
"2328",31160,"Female","Degree",0,17.75,351876,1.89,327058,10.95,40.4,38.1,"Salaried","Mortgage","Vehicle",0
"747",16925,"Male","Diploma",1,17.75,359153,1.53,1319800,21.76,79.47,48.6,"Salaried","Mortgage","Vehicle",1
"6827",71947,"Male","Grade 12",0,18.75,2703186,2.8,4394734,16,58.46,49.4,"Self-employed","Mortgage","Home_improvement",1
"5550",60604,"Female","No records",0,16.75,182725,1.61,272778,25.52,90.8,58.3,"Salaried","Mortgage","Home_improvement",1
"5397",59012,"Male","No records",1,24.75,607506,1.86,1149937,6.65,26.18,37.9,"Contract","Mortgage","Debt_consolidation",0
"7938",81543,"Male","Grade 12",0,32.25,2941,0.38,9423,21.14,74.58,52,"Unemployed","Rent","Debt_consolidation",1
"506",14685,"Male","Degree",1,19.25,392661,1.24,1477362,29.19,91.19,61,"Salaried","Mortgage","Vehicle",1
"8236",84410,"Female","Grade 12",0,35,3095,0.47,5699,0.42,4.95,27.8,"Unemployed","Rent","Debt_consolidation",0
"3652",43296,"Male","Diploma",0,21.75,456841,1.77,814180,29.14,96.84,55.3,"Salaried","Rent","Other",0
"3889",45483,"Male","Grade 12",0,18.25,246471,1.78,372761,31.15,102.96,63.3,"Salaried","Mortgage","Home_improvement",1
"1025",19451,"Female","Grade 12",0,17.75,344156,2.1,1056204,18.21,67.7,48.5,"Salaried","Mortgage","Vehicle",1
"4808",53798,"Female","No records",2,18.75,126316,1.32,391029,28.84,101.54,51.9,"Salaried","Rent","Vehicle",0
"1351",22238,"Female","Degree",1,19.25,571635,2.06,1533781,33.4,106.78,57.2,"Salaried","Own","Debt_consolidation",1
"4527",50991,"Female","Grade 12",0,23.25,232591,1.74,703408,16.07,58.31,38.1,"Contract","Mortgage","Debt_consolidation",0
"6288",67176,"Male","No records",2,22.25,677742,1.43,2464193,0.83,14.19,31,"Salaried","Rent","Vehicle",0
"1539",23996,"Female","No records",0,19.25,408674,1.33,548165,22.38,77.37,56.1,"Salaried","Own","Debt_consolidation",0
"9294",93755,"Male","Diploma",0,18.75,652210,1.74,2102935,24.51,86.8,53.3,"Salaried","Rent","Vehicle",0
"352",13290,"Male","Diploma",0,34.75,3345,0.43,8442,0.61,4.71,32.1,"Unemployed","Mortgage","Debt_consolidation",0
"8488",86512,"Male","Grade 12",1,19.25,390168,1.29,739712,9.91,40.53,34.8,"Salaried","Own","Debt_consolidation",0
"5078",56044,"Male","Grade 12",1,19.25,357197,1.2,863626,36.38,121.24,63,"Salaried","Mortgage","Vehicle",0
"1576",24233,"Female","Degree",1,18.25,209323,1.63,261494,37.97,121.13,66.4,"Salaried","Mortgage","Home_improvement",0
"1928",27268,"Male","Diploma",1,32.25,3701,0.42,13538,15.67,57.63,43,"Unemployed","Rent","Debt_consolidation",0
"8892",90035,"Female","Grade 12",0,23.25,436553,0.9,1589856,38.98,126.14,67.8,"Salaried","Rent","Other",0
"2845",35804,"Female","Grade 12",0,17.75,313749,0.66,964527,28.28,94.32,56.2,"Salaried","Mortgage","Vehicle",1
"2317",31037,"Male","Degree",2,35,1273,0.58,4297,27.94,92.15,60,"Unemployed","Rent","Debt_consolidation",1
"9029",91279,"Female","No records",1,17.75,409394,1.61,1368240,34.27,115,57.9,"Salaried","Mortgage","Vehicle",1
"6845",72064,"Female","Postgrad",0,28.75,1350790,1.41,4876682,2.01,21.19,24.1,"Self-employed","Rent","Other",1
"5717",62198,"Male","Diploma",0,15.25,161928,1.41,95618,28.96,93.49,58.2,"Salaried","Mortgage","Vehicle",0
"882",18139,"Male","Postgrad",0,21.75,514280,0.96,1655506,10.6,42.21,42.2,"Salaried","Rent","Other",0
"6202",66561,"Male","Degree",1,19.25,783269,1.14,2594372,20.76,75.2,48.9,"Salaried","Own","Debt_consolidation",0
"3693",43678,"Female","Diploma",1,22.75,1365235,1.3,2052007,31.93,104.08,58.5,"Contract","Own","Debt_consolidation",1
"8519",86768,"Male","Grade 12",1,17.75,251091,1.29,399343,10.3,37.53,40.7,"Salaried","Mortgage","Vehicle",1
"3071",38106,"Female","Grade 12",0,23.25,1222222,2.19,3560564,1.7,13.94,28.5,"Self-employed","Mortgage","Vehicle",1
"6882",72367,"Male","Postgrad",0,21.75,401181,1.59,1520408,28.4,97.2,51.6,"Salaried","Rent","Other",1
"317",12924,"Female","No records",0,21.25,416726,1.39,1570805,1.9,16.06,25.4,"Salaried","Mortgage","Vehicle",0
"3389",41172,"Female","Degree",2,18.75,2447230,2.13,1320351,25.12,82.06,57.8,"Self-employed","Own","Debt_consolidation",1
"9964",99666,"Male","Grade 12",1,18.25,266564,1.76,510000,34.34,116.72,69.2,"Salaried","Mortgage","Home_improvement",0
"7150",74557,"Male","No records",0,25.25,285222,2.14,818652,14.73,56.33,42.7,"Contract","Rent","Other",1
"7881",81013,"Female","Grade 12",2,24.25,307598,2.35,562476,33.67,114.87,62.6,"Contract","Own","Debt_consolidation",0
"7751",79918,"Female","Grade 12",0,18.75,368971,1.71,380142,19.94,71.85,52.8,"Salaried","Rent","Vehicle",1
"8072",82901,"Male","Grade 12",1,35,3821,0.61,10396,38.42,121.01,65.8,"Unemployed","Rent","Debt_consolidation",1
"4627",52066,"Female","No records",2,21.75,913441,2.54,2571385,37.04,116.62,66.4,"Contract","Mortgage","Home_improvement",1
"899",18279,"Male","No records",0,20.25,270786,1.74,1007239,4.56,27.31,28.1,"Salaried","Rent","Vehicle",0
"6364",67764,"Female","Diploma",0,20.25,190806,1.02,449099,1.17,11.08,35.4,"Salaried","Mortgage","Home_improvement",0
"8729",88662,"Female","Grade 12",0,19.25,352569,1.64,291608,35.4,120.09,67.7,"Salaried","Mortgage","Vehicle",0
"5055",55850,"Male","Grade 12",0,18.25,734646,1.7,684410,37,125.86,63.8,"Salaried","Mortgage","Home_improvement",0
"7872",80948,"Male","No records",0,19.25,195324,1.41,394054,18.99,73.1,43,"Salaried","Own","Debt_consolidation",0
"3955",45995,"Male","Diploma",0,16.25,384932,1.65,151614,9.35,35.03,33.6,"Salaried","Rent","Vehicle",0
"8680",88226,"Female","Grade 12",0,15.25,362086,1.39,192856,34.02,111.01,58.3,"Salaried","Mortgage","Vehicle",1
"2937",36964,"Female","Grade 12",1,23.25,1987305,0.98,7150285,33.74,107.58,62.1,"Self-employed","Mortgage","Debt_consolidation",1
"6309",67354,"Male","Grade 12",3,26.25,295512,1.28,199963,2.58,14.35,35.1,"Contract","Own","Debt_consolidation",1
"734",16793,"Male","Grade 12",0,21.75,409890,1.89,689466,15.41,48.18,50,"Salaried","Rent","Other",0
"898",18278,"Male","No records",1,22.75,1270670,1.99,4494294,4.44,24.45,26.9,"Contract","Mortgage","Vehicle",1
"8097",83031,"Female","Diploma",1,28.25,5114,0.35,7658,33.63,109.34,60.3,"Unemployed","Rent","Home_improvement",1
"7230",75134,"Male","Diploma",0,16.75,345539,1.52,1131541,17.97,61.78,52.6,"Salaried","Mortgage","Home_improvement",1
"215",12035,"Female","Diploma",0,33.25,8416,0.69,5586,12.78,47.1,36.7,"Unemployed","Rent","Debt_consolidation",1
"8895",90043,"Male","Diploma",1,19.25,398954,1.45,1187624,18.18,60.8,52,"Salaried","Own","Debt_consolidation",0
"8096",83027,"Male","No records",0,22.25,386952,2.85,603062,16.2,52.83,46.3,"Contract","Rent","Vehicle",1
"2633",33795,"Female","Grade 12",1,35,2449,0.5,5307,1.03,11.35,24.6,"Unemployed","Rent","Debt_consolidation",0
"6004",64803,"Female","Diploma",3,23.75,2794045,2.1,4160667,13.14,51.61,44.6,"Self-employed","Rent","Other",0
"1912",27171,"Male","Grade 12",3,21.75,162597,0.92,255375,15.04,52.65,47.7,"Salaried","Rent","Other",1
"8842",89646,"Female","Grade 12",1,16.75,275004,1.25,904828,18.46,67.88,42.6,"Salaried","Mortgage","Home_improvement",0
"2512",32704,"Female","Diploma",2,21.25,636502,1.26,1046517,39.21,125.52,66.9,"Self-employed","Mortgage","Vehicle",1
"2744",34895,"Female","Grade 12",0,20.25,135702,1.39,130649,6.21,28.25,29,"Salaried","Rent","Vehicle",0
"5034",55715,"Female","Diploma",0,21.75,2492056,1.24,2127776,30.96,100.77,58.1,"Self-employed","Mortgage","Debt_consolidation",1
"8917",90241,"Female","No records",1,22.75,519029,1.19,956042,0.64,7.43,24.9,"Salaried","Mortgage","Vehicle",0
"9433",94795,"Male","Grade 12",1,24.25,231584,1.3,178625,0.85,10.14,23.2,"Salaried","Own","Debt_consolidation",0
"4138",47415,"Male","Diploma",0,19.75,1282767,1.47,4225120,14.41,57.74,41.1,"Self-employed","Mortgage","Vehicle",0
"4167",47665,"Female","Degree",0,16.75,301821,1.26,743107,25.44,88.04,48.5,"Salaried","Mortgage","Home_improvement",0
"4689",52704,"Male","Diploma",0,21.25,2755177,2.17,1143639,21.79,74.76,55.9,"Self-employed","Rent","Other",1
"7835",80661,"Female","Degree",1,23.75,3357184,1.5,9422055,16.41,56.93,44,"Self-employed","Rent","Other",1
"6314",67394,"Female","Postgrad",0,17.75,594277,1.2,1226414,33.38,109.44,59.7,"Salaried","Mortgage","Vehicle",0
"2977",37261,"Female","No records",0,21.25,364059,1.99,581563,5.79,26.69,29,"Self-employed","Mortgage","Vehicle",0
"9739",97745,"Female","Grade 12",0,16.75,718877,1.56,1667783,9.83,41.72,38.4,"Salaried","Mortgage","Home_improvement",1
"8896",90053,"Male","No records",0,19.25,223243,1.36,184539,11.42,44.67,39.8,"Salaried","Own","Debt_consolidation",0
"8218",84154,"Male","Diploma",0,17.75,311491,1.52,319015,8.6,38.83,36.3,"Salaried","Mortgage","Vehicle",0
"1053",19696,"Female","Grade 12",2,15.75,378154,1.39,141688,33.86,111.9,65,"Salaried","Mortgage","Home_improvement",1
"3047",37897,"Female","Postgrad",2,17.75,368928,1.45,1203021,22.66,75.74,52.6,"Salaried","Mortgage","Vehicle",1
"2599",33502,"Male","No records",1,18.75,630677,1.29,1254434,18.8,68.76,51.9,"Salaried","Rent","Vehicle",0
"7841",80684,"Male","No records",0,19.25,406549,1.51,343652,32.69,106.05,63.4,"Salaried","Mortgage","Vehicle",1
"2904",36625,"Male","Grade 12",0,19.25,715716,1.96,1579808,28.12,98.93,52.3,"Salaried","Own","Debt_consolidation",0
"5270",57962,"Female","No records",0,16.75,270929,1.94,465052,12.71,50.18,43.3,"Salaried","Mortgage","Home_improvement",0
"1670",25097,"Male","Grade 12",2,18.75,203297,1.57,576317,19.59,67.9,44.3,"Salaried","Rent","Vehicle",1
"2332",31205,"Male","No records",1,15.25,155762,1.71,67748,9.19,35.24,35.8,"Salaried","Mortgage","Vehicle",0
"9161",92440,"Male","Diploma",0,20.25,2156798,2.04,2573317,38.15,125.87,70.2,"Self-employed","Mortgage","Home_improvement",0
"1998",27966,"Male","Diploma",1,21.75,319741,1.74,1097415,4.45,19.77,31.7,"Contract","Mortgage","Home_improvement",0
"7662",78949,"Female","Diploma",0,23.25,216395,1.32,223197,35.26,117.96,65.6,"Salaried","Rent","Other",1
"9412",94565,"Female","Diploma",0,16.75,361249,1.6,128545,8.74,36.74,31.4,"Salaried","Own","Debt_consolidation",0
"7248",75294,"Female","Degree",0,19.25,313444,1.45,1015830,25.97,84.59,51.4,"Salaried","Own","Debt_consolidation",0
"1074",19874,"Male","Degree",0,18.25,288672,1.51,543640,5.34,27.2,35.4,"Salaried","Mortgage","Home_improvement",0
"8036",82371,"Male","Grade 12",0,20.25,1638244,1.77,2108316,3.52,18.21,35.7,"Self-employed","Mortgage","Home_improvement",0
"9954",99568,"Male","Grade 12",0,18.75,337117,1.46,832194,27.56,94.3,49.7,"Salaried","Rent","Vehicle",1
"8532",86931,"Female","Grade 12",0,19.25,483087,1.36,1063206,27.7,90.33,51.1,"Salaried","Own","Debt_consolidation",0
"9577",96384,"Female","No records",0,35,6370,0.61,13053,39.08,123.03,67.1,"Unemployed","Rent","Debt_consolidation",1
"5294",58216,"Female","Postgrad",0,18.75,586459,1.34,1844910,13.51,53.06,36.8,"Salaried","Rent","Vehicle",1
"9165",92464,"Female","Degree",0,23.25,217934,1.65,498709,39.21,128.61,62.5,"Salaried","Rent","Other",1
"513",14787,"Female","Diploma",0,31.25,2982,0.4,1943,5.37,25.93,27.4,"Unemployed","Rent","Debt_consolidation",0
"1413",22734,"Male","Grade 12",4,18.75,499176,2.05,1587272,12.17,51.7,45.6,"Salaried","Rent","Vehicle",1
"6063",65345,"Male","Diploma",0,19.25,326057,1.3,824608,32.21,111.44,62.1,"Salaried","Mortgage","Vehicle",1
"8805",89313,"Male","Diploma",0,20.25,167433,1.89,526834,37.86,120.37,68.3,"Salaried","Rent","Vehicle",0
"2075",28751,"Female","Grade 12",4,19.25,162718,0.77,207261,23.28,76.52,52.1,"Salaried","Own","Debt_consolidation",1
"5857",63432,"Male","Diploma",2,19.25,447730,1.61,1592588,29.63,100.15,61,"Salaried","Mortgage","Vehicle",1
"3667",43504,"Male","Grade 12",0,19.75,1819445,1.85,1523819,30.42,104.59,54.1,"Self-employed","Mortgage","Vehicle",1
"2946",37012,"Female","No records",1,18.75,667666,1.88,1161260,11.4,41.9,40.3,"Self-employed","Mortgage","Home_improvement",1
"7897",81183,"Female","No records",0,21.75,189590,1.1,663912,14,53.23,39.1,"Salaried","Rent","Other",0
"2591",33411,"Female","Grade 12",0,17.75,412045,1.56,585247,10.61,42.16,38.4,"Salaried","Mortgage","Vehicle",0
"6601",70133,"Female","Diploma",0,23.25,390237,1.25,1165534,4.01,24.47,33,"Salaried","Rent","Other",0
"5106",56328,"Male","No records",2,19.25,311643,1.49,340158,23.37,78.35,56.2,"Salaried","Own","Debt_consolidation",0
"1825",26375,"Male","Diploma",0,18.25,501400,1.51,1270300,34.75,116.19,65.7,"Salaried","Mortgage","Home_improvement",1
"8872",89901,"Female","Degree",0,19.25,367157,1.45,824351,18.78,67.9,45.4,"Salaried","Own","Debt_consolidation",0
"3027",37755,"Male","Postgrad",1,23.25,131144,1.48,147142,39.71,126.32,64.7,"Salaried","Rent","Other",1
"6939",72818,"Male","Grade 12",2,16.75,445240,1.78,1251847,21.81,74.95,47.7,"Salaried","Mortgage","Home_improvement",0
"5105",56301,"Male","Diploma",1,23.75,1893316,2.43,6146610,14.51,52.55,40.9,"Self-employed","Rent","Other",1
"7254",75332,"Male","Degree",0,21.25,747706,2.04,1145924,6.69,30.56,34.7,"Self-employed","Mortgage","Vehicle",0
"2936",36947,"Female","Diploma",1,19.25,167499,1.39,457443,32.49,106.15,67.3,"Salaried","Mortgage","Vehicle",1
"7813",80423,"Female","Grade 12",0,16.75,537868,1.77,458855,10.03,35.67,42.1,"Salaried","Mortgage","Home_improvement",1
"4389",49807,"Female","Diploma",0,23.75,1865946,1.39,1714839,23.5,74.04,55.4,"Self-employed","Rent","Other",0
"5983",64576,"Male","Degree",1,25.25,617046,2.1,1811619,0.36,15.33,23.7,"Contract","Mortgage","Home_improvement",1
"3852",45152,"Female","Diploma",1,17.75,307553,1.33,599160,34.92,117.14,57.5,"Salaried","Mortgage","Vehicle",0
"4077",46996,"Female","Postgrad",0,21.25,810563,1.75,612625,34.33,110.83,68.4,"Self-employed","Mortgage","Vehicle",1
"3870",45336,"Male","Diploma",0,25.25,1847070,0.78,5682546,3.13,18.74,29.9,"Self-employed","Rent","Other",1
"844",17769,"Female","Grade 12",2,23.25,628823,1.98,2354917,32.89,106.52,60.5,"Salaried","Rent","Other",0
"7920",81368,"Female","Diploma",0,23.25,307415,1.65,710674,4.96,26.43,29.6,"Salaried","Rent","Other",0
"7764",80050,"Female","Degree",2,21.25,446413,2.11,1668180,34.33,110,58.2,"Contract","Mortgage","Vehicle",0
"2284",30663,"Female","Grade 12",0,21.75,2460582,2.76,6352137,20.07,71.73,49,"Self-employed","Mortgage","Debt_consolidation",1
"7409",76558,"Male","Degree",1,18.75,620498,1.78,1802633,26.23,88.6,51.9,"Salaried","Rent","Vehicle",0
"2230",30156,"Male","Diploma",0,18.75,307012,1.16,1006071,27.09,88.28,49.3,"Salaried","Rent","Vehicle",1
"2586",33367,"Male","Degree",1,14.25,246965,1.37,128709,28.83,94.01,53.8,"Salaried","Mortgage","Home_improvement",0
"3971",46093,"Female","Diploma",1,32.25,3278,0.4,7740,9.78,39.92,43.4,"Unemployed","Rent","Debt_consolidation",0
"2121",29136,"Male","Diploma",0,20.25,321812,1.45,784047,38.89,130.02,66,"Salaried","Rent","Vehicle",1
"9212",92884,"Female","No records",1,18.25,415040,1.99,1087446,6.81,34.1,40.3,"Salaried","Mortgage","Home_improvement",1
"7170",74695,"Male","Degree",0,17.75,538300,1.36,659764,17.33,60.4,48.2,"Salaried","Mortgage","Vehicle",0
"343",13194,"Female","Diploma",0,15.25,181785,1.73,81572,22.06,77.47,51.2,"Salaried","Mortgage","Vehicle",0
"3260",40003,"Female","Grade 12",0,21.75,524244,1.75,1527704,12.29,42.89,39.5,"Salaried","Rent","Other",0
"5097",56218,"Male","Grade 12",1,18.75,472459,1.31,1337161,11.8,46.46,43.4,"Salaried","Rent","Vehicle",1
"375",13501,"Male","Grade 12",0,16.75,469391,2.48,815784,28.45,95.79,50.6,"Salaried","Mortgage","Home_improvement",1
"705",16455,"Female","Diploma",3,19.25,198238,1.49,442613,16.66,58.36,39.9,"Salaried","Own","Debt_consolidation",0
"1863",26735,"Male","Postgrad",2,22.75,1107001,1.05,2033672,15.82,58.8,44,"Contract","Own","Debt_consolidation",0
"59",10546,"Female","Grade 12",0,18.75,197467,1.44,731608,9.77,34.61,39,"Salaried","Rent","Vehicle",0
"9902",99111,"Female","No records",0,31.25,2375,0.34,4469,37.04,123.29,61.2,"Unemployed","Rent","Debt_consolidation",1
"7242",75253,"Female","Diploma",2,25.25,3699237,1.56,11681328,4.56,24.97,32.1,"Self-employed","Rent","Other",1
"7411",76572,"Male","Diploma",0,16.75,188134,1.6,137628,30.91,100.09,54.9,"Salaried","Mortgage","Home_improvement",0
"1986",27814,"Female","No records",2,17.75,558256,1.42,397610,23.41,79.47,54.7,"Salaried","Mortgage","Vehicle",1
"7853",80754,"Male","Postgrad",0,32.25,2164,0.44,5115,15.35,56.66,44.9,"Unemployed","Rent","Debt_consolidation",1
"9986",99860,"Male","No records",2,19.25,525656,1.78,796267,12.76,46.89,47.5,"Salaried","Own","Debt_consolidation",1
"9911",99164,"Female","Degree",0,17.75,521973,1.08,793511,23.77,83.56,49.9,"Salaried","Mortgage","Vehicle",0
"3216",39597,"Female","Diploma",0,21.75,281265,1.72,638892,27.68,90.4,52.2,"Salaried","Rent","Other",0
"9381",94326,"Female","Diploma",0,21.25,2163447,1.17,1914513,21.79,71.61,49.8,"Self-employed","Own","Debt_consolidation",1
"8854",89749,"Female","No records",0,23.75,1989902,1.42,1460791,32.01,107.9,55.1,"Self-employed","Rent","Other",1
"5564",60711,"Female","No records",1,21.75,325035,1.35,890948,30.02,100.11,59.2,"Salaried","Rent","Other",1
"842",17763,"Male","No records",2,18.25,346074,1.79,872951,36.92,124.36,61.3,"Salaried","Mortgage","Home_improvement",1
"3806",44760,"Female","Diploma",0,21.75,212622,1.67,373157,14.41,57.35,47.7,"Salaried","Rent","Other",1
"4715",52921,"Male","No records",0,20.25,415421,1.95,1327773,38.41,124.57,67.7,"Salaried","Rent","Vehicle",0
"1615",24697,"Female","No records",4,20.25,1405783,1.79,4914195,19.7,67.55,42.4,"Contract","Mortgage","Home_improvement",0
"6091",65581,"Male","Grade 12",1,16.75,429059,1.3,367051,22.12,74.85,52.8,"Salaried","Mortgage","Home_improvement",0
"9640",96846,"Female","Degree",0,20.25,513648,1.48,1348926,38.48,124.73,60.8,"Salaried","Rent","Vehicle",1
"6358",67730,"Female","No records",0,19.75,1769261,1.62,4039566,27.63,88.86,58.2,"Self-employed","Mortgage","Vehicle",1
"7949",81627,"Male","Grade 12",0,18.75,193564,1.12,183053,16.37,56.43,45.8,"Salaried","Rent","Vehicle",1
"6272",67045,"Male","No records",2,19.75,277889,0.99,168867,2.29,17.33,31.5,"Salaried","Rent","Vehicle",0
"9707",97463,"Female","No records",0,20.75,96810,1.99,160135,6.79,29.56,35.2,"Salaried","Own","Debt_consolidation",0
"2663",34104,"Male","No records",2,21.25,951777,1.74,825820,7.86,33.43,38.9,"Contract","Mortgage","Vehicle",1
"5684",61881,"Male","No records",1,19.25,304352,1.45,320272,30.29,103.84,55.2,"Salaried","Own","Debt_consolidation",0
"5530",60392,"Female","Grade 12",0,27.25,2016520,1.6,2533117,1.67,16.47,30.6,"Self-employed","Rent","Other",1
"426",14006,"Male","No records",0,20.25,615438,1.69,1328071,5.31,24.98,28,"Salaried","Rent","Vehicle",0
"9580",96398,"Female","Diploma",0,24.75,565074,1.92,1012814,34.57,113.82,69,"Contract","Mortgage","Debt_consolidation",1
"9044",91383,"Female","No records",1,14.25,248492,2.28,124013,7.87,37.45,31.1,"Salaried","Mortgage","Home_improvement",1
"1456",23213,"Male","Grade 12",0,20.25,655155,1.86,1649972,36.01,122.15,64.1,"Salaried","Rent","Vehicle",1
"7539",77776,"Female","Grade 12",0,18.25,437104,1.52,971625,38.22,123.2,64.5,"Salaried","Mortgage","Home_improvement",0
"951",18755,"Male","Degree",0,18.25,797376,1.58,2424245,37.35,127.31,69,"Salaried","Mortgage","Home_improvement",1
"2057",28546,"Female","No records",1,22.25,833599,1.36,883494,17.15,58.05,42.2,"Contract","Rent","Vehicle",1
"894",18259,"Male","Degree",0,17.75,468175,1.61,269161,0.96,15.2,35.3,"Salaried","Mortgage","Home_improvement",0
"6794",71688,"Male","Grade 12",1,19.25,473017,1.4,1373221,32.48,109.8,61.9,"Salaried","Mortgage","Vehicle",0
"1508",23670,"Male","Degree",0,16.75,460973,1.59,1275732,12.89,54.79,39.2,"Salaried","Mortgage","Home_improvement",0
"854",17895,"Male","No records",0,16.75,228035,1.82,296640,26.58,86.04,48.9,"Salaried","Mortgage","Home_improvement",1
"9233",93065,"Female","No records",2,18.25,175456,1.76,477339,4.11,24.44,33.3,"Salaried","Mortgage","Home_improvement",0
"2738",34820,"Female","Grade 12",0,21.75,346523,1.49,318715,9.77,40.13,34.1,"Self-employed","Mortgage","Debt_consolidation",0
"3186",39242,"Female","Grade 12",2,18.75,191739,1.75,528027,23.34,80.11,46,"Salaried","Rent","Vehicle",1
"4952",54905,"Male","Grade 12",2,21.75,194407,1.45,586447,11.47,40.96,34.9,"Salaried","Rent","Other",1
"3351",40761,"Female","Degree",0,33.75,3542,0.51,12492,13.88,54.97,47.9,"Unemployed","Rent","Vehicle",0
"6504",69078,"Male","No records",0,17.75,230776,1.58,299371,31.51,103.2,57.2,"Salaried","Mortgage","Vehicle",0
"9561",96182,"Female","Grade 12",0,19.25,541174,1.81,511517,36.56,116.93,60.5,"Salaried","Mortgage","Vehicle",1
"7999",82078,"Female","Diploma",0,21.25,724763,1.92,649929,30.31,104.93,53.1,"Contract","Mortgage","Vehicle",1
"6669",70676,"Male","Diploma",2,30.25,4882,0.45,11868,7.92,37.88,41.7,"Unemployed","Rent","Vehicle",0
"6955",72929,"Female","Diploma",1,17.75,1005121,1.92,528482,9.62,37.7,32.5,"Contract","Mortgage","Home_improvement",1
"2940",36982,"Female","Grade 12",0,22.25,232270,0.7,202281,25.31,83.97,55.9,"Contract","Rent","Vehicle",1
"9934",99411,"Female","No records",1,26.75,1424101,1.46,5357351,30.19,101.29,61.5,"Contract","Rent","Other",1
"8749",88834,"Male","No records",0,34.75,3638,0.5,2417,35.7,114.8,64.3,"Unemployed","Rent","Debt_consolidation",1
"8904",90136,"Female","Grade 12",0,18.25,463720,1.57,1292740,3.45,19.53,34.1,"Salaried","Mortgage","Home_improvement",1
"2501",32597,"Female","Diploma",0,21.25,953316,1.47,1689013,9.04,36.56,34.4,"Self-employed","Own","Debt_consolidation",0
"4987",55197,"Male","No records",0,15.25,420841,1.63,138424,37.43,121.19,61.9,"Salaried","Mortgage","Vehicle",0
"737",16829,"Female","Degree",1,22.75,323039,1.82,865147,6.56,28.83,30.9,"Self-employed","Own","Debt_consolidation",0
"7191",74817,"Female","Grade 12",0,17.75,240530,2.01,497501,26.25,88.94,58.8,"Salaried","Mortgage","Vehicle",1
"7005",73408,"Female","Diploma",0,19.75,164708,1.47,450236,34.87,110.9,59.8,"Self-employed","Mortgage","Vehicle",1
"8953",90519,"Male","Diploma",0,16.75,415382,1.03,358885,16.06,56.35,49.8,"Salaried","Mortgage","Home_improvement",0
"2161",29543,"Female","Diploma",1,18.75,621158,1.51,1076586,9.12,40.62,44,"Salaried","Rent","Vehicle",1
"7721",79540,"Female","Degree",2,18.25,226263,1.5,96074,34.55,116.91,67.8,"Salaried","Own","Debt_consolidation",1
"986",19075,"Male","Grade 12",2,21.25,497717,1.86,959503,23.3,75.14,46.5,"Self-employed","Own","Debt_consolidation",1
"5181",57188,"Female","Grade 12",0,18.75,163674,1.46,596267,10.72,38.17,37.7,"Salaried","Rent","Vehicle",0
"2296",30784,"Male","Degree",2,20.75,419302,1.3,740520,6.78,29.97,37,"Salaried","Own","Debt_consolidation",0
"176",11685,"Male","Degree",1,17.75,217563,1.67,291520,27.57,90.05,51.2,"Salaried","Mortgage","Vehicle",0
"561",15205,"Male","Grade 12",0,18.75,356842,1.88,529462,16.66,55.86,49.9,"Salaried","Rent","Vehicle",1
"5897",63767,"Male","Diploma",1,20.25,260069,1.63,692828,6.71,28.54,41.1,"Salaried","Rent","Vehicle",1
"988",19091,"Female","Diploma",0,17.75,347725,1.37,367447,10.14,40.31,44.4,"Salaried","Mortgage","Vehicle",1
"4071",46919,"Male","No records",0,21.75,623525,1.13,648402,17.09,61.53,48.3,"Self-employed","Mortgage","Debt_consolidation",1
"9460",95121,"Female","Grade 12",0,16.75,300265,1.02,825727,27.51,93.56,55.8,"Salaried","Mortgage","Home_improvement",1
"8181",83835,"Female","Grade 12",0,35,2990,0.58,11053,7.77,33.33,36.5,"Unemployed","Rent","Debt_consolidation",1
"5308",58313,"Male","Degree",0,23.75,1188543,1.48,4098370,13.74,50.96,38.1,"Self-employed","Rent","Other",1
"5289",58134,"Female","Degree",0,19.25,391490,0.81,257400,21.61,77.62,48.8,"Salaried","Rent","Other",1
"2023",28155,"Male","Grade 12",0,21.75,418788,1.15,1507430,20.06,70.76,51.2,"Salaried","Rent","Other",1
"5325",58464,"Female","Diploma",0,17.75,498120,1.5,1178096,18.55,64.12,52.7,"Salaried","Mortgage","Vehicle",0
"1741",25710,"Female","Diploma",0,21.25,1722351,1.38,3585282,7.54,37.19,41.1,"Self-employed","Own","Debt_consolidation",0
"438",14086,"Male","Grade 12",0,14.25,149905,1.43,60087,13.99,49.5,36.7,"Salaried","Mortgage","Home_improvement",1
"7295",75616,"Male","Degree",0,24.75,294778,2.12,633457,36.18,116.58,70.5,"Contract","Mortgage","Debt_consolidation",1
"4597",51812,"Male","Degree",0,27.25,2274566,1.75,2904046,2.95,21.51,30.6,"Self-employed","Rent","Other",1
"8399",85811,"Female","Diploma",0,16.75,337991,0.96,707850,9.68,37.04,35.4,"Salaried","Mortgage","Home_improvement",0
"5865",63500,"Female","No records",2,18.75,1920821,1.32,4913809,16.4,59.43,42,"Self-employed","Mortgage","Home_improvement",0
"1813",26287,"Male","No records",2,19.25,613640,1.59,1718997,7.48,35.21,39.6,"Salaried","Own","Debt_consolidation",0
"4629",52087,"Male","No records",0,20.25,243683,2.01,606613,36.63,116.72,64.5,"Salaried","Rent","Vehicle",1
"7274",75476,"Male","Grade 12",0,22.75,615366,2.45,2312296,25.49,82.48,54.8,"Contract","Own","Debt_consolidation",1
"3486",41930,"Female","Degree",0,16.75,143167,1.05,318803,14.51,50.56,47.6,"Salaried","Mortgage","Home_improvement",0
"2240",30284,"Male","Grade 12",0,17.75,129687,1.14,381048,33.74,109.53,56.5,"Salaried","Mortgage","Vehicle",0
"9269",93506,"Male","Degree",0,20.25,404498,1.24,577169,36.67,119.01,65.1,"Salaried","Rent","Vehicle",1
"6513",69216,"Male","Degree",1,18.75,610102,1.5,487488,27.67,92.44,56.4,"Salaried","Rent","Vehicle",0
"9179",92613,"Male","Degree",2,17.75,259419,1.15,629326,12.02,49.89,38.8,"Salaried","Mortgage","Vehicle",0
"7670",79024,"Female","No records",1,15.75,260042,1.45,124380,38.35,125.66,60.6,"Salaried","Mortgage","Home_improvement",0
"3229",39760,"Male","No records",0,25.25,438928,1.74,756341,0.98,11.47,26.6,"Salaried","Rent","Other",0
"5635",61428,"Female","Degree",0,35,5378,0.5,7117,37.77,118.7,60.9,"Unemployed","Rent","Debt_consolidation",1
"1712",25482,"Female","Grade 12",0,18.75,176014,1.72,642752,24.32,80.33,52.9,"Salaried","Rent","Vehicle",1
"9734",97705,"Male","Grade 12",0,20.75,158890,1.34,398075,33.79,108.52,66.7,"Salaried","Own","Debt_consolidation",0
"7635",78662,"Male","No records",1,14.75,151665,1.58,47301,10.87,44.92,33.5,"Salaried","Rent","Vehicle",0
"2692",34374,"Female","No records",1,20.75,511218,1.78,856999,37.58,121.91,67.6,"Salaried","Own","Debt_consolidation",1
"4797",53721,"Female","No records",2,20.25,482909,1.16,1755702,33.02,107.69,64.5,"Salaried","Rent","Vehicle",1
"4461",50456,"Male","No records",3,17.75,311932,1.54,436369,16.63,58.6,47.1,"Salaried","Mortgage","Vehicle",0
"6166",66274,"Female","No records",0,19.25,627308,1.26,2080737,30.24,103.95,60.6,"Salaried","Mortgage","Vehicle",1
"1573",24207,"Male","Grade 12",0,33.75,3726,0.42,7109,34.77,112.71,62.2,"Unemployed","Rent","Debt_consolidation",1
"2786",35318,"Male","Degree",0,17.25,2324102,1.59,1153600,13.9,53.35,45,"Self-employed","Mortgage","Vehicle",0
"3023",37734,"Male","Degree",2,18.25,548059,1.49,1252318,4.6,21.75,27.8,"Salaried","Mortgage","Home_improvement",0
"655",15950,"Female","Diploma",2,23.25,458088,2.09,1357813,4.15,21.68,26.3,"Self-employed","Mortgage","Debt_consolidation",1
"1618",24718,"Female","Grade 12",0,25.25,291430,1.81,403933,33.07,107.83,67.5,"Self-employed","Rent","Other",1
"1873",26840,"Male","Grade 12",1,35,1836,0.48,4324,2.81,22.22,29.7,"Unemployed","Rent","Home_improvement",1
"6830",71970,"Male","No records",1,18.25,210762,1.65,347413,5.4,23.37,28.6,"Salaried","Mortgage","Home_improvement",1
"8243",84448,"Male","No records",0,21.25,334830,0.99,808055,17.79,59.54,51.2,"Contract","Mortgage","Vehicle",1
"1031",19484,"Female","No records",0,35,4393,0.65,7437,7.86,31.54,40,"Unemployed","Rent","Other",0
"4396",49901,"Female","No records",2,26.25,229644,1.68,827727,2.99,20.69,36.6,"Contract","Own","Debt_consolidation",0
"2030",28210,"Female","Degree",0,21.25,1397607,1.87,3649636,36.15,113.51,63.5,"Self-employed","Mortgage","Vehicle",1
"4040",46618,"Female","Grade 12",0,35,2201,0.56,7868,3.81,21.08,26,"Unemployed","Rent","Debt_consolidation",1
"8144",83446,"Male","Grade 12",1,20.25,371830,1.49,906846,5.64,27.4,37.1,"Salaried","Rent","Vehicle",0
"1930",27287,"Male","Diploma",2,21.25,518413,2.08,544836,20.84,74.95,48.4,"Self-employed","Own","Debt_consolidation",1
"8567",87222,"Male","Diploma",0,20.25,1683362,2.08,3678652,39.53,124.83,69,"Self-employed","Mortgage","Home_improvement",0
"3465",41746,"Male","Diploma",0,18.75,436937,2.17,359083,24.05,85.95,54.5,"Salaried","Rent","Vehicle",0
"4381",49703,"Female","No records",2,18.75,787430,1.4,553988,19.51,73.13,42.5,"Salaried","Rent","Vehicle",1
"9198",92765,"Female","Postgrad",0,23.25,2716023,1.78,9289310,6.42,25.75,39.7,"Self-employed","Mortgage","Debt_consolidation",1
"821",17564,"Male","Grade 12",2,18.75,168729,1.36,621872,24.62,85.26,59.3,"Salaried","Rent","Vehicle",0
"1312",21919,"Male","No records",0,20.25,244672,1.36,314548,5.88,30.12,30.9,"Salaried","Rent","Vehicle",0
"2301",30848,"Female","Grade 12",0,23.75,1050630,2.07,3666631,5.4,25.16,36.3,"Contract","Rent","Vehicle",1
"9493",95402,"Male","No records",2,34.75,1977,0.49,7447,7.93,33.66,31.7,"Unemployed","Mortgage","Debt_consolidation",0
"3019",37686,"Male","Postgrad",0,17.75,377437,1.58,1240689,11.7,42.13,34.5,"Salaried","Mortgage","Vehicle",0
"9943",99463,"Female","Grade 12",2,20.25,434220,1.38,1370680,4.7,24.51,38.4,"Salaried","Rent","Vehicle",0
"8367",85547,"Male","Grade 12",0,32.25,5509,0.43,19594,20.75,70.77,52.9,"Unemployed","Rent","Debt_consolidation",0
"4782",53563,"Female","Grade 12",1,18.75,227530,1.39,777015,13.73,55.02,40.9,"Salaried","Rent","Vehicle",0
"5649",61540,"Male","Diploma",0,32.25,3430,0.44,7172,32.95,108.91,57.8,"Unemployed","Rent","Debt_consolidation",1
"6284",67144,"Male","Grade 12",0,18.75,142402,1.17,398840,16.76,59.87,39.4,"Salaried","Rent","Vehicle",0
"7469",77144,"Male","Grade 12",0,35,2306,0.7,2437,34.55,116.68,67.4,"Unemployed","Rent","Debt_consolidation",1
"4041",46619,"Female","Grade 12",0,19.25,382618,1.64,731102,28.75,101.81,57.3,"Salaried","Own","Debt_consolidation",0
"4438",50283,"Female","Diploma",0,19.25,401075,1.74,1245786,8.95,31.94,37.3,"Salaried","Own","Debt_consolidation",0
"956",18833,"Female","Diploma",0,17.75,703425,1.31,1562385,7.91,32.17,38.2,"Salaried","Mortgage","Vehicle",0
"4180",47789,"Female","Diploma",0,15.25,369161,1.63,197173,32.77,112.04,54.8,"Salaried","Mortgage","Vehicle",1
"8266",84634,"Male","No records",0,35,2968,0.5,9095,38.03,126.71,66.8,"Unemployed","Mortgage","Debt_consolidation",1
"9633",96809,"Male","Diploma",0,20.25,341969,1.18,1000864,6.35,26.31,36.6,"Salaried","Rent","Vehicle",0
"2049",28485,"Male","Grade 12",1,18.75,142167,1.45,517420,17.7,58.94,45.4,"Salaried","Rent","Vehicle",0
"7444",76939,"Male","Grade 12",0,22.25,283254,1.39,613738,2.24,12.82,33.4,"Salaried","Rent","Vehicle",0
"7798",80281,"Female","Grade 12",0,17.75,626823,1.56,1124414,25.88,89.71,55.5,"Salaried","Mortgage","Vehicle",0
"2560",33193,"Female","No records",1,20.25,229037,1.76,176209,38.79,126.5,67.5,"Salaried","Rent","Vehicle",1
"1146",20474,"Female","No records",0,16.75,239899,0.88,608263,18.7,68.45,49.7,"Salaried","Mortgage","Home_improvement",0
"4764",53381,"Female","Degree",1,34.75,4017,0.49,10725,29.74,94.91,54.3,"Unemployed","Mortgage","Debt_consolidation",1
"4856",54249,"Male","Diploma",0,18.75,206105,1.57,645911,14.59,52.27,46.1,"Salaried","Rent","Vehicle",0
"4567",51531,"Male","Diploma",0,17.75,381527,1.34,1046478,11.02,40.08,41.4,"Salaried","Mortgage","Vehicle",1
"1304",21870,"Female","No records",2,23.25,898511,1.87,1548162,29.75,102.65,56.6,"Contract","Mortgage","Debt_consolidation",1
"5767",62556,"Male","Grade 12",0,22.75,450870,1.42,699048,0.91,12.9,33.6,"Salaried","Own","Debt_consolidation",1
"97",10906,"Male","Postgrad",0,19.25,457453,2.02,624141,36,122.19,69.9,"Salaried","Mortgage","Vehicle",1
"396",13702,"Male","No records",0,16.25,395294,1.6,191733,16.39,56.09,42.3,"Salaried","Rent","Vehicle",0
"5257",57911,"Male","Degree",2,34.25,5457,0.57,1827,19.85,68.43,50.7,"Unemployed","Rent","Other",1
"7880",81004,"Female","Diploma",0,16.75,228002,1.51,142833,37.95,125.67,62.3,"Salaried","Mortgage","Vehicle",1
"600",15511,"Female","Diploma",0,21.75,972891,1.96,1212744,21.55,75.21,55.9,"Self-employed","Mortgage","Debt_consolidation",1
"4767",53415,"Female","Degree",0,18.75,381518,1.67,1427015,9.18,36.65,34.7,"Salaried","Rent","Vehicle",0
"1725",25618,"Male","Degree",0,18.75,112050,1.48,133899,21.67,75.48,50.5,"Salaried","Rent","Vehicle",0
"2345",31276,"Female","Grade 12",0,24.25,547594,1.37,1939077,1.5,16.42,24.6,"Salaried","Own","Debt_consolidation",1
"9361",94211,"Female","Grade 12",2,20.25,436459,0.85,724483,1,18.1,33,"Salaried","Mortgage","Home_improvement",1
"3736",44044,"Female","Grade 12",0,22.75,1294842,1.51,2322660,35.69,116.87,61.9,"Contract","Mortgage","Vehicle",1
"7946",81614,"Female","Diploma",1,18.25,316540,1.47,739628,35.55,124.21,66,"Salaried","Mortgage","Home_improvement",1
"9064",91535,"Female","Diploma",3,16.75,578183,1.48,1781294,9.04,34.98,41.4,"Salaried","Mortgage","Home_improvement",0
"3026",37744,"Male","Diploma",0,22.25,308535,1.49,806816,2.68,15.61,27.5,"Salaried","Rent","Vehicle",0
"2659",34070,"Female","Diploma",2,24.75,151338,1.61,364887,36.84,121.51,71.8,"Contract","Mortgage","Debt_consolidation",0
"4739",53158,"Male","Grade 12",0,20.25,622890,1.65,1891032,1.95,18.92,29.9,"Salaried","Mortgage","Home_improvement",0
"9362",94212,"Female","Grade 12",0,17.75,306315,1.25,890633,15.11,54.67,39.9,"Salaried","Mortgage","Vehicle",0
"5936",64145,"Male","Degree",2,17.75,676718,1.09,1746625,17.22,59.77,48.7,"Salaried","Mortgage","Vehicle",1
"6956",72940,"Female","Grade 12",0,18.25,513813,2.15,887619,36.97,124.13,64.6,"Salaried","Mortgage","Home_improvement",0
"9047",91426,"Female","Diploma",0,24.75,538327,1.24,769994,2.31,16.64,29.5,"Contract","Mortgage","Vehicle",1
"5669",61759,"Female","Grade 12",0,17.75,218441,1.15,288422,16.47,59.05,49.5,"Salaried","Mortgage","Vehicle",0
"5962",64424,"Female","No records",0,17.75,315763,1.77,168166,39.9,127.11,68.5,"Salaried","Rent","Vehicle",1
"1145",20460,"Female","Degree",0,22.25,775928,2.03,1037468,12.52,47.84,35.1,"Contract","Rent","Vehicle",0
"9983",99834,"Female","Diploma",0,18.75,676749,1.89,215073,27.94,90.69,60.5,"Contract","Mortgage","Vehicle",1
"1728",25638,"Male","Degree",1,16.75,136706,1.84,236745,22.35,73.96,52.1,"Salaried","Mortgage","Home_improvement",0
"8363",85521,"Female","Diploma",0,20.25,190531,1.22,696973,31.38,95.72,60.1,"Salaried","Rent","Vehicle",0
"3478",41877,"Male","Grade 12",0,18.75,1998534,1.41,1481391,13.08,48.52,39.1,"Self-employed","Mortgage","Home_improvement",1
"2622",33694,"Male","Grade 12",2,21.75,155569,1.86,590990,21.2,68.77,51.9,"Salaried","Rent","Other",0
"476",14438,"Male","Degree",0,17.75,352697,1.81,477750,23.34,86.15,48.6,"Salaried","Mortgage","Vehicle",1
"5383",58880,"Female","Grade 12",0,17.75,84994,1.44,271439,14.21,54.35,42.3,"Salaried","Mortgage","Vehicle",0
"2589",33399,"Male","Grade 12",2,20.25,2113494,2.4,7888374,38.59,128.71,69.2,"Self-employed","Mortgage","Home_improvement",1
"8600",87516,"Female","Grade 12",2,17.75,323366,1.38,433537,16.37,61.89,44.8,"Salaried","Mortgage","Vehicle",1
"4036",46579,"Male","Grade 12",1,18.75,1668512,2.38,2800563,20.25,66.44,44.4,"Self-employed","Mortgage","Home_improvement",1
"4477",50554,"Male","Degree",2,21.75,618249,1.05,994598,18.75,66.9,45.9,"Self-employed","Mortgage","Debt_consolidation",1
"1789",26086,"Female","Grade 12",0,21.25,744820,0.75,2360604,15.67,60.81,46.8,"Contract","Mortgage","Vehicle",1
"7997",82071,"Male","Diploma",1,15.75,541816,1.8,323407,3.18,18.33,25.6,"Salaried","Mortgage","Home_improvement",0
"9469",95221,"Female","Grade 12",0,18.25,426165,1.35,234446,5.11,24.13,28.4,"Salaried","Own","Debt_consolidation",0
"9711",97499,"Male","Grade 12",0,18.25,340384,1.63,1028723,37.88,124.42,63.5,"Salaried","Mortgage","Home_improvement",1
"3872",45347,"Male","Diploma",3,22.75,309868,1.3,820484,39.17,129.98,69.9,"Contract","Mortgage","Vehicle",1
"8466",86371,"Male","Diploma",0,22.75,1726878,1.88,2173570,33.93,110.73,68.3,"Self-employed","Own","Debt_consolidation",1
"5198",57334,"Male","No records",0,25.25,2718575,1.84,750670,34.75,107.35,66.4,"Self-employed","Rent","Other",1
"1796",26149,"Male","Degree",2,23.75,443540,2.41,425311,35.46,116.29,67.2,"Contract","Rent","Vehicle",1
"8534",86944,"Male","Grade 12",1,24.75,1010494,1.22,2345031,36.32,120.22,65.5,"Contract","Mortgage","Debt_consolidation",1
"2201",29903,"Male","Grade 12",1,19.75,2995814,2.39,7232274,25.6,84.48,55.2,"Self-employed","Mortgage","Vehicle",1
"1692",25284,"Male","Degree",1,20.25,163818,1.81,574366,37.62,122.5,66.5,"Salaried","Rent","Vehicle",0
"7933",81476,"Male","Grade 12",0,23.25,107955,1.91,189735,36.51,116.78,68.7,"Salaried","Rent","Other",0
"9304",93814,"Male","Degree",2,23.25,727402,1.45,2318504,4.93,27.38,28.4,"Salaried","Rent","Other",0
"7979",81920,"Female","No records",0,16.75,582056,1.65,2144911,28.59,96.42,59.4,"Salaried","Mortgage","Home_improvement",1
"2383",31647,"Female","Diploma",0,17.75,361272,2.08,302322,13.08,46.48,38.8,"Salaried","Mortgage","Vehicle",1
"242",12287,"Female","Grade 12",2,20.25,208481,2.27,596114,6.24,30.98,34,"Salaried","Rent","Vehicle",1
"9691",97366,"Female","Grade 12",3,21.75,546579,1.31,1024848,25.48,85.49,48.4,"Salaried","Rent","Other",0
"7256",75339,"Female","Diploma",0,18.25,680245,0.91,1330476,6.3,31.32,35.2,"Salaried","Mortgage","Home_improvement",0
"9851",98639,"Female","Diploma",2,35,6350,0.47,4603,27.65,93.23,61.8,"Unemployed","Rent","Debt_consolidation",0
"9831",98468,"Female","No records",0,20.25,318623,1.74,867398,3.13,17.32,34.1,"Salaried","Rent","Vehicle",0
"3080",38261,"Female","Diploma",0,33.75,7787,0.38,21984,4.45,24.33,34.8,"Unemployed","Rent","Debt_consolidation",1
"6821",71867,"Male","Diploma",1,22.75,225362,1.15,361180,1.99,17.68,36.5,"Salaried","Own","Debt_consolidation",0
"6742",71258,"Male","Degree",0,17.75,311355,1.48,136512,6.19,33.17,32.5,"Salaried","Rent","Vehicle",0
"3441",41558,"Male","Diploma",0,19.25,357355,1.74,913850,38.39,123.85,61.7,"Salaried","Mortgage","Vehicle",0
"2269",30570,"Female","Grade 12",1,25.25,426848,1.56,339455,2.47,15.12,32.7,"Salaried","Rent","Other",0
"4247",48511,"Male","Diploma",2,15.25,261028,1.09,165994,15.22,56.17,44.9,"Salaried","Mortgage","Vehicle",0
"9176",92580,"Male","Grade 12",0,23.75,237454,1.99,689300,30.67,103.13,65.6,"Contract","Rent","Vehicle",0
"93",10881,"Male","Diploma",0,32.25,5906,0.39,4700,8.21,37.11,36.9,"Unemployed","Rent","Debt_consolidation",0
"809",17471,"Male","Diploma",0,22.25,972001,0.9,668026,14.06,52.74,37.4,"Contract","Rent","Vehicle",1
"2471",32313,"Male","Degree",0,20.75,373347,1.59,398064,4.24,21.44,32.6,"Salaried","Own","Debt_consolidation",1
"7284",75566,"Female","Diploma",1,18.75,193186,2.29,240391,22.47,82.96,52.7,"Salaried","Rent","Vehicle",0
"7438",76901,"Male","Grade 12",1,23.75,521931,1.5,473489,21.65,74.56,49.3,"Self-employed","Rent","Other",1
"4667",52450,"Female","No records",0,16.75,383915,1.58,1105121,9.09,34.56,32.9,"Salaried","Mortgage","Home_improvement",0
"861",17930,"Male","Postgrad",2,18.25,100996,1.35,114608,32.1,112.6,66.4,"Salaried","Mortgage","Home_improvement",0
"7917",81357,"Female","Degree",0,16.75,618196,1.75,1202124,22.82,80.34,54.3,"Salaried","Mortgage","Home_improvement",0
"7024",73562,"Male","Degree",2,17.75,472961,1.23,598556,10.48,43.07,35.5,"Salaried","Mortgage","Vehicle",0
"3928",45752,"Male","Grade 12",0,21.75,158820,1.81,373772,33.48,115.88,58.6,"Salaried","Rent","Other",0
"9883",98947,"Female","Grade 12",1,16.75,692513,1.42,1269215,20.52,71.13,54.7,"Salaried","Mortgage","Home_improvement",0
"1242",21249,"Female","Grade 12",0,20.25,874960,1.86,2659746,33.83,114.89,56.4,"Contract","Mortgage","Home_improvement",0
"9208",92839,"Female","No records",2,16.75,140964,1.24,412031,13.67,50.18,39.5,"Salaried","Mortgage","Home_improvement",0
"3134",38817,"Female","Grade 12",0,23.75,1223766,1.84,1058424,10.03,44.22,44.4,"Self-employed","Rent","Other",1
"557",15156,"Female","Diploma",0,18.75,203048,1.28,547919,31.26,97.8,58.4,"Salaried","Rent","Vehicle",1
"2914",36733,"Male","Degree",2,17.75,184931,1.42,341176,23.58,74.2,56.9,"Salaried","Mortgage","Vehicle",0
"1840",26579,"Male","Degree",1,21.25,973922,1.34,982568,38.37,126.38,70.5,"Self-employed","Mortgage","Vehicle",0
"1139",20417,"Male","Grade 12",2,21.75,1637181,1.96,5973570,33.82,109.36,59.7,"Self-employed","Mortgage","Debt_consolidation",0
"1278",21594,"Female","Diploma",2,17.75,252935,1.78,281611,28.36,89.56,58.1,"Salaried","Mortgage","Vehicle",1
"9837",98536,"Male","Grade 12",2,21.75,90707,1.58,233703,34.71,119.42,58.3,"Salaried","Rent","Other",1
"8467",86385,"Female","Diploma",2,18.25,288394,1.35,443016,35.53,114.77,62.2,"Salaried","Mortgage","Home_improvement",0
"4279",48782,"Female","Diploma",0,35,3779,0.56,10731,38.39,123.55,63.3,"Unemployed","Rent","Debt_consolidation",1
"5874",63578,"Male","Grade 12",2,26.75,1029569,2.13,990880,0.67,9.53,30.1,"Contract","Mortgage","Debt_consolidation",0
"6693",70838,"Female","No records",0,14.25,181790,1.29,89286,18.36,68.02,46.3,"Salaried","Mortgage","Home_improvement",0
"3649",43282,"Female","Diploma",2,23.25,575764,1.25,597923,37.53,118.92,62.5,"Salaried","Rent","Other",1
"1907",27134,"Female","Diploma",0,18.25,785387,1.64,1178247,30.31,104.76,65.1,"Salaried","Mortgage","Home_improvement",1
"1191",20776,"Female","No records",0,20.25,299618,1.66,255583,0.93,7.37,29.5,"Salaried","Mortgage","Home_improvement",0
"3819",44921,"Male","Diploma",1,18.75,212069,1.18,209208,23.49,77.69,45.6,"Salaried","Rent","Vehicle",0
"3308",40382,"Female","Diploma",0,22.75,1984297,1.87,980239,39.09,127.71,64.3,"Self-employed","Rent","Other",1
"5490",59891,"Male","Diploma",3,22.75,758690,1.85,2444756,4.47,21.74,31.8,"Self-employed","Own","Debt_consolidation",0
"7634",78653,"Female","Grade 12",0,23.25,379859,1.59,583867,37.64,118.89,63.3,"Salaried","Rent","Other",1
"1014",19369,"Male","Degree",1,32.25,6788,0.38,10828,31.74,110.41,58.6,"Unemployed","Rent","Debt_consolidation",0
"7810",80385,"Male","No records",3,25.25,1022546,2.2,3240181,34.61,109.22,63.1,"Self-employed","Rent","Other",1
"7705",79377,"Male","No records",0,16.25,172535,1.42,57905,19.51,64.9,41.8,"Salaried","Rent","Vehicle",0
"7642",78732,"Female","Grade 12",0,16.75,479371,1.04,942705,15.38,60.8,41.2,"Salaried","Mortgage","Home_improvement",0
"1011",19349,"Male","No records",1,19.75,1195964,2.67,2845910,8.75,36.36,36,"Self-employed","Mortgage","Vehicle",0
"7392",76436,"Female","No records",0,26.25,7155,0.15,2441,20.59,73.1,50.5,"Unemployed","Mortgage","Debt_consolidation",1
"8398",85809,"Male","Grade 12",0,24.25,1574891,1.26,680594,0.37,14.94,23.3,"Self-employed","Mortgage","Debt_consolidation",0
"4160",47575,"Female","Grade 12",0,25.25,626831,1.36,898024,13.37,49.49,48,"Contract","Rent","Other",1
"5680",61841,"Male","Diploma",0,22.25,667646,2.12,1153660,17.46,60.86,47.2,"Contract","Rent","Vehicle",0
"9479",95291,"Female","Diploma",2,16.75,257363,1.77,932849,25.86,84.15,51.9,"Salaried","Mortgage","Home_improvement",1
"1032",19489,"Female","Diploma",2,21.25,1709222,1.89,1899299,24.21,81.51,50.6,"Self-employed","Own","Debt_consolidation",1
"551",15115,"Female","Grade 12",0,17.75,305260,2.1,811217,19.42,63.22,44.8,"Salaried","Mortgage","Vehicle",1
"9345",94073,"Female","Degree",0,35,5021,0.66,14340,32.11,104.87,65.3,"Unemployed","Rent","Debt_consolidation",0
"755",16971,"Male","Grade 12",0,17.75,308073,1.54,953151,18.7,66.78,41.6,"Salaried","Mortgage","Vehicle",0
"9259",93383,"Female","Grade 12",0,23.25,118848,1.68,203836,35.28,117.52,66.2,"Salaried","Rent","Other",1
"2022",28149,"Male","Grade 12",4,23.75,663299,1.52,764325,1.33,17.26,23.9,"Salaried","Rent","Vehicle",1
"3726",43933,"Female","Diploma",2,19.25,427234,1.58,285283,28.38,98.96,63.2,"Salaried","Mortgage","Vehicle",1
"9929",99362,"Male","Diploma",0,19.25,462959,1.15,1394219,31.61,105.38,61.1,"Salaried","Mortgage","Vehicle",0
"3828",44978,"Male","Postgrad",0,25.25,657450,2.19,2190124,22.95,84.09,52.8,"Contract","Rent","Other",0
"6137",66006,"Female","Grade 12",0,16.75,150179,1.26,451541,9.76,34.03,40.4,"Salaried","Mortgage","Home_improvement",0
"2567",33231,"Female","Diploma",0,17.75,330255,1.54,211403,39.11,129.09,72.8,"Salaried","Rent","Vehicle",0
"3905",45601,"Male","No records",1,34.75,2885,0.39,7153,35.39,109.66,65.9,"Unemployed","Rent","Other",1
"2117",29097,"Male","Degree",0,23.75,3720356,1.41,6967643,29.83,101.22,53.2,"Self-employed","Rent","Other",1
"5544",60530,"Female","No records",0,21.75,1710829,1.65,2435539,27.76,95,53.6,"Self-employed","Mortgage","Debt_consolidation",1
"9228",93025,"Male","No records",0,16.75,194241,1.39,370575,22.75,77.79,48.1,"Salaried","Mortgage","Home_improvement",0
"1680",25173,"Male","Diploma",1,16.75,405664,1.81,792071,8.71,40.92,41.3,"Salaried","Mortgage","Home_improvement",1
"9406",94538,"Male","Degree",0,16.75,309666,1.51,1107777,22.05,78.82,44.8,"Salaried","Mortgage","Home_improvement",0
"6629",70411,"Male","No records",0,21.25,2312450,1.74,7011833,38.9,125.97,62,"Self-employed","Mortgage","Vehicle",1
"735",16799,"Male","Diploma",1,22.75,770658,1,1657784,31.65,103.57,65.6,"Self-employed","Own","Debt_consolidation",1
"9000",91049,"Male","Grade 12",0,22.25,212409,1.8,377896,14.03,50.44,46.3,"Contract","Rent","Vehicle",0
"6317",67409,"Male","Diploma",1,22.75,214282,1.01,173526,30.53,98.91,64.4,"Contract","Mortgage","Vehicle",1
"9892",99044,"Female","Grade 12",3,20.25,431719,1.21,798509,30.07,100,60.4,"Salaried","Rent","Vehicle",0
"2739",34841,"Male","Grade 12",1,16.75,509657,1.57,1027147,20.44,65.27,43.3,"Salaried","Mortgage","Home_improvement",1
"9880",98931,"Male","Grade 12",0,21.75,707258,1.39,2019547,16.56,58.72,46.9,"Salaried","Rent","Other",0
"6540",69520,"Female","Grade 12",0,18.25,694517,1.39,2307395,29.66,96.02,62,"Salaried","Mortgage","Home_improvement",0
"9587",96450,"Female","Grade 12",1,33.75,4058,0.51,6050,15.3,57.86,43,"Unemployed","Rent","Vehicle",0
"7423",76753,"Female","Postgrad",1,17.25,198551,2.13,94698,10.99,42.69,36.4,"Self-employed","Mortgage","Vehicle",0
"2526",32893,"Male","Degree",1,23.25,1732325,1.54,4463331,37.12,116.56,60.8,"Self-employed","Mortgage","Debt_consolidation",1
"6526",69315,"Female","Grade 12",0,19.25,379711,1.6,349822,38.88,125.51,62.2,"Salaried","Mortgage","Vehicle",0
"8966",90649,"Male","No records",2,23.75,301242,1.37,784083,1.6,14.74,24.4,"Salaried","Rent","Vehicle",1
"6957",72942,"Male","Grade 12",1,16.75,201207,1.29,355183,28.33,96.15,50.4,"Salaried","Mortgage","Home_improvement",0
"9908",99158,"Female","Grade 12",2,19.75,1001585,2.05,2937465,29.02,99.65,51.5,"Self-employed","Mortgage","Vehicle",1
"7084",74041,"Male","Diploma",1,23.75,1799422,1.82,4629336,10.38,40.17,41,"Self-employed","Rent","Other",1
"8614",87621,"Female","Diploma",0,17.25,1293939,1.48,775670,11.15,42.95,43.4,"Self-employed","Mortgage","Vehicle",1
"791",17344,"Male","Diploma",1,16.75,420615,1.89,1434564,22.83,75.39,50.7,"Salaried","Mortgage","Home_improvement",0
"2701",34538,"Female","Degree",0,18.25,458315,1.66,1455365,37.56,123.38,68,"Salaried","Mortgage","Home_improvement",1
"5692",61949,"Male","Grade 12",0,16.75,342648,1.74,737932,19.86,71.9,44.8,"Salaried","Mortgage","Home_improvement",0
"2076",28756,"Female","Degree",1,16.75,472995,1.62,681303,27.85,93.76,54.3,"Salaried","Mortgage","Home_improvement",1
"524",14876,"Female","Degree",0,20.25,488753,1.89,345124,37.5,122.28,64.1,"Salaried","Rent","Vehicle",1
"9213",92886,"Male","No records",1,29.75,7836,0.4,3112,20.15,73.94,44,"Unemployed","Rent","Debt_consolidation",0
"3888",45476,"Female","Grade 12",2,19.25,229432,2.15,498702,34.27,109.86,62.8,"Salaried","Mortgage","Vehicle",1
"7279",75513,"Female","Grade 12",0,16.75,608943,1.55,313676,37.95,120.88,62.5,"Salaried","Mortgage","Vehicle",1
"4251",48522,"Female","No records",0,20.25,359077,1.11,651866,38.5,128.48,71.6,"Salaried","Rent","Vehicle",1
"6379",67902,"Female","Degree",0,20.25,358999,1.19,1307244,28.01,91.17,60.4,"Salaried","Rent","Vehicle",0
"5637",61446,"Male","Diploma",0,22.75,791628,1.2,2608275,15.79,55.81,46.4,"Contract","Own","Debt_consolidation",1
"8882",89984,"Male","No records",4,25.25,1845630,1.41,4363584,37.8,121.52,69.7,"Self-employed","Rent","Other",1
"7317",75810,"Female","Grade 12",0,22.25,889279,1.53,2618455,8.93,31.46,32.1,"Contract","Rent","Vehicle",0
"1010",19313,"Male","Grade 12",1,23.25,257207,1.91,834112,37.84,122.01,67.7,"Salaried","Rent","Other",0
"7435",76878,"Female","Diploma",0,22.75,371427,1.27,311796,2.23,17.76,28.5,"Salaried","Own","Debt_consolidation",1
"9145",92282,"Male","No records",2,21.25,1071343,1.62,2808285,30.81,101.7,60.7,"Self-employed","Mortgage","Vehicle",1
"5631",61402,"Female","Grade 12",0,19.25,383227,1.07,1347827,25.49,87.41,53,"Salaried","Own","Debt_consolidation",0
"3067",38081,"Female","Grade 12",0,33.25,3822,0.41,5809,8.89,42.03,41.5,"Unemployed","Rent","Other",0
"1381",22511,"Male","Grade 12",0,18.25,319650,1.16,1122773,4.86,24.57,38.7,"Salaried","Mortgage","Home_improvement",0
"3232",39780,"Male","Degree",0,17.75,347694,1.62,1163852,25.45,86.37,52.5,"Salaried","Mortgage","Vehicle",0
"5444",59410,"Male","Grade 12",0,23.75,2587951,2.11,8036070,10.55,39.18,42.9,"Self-employed","Rent","Other",1
"1836",26534,"Female","Diploma",0,18.75,327465,1.54,877669,15.69,60.43,41.5,"Salaried","Rent","Vehicle",1
"7845",80701,"Female","Grade 12",0,18.75,2338740,2.01,4366970,7.94,30.76,39.7,"Self-employed","Mortgage","Home_improvement",0
"2768",35094,"Male","No records",0,17.75,187559,1.5,402587,24.28,86.61,56,"Salaried","Mortgage","Vehicle",1
"9253",93342,"Female","Grade 12",0,19.25,447538,1.76,867972,29.56,98.1,59.1,"Salaried","Own","Debt_consolidation",0
"4662",52396,"Male","Grade 12",0,18.75,1636829,1.68,3397475,30.91,100.03,57.1,"Self-employed","Mortgage","Home_improvement",1
"1638",24854,"Female","Grade 12",0,18.25,737434,1.76,1009798,37.72,126.44,66.1,"Salaried","Mortgage","Home_improvement",1
"913",18430,"Male","No records",0,35,2484,0.54,9049,5.37,35.23,34.5,"Unemployed","Rent","Other",0
"5687",61894,"Female","No records",0,20.25,675527,1.18,1935691,38.59,124.02,61.4,"Salaried","Rent","Vehicle",1
"6592",70042,"Female","Grade 12",0,19.25,367053,1.71,186445,32.67,105.32,56.2,"Salaried","Rent","Other",1
"6825",71906,"Male","Diploma",0,24.75,1117217,1.58,2326023,2.71,18.92,28,"Contract","Mortgage","Vehicle",0
"903",18297,"Male","No records",0,20.25,1482681,1.57,2952048,29.37,98.35,60.3,"Self-employed","Mortgage","Home_improvement",0
"4796",53719,"Female","Degree",1,18.25,325626,1.28,341730,36.8,121.58,64.3,"Salaried","Mortgage","Home_improvement",1
"5043",55761,"Male","Diploma",1,24.25,514747,2.03,1093093,32.61,106.48,67.4,"Contract","Own","Debt_consolidation",1
"7862",80818,"Female","No records",2,18.75,252891,1.21,812224,14.93,54.7,46.4,"Salaried","Rent","Vehicle",0
"3554",42567,"Male","Degree",0,21.25,336274,1.97,1159422,24.87,81.1,55.7,"Contract","Mortgage","Vehicle",1
"6618",70309,"Male","Grade 12",2,18.25,309872,2.05,615930,4.09,18.92,32.1,"Salaried","Mortgage","Home_improvement",1
"9825",98444,"Male","No records",1,23.75,2212496,2.03,4355695,10.86,42.1,41.2,"Self-employed","Rent","Other",1
"8392",85768,"Male","Grade 12",0,24.25,967165,1.84,950785,6.83,24.52,39.5,"Contract","Own","Debt_consolidation",0
"8153",83568,"Male","Degree",0,18.25,266203,1.33,647952,33.86,112.2,67.7,"Salaried","Mortgage","Home_improvement",0
"7942",81573,"Male","Grade 12",2,30.25,552868,2.01,2009329,2.42,17.82,24.6,"Contract","Rent","Other",1
"1060",19791,"Female","Diploma",0,35,2251,0.47,8145,32.5,108.39,57.2,"Unemployed","Rent","Other",1
"7174",74733,"Male","No records",1,19.75,426522,1.85,236425,10.59,41.82,42.1,"Contract","Rent","Vehicle",0
"8269",84671,"Female","Diploma",2,18.75,130763,1.45,224565,10.89,37.18,40.8,"Salaried","Rent","Vehicle",0
"2796",35389,"Female","Diploma",3,19.25,474167,1.63,675896,6.67,29.7,29.9,"Salaried","Mortgage","Vehicle",0
"2504",32624,"Male","Postgrad",1,19.25,564767,0.74,819019,36.5,121.85,64.7,"Salaried","Mortgage","Vehicle",0
"7140",74446,"Male","No records",0,16.75,293372,1.47,926473,29.56,95.66,55.3,"Salaried","Mortgage","Home_improvement",1
"3545",42482,"Male","No records",0,21.75,1293943,1.52,2502651,16.02,59.97,48,"Self-employed","Mortgage","Debt_consolidation",0
"5111",56382,"Female","Grade 12",3,20.75,215421,1.48,770595,37.3,119.52,67.3,"Salaried","Own","Debt_consolidation",0
"8351",85392,"Male","Grade 12",1,30.25,1493,0.45,1656,26.29,87.43,48.9,"Unemployed","Rent","Vehicle",0
"850",17849,"Male","Diploma",2,35,5744,0.63,5915,2.25,18.45,31.9,"Unemployed","Rent","Debt_consolidation",1
"3306",40361,"Female","Postgrad",2,20.25,331641,1.49,745381,37.09,123.07,60.3,"Salaried","Rent","Vehicle",0
"8909",90157,"Male","Diploma",0,15.25,305706,0.97,120220,11.51,43.21,35.1,"Salaried","Mortgage","Vehicle",0
"4609",51946,"Male","Diploma",0,22.75,485215,2.1,410958,38.56,126,62.2,"Contract","Mortgage","Vehicle",1
"1417",22808,"Female","No records",0,17.75,214727,1.61,326315,23.49,81.21,52,"Salaried","Mortgage","Vehicle",0
"4234",48341,"Female","Grade 12",0,22.75,2874313,1.64,5091993,35.09,114.46,64.7,"Self-employed","Own","Debt_consolidation",0
"9566",96235,"Male","Diploma",0,18.25,350049,1.38,318104,3.68,21.58,27.5,"Salaried","Mortgage","Home_improvement",1
"6578",69907,"Female","Degree",0,35,8211,0.38,14257,2.88,15.58,29.6,"Unemployed","Rent","Debt_consolidation",1
"4056",46819,"Female","Diploma",0,18.25,668652,2.07,789270,6.29,27.72,31,"Salaried","Mortgage","Home_improvement",0
"2474",32342,"Male","Postgrad",1,23.25,1700128,2.27,3299547,3.15,22.46,31.5,"Self-employed","Mortgage","Debt_consolidation",0
"1346",22199,"Male","No records",0,35,5530,0.54,6048,22.1,75.6,55.2,"Unemployed","Rent","Other",1
"2780",35261,"Male","Diploma",0,35,6806,0.54,10191,9.59,42.28,34.8,"Unemployed","Rent","Debt_consolidation",1
"1804",26187,"Male","Postgrad",0,28.75,784297,1.75,2356488,2.05,11.42,26.5,"Contract","Rent","Other",0
"8494",86549,"Male","Grade 12",0,16.75,403377,1.55,1522993,15.19,54.05,41.7,"Salaried","Mortgage","Home_improvement",0
"8583",87386,"Male","No records",2,20.75,364547,1.79,277170,36.83,122.48,61.3,"Salaried","Own","Debt_consolidation",0
"1048",19645,"Female","No records",0,22.75,201166,2,600900,2.51,16.64,24.7,"Salaried","Mortgage","Vehicle",1
"1952",27457,"Female","Degree",0,18.75,189546,1.47,347287,14.36,56.95,46.7,"Salaried","Rent","Vehicle",1
"9521",95758,"Female","Diploma",0,28.25,5266,0.36,5918,4.15,20.66,39,"Unemployed","Rent","Home_improvement",0
"6895",72491,"Female","Diploma",0,23.75,682126,1.71,1017300,22.13,75.95,54.2,"Self-employed","Rent","Other",0
"4668",52512,"Male","Degree",0,19.25,176144,1.25,648862,8.02,36.39,32.6,"Salaried","Own","Debt_consolidation",0
"5205",57410,"Female","Postgrad",0,19.25,300785,1.74,435760,24.14,86.25,57.1,"Salaried","Own","Debt_consolidation",1
"189",11778,"Male","No records",2,16.75,346922,1.71,452729,11.85,51.95,41.8,"Salaried","Mortgage","Home_improvement",0
"187",11774,"Female","Diploma",0,22.75,577689,2.2,974059,39.96,127.32,74.9,"Contract","Mortgage","Vehicle",0
"4303",48986,"Female","No records",0,32.25,3717,0.39,11408,14,50.09,43.2,"Unemployed","Rent","Debt_consolidation",0
"2051",28512,"Male","Degree",1,22.75,220830,1.29,695961,2.88,19.11,26.7,"Salaried","Own","Debt_consolidation",0
"8179",83791,"Male","Postgrad",1,19.25,183865,1.23,90128,22.99,79.92,56.2,"Salaried","Rent","Other",0
"2503",32622,"Female","Diploma",0,19.25,365912,1.8,561913,25.49,84.98,59.4,"Salaried","Own","Debt_consolidation",0
"4969",55074,"Male","Diploma",2,18.25,158865,1.24,262946,5.38,29.23,36.4,"Salaried","Mortgage","Home_improvement",0
"1914",27178,"Female","No records",0,20.75,366313,1.28,838398,4.2,22.48,31.1,"Salaried","Own","Debt_consolidation",0
"5241",57753,"Male","No records",2,19.25,172919,1.49,550381,14.22,55.76,39.3,"Salaried","Own","Debt_consolidation",0
"1550",24064,"Male","Degree",3,18.75,1197265,1.56,2573957,18.95,64.01,53,"Self-employed","Mortgage","Home_improvement",1
"880",18130,"Male","Grade 12",0,19.25,246486,1.39,185348,32.14,105.91,61.8,"Salaried","Mortgage","Vehicle",1
"8286",84829,"Female","Diploma",0,23.75,1467020,1.52,1465859,24.41,84.39,56.9,"Self-employed","Rent","Other",1
"1359",22310,"Male","Grade 12",2,16.75,493805,1.45,1774994,19.03,66.58,53.8,"Salaried","Mortgage","Home_improvement",1
"6869",72257,"Female","Degree",1,21.25,639580,1.09,1560994,4.77,22.59,27.7,"Self-employed","Mortgage","Vehicle",0
"3631",43194,"Male","Degree",1,16.75,397385,1.74,547826,10.2,41.24,36.3,"Salaried","Mortgage","Home_improvement",1
"4845",54142,"Male","Grade 12",1,16.75,599758,1.5,1322561,26.54,88.89,57.1,"Salaried","Mortgage","Home_improvement",1
"9857",98689,"Male","Diploma",2,25.25,1029705,2.03,2726792,29.25,100.88,56.3,"Contract","Rent","Other",0
"712",16492,"Female","No records",1,21.75,1189410,1.25,2640758,18.28,67.08,48.1,"Self-employed","Mortgage","Debt_consolidation",0
"6729",71130,"Male","Grade 12",0,19.25,260091,1.54,272933,35.69,118.08,59.7,"Salaried","Own","Debt_consolidation",1
"5378",58843,"Female","Grade 12",0,18.75,111485,0.99,245752,30.6,102.09,58.5,"Salaried","Rent","Vehicle",0
"383",13564,"Female","No records",0,24.25,613215,1.81,1157237,38.39,127.33,72.2,"Contract","Own","Debt_consolidation",1
"5739",62352,"Male","Diploma",0,18.75,99006,1.14,142143,13.61,49.63,40.1,"Salaried","Rent","Vehicle",0
"6555",69690,"Female","Diploma",2,16.75,256743,1.27,641415,25.91,89.34,52.6,"Salaried","Mortgage","Home_improvement",1
"7048",73775,"Female","Diploma",0,18.75,345931,1.52,481727,10.53,44.08,35.2,"Salaried","Rent","Vehicle",0
"1403",22680,"Female","No records",0,23.25,1070370,1.13,2136152,34.24,110.7,63.5,"Self-employed","Mortgage","Debt_consolidation",1
"2210",29972,"Male","Grade 12",0,17.75,253832,1.49,533650,7,33.46,30.4,"Salaried","Mortgage","Vehicle",0
"6581",69941,"Male","Diploma",3,22.75,1025547,1.67,1761178,6.73,30.88,38.9,"Self-employed","Own","Debt_consolidation",0
"5786",62846,"Female","No records",0,22.25,559882,1.91,737633,10.69,43.47,40.9,"Contract","Rent","Vehicle",1
"9643",96875,"Female","Degree",2,21.25,266151,0.96,745383,2.26,17.24,29.4,"Salaried","Mortgage","Vehicle",0
"1824",26370,"Male","Diploma",0,18.75,818261,1.95,1256935,25.76,79.66,52.1,"Self-employed","Mortgage","Home_improvement",0
"2615",33644,"Male","Degree",0,19.25,625957,1.07,687144,21.63,82.13,55.4,"Salaried","Own","Debt_consolidation",1
"1795",26135,"Male","Grade 12",0,16.75,112565,1.22,131770,9.88,38.74,32.1,"Salaried","Mortgage","Home_improvement",0
"4132",47366,"Male","No records",0,23.75,914455,1.35,2133008,16.85,60.66,51,"Self-employed","Rent","Other",1
"6813",71810,"Female","Grade 12",1,23.25,2674649,1.12,7348244,39.28,124.24,73.8,"Self-employed","Mortgage","Debt_consolidation",1
"5901",63805,"Female","No records",0,17.75,107233,1.37,146567,16.79,63.46,48.3,"Salaried","Mortgage","Vehicle",1
"9114",91970,"Male","Degree",0,18.25,252929,1.7,455635,38.45,124.57,61.4,"Salaried","Mortgage","Home_improvement",0
"8095",83026,"Female","No records",0,18.75,663447,1.48,2253334,31.62,109.39,58.7,"Salaried","Rent","Vehicle",0
"7324",75872,"Male","No records",0,19.75,945665,1.51,424416,13.71,48.15,41.6,"Contract","Rent","Vehicle",1
"2209",29967,"Male","Grade 12",0,19.25,207343,1.83,750458,27.63,93.05,56,"Salaried","Own","Debt_consolidation",0
"6998",73317,"Male","Grade 12",0,35,5591,0.62,14124,11.62,48.39,34.6,"Unemployed","Rent","Debt_consolidation",0
"644",15865,"Female","Postgrad",3,19.25,692971,1.6,1569452,13.81,50.26,42.2,"Salaried","Own","Debt_consolidation",0
"1021",19426,"Male","Diploma",0,19.75,1152928,2.75,4128560,14.72,52.03,37.9,"Self-employed","Mortgage","Vehicle",1
"7316",75804,"Male","No records",0,20.25,400752,2.01,1257574,32.6,103.1,63.5,"Salaried","Rent","Vehicle",0
"7858",80783,"Female","No records",1,20.75,396463,1.88,826614,34.92,112.99,65.3,"Salaried","Own","Debt_consolidation",1
"7096",74192,"Male","No records",1,21.75,457834,1.69,1336339,36.42,120.34,58.9,"Salaried","Rent","Other",1
"7827",80592,"Male","Diploma",2,25.25,1093460,1.54,1314756,39.89,130.66,69.4,"Self-employed","Rent","Other",0
"7970",81821,"Male","No records",0,16.75,600776,1.49,1590392,27.93,86.97,58.5,"Salaried","Mortgage","Home_improvement",1
"138",11315,"Female","Postgrad",0,18.75,170441,1.47,466887,15.99,56.01,46.6,"Salaried","Rent","Vehicle",0
"279",12564,"Male","Diploma",0,19.25,470202,1.31,431588,38.84,128.64,73.2,"Salaried","Mortgage","Vehicle",0
"8256",84559,"Female","No records",0,19.25,443408,1.21,1508594,37.88,125.63,61.1,"Salaried","Mortgage","Vehicle",0
"1656",24997,"Female","Grade 12",0,22.75,515775,1.37,1268109,37.26,121.31,65.6,"Contract","Mortgage","Vehicle",1
"5290",58138,"Female","Grade 12",0,22.75,1086656,1.98,1591449,31.18,108.46,55.4,"Contract","Own","Debt_consolidation",1
"5737",62340,"Male","Grade 12",1,16.75,187471,0.53,220949,32.74,108.29,59.1,"Salaried","Mortgage","Home_improvement",0
"5477",59805,"Female","Diploma",0,35,4884,0.46,4180,27.66,97.44,49.9,"Unemployed","Rent","Debt_consolidation",1
"4345",49356,"Female","Degree",0,19.75,1331064,1.39,2607203,14.76,57.27,41.1,"Self-employed","Mortgage","Vehicle",0
"4562",51460,"Male","Degree",0,16.25,251052,1.65,164913,11.84,43.14,36.6,"Salaried","Rent","Vehicle",0
"5689",61920,"Male","Postgrad",0,27.75,3667,0.3,3508,8.78,32.1,43.4,"Unemployed","Rent","Vehicle",1
"1511",23699,"Female","No records",2,18.75,237916,1.78,307230,35.35,119.64,59.2,"Salaried","Rent","Vehicle",1
"2153",29485,"Male","Diploma",0,19.75,3009523,1.84,10672407,7.11,31.74,39.4,"Self-employed","Mortgage","Vehicle",0
"7399",76473,"Female","Diploma",0,24.75,1528219,2.52,5533008,2.12,16.27,37,"Self-employed","Own","Debt_consolidation",1
"985",19066,"Female","Diploma",0,35,2985,0.53,2024,29.44,100.36,54.1,"Unemployed","Rent","Debt_consolidation",0
"793",17357,"Male","Degree",0,16.75,586260,1.74,1702099,22.84,79.67,57.1,"Salaried","Mortgage","Home_improvement",0
"4184",47829,"Female","No records",0,18.75,284926,1.22,1028907,28.29,97.82,52.4,"Salaried","Rent","Vehicle",0
"357",13328,"Male","Diploma",2,28.75,1406155,1.92,1927572,1.39,15.28,33.2,"Contract","Rent","Other",0
"7729",79634,"Male","Grade 12",1,23.25,900840,2.31,1377956,22.64,77.67,57.2,"Contract","Mortgage","Debt_consolidation",1
"7117",74302,"Female","Diploma",2,35,2771,0.54,2219,20.83,70.82,49.9,"Unemployed","Rent","Debt_consolidation",1
"5918",63921,"Female","Diploma",0,17.75,268141,1.75,559243,28.93,96.59,57.5,"Salaried","Mortgage","Vehicle",1
"4363",49583,"Female","Diploma",1,18.75,367327,1.6,805691,29.11,103.01,55.4,"Salaried","Rent","Vehicle",0
"1043",19611,"Male","No records",1,20.25,250720,1.79,421936,2.76,19.67,37.4,"Salaried","Mortgage","Home_improvement",0
"2313",30988,"Female","Grade 12",0,21.75,259688,1.37,558773,15.98,67.57,40.1,"Salaried","Rent","Other",0
"1384",22536,"Female","Degree",2,22.75,694667,1.49,1319355,0.44,3.5,27.7,"Salaried","Own","Debt_consolidation",1
"4375",49660,"Male","Grade 12",2,17.75,400157,1.64,800290,10.69,46.43,44,"Salaried","Mortgage","Vehicle",0
"9697",97401,"Female","No records",0,20.25,296139,1.96,334191,33.78,113.14,65.5,"Salaried","Rent","Vehicle",1
"9984",99842,"Female","Diploma",2,32.75,4775,0.6,9320,9.58,40.23,32,"Unemployed","Rent","Home_improvement",1
"1829",26501,"Female","Diploma",0,20.25,158042,1.63,346895,1.3,18.99,30.4,"Salaried","Mortgage","Home_improvement",1
"245",12307,"Male","Diploma",0,23.25,720934,1.5,1892708,5.97,24.5,32.2,"Salaried","Rent","Other",0
"1566",24163,"Male","Grade 12",0,17.75,276952,1.52,235328,13.2,47.72,43,"Salaried","Mortgage","Vehicle",0
"3805",44748,"Male","Diploma",1,17.75,430401,1.6,462229,7.42,35.09,33.6,"Salaried","Mortgage","Vehicle",0
"5202",57391,"Female","Grade 12",1,21.25,3137678,1.28,3208965,14.41,54.89,46.6,"Self-employed","Own","Debt_consolidation",0
"3522",42220,"Male","Degree",0,19.25,67251,1.39,255309,30.54,100.69,54.5,"Salaried","Own","Debt_consolidation",1
"6452",68567,"Female","Diploma",3,19.25,479899,1.44,508206,38.66,128.86,73.6,"Salaried","Mortgage","Vehicle",1
"5196",57317,"Male","Grade 12",0,19.25,150859,1.03,479686,31.45,101.93,64.3,"Salaried","Mortgage","Vehicle",0
"6478",68836,"Male","Grade 12",2,18.75,369032,1.01,350199,9.49,31.05,41.8,"Salaried","Rent","Vehicle",0
"5747",62437,"Male","No records",0,16.75,276818,1.96,490735,21.54,72.87,45.6,"Salaried","Mortgage","Home_improvement",0
"4650",52266,"Male","Degree",0,25.25,98445,1.77,130724,22.5,80.31,50.9,"Contract","Rent","Other",0
"8977",90796,"Male","Diploma",2,19.25,318232,1.19,849875,13.76,47.32,38.6,"Salaried","Own","Debt_consolidation",0
"6185",66410,"Female","No records",2,21.25,665831,2.03,1544780,22.93,78.77,56.4,"Contract","Mortgage","Vehicle",1
"7568",78012,"Male","Grade 12",3,20.75,392272,1.2,990708,34.88,120.83,61.6,"Salaried","Own","Debt_consolidation",1
"2126",29171,"Male","Degree",0,18.25,266680,1.52,380009,35.23,116.59,60.3,"Salaried","Mortgage","Home_improvement",0
"1799",26162,"Male","Grade 12",1,29.25,2737,0.33,3079,37.3,121.65,62.5,"Unemployed","Rent","Vehicle",1
"9623",96713,"Male","Grade 12",1,20.25,779009,1.89,801983,0.43,14.14,33,"Salaried","Mortgage","Home_improvement",0
"2604",33557,"Female","Grade 12",0,20.25,1517375,1.69,1769910,39.78,130.68,68,"Self-employed","Mortgage","Home_improvement",1
"605",15589,"Male","No records",1,21.25,2730255,2.28,4191468,28.42,90.68,62,"Self-employed","Mortgage","Vehicle",1
"7871",80922,"Female","Grade 12",0,15.25,427696,1.25,234490,25.51,83.54,47.7,"Salaried","Mortgage","Vehicle",0
"5746",62435,"Male","Diploma",0,21.75,492353,1.34,1428982,29.02,96.77,57,"Salaried","Rent","Other",0
"2894",36509,"Male","Degree",1,35,4240,0.68,15578,13.74,51.51,38.9,"Unemployed","Rent","Debt_consolidation",1
"2517",32732,"Male","No records",1,15.75,124170,1.36,51668,5.68,27.12,27.9,"Salaried","Mortgage","Home_improvement",0
"8132",83352,"Female","No records",0,16.75,410409,1.94,235390,30.31,105.41,57.7,"Salaried","Own","Debt_consolidation",0
"8421",85977,"Female","Diploma",1,18.75,204725,1.52,624943,15.37,59.54,39.1,"Salaried","Rent","Vehicle",0
"9260",93401,"Male","Postgrad",1,19.25,180992,1.46,517114,39.11,128.4,65.9,"Salaried","Mortgage","Vehicle",0
"563",15220,"Female","Grade 12",0,18.75,217792,1.26,474314,18.99,68.64,53.7,"Salaried","Rent","Vehicle",0
"7276",75487,"Female","Degree",1,20.25,493050,1.7,1490385,2.52,15,28.4,"Salaried","Mortgage","Home_improvement",0
"7653",78872,"Female","Grade 12",0,20.25,324267,1.07,624725,3.84,23.73,31.8,"Salaried","Rent","Vehicle",1
"9849",98625,"Female","Grade 12",0,17.75,245954,1.45,882891,31.03,102.25,58.7,"Salaried","Mortgage","Vehicle",0
"721",16627,"Female","Grade 12",1,18.75,591318,1.8,2166562,19.3,68.76,47.1,"Salaried","Rent","Vehicle",1
"3801",44709,"Female","Grade 12",0,20.75,264402,1.02,748622,35.86,116.96,65.9,"Salaried","Own","Debt_consolidation",1
"6642",70518,"Female","Postgrad",0,23.25,496027,1.36,954745,38.78,125.03,62.8,"Salaried","Rent","Other",0
"3865",45283,"Male","No records",0,23.75,3218378,2.28,3493319,35.46,113.77,58.7,"Self-employed","Rent","Other",1
"2263",30536,"Female","No records",1,18.75,477939,1.7,1051553,10.28,38.51,41.8,"Salaried","Rent","Vehicle",0
"7116",74296,"Female","No records",0,24.75,154514,1.79,332895,37.07,123.11,60.1,"Contract","Mortgage","Debt_consolidation",1
"5371",58774,"Female","Diploma",0,21.75,1084462,1.32,1369773,20.83,75.91,48,"Self-employed","Mortgage","Debt_consolidation",0
"4087",47048,"Male","Diploma",1,23.25,311483,1.06,862208,4.33,23.7,31.9,"Salaried","Rent","Other",0
"582",15370,"Female","Diploma",0,17.75,343627,1.59,395007,7.96,40.05,40.7,"Salaried","Mortgage","Vehicle",0
"1439",23041,"Female","Diploma",0,23.75,1859137,1.09,6528120,27.66,93.77,54.5,"Self-employed","Rent","Other",1
"1518",23821,"Female","No records",0,20.25,3036218,1.93,1071173,5.96,29.39,37.9,"Self-employed","Own","Debt_consolidation",1
"8678",88206,"Female","Grade 12",0,18.75,101929,0.98,126438,9.55,38.01,39.8,"Salaried","Rent","Vehicle",0
"225",12103,"Female","Grade 12",0,24.75,602356,2.14,1533891,39.09,128.75,68.2,"Contract","Mortgage","Debt_consolidation",1
"2439",32018,"Female","No records",0,21.75,600167,2.43,607837,27.18,92.22,62,"Contract","Mortgage","Home_improvement",1
"4116",47304,"Male","Grade 12",3,35,3342,0.55,4196,3.17,20.25,30.4,"Unemployed","Rent","Debt_consolidation",1
"324",12971,"Male","Grade 12",0,21.75,416686,1.64,781974,22.43,77.13,51.7,"Salaried","Rent","Other",1
"8516",86754,"Female","Grade 12",0,26.75,573422,1.65,859312,0.55,4.94,24.8,"Salaried","Rent","Other",0
"6921",72674,"Female","Grade 12",0,20.75,2683026,2.23,965930,34.96,117.94,69.2,"Self-employed","Mortgage","Debt_consolidation",1
"652",15925,"Male","Postgrad",2,18.25,169335,1.56,157863,36.55,123.1,65,"Salaried","Mortgage","Home_improvement",1
"9084",91751,"Female","Postgrad",1,17.75,455531,1.81,479898,9.01,41.38,35.5,"Salaried","Mortgage","Vehicle",1
"9375",94257,"Female","Diploma",0,21.25,318797,1.29,655152,19.35,64.22,43,"Contract","Mortgage","Vehicle",1
"4590",51757,"Female","Grade 12",1,18.25,210412,1.2,579978,5.07,23.59,32.1,"Salaried","Mortgage","Home_improvement",0
"5458",59575,"Female","Degree",0,21.75,273688,1.43,1038059,35,113.77,62.8,"Contract","Mortgage","Home_improvement",1
"8437",86120,"Male","Grade 12",0,18.75,336588,1.79,673435,29.46,97.73,53.1,"Salaried","Rent","Vehicle",1
"1775",25981,"Female","Degree",0,22.75,1385949,1.47,2904910,32.19,102.9,57.9,"Contract","Own","Debt_consolidation",1
"4722",52991,"Male","Diploma",1,18.25,245741,1.84,619682,31.74,103.02,65.9,"Salaried","Mortgage","Home_improvement",1
"8930",90348,"Female","Grade 12",1,17.25,1762965,1.67,1004702,26.4,95.44,52.4,"Self-employed","Mortgage","Vehicle",1
"5624",61350,"Female","Grade 12",0,17.75,1971182,1.85,1230286,38.01,125.35,61.4,"Self-employed","Mortgage","Home_improvement",1
"1294",21762,"Female","Degree",1,21.25,2542683,1.97,4945927,27.63,93.14,61.2,"Self-employed","Mortgage","Vehicle",1
"2478",32356,"Female","Grade 12",2,14.25,192399,1.93,93616,35.87,118.92,58.6,"Salaried","Mortgage","Home_improvement",1
"1707",25431,"Female","Degree",1,20.25,148568,1.59,286270,39.84,129.04,63.3,"Salaried","Rent","Vehicle",1
"6568",69818,"Female","No records",0,34.25,4114,0.46,3544,32.9,107.08,63.7,"Unemployed","Rent","Home_improvement",0
"7215",75055,"Male","No records",1,17.75,515742,1.79,1549013,21.41,74.24,47,"Salaried","Mortgage","Vehicle",0
"3410",41292,"Female","Diploma",1,16.75,121084,1.71,96196,20.2,75.14,54.3,"Salaried","Mortgage","Home_improvement",0
"4916",54690,"Male","Grade 12",1,23.75,1130819,2.17,4250917,17.31,66.75,40.9,"Self-employed","Rent","Other",0
"1440",23044,"Female","No records",0,18.75,225735,1.44,650218,25.45,85.12,59.8,"Salaried","Rent","Vehicle",0
"6374",67872,"Male","Grade 12",0,19.25,267372,1.73,1008497,3.52,19.38,36.7,"Salaried","Mortgage","Vehicle",0
"113",11041,"Female","No records",0,18.75,372378,1.33,987329,30.73,105.09,57.6,"Salaried","Rent","Vehicle",1
"6080",65509,"Male","Degree",0,19.25,448021,1.61,1209879,23.38,84.31,48.9,"Salaried","Own","Debt_consolidation",1
"9190",92684,"Female","No records",2,35,8885,0.53,10444,12.19,47.35,35.9,"Unemployed","Rent","Debt_consolidation",1
"2413",31849,"Female","No records",0,18.75,246232,1.31,200640,17.3,60.25,45.6,"Salaried","Rent","Vehicle",0
"2543",33050,"Female","Grade 12",0,25.25,2600658,1.89,6879273,39.8,129.44,67.8,"Self-employed","Rent","Other",1
"8378",85649,"Female","Grade 12",0,19.25,219065,1.41,344540,12.51,44.35,39.7,"Salaried","Own","Debt_consolidation",0
"80",10762,"Female","Diploma",2,19.75,2549861,2.39,4477553,21.07,76,55.8,"Self-employed","Mortgage","Vehicle",0
"1049",19669,"Male","Diploma",2,19.25,317014,1.81,187793,23.64,74.59,52.5,"Salaried","Rent","Other",1
"9976",99783,"Female","No records",0,19.25,556322,1.33,1437213,39.97,126.82,74,"Salaried","Mortgage","Vehicle",0
"8922",90307,"Male","No records",1,25.25,2672592,2.08,4477423,39.45,127.69,73.7,"Self-employed","Rent","Other",1
"4837",54071,"Male","Grade 12",1,18.25,620715,0.92,1384561,36.6,122.85,65.6,"Salaried","Mortgage","Home_improvement",0
"6836",72022,"Female","Grade 12",1,18.25,574565,1.31,1479792,32.82,109.61,60.9,"Salaried","Mortgage","Home_improvement",0
"1479",23407,"Female","No records",2,22.25,953656,2.79,1931714,8.38,35.96,43.3,"Contract","Rent","Vehicle",0
"8898",90084,"Male","No records",2,16.75,469278,1.57,470294,7.39,36.27,32,"Salaried","Mortgage","Home_improvement",1
"1953",27465,"Female","Diploma",0,15.25,128801,1.02,72266,22.63,79.3,49.3,"Salaried","Mortgage","Vehicle",0
"9013",91162,"Female","Diploma",0,20.25,364558,1.25,1354589,28.25,95.85,60.2,"Salaried","Rent","Vehicle",0
"1108",20176,"Male","Diploma",2,18.25,295725,1.73,295252,37.79,120.85,62.2,"Salaried","Mortgage","Home_improvement",1
"9180",92618,"Female","Grade 12",1,18.75,408905,1.73,1520890,24.22,84.2,56.2,"Salaried","Rent","Vehicle",1
"5656",61585,"Female","Grade 12",0,18.25,213517,2.24,697587,38.05,119.79,63.3,"Salaried","Mortgage","Home_improvement",1
"4146",47480,"Female","No records",0,19.75,447913,1.47,211563,2.63,14.5,26.2,"Salaried","Rent","Vehicle",0
"6208",66607,"Female","No records",1,19.25,533934,1.5,298431,11.76,47.97,42.6,"Salaried","Rent","Other",1
"873",18079,"Female","Diploma",0,21.75,512010,1.39,1485466,17.54,58.93,46.9,"Salaried","Rent","Other",1
"2425",31923,"Male","Grade 12",1,20.25,354657,0.87,913090,4.6,20.46,36.7,"Salaried","Rent","Vehicle",0
"4522",50928,"Male","Diploma",0,17.75,432002,1.69,332877,32.15,109.61,57.2,"Salaried","Mortgage","Vehicle",1
"3699",43715,"Male","Degree",1,16.75,344857,1.51,1096908,23.06,73.78,51.5,"Salaried","Mortgage","Home_improvement",0
"9894",99057,"Male","No records",2,17.75,424512,1.18,809076,17.81,65.17,47,"Salaried","Mortgage","Vehicle",0
"1976",27734,"Male","Degree",2,16.75,452986,1.49,960315,17.82,67.76,43.3,"Salaried","Mortgage","Home_improvement",0
"468",14322,"Male","No records",0,14.25,582993,1.09,350984,21.7,74.2,52.8,"Salaried","Mortgage","Home_improvement",0
"441",14110,"Male","No records",4,23.25,158890,0.91,413671,13.5,53.15,38.5,"Contract","Mortgage","Debt_consolidation",1
"8967",90659,"Female","No records",0,21.75,349995,0.82,1160269,17.45,62.17,51.4,"Salaried","Rent","Other",0
"6020",64972,"Female","Grade 12",0,23.25,395748,1.36,417573,31.17,99.51,64.8,"Salaried","Rent","Other",1
"2252",30439,"Male","Grade 12",0,32.25,5951,0.41,6122,26.47,92.64,53,"Unemployed","Rent","Debt_consolidation",1
"8248",84503,"Male","Grade 12",2,25.25,1477028,2.4,1103845,33.72,115.49,64.8,"Self-employed","Rent","Other",0
"2168",29582,"Female","No records",0,20.25,392772,1.63,1264031,33.24,109.25,61.9,"Salaried","Rent","Vehicle",1
"4194",47914,"Female","No records",0,19.25,117728,0.61,278425,5.4,25.96,31.3,"Salaried","Mortgage","Vehicle",0
"1894",27042,"Male","Grade 12",0,22.75,1339550,1.94,3564016,4.93,24.9,34.3,"Self-employed","Own","Debt_consolidation",1
"4451",50392,"Female","No records",2,21.25,350281,1.03,1123074,0.51,7.78,29.1,"Salaried","Mortgage","Vehicle",0
"6506",69103,"Female","No records",0,16.75,356511,1.59,289745,27.3,96.02,51.5,"Salaried","Mortgage","Home_improvement",1
"8910",90159,"Female","Grade 12",0,17.75,272556,1.39,630197,32.42,108.54,55,"Salaried","Mortgage","Vehicle",0
"8646",87947,"Male","Diploma",0,17.75,643792,1.69,1320235,20.25,67.71,54.6,"Salaried","Mortgage","Vehicle",0
"6877",72322,"Female","Grade 12",1,18.75,181886,1.28,638940,24.22,78.24,52.6,"Salaried","Rent","Vehicle",0
"9980",99826,"Male","Degree",0,21.75,662424,2.39,2290925,14.6,63.86,38.4,"Self-employed","Mortgage","Debt_consolidation",0
"7505",77520,"Male","Grade 12",0,21.75,338827,1.24,1170433,34.54,111.52,56.9,"Salaried","Rent","Other",1
"6496",68982,"Male","Degree",0,16.75,345342,1.55,1256909,22.64,76.93,50.4,"Salaried","Mortgage","Home_improvement",0
"1444",23090,"Male","Grade 12",2,22.75,774128,2.27,1457235,3.54,23.91,30.4,"Self-employed","Own","Debt_consolidation",0
"7643",78734,"Male","Grade 12",2,22.25,1462031,1.5,5151718,8.54,39.3,36.9,"Contract","Rent","Vehicle",1
"9333",94006,"Male","Diploma",0,18.25,526723,1.5,158970,2.61,17.24,28,"Salaried","Rent","Vehicle",0
"167",11617,"Male","Diploma",0,15.25,154817,1.59,79561,12.18,50.82,38.8,"Salaried","Mortgage","Vehicle",0
"581",15365,"Male","Diploma",0,22.25,442705,1.07,421378,11.44,40.03,42.9,"Contract","Rent","Vehicle",1
"6383",67920,"Female","No records",3,16.75,757522,2.21,2160207,17.02,61.03,48.1,"Salaried","Mortgage","Home_improvement",1
"3650",43290,"Male","Grade 12",0,18.75,423083,1.73,285044,24.35,83.92,54.9,"Salaried","Rent","Vehicle",1
"5682",61858,"Female","Degree",0,18.25,522772,1.61,582434,37.04,123.87,61.8,"Salaried","Mortgage","Home_improvement",1
"5420",59194,"Male","Postgrad",0,18.25,637503,1.05,1632424,33.7,112.03,66.4,"Salaried","Mortgage","Home_improvement",0
"855",17898,"Male","No records",2,16.75,209927,1.09,502472,8.99,35.45,42,"Salaried","Mortgage","Home_improvement",0
"2848",35869,"Male","Diploma",1,22.75,3234498,2.2,5267484,37.79,122.14,61.1,"Self-employed","Own","Debt_consolidation",1
"6081",65515,"Male","Degree",4,16.75,233450,0.96,815376,17.14,61.87,39.4,"Salaried","Mortgage","Home_improvement",0
"5309",58315,"Male","Diploma",0,34.75,5120,0.52,17890,25.92,89.19,52.7,"Unemployed","Mortgage","Debt_consolidation",1
"9245",93286,"Male","Degree",1,30.75,4584,0.36,11323,18.29,67.71,42.6,"Unemployed","Rent","Other",1
"2742",34857,"Female","No records",0,23.25,272407,1.26,483499,4.88,27.6,39.5,"Salaried","Rent","Other",1
"3328",40529,"Female","No records",0,18.75,141887,1.74,171997,21.57,73.91,45.9,"Salaried","Rent","Vehicle",1
"5991",64690,"Female","Grade 12",0,17.75,352474,1.46,280907,20.49,71.73,51.7,"Salaried","Mortgage","Vehicle",0
"7760",80022,"Male","Degree",0,20.25,600033,2.17,1238887,35.45,119.67,63,"Self-employed","Mortgage","Home_improvement",1
"1645",24910,"Male","Postgrad",1,18.75,239730,1.43,540756,12.97,51.12,42.9,"Self-employed","Mortgage","Home_improvement",0
"8780",89063,"Male","Postgrad",0,23.25,710587,1.76,478333,5.55,25.66,28.3,"Salaried","Rent","Other",0
"8015",82209,"Female","Grade 12",0,17.75,439402,1.77,284245,38.86,127.56,73.7,"Self-employed","Mortgage","Home_improvement",0
"6523",69282,"Female","Grade 12",0,27.75,819329,1.82,908988,2.55,20.04,24.6,"Contract","Own","Debt_consolidation",1
"4159",47574,"Male","Grade 12",2,18.75,695763,2.58,640459,14.24,52.71,41.1,"Self-employed","Mortgage","Home_improvement",0
"8835",89608,"Male","Grade 12",0,22.25,205509,1,232690,2.56,18.54,37.3,"Salaried","Rent","Vehicle",0
"4148",47504,"Female","Grade 12",1,20.25,375942,1.78,1024162,0.03,13.33,27.2,"Salaried","Mortgage","Home_improvement",0
"3868",45299,"Female","Degree",0,18.25,485049,2.03,537126,4.1,25.65,35.5,"Salaried","Mortgage","Home_improvement",0
"7060",73877,"Male","Postgrad",3,17.75,544854,1.35,907038,20.16,75.02,50.4,"Salaried","Mortgage","Vehicle",1
"8770",88992,"Female","No records",1,25.25,654223,2.32,1278924,39.76,128.47,69.5,"Self-employed","Rent","Other",1
"2477",32351,"Male","Degree",0,17.75,564574,1.78,1406824,13.18,46.3,40.8,"Salaried","Mortgage","Vehicle",1
"7351",76108,"Male","Grade 12",0,21.25,346456,2.08,892459,28.69,89.45,55.5,"Contract","Mortgage","Vehicle",1
"1490",23473,"Male","No records",0,21.75,486841,1.4,1763522,27.02,95.34,56.4,"Salaried","Rent","Other",0
"4665",52435,"Male","Grade 12",1,18.75,170565,1.62,265937,13.46,52.78,44.7,"Salaried","Rent","Vehicle",0
"3882",45432,"Male","Degree",0,15.25,650323,1.78,329449,30.9,104.67,57.9,"Salaried","Mortgage","Vehicle",0
"2640",33852,"Male","Degree",0,16.75,342074,0.68,1260279,17.87,65.07,47.3,"Salaried","Mortgage","Home_improvement",0
"4387",49778,"Female","No records",1,20.75,2359129,1.88,1398810,31.17,97.14,63.9,"Self-employed","Mortgage","Debt_consolidation",1
"6442",68402,"Female","Diploma",0,21.25,3359941,2.41,6214301,9.75,31.72,34.9,"Self-employed","Own","Debt_consolidation",0
"1121",20245,"Male","Postgrad",0,19.75,2310624,2.01,5352653,20.54,71.63,43.6,"Self-employed","Mortgage","Vehicle",1
"8280",84761,"Male","Grade 12",0,23.25,280770,1.52,689771,33.04,110.82,60.2,"Salaried","Rent","Other",1
"1599",24542,"Female","No records",0,18.75,186060,1.1,399468,23.41,77.65,45.9,"Salaried","Rent","Vehicle",0
"6767",71421,"Male","Degree",0,17.75,107861,0.81,226183,19.08,68.45,52.7,"Salaried","Mortgage","Vehicle",0
"8472",86424,"Male","Degree",3,21.75,948977,1.82,754910,30.87,104.28,58.2,"Self-employed","Mortgage","Debt_consolidation",0
"236",12211,"Female","No records",0,23.25,544988,1.71,893521,4.38,29.61,33.8,"Salaried","Rent","Other",1
"6923",72708,"Male","Grade 12",0,16.25,343146,1.91,145971,28.53,95.88,55,"Salaried","Rent","Vehicle",0
"6650",70544,"Male","Diploma",0,21.25,1658850,1.86,2086883,7.16,29.23,31.7,"Self-employed","Own","Debt_consolidation",0
"6525",69311,"Female","Grade 12",0,20.25,732029,1.27,840051,18.31,62.67,47.9,"Contract","Mortgage","Home_improvement",1
"4249",48517,"Male","Degree",0,18.25,304992,1.77,377774,36.68,120.64,64.5,"Salaried","Mortgage","Home_improvement",1
"2883",36375,"Male","Degree",0,21.25,683330,1.15,2570329,8.85,34.17,43.7,"Contract","Mortgage","Vehicle",0
"3748",44159,"Female","Diploma",2,19.25,319359,1.47,1067004,39.94,128.04,74.7,"Salaried","Mortgage","Vehicle",0
"2908",36687,"Male","Diploma",0,19.25,194741,1.44,220854,13.47,48.83,47.9,"Salaried","Own","Debt_consolidation",1
"7676",79095,"Female","Degree",0,23.75,2157568,1.62,2188913,12.72,52.31,39.4,"Self-employed","Rent","Other",0
"6985",73205,"Female","Diploma",2,19.25,552416,1.69,1917080,20.28,64.25,48.3,"Salaried","Own","Debt_consolidation",0
"9564",96202,"Male","No records",1,33.25,2486,0.64,1137,12.47,47.53,44.2,"Unemployed","Rent","Debt_consolidation",1
"8299",84949,"Female","Postgrad",0,18.25,495249,1.71,495732,6.06,28.47,34.7,"Salaried","Mortgage","Home_improvement",0
"6299",67307,"Female","Diploma",0,35,3974,0.68,4044,29.79,97.86,60.9,"Unemployed","Rent","Debt_consolidation",1
"3388",41170,"Female","Grade 12",0,18.75,191718,1.19,277670,10.07,39.78,42.1,"Salaried","Rent","Vehicle",0
"353",13306,"Female","Diploma",0,23.75,3215832,2.6,9451122,14.97,49.15,39.3,"Self-employed","Rent","Other",1
"7259",75356,"Male","Degree",0,21.75,370302,1.69,1086955,28.83,97.21,58.3,"Salaried","Rent","Other",0
"9389",94361,"Male","Grade 12",2,17.75,206916,1.02,469683,29.97,100.92,59.1,"Salaried","Mortgage","Vehicle",0
"1114",20214,"Female","Grade 12",2,20.25,572242,1.4,1017762,33.55,110.7,68.2,"Salaried","Rent","Vehicle",0
"9473",95251,"Female","Grade 12",1,33.25,7522,0.42,10994,25.67,86.32,59.3,"Unemployed","Rent","Other",1
"2290",30724,"Female","Grade 12",1,23.75,2578298,1.29,7378334,10.24,43.12,36.2,"Self-employed","Rent","Other",0
"5145",56793,"Male","Grade 12",2,18.25,412469,1.84,502033,32.56,108.57,60.1,"Salaried","Mortgage","Home_improvement",1
"7065",73929,"Male","Grade 12",2,16.75,173515,1.31,95260,20.52,75.01,43.1,"Salaried","Own","Debt_consolidation",1
"8697",88408,"Female","No records",4,35,4205,0.51,11816,34.5,114.5,61.3,"Unemployed","Rent","Debt_consolidation",0
"7794",80260,"Female","Diploma",1,16.75,403869,1.54,826358,16.96,62.3,39.4,"Salaried","Mortgage","Home_improvement",0
"2135",29280,"Female","Grade 12",2,22.75,1285990,2.65,4130491,30.49,96.43,63.9,"Self-employed","Own","Debt_consolidation",1
"6345",67635,"Female","No records",2,20.75,384715,1.75,1235978,38.99,130.08,65.5,"Salaried","Own","Debt_consolidation",0
"5336",58535,"Female","Grade 12",1,21.25,1243079,1.79,4185916,25.37,84.78,50.5,"Self-employed","Own","Debt_consolidation",0
"3770",44336,"Female","Degree",0,17.75,177463,1.56,426939,30.63,101.82,59.8,"Salaried","Mortgage","Vehicle",0
"6785",71610,"Female","Diploma",2,35,3529,0.64,6696,22.26,77.58,48.6,"Unemployed","Rent","Debt_consolidation",1
"6430",68325,"Female","Diploma",0,19.75,1069485,1.66,339816,14.87,52.65,38.8,"Self-employed","Rent","Other",1
"184",11755,"Male","Grade 12",0,17.75,232389,1.65,844677,16.07,56.25,46.5,"Salaried","Mortgage","Vehicle",0
"1613",24691,"Male","Diploma",3,19.25,152327,1.09,154849,9.29,36.95,38.2,"Salaried","Own","Debt_consolidation",0
"8270",84700,"Female","No records",0,20.25,191578,1.57,360135,34.44,113.23,68.6,"Salaried","Rent","Vehicle",1
"7805",80344,"Male","Grade 12",0,18.75,1832313,2.86,1017110,26.29,89.89,59.7,"Self-employed","Own","Debt_consolidation",1
"9740",97747,"Male","Grade 12",3,29.25,1838,0.42,1514,22.04,75.17,47.6,"Unemployed","Rent","Home_improvement",1
"9551",96034,"Female","No records",2,19.75,1172865,1.54,2629851,14.69,54.1,49.2,"Self-employed","Mortgage","Vehicle",1
"6192",66453,"Female","No records",2,16.75,699152,1.6,864217,29.85,100.79,58.8,"Salaried","Mortgage","Home_improvement",0
"4972",55085,"Female","Grade 12",4,21.25,691552,1.87,1108702,14.99,59.23,43.7,"Contract","Mortgage","Vehicle",0
"7899",81197,"Female","Diploma",0,18.75,406460,1.01,830590,13.41,49.71,35.7,"Salaried","Rent","Vehicle",1
"713",16501,"Male","No records",0,16.75,765820,1.46,1757161,11.25,47.09,41.1,"Salaried","Mortgage","Home_improvement",1
"9049",91446,"Male","Degree",0,16.75,562048,1.1,1897299,13.01,48.6,42.6,"Salaried","Mortgage","Home_improvement",0
"8165",83697,"Male","Diploma",0,35,5950,0.47,6018,25.59,86.88,54.3,"Unemployed","Rent","Debt_consolidation",1
"7515",77598,"Female","Postgrad",0,22.75,618391,1.79,385680,25.01,89.38,48,"Contract","Rent","Other",1
"3164",39061,"Female","Diploma",0,18.75,358021,1.61,498114,22.05,72.98,46.2,"Salaried","Rent","Vehicle",0
"4792",53637,"Male","Diploma",0,19.25,537355,1.78,1451856,5.85,28.3,40.6,"Salaried","Mortgage","Vehicle",0
"9403",94490,"Male","Grade 12",0,20.25,223636,1.32,614113,1.76,14.71,32.6,"Salaried","Mortgage","Home_improvement",0
"8742",88777,"Female","Grade 12",1,18.75,288667,1.95,874716,15.51,58.21,47.4,"Salaried","Rent","Vehicle",1
"8668",88135,"Male","Diploma",1,18.75,979264,1.48,2188785,7.36,36.44,30.3,"Self-employed","Mortgage","Home_improvement",0
"6978",73173,"Male","Grade 12",1,34.75,4437,0.51,10012,22.2,73.62,48.6,"Unemployed","Mortgage","Debt_consolidation",1
"4196",47935,"Male","Postgrad",3,21.75,453575,1.85,529852,21.08,77.2,49.7,"Self-employed","Mortgage","Debt_consolidation",1
"5718",62203,"Male","Diploma",0,21.25,387978,1.86,494532,5.92,31.97,40.4,"Self-employed","Mortgage","Vehicle",1
"9774",97985,"Male","Grade 12",1,20.25,487737,1.4,1737848,27.15,93.47,61.7,"Salaried","Rent","Vehicle",0
"9944",99474,"Female","No records",1,19.25,90386,1.49,225216,26.29,91.6,51.9,"Salaried","Own","Debt_consolidation",1
"8644",87929,"Male","Degree",1,17.75,270986,0.97,357973,7.65,30.85,31.4,"Salaried","Mortgage","Vehicle",0
"5470",59743,"Male","No records",0,19.75,654998,1.89,637510,8.64,29.74,37.4,"Self-employed","Mortgage","Vehicle",1
"9321",93945,"Female","No records",1,21.75,549228,1.77,1199131,3.34,24.75,37.7,"Contract","Mortgage","Home_improvement",1
"7866",80863,"Female","Diploma",2,22.75,1457323,1.13,3172220,35.65,116.11,64.1,"Self-employed","Own","Debt_consolidation",1
"4970",55083,"Male","Diploma",1,19.25,423252,1.16,1243495,34.47,117.26,62,"Salaried","Mortgage","Vehicle",1
"1067",19828,"Female","Grade 12",0,16.75,223027,1.02,191751,7.13,25.36,37.9,"Salaried","Mortgage","Home_improvement",0
"8694",88344,"Female","Grade 12",0,17.75,170441,1.18,329665,23.88,79.05,48.3,"Salaried","Mortgage","Vehicle",0
"9109",91949,"Female","Diploma",0,22.75,233835,1.84,224943,26.51,94.5,53.8,"Contract","Own","Debt_consolidation",1
"8592",87444,"Male","No records",1,27.25,5847,0.32,2929,7.22,35.02,37.7,"Unemployed","Rent","Debt_consolidation",0
"4109",47236,"Male","Postgrad",1,20.75,286750,1.12,558892,35.74,118.61,70.6,"Salaried","Own","Debt_consolidation",1
"2861",36043,"Male","Degree",3,16.25,134526,1.53,62418,27.93,91.49,55.9,"Salaried","Rent","Vehicle",1
"1460",23224,"Male","No records",0,19.75,2988664,2.2,3885432,24.25,82.1,54.6,"Self-employed","Mortgage","Vehicle",1
"6431",68340,"Male","No records",1,24.75,855513,1.31,574861,1.59,11.62,27.1,"Contract","Mortgage","Vehicle",1
"5763",62539,"Female","No records",0,23.75,990227,1.82,3506477,26.55,91.9,49.8,"Self-employed","Rent","Other",0
"8880",89968,"Male","Grade 12",3,18.25,213881,1.45,769169,37.75,126.71,63,"Salaried","Mortgage","Home_improvement",0
"3353",40798,"Male","Diploma",0,19.25,196962,1.53,123306,12.14,45.18,44.6,"Salaried","Rent","Other",0
"8903",90132,"Female","Grade 12",0,25.25,2323307,1.64,8709853,33.44,108.99,68.3,"Self-employed","Rent","Other",1
"9380",94323,"Male","Grade 12",0,20.25,348616,1.31,983255,28.66,93.35,61.5,"Salaried","Rent","Vehicle",0
"6657",70609,"Female","Grade 12",0,25.25,1686071,2.37,4406849,6.29,30.57,35.2,"Self-employed","Rent","Other",1
"8975",90757,"Female","Grade 12",0,19.25,338148,1.56,478003,15.65,61.24,42.6,"Salaried","Own","Debt_consolidation",0
"9763",97935,"Male","Grade 12",0,33.75,4491,0.4,3378,34.25,117.53,63.4,"Unemployed","Rent","Debt_consolidation",1
"9209",92863,"Female","Grade 12",0,23.75,1423320,2.63,4593712,25.87,84.25,53.8,"Self-employed","Rent","Other",1
"8712",88515,"Male","Diploma",0,15.25,487517,1.73,165620,27.42,85.85,54.5,"Salaried","Mortgage","Vehicle",0
"1127",20312,"Male","Grade 12",4,18.75,1689025,1.33,5027588,23.7,78.39,56.4,"Self-employed","Mortgage","Home_improvement",1
"4115",47302,"Male","No records",0,17.75,254563,1.82,944184,22.15,73.61,44.3,"Salaried","Mortgage","Vehicle",0
"4223",48207,"Male","Diploma",1,20.25,526310,1.58,1561581,2.08,20.71,35.9,"Salaried","Mortgage","Home_improvement",0
"7712",79435,"Female","No records",2,16.75,542818,1.41,837958,25.24,78.09,53.2,"Salaried","Mortgage","Home_improvement",1
"8058",82725,"Male","Diploma",0,35,4745,0.52,4211,23.12,80.63,50.2,"Unemployed","Rent","Debt_consolidation",1
"4429",50221,"Female","Grade 12",0,22.75,774172,1.17,1365839,27.66,94.4,62.6,"Contract","Mortgage","Vehicle",1
"1733",25670,"Female","No records",0,18.75,230906,1.04,855806,26.77,87.77,57.1,"Salaried","Rent","Vehicle",1
"1812",26278,"Female","No records",1,33.25,2197,0.42,1283,0.11,8.56,28.7,"Unemployed","Rent","Debt_consolidation",0
"5700",62008,"Female","Diploma",1,21.25,815639,1.87,489098,39.51,125.63,64.6,"Contract","Rent","Vehicle",1
"3453",41663,"Male","Grade 12",1,17.75,419219,1.55,1346216,13.04,47.07,39.6,"Salaried","Mortgage","Vehicle",1
"8700",88428,"Male","Grade 12",0,18.75,612197,1.48,637174,8.85,39.29,40.3,"Salaried","Rent","Vehicle",1
"9374",94256,"Male","No records",3,35,4697,0.52,5788,1.18,14.22,26.5,"Unemployed","Mortgage","Debt_consolidation",1
"6022",64981,"Female","Grade 12",0,23.25,571823,0.96,902865,30.74,109.92,62.7,"Salaried","Rent","Other",0
"9358",94171,"Male","Degree",0,21.25,316418,2.21,874381,21.36,70.43,51.5,"Contract","Mortgage","Vehicle",1
"3854",45170,"Male","Grade 12",0,17.75,550175,0.98,1665758,21.33,76.13,53.6,"Salaried","Mortgage","Vehicle",0
"7272",75465,"Female","Degree",0,23.25,351092,1.36,1160180,4.24,23.05,38.4,"Salaried","Rent","Other",1
"6745",71267,"Male","Degree",3,23.75,1983596,1.31,5862390,23.34,75.59,56,"Self-employed","Rent","Other",1
"7543",77822,"Female","Grade 12",0,19.25,257399,1.32,142484,14.74,55.46,43.8,"Salaried","Rent","Other",1
"9523",95770,"Male","Diploma",0,33.75,4823,0.44,12197,4.46,26.75,33.6,"Unemployed","Rent","Debt_consolidation",1
"8527",86867,"Female","Grade 12",0,19.75,2764783,2.35,3547119,14.95,58.47,43.1,"Self-employed","Mortgage","Vehicle",1
"635",15803,"Male","No records",0,21.75,427678,1.55,1525817,33.68,104.57,56.3,"Salaried","Rent","Other",1
"6495",68979,"Male","Diploma",1,15.25,558758,1.51,232711,24.41,84.87,57.2,"Salaried","Mortgage","Vehicle",0
"4152",47537,"Female","No records",2,23.25,331649,1.56,877306,35.39,113.93,61.4,"Salaried","Rent","Other",0
"6122",65896,"Male","Diploma",0,23.75,1004144,1.44,2777163,10.57,39.91,38.9,"Self-employed","Rent","Other",1
"6560",69716,"Female","No records",0,18.75,1053593,1.64,1276675,12.79,46.06,45.2,"Self-employed","Mortgage","Home_improvement",1
"1476",23373,"Female","Grade 12",0,23.25,219599,2,348408,35,115.29,64.7,"Salaried","Rent","Other",1
"7300",75645,"Male","No records",1,34.75,3790,0.66,10756,14.73,51.27,44.4,"Unemployed","Mortgage","Debt_consolidation",1
"4321",49154,"Female","No records",0,18.25,719185,1.5,482155,3.42,16.59,26.9,"Salaried","Mortgage","Home_improvement",0
"1058",19753,"Female","Diploma",0,17.75,253509,1.44,484718,24.12,83.89,58.8,"Salaried","Mortgage","Vehicle",0
"8590",87428,"Male","Degree",0,23.75,2714694,2.37,7402895,14.33,54.67,40,"Self-employed","Rent","Other",1
"2825",35609,"Male","Grade 12",1,23.25,2192929,1.61,7310927,27.84,97.58,62.1,"Self-employed","Mortgage","Debt_consolidation",1
"5127",56585,"Male","Diploma",0,16.25,314853,1.99,205007,28.65,97.09,51.6,"Salaried","Rent","Vehicle",0
"2855",35915,"Male","Diploma",1,23.25,1528150,1.51,3073214,36.91,112.66,69.1,"Self-employed","Mortgage","Debt_consolidation",1
"1195",20835,"Male","Diploma",1,20.75,326608,1.28,967171,4.66,23.75,37.9,"Salaried","Own","Debt_consolidation",0
"2220",30041,"Female","No records",1,16.75,597430,1.89,621587,9.28,34.28,42.5,"Salaried","Mortgage","Home_improvement",1
"8084",82986,"Female","Grade 12",0,14.25,76897,1.91,49886,31.39,104.55,53.6,"Salaried","Mortgage","Home_improvement",0
"4144",47458,"Male","Diploma",1,16.75,184483,1.41,696068,29.41,98.28,55.2,"Salaried","Mortgage","Home_improvement",0
"9157",92392,"Male","Diploma",0,23.75,702072,2.13,1675572,16.01,61.85,38.7,"Self-employed","Rent","Other",1
"3295",40302,"Male","Grade 12",0,24.25,808036,2.14,447299,30.6,101.46,61,"Contract","Rent","Other",1
"3518",42168,"Male","No records",0,23.25,287319,1.63,774139,5.86,26.73,40.6,"Salaried","Rent","Other",0
"9948",99520,"Male","Diploma",0,21.25,1575964,0.96,2603731,32.74,105.38,57.5,"Contract","Mortgage","Vehicle",1
"3326",40512,"Male","No records",1,19.25,288891,1.38,511048,19.54,66.3,54.1,"Salaried","Own","Debt_consolidation",0
"8677",88201,"Female","Grade 12",3,18.25,420972,1.29,655294,38.45,124.11,68,"Salaried","Mortgage","Home_improvement",1
"722",16632,"Female","Grade 12",0,21.75,1722952,2.41,3794886,12.36,45.48,45.9,"Self-employed","Mortgage","Debt_consolidation",0
"7988",81987,"Male","No records",0,19.25,593362,1.75,517694,5.53,24.42,35.8,"Salaried","Mortgage","Vehicle",1
"5610",61207,"Male","Degree",0,21.25,1386764,2.2,3617612,22.74,79.52,54.3,"Self-employed","Own","Debt_consolidation",1
"9965",99667,"Female","No records",2,17.75,335686,1.46,284353,11.64,42.05,42.6,"Salaried","Mortgage","Vehicle",1
"7213",75015,"Male","Grade 12",0,18.75,1627689,1.83,844104,7.61,30.23,40.7,"Self-employed","Own","Debt_consolidation",0
"2918",36785,"Male","Grade 12",4,18.75,375976,1.84,1043935,25.85,92.42,51.5,"Salaried","Rent","Vehicle",0
"2743",34894,"Male","No records",1,17.75,356253,1.33,1225818,23.59,77.7,56.7,"Salaried","Mortgage","Vehicle",1
"839",17748,"Male","Grade 12",2,20.75,747476,1.29,1116581,34.51,111.43,61.3,"Salaried","Own","Debt_consolidation",0
"1805",26191,"Female","Diploma",1,19.25,196814,1.32,356388,39.65,128.97,72.9,"Salaried","Mortgage","Vehicle",0
"8252",84526,"Female","Degree",0,19.25,561285,1.57,1285056,21.27,75.02,43.8,"Salaried","Own","Debt_consolidation",1
"8606",87558,"Male","Degree",0,23.25,310963,1.5,797728,5.33,27.81,28.2,"Salaried","Rent","Other",0
"2191",29792,"Male","Diploma",0,35,2689,0.65,3597,15.9,49.65,38.1,"Unemployed","Rent","Debt_consolidation",1
"5572",60770,"Male","Grade 12",0,20.25,402782,1.34,1194333,36.9,119.18,66.9,"Salaried","Rent","Vehicle",1
"2859",35993,"Female","No records",0,22.75,386798,1.54,1234767,33.98,111.21,56.1,"Contract","Own","Debt_consolidation",1
"1833",26523,"Female","No records",0,19.25,257480,0.86,201762,7,28.53,36.5,"Salaried","Own","Debt_consolidation",0
"3323",40493,"Male","Grade 12",0,18.75,1086095,1.6,418018,10.52,42.88,36.9,"Contract","Mortgage","Vehicle",0
"4357",49501,"Female","No records",0,17.75,421536,1.46,1168418,23.55,80.83,53,"Salaried","Mortgage","Vehicle",0
"1601",24581,"Female","Degree",0,16.75,434079,1.45,1445350,9.27,38.7,35.8,"Salaried","Mortgage","Home_improvement",0
"9591",96479,"Male","No records",0,25.25,2036411,2.07,7684736,5.87,27.73,35.4,"Self-employed","Rent","Other",1
"1814",26288,"Female","Grade 12",1,19.75,1005088,1.54,383181,20.95,69.07,55.5,"Contract","Rent","Vehicle",0
"756",16975,"Female","Diploma",2,23.75,1237247,2,1648868,30.34,103.24,54.2,"Self-employed","Rent","Other",1
"6884",72381,"Female","No records",0,18.75,688534,0.66,999436,11.48,42.77,33.9,"Salaried","Rent","Vehicle",0
"1901",27090,"Male","Degree",1,16.25,686131,1.57,329864,30.27,99.47,55.2,"Salaried","Rent","Vehicle",1
"5075",56015,"Male","Diploma",2,20.25,563223,1.98,1443528,18.84,69.6,48.7,"Contract","Mortgage","Home_improvement",1
"6997",73303,"Male","Degree",0,20.75,318697,1.35,375746,37.12,121.51,63.4,"Salaried","Own","Debt_consolidation",0
"6221",66683,"Female","Degree",0,19.25,245447,1.3,508403,5.15,24.28,27.5,"Salaried","Mortgage","Vehicle",1
"9685",97308,"Male","Grade 12",1,18.75,88724,1.36,177574,18.97,69.83,43.3,"Salaried","Rent","Vehicle",1
"1471",23350,"Male","No records",0,22.25,282887,1.4,1004146,11.74,45.93,46.2,"Contract","Rent","Vehicle",1
"7728",79623,"Female","No records",0,22.75,507248,1.22,1925528,2.29,17.4,33,"Salaried","Own","Debt_consolidation",1
"7183",74774,"Female","No records",0,17.75,737593,1.66,861875,20.56,70.12,51.6,"Salaried","Mortgage","Vehicle",1
"8526",86855,"Male","Grade 12",2,23.75,1160866,1.97,1926379,25.65,86.72,58.1,"Self-employed","Rent","Other",1
"6624",70335,"Male","Grade 12",1,21.75,305889,1.6,980544,27.09,91.83,54.1,"Salaried","Rent","Other",0
"9518",95747,"Male","Grade 12",0,18.75,228598,1.47,424661,8.63,38.22,38.2,"Salaried","Rent","Vehicle",0
"5640",61455,"Male","Diploma",3,17.75,396062,1.24,556801,25.42,90.91,48.5,"Salaried","Mortgage","Vehicle",0
"2645",33913,"Female","Grade 12",0,18.75,636461,1.46,1628947,14.56,51.52,45.4,"Salaried","Rent","Vehicle",0
"2125",29160,"Female","Degree",0,20.25,419372,1.54,1546281,37.08,123.82,71.6,"Salaried","Rent","Vehicle",1
"7434",76874,"Male","No records",2,21.75,599805,2.18,1259618,38.41,123.51,60.7,"Contract","Mortgage","Home_improvement",1
"6822",71877,"Male","Grade 12",0,35,2925,0.65,10930,20.33,73.57,47.5,"Unemployed","Rent","Debt_consolidation",0
"305",12813,"Male","Degree",1,22.75,2422820,2.15,8636246,33.99,112.91,66.9,"Self-employed","Own","Debt_consolidation",1
"2746",34901,"Male","Grade 12",0,22.25,324971,1.62,319634,2.96,20.58,31.7,"Salaried","Rent","Vehicle",1
"3354",40804,"Male","Diploma",0,16.75,172839,1.7,60223,27.83,92.35,59.9,"Salaried","Own","Debt_consolidation",1
"248",12342,"Female","Degree",0,17.75,520271,1.86,1530633,35.77,122.43,59.5,"Salaried","Mortgage","Vehicle",1
"8020",82230,"Male","Grade 12",0,23.25,1432076,1.85,2195783,29.87,100.97,64.5,"Self-employed","Mortgage","Debt_consolidation",0
"2623",33707,"Female","Diploma",2,35,3116,0.47,5105,16.98,58.43,47.4,"Unemployed","Rent","Debt_consolidation",1
"8294",84915,"Female","Postgrad",1,16.25,136640,1.3,73456,36.33,121.98,59.6,"Salaried","Rent","Vehicle",1
"8943",90465,"Male","No records",0,25.25,2018849,2.13,1796669,30.41,101.74,63.4,"Self-employed","Rent","Other",1
"7149",74555,"Female","Diploma",4,16.75,353306,1.55,1163951,16.1,57.58,42.8,"Salaried","Mortgage","Home_improvement",0
"729",16749,"Male","Grade 12",0,18.75,183906,0.78,277938,16.42,60.96,45.2,"Salaried","Rent","Vehicle",1
"6906",72568,"Male","Diploma",1,21.25,363097,2.03,977693,17.48,59.52,45.4,"Contract","Mortgage","Vehicle",1
"1905",27104,"Male","No records",2,25.25,965544,1.81,2401069,39.2,125.16,68.9,"Self-employed","Rent","Other",0
"2661",34084,"Male","Diploma",0,18.25,766166,1.79,2006816,34.32,113.04,62.2,"Salaried","Mortgage","Home_improvement",1
"9310",93860,"Male","Degree",1,19.25,382540,0.98,322850,3.18,19.97,36.1,"Salaried","Mortgage","Vehicle",0
"8345",85331,"Female","Grade 12",0,21.75,815738,2.09,2486685,16,60.57,48,"Self-employed","Mortgage","Debt_consolidation",1
"2556",33134,"Female","Diploma",1,19.25,372841,0.94,1345169,21.97,75.82,47.6,"Salaried","Own","Debt_consolidation",0
"2810",35491,"Male","Grade 12",2,22.75,1364014,2.21,3375512,5.33,28.3,32.4,"Self-employed","Own","Debt_consolidation",1
"679",16198,"Male","Diploma",0,21.25,1433812,1.94,810337,25.18,85.73,47.9,"Self-employed","Rent","Other",1
"3422",41396,"Male","Degree",0,16.75,463886,1.8,1476264,14.38,49.31,37.9,"Salaried","Mortgage","Home_improvement",0
"2267",30565,"Female","Grade 12",0,25.25,332957,1.59,932393,39.02,128.56,69.3,"Self-employed","Rent","Other",1
"6748",71291,"Female","Diploma",1,20.25,582399,1.61,1124549,39.22,122.87,63.7,"Salaried","Rent","Vehicle",0
"4922",54715,"Male","Degree",0,30.75,7592,0.34,6312,16.99,57.26,40.4,"Unemployed","Rent","Other",0
"5903",63825,"Male","No records",0,20.75,712904,1.21,2325184,32.51,104.76,66.7,"Salaried","Own","Debt_consolidation",0
"1866",26757,"Female","Grade 12",0,22.75,725843,2.28,521726,6.6,31.69,38.8,"Contract","Mortgage","Vehicle",0
"2568",33241,"Female","Degree",0,20.25,83422,2.04,282022,39.62,137.3,71,"Salaried","Rent","Vehicle",1
"778",17184,"Male","Grade 12",0,22.25,867983,2.24,578678,15.91,58.34,38.8,"Contract","Rent","Vehicle",1
"6889",72413,"Female","Grade 12",0,20.25,296027,1.56,620574,31.13,100.23,60.7,"Salaried","Rent","Vehicle",1
"7696",79283,"Male","Diploma",1,23.75,3101057,1.27,8436944,7.58,29.73,37.3,"Self-employed","Rent","Other",0
"9330",93997,"Male","No records",0,21.25,1027281,1.31,1597251,18.74,65.86,52.7,"Contract","Mortgage","Vehicle",0
"5800",62951,"Male","Grade 12",1,17.75,461551,1.44,1235983,9.45,42.49,31.7,"Salaried","Mortgage","Vehicle",0
"9733",97702,"Male","Diploma",1,35,8206,0.7,13731,20.28,72.79,49.6,"Unemployed","Rent","Debt_consolidation",1
"2014",28065,"Female","Grade 12",1,18.75,337091,1.53,631193,16.92,56.32,48.4,"Salaried","Rent","Vehicle",1
"5775",62667,"Female","Degree",0,18.75,460720,1.6,1615583,22.76,80.24,52.3,"Salaried","Rent","Vehicle",0
"1342",22145,"Male","Diploma",1,23.25,253316,1.82,381912,32.06,109.97,60.1,"Salaried","Rent","Other",1
"858",17910,"Male","Diploma",0,17.75,230650,1.57,663374,23.75,80.73,46.4,"Salaried","Mortgage","Vehicle",0
"1766",25896,"Female","Diploma",2,18.25,198974,1.52,595718,37.92,126.47,62.5,"Salaried","Mortgage","Home_improvement",1
"8355",85432,"Female","Degree",0,35,3434,0.64,10656,1.82,14.98,28.8,"Unemployed","Rent","Vehicle",1
"4914",54675,"Female","Grade 12",0,17.75,362979,2.42,279393,34.65,115.28,57.5,"Salaried","Mortgage","Vehicle",1
"885",18171,"Male","No records",0,21.75,877790,1.87,1941901,9.16,32.85,35.8,"Salaried","Rent","Other",0
"8550",87043,"Male","Diploma",0,35,6741,0.46,14569,35.36,115.96,66.3,"Unemployed","Rent","Debt_consolidation",0
"6092",65582,"Male","Degree",0,17.75,711733,1.06,1983689,7.31,29.73,38.2,"Salaried","Mortgage","Vehicle",0
"946",18713,"Male","Degree",0,18.75,726956,1.73,922131,20.44,76.78,44.1,"Self-employed","Mortgage","Home_improvement",1
"338",13150,"Male","Diploma",0,21.75,436130,1.28,478540,32.25,103.59,54.4,"Salaried","Rent","Other",1
"4348",49379,"Male","Grade 12",2,17.75,548790,1.11,449391,16.63,62.27,44.7,"Salaried","Mortgage","Vehicle",1
"6268",67031,"Male","Grade 12",3,17.75,231921,1.82,160085,19.23,69.49,49.1,"Salaried","Mortgage","Vehicle",0
"7686",79173,"Female","Diploma",3,23.75,3806421,2.15,12400229,27.25,92.67,53.9,"Self-employed","Rent","Other",1
"7155",74595,"Male","Postgrad",0,16.75,630578,1.33,1022162,32.67,108.92,55.2,"Salaried","Mortgage","Home_improvement",0
"9123",92043,"Male","Diploma",2,23.25,1893767,2.22,5236188,26.7,86.08,61.4,"Self-employed","Mortgage","Debt_consolidation",1
"7483",77290,"Female","Diploma",0,19.25,525316,1.18,315611,19.92,65.86,49,"Salaried","Rent","Other",0
"2719",34663,"Male","Grade 12",1,19.25,155341,0.9,353636,27.68,97.04,60.4,"Salaried","Mortgage","Vehicle",0
"7289",75597,"Female","No records",4,25.25,1329649,1.63,4064891,39.68,130.43,67.6,"Self-employed","Rent","Other",1
"5574",60813,"Male","Grade 12",0,23.75,333249,2.33,1055812,18.09,63.06,46.1,"Self-employed","Rent","Other",1
"2486",32420,"Male","Diploma",2,20.25,728028,1.54,2746819,4.35,18.51,31.7,"Self-employed","Mortgage","Home_improvement",0
"5655",61584,"Male","Grade 12",2,18.25,243346,1.66,689820,39.84,130.56,67.8,"Salaried","Mortgage","Home_improvement",0
"5883",63635,"Male","Grade 12",0,17.75,433973,1.33,623075,13.95,56.55,36.1,"Salaried","Mortgage","Vehicle",1
"2634",33799,"Male","Grade 12",0,18.25,207680,1.43,379020,35.88,117.49,61.2,"Salaried","Mortgage","Home_improvement",0
"1266",21511,"Male","Grade 12",0,19.25,134795,1.63,496301,38.9,119.6,71.5,"Salaried","Mortgage","Vehicle",0
"9027",91265,"Female","Degree",0,18.25,493731,1.38,1529428,5.34,25.93,34.8,"Salaried","Mortgage","Home_improvement",0
"1218",20999,"Female","Grade 12",0,18.25,315775,1.61,643308,38.86,128.03,70.3,"Salaried","Mortgage","Home_improvement",1
"2726",34723,"Female","Grade 12",2,19.25,473157,1.82,1089316,18.55,68.03,50.3,"Salaried","Own","Debt_consolidation",0
"9095",91858,"Female","Degree",0,26.75,782931,1.37,2862311,38.42,121.02,61.6,"Contract","Rent","Other",1
"9565",96215,"Male","No records",0,16.25,528272,1.39,183148,29.9,101.92,56.4,"Salaried","Rent","Vehicle",0
"798",17382,"Female","No records",1,19.25,1151383,2.98,709121,26.1,86.07,51.7,"Self-employed","Mortgage","Debt_consolidation",1
"7514",77593,"Male","Grade 12",4,20.25,411473,1.49,1534491,7.88,33.37,39,"Contract","Mortgage","Home_improvement",0
"2437",31999,"Male","Degree",0,23.75,1937966,2.27,1421000,29.5,102.24,52.6,"Self-employed","Rent","Other",1
"3601",42976,"Male","Diploma",0,17.25,2790318,2.2,1613312,15.29,61.82,47.9,"Self-employed","Mortgage","Vehicle",0
"5589",60961,"Female","Degree",0,18.25,350882,0.76,815077,37.33,122.88,61.8,"Salaried","Mortgage","Home_improvement",0
"3091",38324,"Male","Grade 12",0,19.25,258470,1.41,329793,27.53,96.45,51.9,"Salaried","Own","Debt_consolidation",1
"4181",47796,"Male","No records",0,19.25,602482,1.51,1558289,39.28,127.42,69.9,"Salaried","Mortgage","Vehicle",0
"3934",45789,"Male","Grade 12",0,22.75,466473,1.58,1513428,26.63,88.68,58.9,"Contract","Own","Debt_consolidation",1
"8725",88612,"Female","Grade 12",2,18.75,641364,1.4,926441,27.2,95.89,55.7,"Self-employed","Mortgage","Home_improvement",1
"7697",79312,"Female","No records",1,19.25,507043,1.37,1252689,12.54,46.84,46.3,"Salaried","Own","Debt_consolidation",1
"1352",22254,"Female","Diploma",0,32.25,4070,0.4,3622,11.51,48.53,42.9,"Unemployed","Rent","Debt_consolidation",1
"3911",45642,"Male","Diploma",0,22.25,832891,1.8,2483256,2.21,22.08,34.5,"Salaried","Rent","Vehicle",1
"9286",93657,"Male","Grade 12",0,20.75,503737,1.75,786728,37.86,119.66,67,"Salaried","Own","Debt_consolidation",1
"7097",74194,"Female","No records",0,21.75,1149581,1.75,4161914,17.7,63.1,43.9,"Self-employed","Mortgage","Debt_consolidation",1
"130",11220,"Male","Diploma",0,19.25,527723,2.02,895500,20.84,74.28,52.2,"Salaried","Own","Debt_consolidation",1
"2243",30323,"Male","Grade 12",0,20.25,480901,1.9,1757311,36.94,116.53,65,"Salaried","Rent","Vehicle",1
"7361",76158,"Male","Diploma",1,26.75,1525987,1.6,2659434,5.64,29.71,38.9,"Contract","Rent","Other",1
"5532",60414,"Female","No records",0,19.25,269289,1.51,681448,4.09,25.07,30.3,"Salaried","Mortgage","Vehicle",0
"9571",96342,"Female","Grade 12",0,27.25,2401915,1.62,3445024,1.64,12.37,32.5,"Self-employed","Rent","Other",1
"8990",90963,"Male","Grade 12",0,21.75,107769,1.3,73139,2.33,14.31,24.4,"Salaried","Mortgage","Home_improvement",0
"1509",23673,"Female","No records",0,23.25,1090046,1.9,3865991,5.2,21.31,30.5,"Self-employed","Mortgage","Debt_consolidation",0
"2020",28110,"Female","No records",1,21.25,528940,1.37,295678,20.76,74.86,51.8,"Self-employed","Rent","Other",0
"8183",83847,"Female","Grade 12",0,21.25,2729411,2.1,9047549,26.97,92.87,54.9,"Self-employed","Own","Debt_consolidation",0
"2960",37147,"Male","No records",0,18.75,512138,1.5,1109423,26.19,85.75,59.9,"Salaried","Rent","Vehicle",0
"3846",45099,"Female","Grade 12",1,21.25,2691179,1.92,7737685,15.9,52.95,46.1,"Self-employed","Own","Debt_consolidation",1
"8451",86217,"Female","Degree",0,22.25,316187,1.25,211658,0.28,9.2,29.6,"Salaried","Rent","Vehicle",0
"3145",38920,"Female","Diploma",2,19.25,548669,1.52,1588116,5.86,21.51,31.9,"Salaried","Mortgage","Vehicle",0
"9922",99256,"Female","No records",0,20.75,351362,1.72,470865,33.09,114.62,62.4,"Salaried","Own","Debt_consolidation",1
"5968",64463,"Male","Diploma",0,21.25,1285323,1.97,1721435,5.38,27.21,34.7,"Self-employed","Mortgage","Vehicle",0
"1174",20606,"Female","Degree",0,17.75,284142,1.38,602284,30.08,97.83,58.3,"Salaried","Mortgage","Vehicle",1
"4372",49643,"Female","Degree",0,21.25,297325,2.07,975351,6.4,30.6,34.8,"Self-employed","Mortgage","Vehicle",1
"9661",97042,"Male","Grade 12",1,21.25,733561,1.77,937458,20.8,70.44,43.3,"Self-employed","Own","Debt_consolidation",1
"7355",76126,"Male","Grade 12",0,21.75,274521,0.54,1032711,29.78,104.7,55.4,"Salaried","Rent","Other",1
"1803",26181,"Female","No records",0,19.25,352859,1.37,802750,3.48,18.28,33.7,"Salaried","Mortgage","Vehicle",1
"4412",50026,"Female","Grade 12",0,19.25,430829,1.32,1626311,22.14,75.59,47.4,"Salaried","Own","Debt_consolidation",0
"3157",39003,"Female","Grade 12",2,19.25,420809,1.23,897755,9.06,37.48,33.8,"Salaried","Own","Debt_consolidation",0
"8493",86544,"Male","Grade 12",4,17.75,318578,1.38,633872,14.99,56.29,42.6,"Salaried","Mortgage","Vehicle",0
"9673",97222,"Male","Diploma",0,18.75,602351,1.7,2056372,16.29,63.47,45.3,"Salaried","Rent","Vehicle",0
"5416",59156,"Female","Diploma",0,19.25,400170,1.27,1198965,19.86,71.15,43.4,"Salaried","Own","Debt_consolidation",1
"9901",99103,"Male","Grade 12",0,18.25,431094,1.73,1406702,37.04,115.76,63.4,"Salaried","Mortgage","Home_improvement",0
"2103",28995,"Male","Diploma",2,17.75,415260,1.38,831351,36.04,116.86,58.4,"Salaried","Mortgage","Vehicle",1
"6949",72908,"Male","Grade 12",2,21.75,600250,1.74,1702676,10.72,42.82,41.5,"Salaried","Rent","Other",0
"8138",83390,"Female","Grade 12",1,17.75,367293,1.27,1003280,22.04,79,51.4,"Salaried","Mortgage","Vehicle",0
"2468",32295,"Female","No records",2,19.25,265886,1.98,855331,31.54,106.45,58.4,"Salaried","Own","Debt_consolidation",0
"1648",24936,"Male","Grade 12",0,23.75,2689857,1.66,2969162,26.98,85.02,54.4,"Self-employed","Rent","Other",1
"7688",79188,"Female","Grade 12",0,20.25,267929,1.61,957187,5.19,27.31,29,"Salaried","Rent","Vehicle",0
"4842",54098,"Female","No records",1,25.25,773912,1.33,568528,19.98,71.92,48.2,"Contract","Rent","Other",0
"4353",49439,"Female","Grade 12",0,16.75,191999,1.3,501688,12.82,42.89,42.7,"Salaried","Mortgage","Home_improvement",1
"6085",65558,"Female","Grade 12",3,19.25,405906,1.9,435021,32.31,107.7,65.5,"Salaried","Mortgage","Vehicle",0
"1842",26584,"Female","Diploma",0,18.75,850734,1.76,1209754,8.43,31.95,36.7,"Salaried","Rent","Vehicle",0
"6924",72709,"Female","No records",3,19.75,2767548,1.72,7581856,11.8,44.53,37,"Self-employed","Mortgage","Vehicle",1
"9133",92125,"Female","No records",0,18.75,164211,1.38,273680,28.73,96.97,51.5,"Salaried","Rent","Vehicle",0
"6619",70311,"Female","Grade 12",1,33.25,4269,0.5,2335,13.02,46.08,46.7,"Unemployed","Rent","Debt_consolidation",1
"334",13089,"Male","Grade 12",0,20.25,762533,2.43,2837611,9.28,36.46,43.4,"Contract","Mortgage","Home_improvement",1
"82",10769,"Female","No records",0,19.25,226413,1.9,412372,10.46,39.7,39.8,"Salaried","Own","Debt_consolidation",0
"5014",55471,"Female","No records",2,20.25,1255088,1.8,3845412,5.63,24.64,28,"Self-employed","Mortgage","Home_improvement",0
"4776",53520,"Female","Degree",0,19.25,92172,1.47,229339,19.51,69.08,53.6,"Salaried","Own","Debt_consolidation",0
"8384",85679,"Female","Postgrad",0,21.25,1326783,1.11,2476497,11.12,45.59,45.8,"Contract","Mortgage","Vehicle",0
"763",17045,"Female","Grade 12",0,21.25,2031521,1.64,676579,6.24,24.06,37.1,"Self-employed","Rent","Other",0
"7205",74946,"Male","No records",0,25.25,772455,1.38,1623764,4.47,24,31.9,"Self-employed","Rent","Other",0
"9510",95603,"Female","No records",0,23.75,2224101,2,7959052,1.08,16.56,24.9,"Self-employed","Mortgage","Home_improvement",0
"465",14312,"Male","No records",1,19.75,1474244,1.8,5405053,17.44,61.18,49.3,"Self-employed","Mortgage","Vehicle",1
"1850",26641,"Male","Degree",1,28.75,964565,1.9,2939143,1.79,16.03,24.9,"Self-employed","Rent","Other",1
"1310",21902,"Male","Grade 12",2,19.75,2376363,2.42,3466575,18.96,70.03,51.7,"Self-employed","Mortgage","Vehicle",1
"5504",60071,"Female","Diploma",3,18.75,843217,1.55,594525,16.58,62.28,48.1,"Salaried","Rent","Vehicle",0
"5235",57681,"Female","Degree",2,17.75,295147,1.15,878304,7.3,31.2,34.8,"Salaried","Mortgage","Vehicle",0
"4055",46816,"Female","Degree",1,18.75,720195,1.46,738303,12.96,50.68,36.5,"Salaried","Rent","Vehicle",0
"8163",83666,"Female","Grade 12",0,25.25,2201509,1.61,3289211,5.27,22.77,29.9,"Self-employed","Rent","Other",0
"7282",75547,"Male","Postgrad",0,16.75,422886,2.23,1067095,17.6,64.94,47.5,"Salaried","Mortgage","Home_improvement",1
"4512",50847,"Female","No records",0,18.75,1989062,1.77,1503218,10.28,44.78,32.8,"Self-employed","Mortgage","Home_improvement",1
"2050",28497,"Male","No records",2,19.25,418243,1.57,1222129,33.43,106.37,57.5,"Salaried","Own","Debt_consolidation",0
"9023",91230,"Male","Grade 12",1,16.75,400023,1.54,997166,22.74,78.45,44.9,"Salaried","Mortgage","Home_improvement",1
"2881",36348,"Female","Diploma",0,19.25,425994,1.51,567244,39.96,128.4,67.8,"Salaried","Mortgage","Vehicle",1
"8681",88251,"Male","Diploma",0,22.25,396782,1.91,723361,1.63,19.31,26.3,"Salaried","Rent","Vehicle",1
"6646",70532,"Female","Postgrad",3,22.75,199914,1.23,375634,0.43,9.74,24,"Salaried","Mortgage","Vehicle",0
"5515",60192,"Female","Grade 12",4,21.75,528803,1.03,1340637,30.38,104.28,58.8,"Salaried","Rent","Other",0
"7619",78540,"Female","Postgrad",1,16.75,175836,1.39,90177,26.15,84.01,60.4,"Salaried","Mortgage","Vehicle",0
"4852",54201,"Male","Grade 12",0,17.75,210915,1.73,258258,9.96,42.84,43.8,"Salaried","Mortgage","Vehicle",1
"2694",34415,"Female","Degree",0,19.25,417996,1.43,441290,5.61,27.45,30.8,"Salaried","Mortgage","Vehicle",0
"8817",89461,"Female","Degree",2,17.75,511798,1.65,1620792,29.38,92.5,53.1,"Salaried","Mortgage","Vehicle",1
"7509",77571,"Female","Grade 12",0,23.75,1866290,1.85,5672637,26.68,87.85,51.7,"Self-employed","Rent","Other",1
"6195",66476,"Female","No records",2,16.75,169205,1.01,406944,32.11,107.14,55.6,"Salaried","Mortgage","Home_improvement",0
"2027",28195,"Female","No records",0,18.75,1194825,1.83,3832321,9.48,37.34,41.2,"Self-employed","Mortgage","Home_improvement",0
"7029",73615,"Male","Grade 12",1,16.75,586146,2.07,1161945,9.28,39.94,33.4,"Salaried","Mortgage","Home_improvement",0
"9590",96475,"Female","Diploma",0,17.75,81579,1.59,206138,29.74,97.23,55.3,"Salaried","Mortgage","Vehicle",1
"4711",52865,"Female","Postgrad",0,22.75,297057,1.46,881964,1.87,18.03,24.7,"Salaried","Mortgage","Vehicle",1
"3101",38445,"Male","Diploma",0,15.25,277391,1.15,132257,12.42,48.05,37.7,"Salaried","Mortgage","Vehicle",0
"5805",62977,"Male","Grade 12",0,14.25,559960,1.18,187856,8.62,36.59,34,"Salaried","Mortgage","Home_improvement",0
"8956",90537,"Male","Diploma",2,18.25,307200,1.71,1163335,39.42,127.02,73.8,"Salaried","Mortgage","Home_improvement",1
"6694",70844,"Male","Grade 12",2,23.25,140690,1.49,321982,37.09,122.35,66.2,"Salaried","Rent","Other",1
"930",18545,"Female","Grade 12",0,23.25,1078076,2.29,1640730,13.15,53.01,47.7,"Contract","Mortgage","Debt_consolidation",1
"2629",33772,"Male","No records",0,25.25,357384,1.67,581205,2.96,20.43,26,"Salaried","Rent","Other",1
"2065",28647,"Male","Degree",0,20.25,784394,1.24,740634,6.41,30.13,33.1,"Salaried","Rent","Vehicle",0
"9383",94331,"Male","Diploma",0,18.75,176507,2.04,133593,26.81,93.06,50.6,"Salaried","Rent","Vehicle",1
"7006",73418,"Female","No records",2,18.25,575823,1.54,800227,38.9,119.76,67,"Salaried","Mortgage","Home_improvement",0
"7069",73962,"Male","Diploma",0,17.75,205732,1.61,636059,19.95,67.02,49.5,"Salaried","Mortgage","Vehicle",0
"162",11544,"Female","No records",0,19.25,571741,1.28,536142,9.36,39.79,31.7,"Salaried","Own","Debt_consolidation",1
"9784",98148,"Female","No records",2,19.25,545466,1.32,2066111,5.16,25.12,35.7,"Salaried","Mortgage","Vehicle",0
"9312",93864,"Male","Grade 12",0,16.75,563048,1.4,1227883,22.35,73.71,55.2,"Salaried","Mortgage","Home_improvement",0
"3127",38745,"Male","Diploma",0,17.75,592628,1.27,1717362,8.55,38.54,33.9,"Salaried","Mortgage","Vehicle",1
"8427",86049,"Male","No records",0,23.75,1412814,2.03,4452335,17.65,57.43,48.2,"Self-employed","Rent","Other",0
"7264",75394,"Female","Diploma",0,19.75,1000294,1.56,1777396,13.89,45.53,38.3,"Self-employed","Mortgage","Vehicle",1
"3245",39885,"Female","Grade 12",0,21.25,597980,1.62,693828,1.25,7.97,36,"Salaried","Mortgage","Vehicle",0
"1666",25076,"Male","Grade 12",2,17.75,336391,2.09,712768,23.73,81.02,52.5,"Salaried","Mortgage","Vehicle",1
"587",15400,"Male","No records",0,19.75,1540071,1.08,5193129,11.82,43.7,41.8,"Self-employed","Mortgage","Vehicle",0
"2973",37233,"Male","Grade 12",0,21.25,2543864,1.04,3575460,35.67,114.36,68.3,"Self-employed","Mortgage","Vehicle",0
"9852",98640,"Male","Diploma",1,18.25,511863,1.28,740971,6.77,28.41,34.8,"Salaried","Mortgage","Home_improvement",0
"6842",72050,"Male","Postgrad",0,18.25,275302,1.29,518965,5.85,28.85,33.3,"Salaried","Mortgage","Home_improvement",0
"8136",83379,"Male","Diploma",0,35,6821,0.57,5246,34.78,114.36,68,"Unemployed","Mortgage","Debt_consolidation",1
"7591",78215,"Female","Grade 12",1,19.25,681421,1.64,784298,30.4,100.55,57.4,"Salaried","Own","Debt_consolidation",1
"6533",69445,"Female","Diploma",0,29.75,5994,0.39,3466,12.35,44.98,43.9,"Unemployed","Rent","Debt_consolidation",0
"5599",61102,"Female","Diploma",0,19.25,222879,0.87,688239,6,30.18,37.6,"Salaried","Mortgage","Vehicle",0
"4502",50802,"Male","No records",0,21.25,447473,1.54,1240703,15.51,57.42,43.8,"Contract","Mortgage","Vehicle",0
"6320",67430,"Female","Grade 12",2,18.75,313265,1.71,205989,1.88,14.63,35.6,"Salaried","Mortgage","Vehicle",0
"8758",88912,"Male","Degree",0,18.75,374818,1.09,1353181,21.43,74.62,53.1,"Salaried","Rent","Vehicle",0
"2285",30671,"Male","No records",0,20.25,286902,1.51,819419,4.94,25.21,34.5,"Salaried","Rent","Vehicle",0
"3340",40635,"Female","Grade 12",0,19.25,825240,1.47,847032,6.5,27.73,30.1,"Salaried","Mortgage","Vehicle",1
"3456",41702,"Female","Degree",1,23.75,874086,1.77,711984,37.83,120.05,63.6,"Contract","Rent","Vehicle",1
"2482",32403,"Female","Diploma",0,17.75,372199,1.3,994143,17.64,60.33,41.2,"Salaried","Mortgage","Vehicle",0
"602",15525,"Female","Degree",1,23.75,371792,2.54,484823,9.45,36.33,41.2,"Self-employed","Rent","Other",0
"6300",67308,"Male","Grade 12",0,23.25,707348,1.74,1423187,20.32,68.82,46,"Contract","Mortgage","Debt_consolidation",1
"2814",35512,"Female","No records",0,21.25,2495758,0.61,1464685,19.57,68.59,43.3,"Self-employed","Rent","Other",0
"1891",27009,"Male","Degree",0,17.75,533550,1.21,1527525,27,92.99,54,"Salaried","Mortgage","Vehicle",1
"77",10743,"Female","No records",0,18.75,490067,1.65,1026511,24.64,88.46,46.9,"Salaried","Rent","Vehicle",0
"4704",52813,"Male","Grade 12",0,19.25,414655,1.17,731457,9.53,32.94,31.6,"Salaried","Own","Debt_consolidation",0
"8006",82136,"Male","Grade 12",1,22.75,441539,0.95,1088016,35.36,115.08,64.8,"Contract","Mortgage","Vehicle",0
"8045",82546,"Male","No records",0,17.75,316327,1.64,581836,17.2,65.05,47.3,"Salaried","Mortgage","Vehicle",1
"9907",99152,"Female","Grade 12",0,18.75,331977,1.94,1175915,17.71,64.79,42.4,"Salaried","Rent","Vehicle",0
"3976",46119,"Female","Degree",1,32.25,1930,0.42,3727,14.99,57.97,44.3,"Unemployed","Rent","Debt_consolidation",0
"3710",43819,"Male","Degree",4,32.25,1457,0.42,2121,18.01,61.6,49.6,"Unemployed","Rent","Debt_consolidation",0
"41",10335,"Male","Grade 12",0,25.25,2090140,2.38,1719495,36.39,118.28,66.5,"Self-employed","Rent","Other",1
"203",11909,"Female","Diploma",0,20.25,200667,1.71,735254,38.47,126.99,60.6,"Salaried","Rent","Vehicle",1
"373",13487,"Female","Degree",0,19.25,276265,1.61,351501,10.81,45.3,42.2,"Salaried","Own","Debt_consolidation",1
"5907",63856,"Male","No records",0,23.25,457579,1.71,1095324,28.5,95.15,63.3,"Salaried","Rent","Other",1
"2376",31585,"Male","Degree",0,17.75,140011,1.74,528853,31.67,107.4,58.9,"Salaried","Mortgage","Vehicle",1
"1646",24929,"Male","Grade 12",0,18.75,980719,1.54,365430,22.76,79.35,56.6,"Contract","Mortgage","Vehicle",0
"1279",21599,"Female","Diploma",0,21.75,485706,1.43,890352,16.47,61.47,47.4,"Salaried","Rent","Other",0
"6322",67447,"Female","Diploma",3,19.25,250521,1.14,713064,17.02,62.8,48.4,"Salaried","Own","Debt_consolidation",0
"1448",23159,"Male","No records",0,16.75,351422,1.2,250548,18.36,59.68,43.7,"Salaried","Mortgage","Home_improvement",0
"9568",96269,"Male","No records",0,16.75,152187,1.17,80442,6.92,33.8,30.6,"Salaried","Mortgage","Vehicle",0
"5889",63685,"Female","Diploma",0,23.25,518246,1.07,1818803,7.3,34.02,29.6,"Contract","Mortgage","Debt_consolidation",0
"7807",80359,"Male","Grade 12",0,35,1407,0.54,2053,6.75,37.69,35.1,"Unemployed","Rent","Debt_consolidation",0
"8546",87028,"Female","Grade 12",0,20.75,136649,1.1,210605,36.74,124.19,66.1,"Salaried","Own","Debt_consolidation",0
"102",10917,"Female","Grade 12",0,16.75,107520,1.51,44754,4.14,19.15,35.3,"Salaried","Mortgage","Vehicle",1
"8142",83431,"Female","Grade 12",0,18.75,183682,1.83,220232,9.36,38.69,32.5,"Salaried","Rent","Vehicle",0
"2052",28514,"Male","Diploma",0,19.25,1353492,2.01,655419,34.47,117.07,57,"Self-employed","Mortgage","Debt_consolidation",1
"9919",99238,"Female","Degree",0,35,8688,0.51,18467,32.31,102.21,62,"Unemployed","Rent","Debt_consolidation",1
"5798",62946,"Female","No records",3,23.25,1595396,2.08,3713216,2.54,18.56,32.2,"Self-employed","Mortgage","Vehicle",1
"3520",42203,"Female","Diploma",1,18.75,291672,1.76,561171,7.34,33.82,37.9,"Salaried","Rent","Vehicle",0
"9780",98103,"Male","Degree",1,23.75,1184249,1.28,1924191,25.08,82.38,57.1,"Self-employed","Rent","Other",0
"450",14165,"Female","Degree",0,17.75,762027,1.59,412720,37.4,123.42,68.6,"Salaried","Rent","Vehicle",0
"4898",54610,"Male","Diploma",0,16.75,712109,1.46,270926,39.22,126.05,61.9,"Salaried","Mortgage","Vehicle",0
"3003",37553,"Female","Diploma",0,16.75,177623,1.07,639489,25.3,86.69,49.5,"Salaried","Mortgage","Home_improvement",0
"3036",37830,"Male","Grade 12",1,23.25,157407,1.55,159819,3.21,18.69,32,"Salaried","Rent","Other",0
"7461",77098,"Male","Diploma",0,20.25,157285,0.84,260123,33.64,108.52,63.9,"Salaried","Rent","Vehicle",0
"3782",44512,"Female","No records",0,29.75,1994,0.33,1526,15.79,55.38,44.4,"Unemployed","Rent","Debt_consolidation",1
"1916",27185,"Female","Diploma",2,23.75,147738,0.48,511488,5.87,29.04,31.2,"Contract","Rent","Vehicle",1
"7542",77816,"Female","Grade 12",0,17.75,421524,1.28,775209,14.13,51.8,45.4,"Salaried","Mortgage","Vehicle",0
"8988",90949,"Male","Grade 12",0,21.25,905570,1.39,1056175,4.36,20.64,31.4,"Self-employed","Mortgage","Vehicle",0
"5213",57476,"Female","Grade 12",0,20.25,171980,1.4,648350,3.75,25.19,38.3,"Salaried","Rent","Vehicle",1
"7990",81994,"Female","Degree",0,17.75,473342,0.78,1591987,20.34,67.05,43.3,"Salaried","Mortgage","Vehicle",0
"5657",61587,"Female","Grade 12",2,18.75,490274,1.88,444748,14.91,57.32,42.9,"Salaried","Rent","Vehicle",1
"9397",94403,"Male","Diploma",2,18.75,526380,1.64,1548836,14.62,52.04,40.7,"Salaried","Rent","Vehicle",1
"3058",37992,"Female","No records",0,21.25,924061,1.68,1228008,26.81,94.08,58.1,"Self-employed","Own","Debt_consolidation",0
"3848",45110,"Male","Diploma",0,22.75,1955689,1.44,3204193,31.48,104.84,60.2,"Self-employed","Own","Debt_consolidation",0
"3444",41569,"Male","Grade 12",2,35,5786,0.58,12115,13.6,46.9,43.4,"Unemployed","Rent","Debt_consolidation",1
"7517",77603,"Female","No records",0,18.75,676887,1.55,2503196,17.22,65.9,45.5,"Salaried","Rent","Vehicle",0
"4050",46761,"Male","No records",0,23.25,357523,1.17,968709,5.63,26.09,35.7,"Salaried","Rent","Other",0
"5321",58414,"Male","Diploma",0,20.25,306093,1.16,613716,29.02,97.44,60.9,"Salaried","Rent","Vehicle",1
"5091",56150,"Female","Grade 12",0,20.75,169741,1.21,195407,35.15,119.22,65,"Salaried","Own","Debt_consolidation",0
"8497",86566,"Female","Grade 12",0,34.75,6283,0.53,22193,31.31,107.7,55.6,"Unemployed","Mortgage","Debt_consolidation",1
"1267",21514,"Male","No records",0,14.25,316530,1.98,107991,26.05,86.3,49.5,"Salaried","Mortgage","Home_improvement",1
"1716",25516,"Male","Postgrad",0,23.75,514001,1.64,423310,19.45,65.25,48.4,"Self-employed","Rent","Other",0
"2865",36068,"Female","Grade 12",0,35,3189,0.46,4472,9.08,37.03,39.8,"Unemployed","Rent","Debt_consolidation",1
"8596",87498,"Female","Grade 12",0,21.25,1579747,1.91,2021778,27.61,94.85,56.2,"Contract","Mortgage","Vehicle",0
"4977",55112,"Female","Grade 12",0,19.25,669112,1.33,487636,24.21,82.72,58.6,"Salaried","Own","Debt_consolidation",0
"8244",84449,"Female","Diploma",3,21.75,2565829,1.49,7854024,10.77,37.72,38.4,"Self-employed","Mortgage","Debt_consolidation",0
"1555",24096,"Male","Diploma",0,25.25,962437,1.51,1069776,34.22,115.92,60.9,"Self-employed","Rent","Other",1
"1790",26094,"Male","Grade 12",1,34.75,4779,0.52,2666,5.17,27.86,32,"Unemployed","Rent","Debt_consolidation",1
"7307",75705,"Male","Grade 12",2,35,1517,0.53,2858,2.26,18.87,37,"Unemployed","Rent","Debt_consolidation",1
"3957",46003,"Male","Postgrad",2,16.25,293665,1.68,163910,24.63,81.34,56.2,"Salaried","Rent","Vehicle",0
"8759",88921,"Female","Diploma",0,18.75,310250,1.73,721687,20.95,76.35,55.8,"Salaried","Rent","Vehicle",0
"9877",98840,"Male","Diploma",2,19.75,1203466,1.94,1960051,22.07,76.31,56,"Self-employed","Mortgage","Vehicle",1
"6557",69699,"Male","Grade 12",1,35,5887,0.73,13526,6.53,26.27,39.7,"Unemployed","Rent","Other",0
"5022",55594,"Female","Grade 12",0,19.25,396528,2.11,847654,9.59,40.11,42.1,"Salaried","Own","Debt_consolidation",0
"2592",33432,"Male","Grade 12",2,20.25,543016,1.34,689425,38.72,129.52,72.8,"Salaried","Rent","Vehicle",1
"9835",98517,"Male","Diploma",2,18.25,199474,1.37,500789,32.49,106.94,63.9,"Salaried","Mortgage","Home_improvement",1
"9766",97940,"Male","Grade 12",4,18.75,389096,1.67,785176,21.41,67.01,50,"Salaried","Rent","Vehicle",0
"7320",75836,"Male","No records",0,17.75,514243,1.84,1671119,14.88,52.3,44.2,"Salaried","Mortgage","Vehicle",1
"4463",50462,"Male","Postgrad",0,18.75,1392295,2.17,800496,14.86,54.56,47.8,"Self-employed","Own","Debt_consolidation",0
"8560",87153,"Male","Diploma",0,16.75,639260,1.76,2298464,23.14,77.85,46.8,"Salaried","Mortgage","Home_improvement",1
"5355",58645,"Female","Degree",1,16.75,320850,1.43,994111,15.48,59.4,49.5,"Salaried","Mortgage","Home_improvement",0
"5885",63659,"Female","Grade 12",0,23.75,2363981,1.34,1708583,9.96,36.2,39.9,"Self-employed","Rent","Other",1
"9939",99441,"Male","Degree",0,14.25,555365,1.63,187923,32.93,112.31,55.5,"Salaried","Mortgage","Home_improvement",1
"9963",99662,"Female","No records",1,20.25,2181565,1.11,6013961,29.31,99.59,61.7,"Self-employed","Mortgage","Home_improvement",1
"9888",99021,"Male","Grade 12",2,20.25,316855,1.41,389277,4.15,20.14,29.8,"Salaried","Rent","Vehicle",1
"8768",88983,"Male","Grade 12",0,23.25,218025,1.16,165375,37.33,125.18,65.1,"Salaried","Rent","Other",0
"2888",36451,"Male","Grade 12",1,17.75,226035,1.38,687001,23.2,85.51,47.8,"Salaried","Mortgage","Vehicle",0
"4104",47193,"Male","Postgrad",0,17.75,149697,1.57,85480,39.56,131.67,73.8,"Salaried","Rent","Vehicle",1
"7025",73581,"Male","Postgrad",0,20.25,214778,1.49,147627,31.26,101.51,65.5,"Salaried","Rent","Vehicle",1
"1277",21592,"Male","No records",0,21.25,2328734,2.43,1009137,16.19,59.6,50.9,"Self-employed","Rent","Other",0
"5886",63660,"Female","Postgrad",0,22.25,684601,1.51,1961475,20.88,73.57,52.4,"Contract","Rent","Vehicle",0
"1333",22095,"Male","Degree",0,16.75,169448,1.02,599213,20.28,68.77,50.8,"Salaried","Mortgage","Home_improvement",1
"5409",59101,"Female","Degree",1,23.25,678452,1.45,1660343,3.73,22.63,26,"Salaried","Rent","Other",1
"3042",37872,"Male","Diploma",2,23.75,2872861,2.17,5128799,11.99,48.99,42.3,"Self-employed","Rent","Other",1
"2137",29308,"Female","Grade 12",0,20.25,427402,1.47,1493515,35.49,119.25,70.3,"Salaried","Rent","Vehicle",1
"1893",27026,"Male","No records",2,18.25,376623,1.57,1290923,28.56,101.82,61.2,"Salaried","Mortgage","Home_improvement",0
"7102",74239,"Male","Postgrad",0,18.75,2046770,1.47,5236681,34.99,117.11,59.9,"Self-employed","Mortgage","Home_improvement",1
"2275",30622,"Female","Diploma",2,23.25,203287,1.76,495127,32.18,102.69,63.7,"Salaried","Rent","Other",1
"835",17701,"Male","Diploma",0,19.25,446186,1.6,198695,12.88,49.94,40.7,"Salaried","Rent","Other",0
"8002",82092,"Male","Grade 12",1,35,4244,0.49,3504,12.19,51.42,46.5,"Unemployed","Rent","Debt_consolidation",1
"5379",58844,"Female","Grade 12",0,35,4435,0.71,11342,9.58,42.47,34.4,"Unemployed","Rent","Debt_consolidation",1
"20",10133,"Male","Degree",0,21.25,264602,1.17,447607,2.91,21.03,35.7,"Salaried","Mortgage","Vehicle",1
"8983",90855,"Female","Grade 12",0,16.75,374068,1.46,418559,8.01,31.25,33,"Salaried","Mortgage","Home_improvement",0
"4407",50011,"Female","Grade 12",1,17.75,347523,1.36,345452,19.09,72.71,44.6,"Salaried","Mortgage","Vehicle",1
"7695",79279,"Male","Diploma",0,16.75,394001,1.27,1402347,23.48,80.07,52.6,"Salaried","Mortgage","Home_improvement",1
"5001",55354,"Male","No records",0,25.25,859666,1.5,1144843,8.52,29.76,33.2,"Contract","Rent","Other",0
"3438",41550,"Female","Grade 12",0,19.25,355444,1.61,1340708,11.53,42.29,46.5,"Salaried","Own","Debt_consolidation",0
"5343",58577,"Female","Grade 12",0,23.75,1735703,2.21,4858729,23.75,79.87,56.9,"Self-employed","Rent","Other",0
"2542",33045,"Male","Degree",1,22.75,370634,1.7,560167,2.26,16.25,31.1,"Salaried","Own","Debt_consolidation",0
"5738",62344,"Male","Diploma",1,18.25,640817,1.48,1260973,3.56,21.81,30.6,"Salaried","Mortgage","Home_improvement",0
"1543",24019,"Male","Degree",2,17.75,264245,1.35,603048,9.83,36.67,42.2,"Salaried","Mortgage","Vehicle",1
"1760",25853,"Female","Postgrad",1,27.25,313061,1.75,449016,1.28,10.67,33.7,"Self-employed","Rent","Other",1
"3764",44268,"Female","Grade 12",1,35,3097,0.59,5621,9.31,33.32,39.9,"Unemployed","Rent","Debt_consolidation",0
"7309",75739,"Male","Degree",0,21.25,669089,2.04,2320573,4.37,25.62,33.3,"Self-employed","Mortgage","Vehicle",0
"6983",73200,"Female","Diploma",2,18.75,490478,1.56,1534178,20.89,71.74,48.9,"Salaried","Rent","Vehicle",1
"6403",68054,"Female","Grade 12",0,31.25,6212,0.36,19812,6.03,27.6,30,"Unemployed","Rent","Debt_consolidation",0
"4758",53354,"Female","Grade 12",0,32.75,2256,0.55,5113,25.23,85.66,60,"Unemployed","Rent","Home_improvement",0
"516",14821,"Female","Diploma",0,16.75,562585,1.49,1066177,9.44,38.95,33.1,"Salaried","Mortgage","Home_improvement",0
"1",10005,"Male","Grade 12",4,17.75,180437,1.75,537093,7.02,35.28,32.4,"Salaried","Mortgage","Vehicle",1
"6859",72167,"Male","Degree",0,18.25,573841,1.57,525115,31.85,106.7,64.5,"Salaried","Mortgage","Home_improvement",0
"7977",81892,"Male","No records",0,14.25,221459,1.98,104995,27.34,91.27,57.2,"Salaried","Mortgage","Home_improvement",0
"9348",94088,"Male","Grade 12",2,21.25,1297918,1.49,2145962,15.79,57.54,45,"Contract","Mortgage","Vehicle",1
"2611",33627,"Male","Grade 12",0,23.25,2341482,2.28,8304476,32.81,107.91,64.9,"Self-employed","Mortgage","Debt_consolidation",0
"3595",42886,"Male","Diploma",1,18.75,209564,1.76,754773,17.59,61.74,49,"Salaried","Rent","Vehicle",0
"6893",72444,"Male","No records",0,18.75,222813,1.9,788538,25.86,90.72,50.2,"Salaried","Rent","Vehicle",1
"5233",57666,"Male","Grade 12",0,20.25,137283,2.04,488826,0.87,11.91,35.8,"Salaried","Mortgage","Home_improvement",0
"6635",70450,"Female","No records",0,20.25,193751,1.59,354889,38.82,128.47,69.7,"Salaried","Rent","Vehicle",1
"5443",59406,"Male","Diploma",0,31.25,6978,0.74,2556,25.27,90.83,52.6,"Unemployed","Rent","Vehicle",1
"8202",83986,"Male","Diploma",0,16.75,456771,1.61,1426720,26.4,90.25,50.1,"Salaried","Mortgage","Home_improvement",1
"9151",92320,"Female","Grade 12",0,21.75,3436982,2,12582743,32.77,110.49,59.5,"Self-employed","Mortgage","Debt_consolidation",1
"3843",45048,"Male","Grade 12",0,35,4876,0.58,17359,21.89,76.77,47.8,"Unemployed","Rent","Debt_consolidation",1
"540",15060,"Male","Grade 12",0,21.25,3053650,2.15,5259225,19.1,62.41,48.3,"Self-employed","Own","Debt_consolidation",1
"6764",71389,"Female","Diploma",0,18.25,392452,1.54,967997,33.27,115.68,64.8,"Salaried","Mortgage","Home_improvement",0
"2356",31435,"Male","Diploma",0,23.75,865370,1.3,2506515,12.29,43.13,40.5,"Self-employed","Rent","Other",0
"9185",92649,"Female","Grade 12",0,20.75,139907,1.45,506689,3.71,20.97,29.3,"Salaried","Own","Debt_consolidation",0
"8463",86347,"Female","Degree",3,23.75,537671,1.84,964117,33.94,113.41,56.1,"Self-employed","Rent","Other",1
"9426",94723,"Female","Diploma",0,35,7623,0.49,16096,24.68,86.63,58.1,"Unemployed","Rent","Debt_consolidation",0
"9475",95257,"Female","Diploma",0,16.75,611169,1,1106213,7.3,32.28,29.5,"Salaried","Mortgage","Home_improvement",0
"7098",74197,"Female","No records",2,34.75,2406,0.42,6019,6.85,26.79,31.1,"Unemployed","Rent","Other",0
"1649",24954,"Female","Degree",3,21.75,3405661,2.44,8567224,10.63,43.06,43.7,"Self-employed","Mortgage","Debt_consolidation",1
"6361",67747,"Male","Diploma",0,23.25,695637,1.56,603201,5.43,26.21,39.7,"Salaried","Rent","Other",1
"9738",97737,"Female","Grade 12",0,16.75,200040,1.75,550530,19,69.06,53.6,"Salaried","Mortgage","Home_improvement",1
"2026",28183,"Male","Diploma",0,23.25,391747,1.41,1255671,34.02,110.67,65.5,"Salaried","Rent","Other",0
"3289",40244,"Female","Grade 12",0,24.25,693357,1.46,2300441,2.46,14.61,24.5,"Salaried","Own","Debt_consolidation",1
"5934",64134,"Male","Grade 12",1,18.75,714017,1.43,2258613,14.25,53.59,41.5,"Salaried","Rent","Vehicle",0
"8623",87679,"Female","Grade 12",0,19.25,461995,1.55,726277,11.76,50.29,45.2,"Salaried","Own","Debt_consolidation",0
"9108",91946,"Female","Postgrad",0,18.25,227291,1.26,641261,34.76,113.1,64.5,"Salaried","Mortgage","Home_improvement",1
"7734",79702,"Female","Grade 12",0,20.25,804268,1.86,965740,33.48,117.46,56.3,"Contract","Mortgage","Home_improvement",0
"3327",40522,"Male","Grade 12",2,17.75,217753,1.15,593512,15.96,54.17,39,"Salaried","Mortgage","Vehicle",0
"1363",22363,"Male","No records",1,32.25,5438,0.43,7605,23.14,77.56,56.2,"Unemployed","Rent","Debt_consolidation",1
"1402",22679,"Male","Grade 12",0,18.75,407147,1.59,724362,25.52,86.66,52.2,"Salaried","Rent","Vehicle",1
"2678",34252,"Female","No records",3,23.75,1075641,1.22,1278643,36.96,124.1,64.1,"Contract","Rent","Vehicle",0
"7614",78509,"Male","Grade 12",1,25.25,677882,1.95,2224900,36.94,118,64.2,"Self-employed","Rent","Other",1
"870",18032,"Female","Grade 12",0,35,2557,0.53,3094,37.45,120.2,68.5,"Unemployed","Rent","Debt_consolidation",0
"9629",96768,"Male","Grade 12",1,26.25,673707,1.69,2526086,2.03,20.66,30.1,"Contract","Own","Debt_consolidation",1
"4165",47633,"Male","Grade 12",0,17.75,200396,1.36,614382,14.83,51.92,42.2,"Salaried","Mortgage","Vehicle",0
"6738",71211,"Female","Diploma",0,19.25,367726,1.46,1010609,23,79.52,50.8,"Salaried","Own","Debt_consolidation",1
"7882",81036,"Female","Grade 12",0,21.75,461163,1.38,326232,15.44,55.1,38.1,"Salaried","Rent","Other",1
"7331",75920,"Female","Diploma",3,21.75,1885159,1.77,1788172,23.98,79.48,48.3,"Self-employed","Mortgage","Debt_consolidation",0
"2992",37387,"Male","Grade 12",0,17.75,399630,1.66,1190356,10.57,36.79,37.9,"Salaried","Mortgage","Vehicle",0
"8549",87038,"Female","No records",1,21.25,386910,1.77,1137103,37.6,122.54,63.8,"Self-employed","Mortgage","Vehicle",1
"783",17265,"Male","No records",2,19.75,1267293,2.03,3093641,25.26,90.18,57.2,"Self-employed","Mortgage","Vehicle",0
"4231",48312,"Female","Postgrad",0,16.75,556718,1.61,882643,33.92,117.51,58.5,"Salaried","Mortgage","Home_improvement",1
"7095",74185,"Female","Grade 12",1,16.75,524844,1.73,245844,4.13,22.51,27.4,"Salaried","Mortgage","Vehicle",0
"2411",31812,"Female","Diploma",2,19.25,214496,1.06,664786,10.52,36.78,42.4,"Salaried","Own","Debt_consolidation",1
"7576",78070,"Male","Degree",0,16.75,258059,1.52,749327,21.84,71.57,45.2,"Salaried","Mortgage","Home_improvement",0
"5842",63317,"Female","Diploma",2,35,6449,0.55,20034,15.36,53.53,50,"Unemployed","Rent","Debt_consolidation",1
"860",17924,"Male","No records",2,16.75,184438,1.62,286082,34.79,112.36,59.8,"Salaried","Mortgage","Home_improvement",1
"9726",97659,"Male","Degree",0,23.75,2590176,1.99,5419190,7.35,32.23,30,"Self-employed","Rent","Other",1
"6641",70504,"Female","Grade 12",1,18.25,214161,1.79,566073,36.45,115.59,70.9,"Salaried","Mortgage","Home_improvement",0
"8671",88157,"Male","Diploma",0,16.75,491962,1.44,860538,24.44,84.32,52.9,"Salaried","Mortgage","Home_improvement",1
"2784",35305,"Male","Diploma",0,22.25,777661,2.32,1991561,30.59,102.01,59.7,"Contract","Rent","Vehicle",1
"2988",37337,"Female","Diploma",0,18.25,540871,1.41,434013,38.99,124.25,67.2,"Salaried","Mortgage","Home_improvement",0
"3559",42583,"Male","Grade 12",0,21.75,2184185,1.52,6552410,13.15,52.32,36.1,"Self-employed","Mortgage","Debt_consolidation",0
"4834",54058,"Female","Diploma",0,14.25,125086,1.68,76752,28.07,97.8,55.6,"Salaried","Mortgage","Home_improvement",1
"227",12114,"Male","Grade 12",1,22.75,81577,1.93,203375,0.81,9.83,25.5,"Salaried","Own","Debt_consolidation",1
"14",10100,"Male","Grade 12",0,19.25,327330,1.7,885411,36.76,118.08,64.2,"Salaried","Mortgage","Vehicle",1
"5929",64034,"Male","Degree",0,22.75,398961,1.45,1494573,28.53,99.95,50.6,"Contract","Own","Debt_consolidation",1
"3205",39445,"Female","Grade 12",0,19.25,327049,1.68,447436,22.68,79.66,53,"Salaried","Own","Debt_consolidation",0
"7178",74748,"Female","Grade 12",1,21.25,262653,1.37,902315,2.98,19.91,35.6,"Salaried","Mortgage","Vehicle",1
"8571",87273,"Male","Degree",0,14.25,412798,1.65,183758,29.44,98.47,55.4,"Salaried","Mortgage","Home_improvement",1
"6840",72039,"Male","Diploma",1,23.75,743223,1.57,2624681,17.29,57.45,41.3,"Self-employed","Rent","Other",0
"7736",79723,"Male","Grade 12",0,35,3399,0.5,4996,29.54,98.4,59.1,"Unemployed","Rent","Debt_consolidation",1
"3779",44439,"Male","Grade 12",2,18.75,85833,1.66,206808,13.13,51.92,39.2,"Salaried","Rent","Vehicle",1
"1837",26561,"Female","Degree",0,21.75,1446597,2.16,2539619,33.11,105.01,55.3,"Self-employed","Mortgage","Debt_consolidation",1
"8482",86468,"Male","No records",1,23.75,1513610,1.86,4175602,18.68,68.61,44.8,"Self-employed","Rent","Other",1
"6932",72771,"Female","Diploma",0,22.25,581049,1.73,2106534,0.07,9.79,30,"Salaried","Rent","Vehicle",0
"9601",96577,"Male","Postgrad",1,20.25,414086,1.3,529400,6.74,29.62,36.7,"Salaried","Rent","Vehicle",0
"5146",56795,"Female","No records",0,35,3420,0.47,7184,0.67,9.84,29.4,"Unemployed","Rent","Debt_consolidation",1
"1088",19985,"Male","Diploma",1,16.75,547094,1.35,1044499,9.29,33.97,32.9,"Salaried","Mortgage","Home_improvement",0
"5703",62026,"Female","Postgrad",0,35,3949,0.65,14143,2.9,17.55,35.2,"Unemployed","Rent","Debt_consolidation",1
"6858",72163,"Male","No records",1,16.75,335490,2.01,785515,19.38,73.35,49.5,"Salaried","Mortgage","Home_improvement",1
"7459",77070,"Female","Grade 12",0,17.75,159729,1.38,111072,27.66,89.03,59.4,"Salaried","Mortgage","Vehicle",1
"5452",59488,"Male","Grade 12",2,18.75,368743,1.88,954720,20.71,72.82,49.9,"Salaried","Rent","Vehicle",0
"7743",79803,"Male","No records",3,16.75,492902,1.81,417514,20.56,65.94,55.3,"Salaried","Mortgage","Home_improvement",0
"6559",69708,"Male","Postgrad",0,25.25,439087,1.3,553375,0.78,16.08,24.7,"Contract","Mortgage","Home_improvement",0
"5568",60734,"Female","Diploma",2,25.25,472627,1.4,862936,1.31,15.3,33.1,"Salaried","Rent","Other",0
"4751",53285,"Male","No records",0,21.75,420547,1.27,1173353,18.73,63.63,52.9,"Salaried","Rent","Other",1
"5023",55622,"Female","Grade 12",0,17.75,554604,1.55,1506617,22.19,75.26,49.9,"Salaried","Mortgage","Vehicle",0
"8318",85142,"Female","No records",0,19.25,321444,1.61,114793,20.5,66.39,47.7,"Salaried","Rent","Other",0
"7532",77737,"Female","Diploma",2,18.75,1088188,1.81,2020173,27.05,83.92,57.2,"Self-employed","Mortgage","Home_improvement",1
"1369",22408,"Male","Degree",0,17.75,552371,2.04,1769213,17.64,64.47,41.7,"Salaried","Mortgage","Vehicle",0
"6044",65170,"Male","Grade 12",2,17.75,319822,1.23,488133,13.24,50.7,39.5,"Salaried","Mortgage","Vehicle",0
"7066",73935,"Male","No records",0,19.75,705958,2.18,2237114,16.85,67.8,43.2,"Self-employed","Mortgage","Vehicle",1
"9878",98860,"Female","Diploma",0,18.75,543223,1.77,222577,2.83,12.61,36.3,"Salaried","Mortgage","Vehicle",1
"9535",95820,"Male","No records",2,17.75,158545,1.72,413010,8.73,28.08,31.2,"Salaried","Mortgage","Vehicle",0
"2665",34115,"Male","Diploma",3,20.25,834211,1.98,1601253,20.32,70.21,50.2,"Contract","Mortgage","Home_improvement",0
"1249",21334,"Male","No records",0,17.75,335944,1.66,1140605,28.73,97.51,51.2,"Salaried","Mortgage","Vehicle",1
"8004",82113,"Female","Grade 12",0,19.75,1510605,1.42,3705870,16.59,63.24,46.6,"Self-employed","Mortgage","Vehicle",0
"6841",72046,"Male","Degree",2,19.25,513523,1.56,1772378,26.07,85.03,57,"Salaried","Own","Debt_consolidation",0
"1623",24740,"Male","Diploma",0,18.75,772123,1.69,1728160,22.11,78.26,56.4,"Self-employed","Mortgage","Home_improvement",1
"2063",28631,"Male","Diploma",0,16.75,538655,1.03,654274,17.62,62.47,41.1,"Salaried","Mortgage","Home_improvement",1
"1432",22956,"Male","No records",2,22.25,199955,2.06,450987,32.64,106.7,60,"Contract","Rent","Vehicle",1
"2246",30341,"Female","Diploma",2,12.75,348722,1.55,115927,7.21,34.51,34.2,"Salaried","Mortgage","Home_improvement",0
"8276",84723,"Female","No records",0,19.25,118048,1.88,378754,23.7,79.64,58.6,"Salaried","Own","Debt_consolidation",1
"8732",88690,"Male","Grade 12",0,19.75,927712,2.71,2680739,25.05,81.73,59.8,"Self-employed","Mortgage","Vehicle",1
"2405",31772,"Female","Grade 12",0,19.25,231619,1.47,458676,39.73,130.97,65,"Salaried","Mortgage","Vehicle",1
"6179",66383,"Male","Grade 12",3,35,6330,0.49,5970,26.38,99.81,55.2,"Unemployed","Rent","Debt_consolidation",1
"200",11865,"Female","Grade 12",0,19.25,553581,1.38,1378342,17.71,63.06,40.3,"Salaried","Own","Debt_consolidation",0
"5764",62542,"Male","Postgrad",0,17.75,402606,2.06,1019056,12.91,44.64,43.5,"Salaried","Mortgage","Vehicle",0
"9912",99177,"Male","Grade 12",0,18.75,241920,1.57,493606,15.9,59.11,39.5,"Salaried","Rent","Vehicle",0
"4235",48371,"Male","No records",2,19.25,641020,2.06,2271510,3.33,20.12,26.7,"Salaried","Mortgage","Vehicle",0
"4285",48820,"Male","Diploma",0,21.25,672684,1.71,1315877,3.8,22.13,37.5,"Self-employed","Mortgage","Vehicle",1
"1926",27253,"Female","Grade 12",0,18.75,1487195,1.29,2500442,12.55,50.1,38.1,"Self-employed","Mortgage","Home_improvement",1
"1404",22687,"Female","Grade 12",4,20.25,219975,2.03,232571,36.73,124.12,64.2,"Salaried","Rent","Vehicle",1
"6702",70913,"Female","Grade 12",0,23.25,747173,1.23,2683269,35.13,111.77,61.6,"Salaried","Rent","Other",0
"5681",61853,"Male","No records",0,21.25,208801,1.54,450584,1.77,18.32,34.2,"Salaried","Mortgage","Vehicle",1
"6659",70622,"Female","Diploma",0,12.75,133684,1.48,41354,31.31,104.7,58.7,"Salaried","Mortgage","Home_improvement",0
"2580",33319,"Female","Grade 12",1,19.25,149610,1.67,403266,34.12,118.65,63.5,"Salaried","Mortgage","Vehicle",1
"5446",59419,"Male","Diploma",0,17.75,189714,1.72,92213,34.98,115.33,68.9,"Salaried","Rent","Vehicle",1
"3409",41291,"Female","Grade 12",0,19.25,306513,1.25,335728,12.48,43.29,46.9,"Salaried","Own","Debt_consolidation",0
"1875",26867,"Female","Diploma",1,17.75,493086,1.71,1537975,22.78,80.14,44.9,"Salaried","Mortgage","Vehicle",0
"2236",30245,"Male","Diploma",1,16.75,167683,1.42,488640,7.93,37.09,34.7,"Salaried","Mortgage","Home_improvement",0
"5646",61527,"Male","Grade 12",0,23.75,1658339,1.53,1421705,27,93.19,49.4,"Self-employed","Rent","Other",1
"8690",88304,"Male","Diploma",0,23.25,397068,2.2,285817,9.18,38.02,38.1,"Contract","Mortgage","Debt_consolidation",1
"3412",41304,"Male","No records",0,16.75,220724,1.89,77418,3.27,24.62,32,"Salaried","Mortgage","Vehicle",0
"5438",59334,"Female","Grade 12",2,18.25,589699,1.54,1251783,35.5,119.25,67.4,"Salaried","Mortgage","Home_improvement",1
"6656",70599,"Female","Grade 12",0,32.25,5688,0.5,3015,27.29,90.72,60,"Unemployed","Mortgage","Debt_consolidation",0
"364",13416,"Male","Grade 12",0,16.75,653324,1.15,1117976,29.68,99.06,53.4,"Salaried","Mortgage","Home_improvement",0
"9544",95962,"Male","Grade 12",2,20.75,414246,1.06,1445401,37.2,123.51,60.5,"Salaried","Own","Debt_consolidation",1
"1120",20242,"Female","Grade 12",0,19.25,402931,1.02,1406055,31.88,99.19,57.8,"Salaried","Own","Debt_consolidation",0
"1159",20535,"Male","Grade 12",0,16.75,446144,1.75,461181,17.66,60.03,51.8,"Salaried","Mortgage","Home_improvement",0
"1982",27772,"Female","Grade 12",0,19.25,466483,1.87,393568,3.8,18.08,26.9,"Salaried","Mortgage","Vehicle",0
"6899",72532,"Male","Grade 12",0,16.75,228261,1.49,841385,23.84,84.17,47.9,"Salaried","Mortgage","Home_improvement",1
"5222",57534,"Female","Diploma",0,16.75,304429,1.07,234950,32.12,104.76,56.9,"Salaried","Mortgage","Home_improvement",0
"9283",93634,"Male","Grade 12",0,19.25,186346,1.42,375640,31.73,105.04,61.6,"Salaried","Mortgage","Vehicle",1
"1055",19743,"Female","Diploma",0,17.75,599838,1.94,1529090,22.97,72.85,49,"Salaried","Mortgage","Vehicle",1
"3041",37866,"Male","Grade 12",1,35,3879,0.52,14517,3.18,21.07,36.3,"Unemployed","Rent","Vehicle",0
"1759",25847,"Male","Degree",1,31.25,3228,0.38,3938,11.13,46.95,45.7,"Unemployed","Mortgage","Debt_consolidation",0
"5854",63388,"Female","Grade 12",1,19.25,652098,1.29,2097693,20.82,71.2,49.6,"Salaried","Own","Debt_consolidation",1
"827",17617,"Female","Grade 12",0,18.75,379067,1.3,915475,29.68,100.01,59.7,"Salaried","Rent","Vehicle",0
"7608",78439,"Male","Grade 12",0,18.75,354679,1.52,807726,20.62,74.32,47.6,"Salaried","Rent","Vehicle",1
"6571",69844,"Male","Degree",0,16.75,500798,1.29,1575303,28.18,93.62,54.1,"Salaried","Mortgage","Home_improvement",0
"490",14571,"Female","Diploma",0,22.25,441366,1.29,742033,1.95,18.18,28.1,"Salaried","Rent","Vehicle",0
"9648",96917,"Female","Grade 12",2,17.75,383040,2.09,301774,31.18,106.8,53.4,"Salaried","Mortgage","Vehicle",1
"2409",31796,"Male","Grade 12",2,16.75,268974,1.36,354662,16.02,56.06,42.3,"Salaried","Mortgage","Home_improvement",1
"3230",39774,"Male","Postgrad",1,23.25,653635,1.32,1398915,34.97,117.23,69.4,"Salaried","Rent","Other",1
"2917",36774,"Male","Degree",1,18.75,691488,1.48,2253578,19.24,68.38,41.9,"Salaried","Rent","Vehicle",0
"1700",25372,"Male","Diploma",0,22.75,244537,1.4,186124,32.45,101.07,54.7,"Contract","Own","Debt_consolidation",1
"7628",78625,"Female","Postgrad",2,19.25,271913,1.7,570113,14.46,57.84,40.1,"Salaried","Own","Debt_consolidation",0
"4911",54662,"Male","Grade 12",1,20.25,1071351,1.58,2308064,10.39,41.16,33.9,"Contract","Mortgage","Home_improvement",0
"2729",34741,"Female","Grade 12",2,23.75,1347836,1.65,2036095,31.96,108.7,62.2,"Contract","Rent","Vehicle",1
"869",18031,"Female","No records",1,23.75,401149,1.62,929641,26.45,91.12,56.2,"Self-employed","Rent","Other",1
"6325",67453,"Male","Diploma",1,21.25,1336793,2.52,4736334,12.42,48.86,42.2,"Self-employed","Own","Debt_consolidation",1
"6331",67475,"Female","Diploma",3,20.75,606206,1.18,1182460,6.18,24.98,31.8,"Salaried","Own","Debt_consolidation",0
"9870",98786,"Male","Postgrad",0,20.25,637927,1.81,2092336,0.1,9.26,27.9,"Salaried","Mortgage","Home_improvement",0
"3923",45716,"Male","No records",2,23.75,807521,2.47,978563,21.55,75.88,53,"Self-employed","Rent","Other",1
"7510",77573,"Female","No records",0,18.75,631448,2.4,2354489,14.15,48.91,42.1,"Salaried","Rent","Vehicle",0
"2087",28827,"Female","Diploma",0,33.25,2329,0.62,1021,11.9,48.11,36.6,"Unemployed","Rent","Debt_consolidation",0
"8111",83174,"Female","Grade 12",2,17.75,1065874,2.07,637601,12.41,48.66,35.2,"Contract","Mortgage","Home_improvement",0
"1977",27749,"Female","Diploma",0,23.25,183626,1.62,185914,21.4,78.05,53.5,"Contract","Mortgage","Debt_consolidation",1
"8013",82199,"Male","Degree",3,16.75,608608,1.73,1676415,15.01,53.55,46.9,"Salaried","Mortgage","Home_improvement",0
"6933",72775,"Male","Diploma",0,18.75,646529,1.91,351086,32.36,101.34,55.4,"Contract","Mortgage","Vehicle",1
"8537",86966,"Male","Grade 12",1,21.25,834936,1.63,1632646,22.58,77.79,53.8,"Contract","Mortgage","Vehicle",1
"6089",65572,"Female","No records",0,21.75,126268,1.49,360687,7.82,33.17,31.8,"Salaried","Rent","Other",1
"1779",25999,"Male","No records",1,33.25,7276,0.49,2504,32.59,111.72,55.3,"Unemployed","Rent","Debt_consolidation",1
"5542",60522,"Male","Degree",0,19.75,331061,2.08,520753,16.61,60.93,42.3,"Self-employed","Mortgage","Vehicle",1
"3049",37905,"Male","Grade 12",0,20.75,374212,1.86,225777,12.52,48.5,34.9,"Contract","Mortgage","Debt_consolidation",1
"730",16756,"Female","No records",0,22.25,396425,1.8,752807,0.93,13.01,25.1,"Salaried","Rent","Vehicle",0
"7840",80681,"Female","Degree",2,16.75,295991,1.31,938732,32.47,108.4,60,"Salaried","Mortgage","Home_improvement",0
"2386",31658,"Female","Postgrad",0,20.75,364848,1.3,530863,31.47,109.36,61.2,"Salaried","Own","Debt_consolidation",1
"1036",19519,"Female","Diploma",2,22.25,179855,0.87,190162,2.54,13.98,27.9,"Salaried","Rent","Vehicle",0
"3352",40771,"Male","Degree",1,20.75,163208,1.46,200638,28.24,98.72,60.7,"Salaried","Own","Debt_consolidation",0
"8876",89940,"Female","Grade 12",0,18.75,194579,2.2,597272,23.74,86.01,55.6,"Salaried","Rent","Vehicle",0
"6212",66627,"Female","Diploma",0,20.25,518539,1.34,1310861,6.19,28.38,33.7,"Salaried","Rent","Vehicle",1
"2752",34987,"Female","Grade 12",2,16.75,286997,1.29,316792,11.45,40.96,34.7,"Salaried","Mortgage","Home_improvement",1
"9863",98724,"Female","Diploma",2,21.75,192802,2.07,260687,12.43,46.36,39,"Salaried","Rent","Other",1
"2804",35467,"Female","Diploma",0,18.25,556875,1.45,1765573,4.94,29.25,27.5,"Salaried","Mortgage","Home_improvement",0
"5617",61280,"Female","Degree",0,18.75,349807,1.4,1184538,24.82,81.46,53.2,"Salaried","Rent","Vehicle",0
"8116",83214,"Male","Postgrad",3,25.25,2497245,1.81,7586557,5.28,29.38,40.3,"Self-employed","Rent","Other",1
"2204",29932,"Male","Diploma",0,30.25,6403,0.4,15542,10.3,38.11,33.9,"Unemployed","Rent","Vehicle",1
"62",10571,"Female","Degree",0,19.25,623984,1.78,1663527,5.25,22.93,27.4,"Salaried","Mortgage","Vehicle",0
"4541",51191,"Male","Degree",0,19.25,270847,1.43,915101,15.83,57.92,50.1,"Salaried","Own","Debt_consolidation",1
"2116",29096,"Male","Grade 12",2,20.25,791346,1.89,2566082,17.24,57.99,41.5,"Contract","Mortgage","Home_improvement",1
"9134",92140,"Female","Diploma",0,16.75,641906,1.46,1976104,21.5,75.51,48.8,"Salaried","Mortgage","Home_improvement",1
"1966",27562,"Male","Diploma",0,18.75,312554,1.54,640947,21.95,77.24,46.2,"Salaried","Rent","Vehicle",1
"2154",29487,"Male","Diploma",0,23.25,476940,1.33,739364,36.26,121.77,68,"Salaried","Rent","Other",0
"9905",99142,"Male","Degree",0,23.75,361083,2.35,879207,20.42,73.76,49.7,"Self-employed","Rent","Other",1
"9284",93640,"Male","Grade 12",2,17.75,202641,1.98,88848,34.08,110.85,62.9,"Salaried","Rent","Vehicle",1
"4228",48256,"Female","Degree",2,23.25,2594260,1.9,8553143,34.85,116.9,68,"Self-employed","Mortgage","Debt_consolidation",1
"9118",91988,"Male","No records",0,32.25,2014,0.42,2524,19.24,72.07,41.5,"Unemployed","Rent","Debt_consolidation",1
"7520",77617,"Male","No records",3,21.75,250668,1.78,763581,32.6,110.36,57.5,"Salaried","Rent","Other",1
"416",13924,"Male","Degree",2,18.75,479902,1.27,798635,16.27,55.44,42.2,"Salaried","Rent","Vehicle",1
"2642",33890,"Male","Diploma",0,18.75,418614,1.72,749021,14.82,55.54,37.4,"Salaried","Rent","Vehicle",0
"101",10915,"Male","Grade 12",2,18.75,367475,1.66,771825,35.05,117.58,59.1,"Salaried","Rent","Vehicle",1
"9396",94400,"Female","Diploma",0,17.75,212292,1.56,723170,24.72,84.88,54.3,"Salaried","Mortgage","Vehicle",1
"9884",98956,"Male","No records",2,19.25,373918,1.49,781176,10.58,40.79,37.9,"Salaried","Own","Debt_consolidation",0
"3739",44068,"Male","Degree",2,16.75,420295,1.47,867912,20.12,67.15,43.4,"Salaried","Mortgage","Home_improvement",0
"542",15065,"Male","Degree",0,23.25,546605,1.4,1780179,3.7,26.4,33.9,"Salaried","Rent","Other",1
"1406",22705,"Male","Grade 12",0,25.25,1878851,2.32,2857157,3.17,27.97,28,"Self-employed","Rent","Other",1
"7310",75765,"Female","Grade 12",0,17.75,215184,1.56,455120,18.67,67.45,50.5,"Salaried","Mortgage","Vehicle",0
"1205",20882,"Male","Grade 12",0,18.75,878123,1.75,313144,11.56,36.87,45.9,"Self-employed","Own","Debt_consolidation",0
"724",16642,"Female","Grade 12",1,16.75,367465,1.5,1056936,16.24,58.79,40.9,"Salaried","Mortgage","Home_improvement",0
"1224",21021,"Female","Degree",0,16.75,221201,1.65,753089,16.26,53.31,48.6,"Salaried","Mortgage","Home_improvement",0
"4965",55058,"Male","Grade 12",1,21.25,1388245,1.92,1478862,8.6,36.73,33.6,"Self-employed","Own","Debt_consolidation",1
"1526",23872,"Female","Grade 12",2,25.25,1141008,2.23,2456210,7.54,34.96,33,"Contract","Rent","Other",0
"9875",98817,"Female","Degree",3,35,2110,0.66,4054,15.06,53.88,42.4,"Unemployed","Rent","Debt_consolidation",0
"1698",25361,"Male","Grade 12",0,17.75,84455,2,284034,21.65,73.73,45.2,"Salaried","Mortgage","Vehicle",0
"6529",69371,"Female","Grade 12",0,21.25,2074148,1.69,1188292,7.22,36.39,32.6,"Self-employed","Rent","Other",0
"8748",88826,"Female","No records",0,17.75,490916,1.32,959997,12.45,47.9,40,"Salaried","Mortgage","Vehicle",1
"1944",27403,"Male","Diploma",2,31.25,6114,0.35,9157,27.44,88.2,61.5,"Unemployed","Rent","Debt_consolidation",0
"3620",43110,"Female","Postgrad",2,20.25,352758,1.4,539663,0.63,4.07,32.3,"Salaried","Mortgage","Home_improvement",0
"7693",79273,"Male","Grade 12",0,18.75,115394,1.3,386949,10.04,36.87,36.6,"Salaried","Rent","Vehicle",0
"7804",80335,"Female","Degree",2,29.25,3844,0.45,6178,14.29,52.92,36.9,"Unemployed","Rent","Home_improvement",0
"290",12690,"Female","No records",1,18.75,286684,1.69,847627,30.53,98.81,59.9,"Salaried","Rent","Vehicle",0
"9949",99534,"Female","Grade 12",0,21.75,456293,1.53,319730,19.67,69.47,44.4,"Salaried","Rent","Other",1
"5354",58641,"Female","Diploma",0,17.75,189083,1.79,134931,22.72,70.18,46.1,"Salaried","Mortgage","Vehicle",0
"6246",66889,"Male","Degree",0,17.75,199459,1.51,253869,35.31,122.77,58.2,"Salaried","Mortgage","Vehicle",1
"6087",65562,"Female","Grade 12",1,21.25,1511398,1.64,1031463,14.52,55.69,39.6,"Self-employed","Own","Debt_consolidation",0
"7959",81713,"Female","Grade 12",0,20.25,2585007,1.68,7429641,30.21,103.49,61.4,"Self-employed","Mortgage","Home_improvement",1
"3451",41642,"Female","Diploma",0,18.25,658829,1.78,283786,37.06,121.06,61.7,"Salaried","Own","Debt_consolidation",0
"3417",41339,"Female","Grade 12",0,20.25,295170,1.48,267905,0.71,14.97,34.4,"Salaried","Mortgage","Home_improvement",0
"9573",96352,"Female","No records",1,18.25,525621,1.2,224281,6.68,28.02,33.2,"Salaried","Own","Debt_consolidation",0
"2132",29253,"Male","Diploma",0,19.75,626253,1.5,1842273,13.41,49.41,42.3,"Self-employed","Mortgage","Vehicle",0
"2907",36644,"Female","No records",0,25.25,221357,2.88,192452,21.2,74.48,51.4,"Contract","Rent","Other",1
"9227",93021,"Female","Degree",0,22.75,1949375,2.47,5015371,36.81,117.71,66.3,"Self-employed","Own","Debt_consolidation",1
"9485",95358,"Male","Diploma",1,18.75,243935,1.09,616421,37.04,120.09,59.2,"Salaried","Rent","Vehicle",0
"6710",70980,"Female","Grade 12",0,34.75,3032,0.43,4517,35.69,118.78,63.7,"Unemployed","Rent","Other",0
"6029",65023,"Male","Diploma",1,16.75,351761,1.78,560047,10.78,42.04,33.6,"Salaried","Mortgage","Home_improvement",0
"8209",84061,"Male","Degree",0,19.25,547331,1.89,886593,15.68,59.36,43.4,"Salaried","Own","Debt_consolidation",1
"4081",47024,"Male","Degree",2,20.25,369230,1.19,671714,5.38,28.58,29.5,"Salaried","Rent","Vehicle",0
"7978",81896,"Male","Diploma",2,14.25,414253,1.23,133316,38.82,125.99,69.6,"Salaried","Mortgage","Home_improvement",1
"7992",82009,"Male","Diploma",1,22.25,550819,1.41,1104708,12.9,51.97,47.7,"Contract","Rent","Vehicle",1
"4271",48732,"Female","Grade 12",0,32.25,4235,0.71,2001,14.79,54.55,49.4,"Unemployed","Mortgage","Debt_consolidation",1
"9372",94248,"Female","No records",0,17.75,181033,1.41,614155,24.75,84.27,52.1,"Salaried","Mortgage","Vehicle",0
"6197",66503,"Female","Grade 12",0,16.75,316834,1.67,560226,27.17,92.76,50.1,"Salaried","Mortgage","Home_improvement",1
"6900",72533,"Female","Degree",0,17.75,128366,1.38,381987,20.1,72.12,49.3,"Salaried","Mortgage","Vehicle",0
"3838",45032,"Female","Postgrad",0,16.75,195043,1.77,530584,11.74,45.69,44.9,"Salaried","Mortgage","Home_improvement",0
"418",13947,"Male","Diploma",0,17.75,190500,1.1,692438,8.74,35.84,38.6,"Salaried","Mortgage","Vehicle",1
"856",17904,"Male","Grade 12",0,19.25,802989,1.35,2368916,5.5,24.56,35.9,"Salaried","Mortgage","Vehicle",1
"2858",35965,"Female","Grade 12",0,22.75,735627,1.66,2258474,19.39,67.77,49.2,"Contract","Own","Debt_consolidation",1
"8078",82949,"Male","Grade 12",2,18.25,434154,1.03,632322,34.35,108.68,62.7,"Salaried","Mortgage","Home_improvement",0
"3012",37629,"Male","Grade 12",0,18.75,474575,1.37,1319286,18.62,67,49.4,"Salaried","Rent","Vehicle",0
"9113",91968,"Female","Postgrad",0,25.25,315845,1.77,968507,36.63,123.43,70.8,"Self-employed","Rent","Other",1
"9080",91679,"Male","Degree",0,17.75,349687,1.51,758257,26.12,93.38,51.4,"Salaried","Mortgage","Vehicle",0
"4508",50821,"Female","Diploma",0,23.75,1509023,1.73,5607941,13.38,45.33,40.8,"Self-employed","Rent","Other",1
"9468",95191,"Male","Diploma",3,33.75,1440,0.65,3348,11.12,43.32,39.7,"Unemployed","Rent","Vehicle",0
"4118",47307,"Male","Grade 12",2,16.75,643596,0.9,1930876,26.92,89.32,57.8,"Salaried","Mortgage","Home_improvement",0
"8127",83310,"Female","No records",0,18.75,109749,1.69,219661,7.96,31.91,30,"Salaried","Rent","Vehicle",1
"3014",37653,"Male","Diploma",2,19.25,478811,1.89,1559539,15.38,58.14,50,"Salaried","Own","Debt_consolidation",0
"3581",42724,"Female","Grade 12",0,18.25,154677,1.4,438998,37.11,119.17,61.6,"Salaried","Mortgage","Home_improvement",0
"1201",20860,"Male","Grade 12",0,25.25,562675,1.82,873304,38.34,119.07,70.9,"Self-employed","Rent","Other",1
"278",12560,"Male","Degree",0,35,1402,0.61,2107,7.37,32.12,34.4,"Unemployed","Rent","Debt_consolidation",0
"6084",65554,"Female","No records",0,19.75,1300746,0.95,396019,32.06,101.4,61.5,"Contract","Rent","Vehicle",0
"9353",94137,"Female","Diploma",1,19.25,614434,1.51,1189267,26.16,87.9,54.9,"Salaried","Own","Debt_consolidation",0
"7370",76258,"Male","Diploma",0,35,7175,0.46,16097,3.14,19.31,35.2,"Unemployed","Rent","Debt_consolidation",0
"3349",40739,"Male","Grade 12",0,20.25,447242,1.78,1114544,37.6,123.44,66.3,"Salaried","Rent","Vehicle",0
"3050",37909,"Female","Diploma",0,17.75,354043,1.43,783295,26.54,90.51,55.6,"Salaried","Mortgage","Vehicle",0
"8833",89606,"Female","Degree",0,21.75,1649636,1.18,6258805,24.92,80.89,58.8,"Self-employed","Mortgage","Debt_consolidation",1
"1371",22429,"Female","Diploma",1,35,5252,0.58,17256,36.01,114.04,65.4,"Unemployed","Rent","Other",1
"2061",28582,"Male","Diploma",0,19.75,583737,1.86,299020,27.43,91.49,56.3,"Contract","Rent","Vehicle",1
"6928",72745,"Male","Diploma",2,21.25,131246,1.41,344311,0.53,14.23,29.9,"Salaried","Mortgage","Vehicle",0
"8310",85077,"Male","Grade 12",0,19.25,222684,1.25,602705,23.72,84.19,58.4,"Salaried","Own","Debt_consolidation",1
"7143",74487,"Female","No records",0,23.25,402370,0.73,450145,4.54,25.4,32.2,"Salaried","Rent","Other",0
"1612",24677,"Female","Diploma",0,19.75,3035961,2.11,6740230,33.9,108.83,58.7,"Self-employed","Mortgage","Vehicle",1
"9425",94699,"Female","Grade 12",0,17.75,553218,1.26,1426791,14.41,59.24,37.8,"Salaried","Mortgage","Vehicle",0
"9608",96612,"Male","No records",2,17.75,453623,1.72,509975,21.98,77.69,51.7,"Salaried","Mortgage","Vehicle",1
"5585",60938,"Female","No records",0,17.75,410271,1.99,884781,12.4,51.08,38,"Salaried","Mortgage","Vehicle",1
"2953",37074,"Female","Grade 12",0,16.75,530705,1.68,1792919,7.18,27.62,31.1,"Salaried","Mortgage","Home_improvement",1
"9262",93408,"Male","Diploma",1,20.25,349742,1.25,369635,33.18,105.66,66.8,"Salaried","Rent","Vehicle",1
"4848",54175,"Male","Grade 12",0,25.25,472962,1.23,1047237,34.2,108.8,64.7,"Self-employed","Rent","Other",1
"6190",66443,"Male","Grade 12",1,21.75,1386202,1.75,2943723,16.62,57.55,47,"Self-employed","Mortgage","Debt_consolidation",0
"3505",42051,"Female","No records",0,18.75,760994,1.96,1490477,24.6,81.65,50.9,"Self-employed","Mortgage","Home_improvement",1
"691",16299,"Female","Diploma",0,23.75,1360687,0.98,2192846,7,31.64,41.2,"Self-employed","Rent","Other",0
"6668",70667,"Female","Degree",0,25.25,1787040,2.04,4836566,39.65,127.69,73.1,"Self-employed","Rent","Other",1
"947",18725,"Female","Degree",0,22.75,1103640,2.17,3206092,39.61,129.08,64.2,"Contract","Mortgage","Vehicle",1
"3093",38344,"Male","Diploma",0,22.75,1281914,1.84,4734882,35.2,114.85,69.1,"Contract","Mortgage","Vehicle",1
"22",10157,"Female","Diploma",0,18.75,338218,1.32,580411,25.97,85.64,53.6,"Salaried","Rent","Vehicle",0
"6362",67753,"Female","Diploma",1,19.25,442129,1.51,192527,29.7,97.65,53.6,"Salaried","Rent","Other",0
"3645",43266,"Female","Grade 12",0,20.75,173887,1.62,234878,37.6,119.81,68.8,"Salaried","Own","Debt_consolidation",1
"2680",34266,"Male","Postgrad",2,21.75,376641,0.98,765368,21.35,70.92,52.9,"Salaried","Rent","Other",0
"6796",71692,"Female","Degree",0,19.25,354610,1.8,260192,24.59,83.16,53.6,"Salaried","Own","Debt_consolidation",1
"6565",69805,"Female","Grade 12",2,19.25,301837,1.21,759938,28.51,97.47,61.6,"Salaried","Mortgage","Vehicle",0
"4316",49109,"Male","No records",0,17.75,328034,1.3,612401,33.38,111.91,60,"Salaried","Mortgage","Vehicle",1
"2777",35212,"Female","Diploma",1,19.25,349363,1.84,977311,26.25,91.01,61,"Salaried","Mortgage","Vehicle",1
"9224",92994,"Male","Diploma",0,35,4363,0.53,6174,17.44,65.07,45,"Unemployed","Rent","Debt_consolidation",1
"9772",97976,"Male","No records",0,18.75,541677,1.7,852225,27.1,94.64,53.3,"Salaried","Rent","Vehicle",0
"7027",73605,"Female","Grade 12",0,16.75,265074,1,994633,16.94,58.86,50.3,"Salaried","Mortgage","Home_improvement",0
"8850",89714,"Female","Diploma",2,18.75,1122424,1.46,1680351,24.81,82.24,51.9,"Self-employed","Mortgage","Home_improvement",1
"6831",71996,"Male","Diploma",0,16.75,239126,1.35,760985,13.93,56.35,48.5,"Salaried","Mortgage","Home_improvement",0
"6733",71148,"Male","No records",0,21.75,2673293,1.92,8319017,10.74,41.45,44.8,"Self-employed","Mortgage","Debt_consolidation",1
"982",19037,"Female","Diploma",0,18.75,155377,1.55,347609,15,51.71,37.3,"Salaried","Rent","Vehicle",0
"1341",22134,"Female","Degree",0,14.25,379098,1.29,125140,33.52,112.56,65.5,"Salaried","Mortgage","Home_improvement",1
"6355",67708,"Male","Diploma",0,22.75,1362916,1.99,2836957,5.27,22.71,33,"Self-employed","Own","Debt_consolidation",0
"4631",52104,"Male","No records",0,21.25,1974846,1.39,3782543,33.11,111.76,64.8,"Self-employed","Mortgage","Vehicle",1
"5576",60837,"Female","Degree",0,16.75,380014,0.94,1279472,22.49,76.35,46.1,"Salaried","Mortgage","Home_improvement",0
"910",18390,"Female","No records",2,19.75,1407197,2.53,4023937,18.31,63.1,45,"Self-employed","Mortgage","Vehicle",0
"9048",91436,"Female","Grade 12",1,22.75,1914451,1.78,6485747,34.44,111.89,63.1,"Self-employed","Own","Debt_consolidation",1
"6210",66613,"Male","Grade 12",1,23.75,874816,1.57,3264325,24.67,87.8,49,"Self-employed","Rent","Other",1
"2380",31635,"Female","Grade 12",0,17.75,393382,1.27,196764,1.85,15.87,34.3,"Salaried","Mortgage","Home_improvement",1
"1260",21423,"Male","Degree",0,31.25,6908,0.4,5580,30.08,100.11,57.7,"Unemployed","Mortgage","Debt_consolidation",1
"8412",85916,"Female","No records",0,35,3041,0.48,10142,3.52,20.55,34.2,"Unemployed","Rent","Debt_consolidation",1
"7921",81370,"Female","Diploma",0,25.25,503481,1.64,1163130,38.22,119.02,71.1,"Self-employed","Rent","Other",1
"3733",44012,"Male","No records",2,16.75,558830,1.57,1506739,21.3,74.45,49.7,"Salaried","Mortgage","Home_improvement",0
"7639",78704,"Male","Grade 12",1,20.75,482531,1.04,273750,35.43,116.77,63,"Salaried","Rent","Other",1
"2094",28914,"Female","Degree",1,32.25,6004,0.42,5528,16.3,56.41,41.2,"Unemployed","Rent","Debt_consolidation",1
"5611",61215,"Male","No records",0,17.75,261506,1.88,711768,10.74,41.62,38.8,"Salaried","Mortgage","Vehicle",0
"6057",65292,"Female","Diploma",0,21.75,292106,1.93,578167,17.84,63.27,47.1,"Salaried","Rent","Other",0
"7357",76141,"Female","Diploma",0,35,4308,0.54,2301,1.66,19.06,31,"Unemployed","Rent","Debt_consolidation",0
"232",12163,"Female","Diploma",3,16.75,260374,1.44,795465,25.21,83.36,53.7,"Salaried","Mortgage","Home_improvement",0
"4556",51416,"Male","Diploma",2,23.25,236999,2.31,695943,18.4,64.39,52.1,"Contract","Mortgage","Debt_consolidation",1
"9033",91310,"Male","Postgrad",0,19.25,356840,1.72,543051,37.27,117.92,69.6,"Salaried","Mortgage","Vehicle",0
"2649",33981,"Female","Diploma",1,20.25,1001686,2.59,2909467,36.21,112.24,60.4,"Self-employed","Mortgage","Home_improvement",1
"5013",55446,"Female","Grade 12",0,33.75,7972,0.42,23015,38.62,123.4,72.4,"Unemployed","Rent","Debt_consolidation",1
"9940",99442,"Female","Degree",0,35,1783,0.51,6307,15.8,57.94,43.9,"Unemployed","Rent","Debt_consolidation",1
"7297",75633,"Female","Diploma",0,20.25,523644,1.52,1928293,30.97,105,66,"Salaried","Rent","Vehicle",0
"9639",96829,"Male","Grade 12",2,19.25,1738719,1.98,1027911,12.76,44.25,39.9,"Self-employed","Mortgage","Debt_consolidation",1
"2095",28938,"Female","Postgrad",1,21.25,460627,1.3,159566,10.99,42.76,45.8,"Self-employed","Rent","Other",0
"5570",60766,"Male","Grade 12",1,23.75,2443355,1.4,7522576,32.01,108.2,54.8,"Self-employed","Rent","Other",1
"7557",77913,"Female","Degree",0,20.75,414822,1.72,256568,14.2,52.61,43,"Contract","Mortgage","Debt_consolidation",0
"9056",91497,"Male","Degree",3,18.75,781411,1.14,1974555,7.28,30.99,33.4,"Salaried","Rent","Vehicle",0
"4757",53335,"Male","Grade 12",0,18.75,178995,1.65,295382,9.71,45.92,38.9,"Salaried","Rent","Vehicle",0
"7551",77878,"Male","Degree",0,21.25,1479324,1.21,1368983,27.3,89.12,49.3,"Self-employed","Own","Debt_consolidation",0
"9408",94542,"Female","Grade 12",1,19.25,146099,1.54,476079,21.81,77.79,55.4,"Salaried","Own","Debt_consolidation",0
"5724",62249,"Male","Diploma",0,20.25,421280,1.62,599066,28.13,91.68,62.7,"Salaried","Rent","Vehicle",1
"9484",95346,"Female","Diploma",3,21.75,201794,1.05,323209,31.37,104.34,56,"Salaried","Rent","Other",1
"8164",83693,"Male","Diploma",0,16.75,840137,1.73,2758059,16.29,57.39,49.6,"Salaried","Mortgage","Home_improvement",0
"7964",81760,"Female","Grade 12",0,35,7078,0.55,6939,35.43,115.7,66.8,"Unemployed","Rent","Debt_consolidation",1
"4546",51301,"Female","Degree",0,25.25,283027,2.55,942968,15.64,56.38,45.6,"Contract","Rent","Other",1
"7068",73943,"Male","Grade 12",0,19.75,3091470,2.21,5911354,17.52,66.46,42.1,"Self-employed","Mortgage","Vehicle",0
"5905",63846,"Male","No records",2,22.25,412296,1,1211789,0.39,9.23,30.3,"Salaried","Rent","Vehicle",0
"608",15609,"Female","Grade 12",1,16.75,245752,1.48,932824,8.65,36.53,34.1,"Salaried","Mortgage","Home_improvement",0
"6815",71840,"Male","Grade 12",0,19.25,230786,1.52,396423,32.06,102.92,61,"Salaried","Mortgage","Vehicle",0
"9760",97889,"Male","Degree",2,21.25,1442468,1.61,1984015,39.23,127.88,65.7,"Self-employed","Mortgage","Vehicle",1
"6857",72159,"Female","Postgrad",0,20.25,743073,1.56,1771594,6.99,27.31,35.2,"Salaried","Rent","Vehicle",0
"9592",96497,"Male","Degree",0,17.25,2059686,1.85,641425,3.07,21.78,26.2,"Self-employed","Mortgage","Vehicle",0
"8284",84820,"Male","Degree",0,15.25,103454,1.58,33921,35.09,117.19,63.5,"Salaried","Mortgage","Vehicle",1
"4170",47694,"Female","Diploma",0,23.75,1487058,1.55,1023244,14.88,55.87,47.2,"Self-employed","Rent","Other",1
"8897",90062,"Male","Diploma",1,17.75,430067,1.39,655662,19.44,69.36,43.8,"Salaried","Mortgage","Vehicle",0
"6392",67973,"Female","Grade 12",0,27.25,3076278,1.97,750670,0.92,13.25,31.5,"Self-employed","Rent","Other",0
"4516",50885,"Female","Diploma",0,23.75,2946037,1,3165277,27.86,94.86,59.4,"Self-employed","Rent","Other",1
"443",14123,"Female","Degree",0,20.75,184376,1.59,249021,34.02,109.36,62.2,"Salaried","Own","Debt_consolidation",1
"8093",83015,"Male","Grade 12",0,22.75,1436352,1.71,5280530,4.3,20.53,39,"Self-employed","Own","Debt_consolidation",0
"2763",35053,"Female","Grade 12",0,23.75,420754,2.39,931067,30.74,97.43,54.8,"Self-employed","Rent","Other",1
"2803",35463,"Female","Diploma",1,20.25,344196,1.52,431418,37.14,117.6,70.8,"Salaried","Rent","Vehicle",0
"4166",47655,"Female","Diploma",0,32.75,7983,0.49,6680,20.49,71.12,51.8,"Unemployed","Rent","Home_improvement",1
"9859",98710,"Female","Grade 12",1,27.25,1244424,1.76,3063515,0.95,14.59,35.8,"Self-employed","Rent","Other",1
"4788",53614,"Male","Diploma",2,17.75,290750,1.61,867227,19.81,69.63,46.3,"Salaried","Mortgage","Vehicle",0
"2689",34345,"Female","Grade 12",1,23.25,312496,1.3,257145,4,17.2,35.1,"Salaried","Rent","Other",0
"8146",83460,"Male","Degree",0,28.75,1226438,2.05,3961571,2.57,23.15,30,"Contract","Rent","Other",0
"8762",88940,"Female","No records",0,23.25,70140,1.91,81476,36.47,118.47,64.8,"Salaried","Rent","Other",0
"4010",46368,"Female","Postgrad",1,17.75,518209,1.23,1398436,9.81,39.61,37.8,"Salaried","Mortgage","Vehicle",1
"3108",38519,"Female","No records",2,16.75,438642,1.75,1367858,24.58,86.86,56.5,"Salaried","Mortgage","Home_improvement",1
"3712",43830,"Female","Degree",0,19.75,559191,2.07,312060,15.16,53.85,48.4,"Contract","Rent","Vehicle",1
"7376",76295,"Female","Grade 12",0,20.25,406018,0.78,1441558,29.54,100.06,62.2,"Salaried","Rent","Vehicle",0
"8061",82749,"Male","Diploma",1,25.25,306954,1.23,927545,1.41,16.28,31.3,"Salaried","Rent","Other",1
"7090",74104,"Male","Postgrad",1,21.75,618124,1.77,1678496,20.16,69.79,45.5,"Salaried","Rent","Other",1
"7650",78840,"Female","Postgrad",0,21.25,1677269,1.18,5689297,11.65,43.02,34.6,"Contract","Mortgage","Vehicle",0
"4324",49167,"Male","Diploma",0,22.25,916016,1.66,2088771,33.35,111.3,58,"Contract","Rent","Vehicle",1
"9666",97084,"Female","Grade 12",2,22.25,396144,1.76,1286363,1.02,11.54,34.9,"Salaried","Rent","Vehicle",0
"7561",77941,"Male","Degree",2,20.75,120080,1.38,134071,4.72,26.19,39.4,"Salaried","Own","Debt_consolidation",1
"9167",92484,"Male","Diploma",0,35,3433,0.54,11493,31.73,100.48,59.7,"Unemployed","Rent","Debt_consolidation",1
"1037",19534,"Male","No records",2,18.25,117145,1.46,388610,34.74,112.12,66.1,"Salaried","Mortgage","Home_improvement",1
"1702",25406,"Female","Diploma",4,17.75,326354,1.84,1000613,16.3,58.71,42.3,"Salaried","Mortgage","Vehicle",1
"811",17474,"Male","No records",3,34.75,6679,0.41,6575,39.38,125.81,71.1,"Unemployed","Rent","Other",1
"1572",24203,"Male","Grade 12",0,17.75,190168,1.38,550559,7.87,34.99,34.9,"Salaried","Mortgage","Vehicle",0
"2035",28282,"Male","Diploma",1,16.75,601922,1.76,1837030,16.96,54.95,50.6,"Salaried","Mortgage","Home_improvement",1
"148",11437,"Male","Grade 12",1,16.75,303688,1.66,177230,29.55,97.53,59.5,"Salaried","Own","Debt_consolidation",1
"5301",58249,"Male","Grade 12",2,23.75,1394594,1.81,3246454,19.91,68.82,46.4,"Self-employed","Rent","Other",0
"7335",75937,"Male","Grade 12",0,23.75,1008265,1.7,1393463,16.17,63.02,39.2,"Self-employed","Rent","Other",1
"7338",75985,"Female","No records",0,16.75,276149,1.43,935177,17.07,61.67,40.9,"Salaried","Mortgage","Home_improvement",1
"8224",84217,"Male","Grade 12",0,23.75,916372,1.79,2771674,11.68,49.73,36.7,"Self-employed","Rent","Other",1
"2443",32038,"Male","Grade 12",1,24.75,254735,1.31,906718,2.69,16.6,36.2,"Contract","Mortgage","Vehicle",0
"8926",90326,"Female","Grade 12",4,17.75,176049,1.55,328187,10.97,48.11,39.3,"Salaried","Mortgage","Vehicle",0
"1412",22732,"Male","No records",0,18.75,2523540,2.34,4851411,27.24,91.92,50,"Self-employed","Mortgage","Home_improvement",1
"8787",89104,"Female","Diploma",0,35,4113,0.52,8979,27.86,92.18,57.9,"Unemployed","Rent","Debt_consolidation",1
"4015",46404,"Male","Degree",1,17.75,506504,0.95,697249,19.04,70.16,41.8,"Salaried","Mortgage","Vehicle",0
"6038",65105,"Female","Grade 12",0,23.25,662113,1.53,2137794,35.72,115.85,61.6,"Salaried","Rent","Other",1
"7713",79468,"Female","Degree",0,20.25,645355,1.83,2233561,2.87,15.77,25.7,"Salaried","Mortgage","Home_improvement",0
"1756",25827,"Male","Diploma",2,18.75,733500,1.87,2685699,31.7,108.67,56.5,"Salaried","Rent","Vehicle",0
"293",12739,"Male","Diploma",0,21.25,2323721,1.71,3620253,22.09,77.3,44.2,"Self-employed","Own","Debt_consolidation",1
"5940",64182,"Male","Diploma",0,16.75,201691,1.41,430675,16.53,52.9,39.1,"Salaried","Mortgage","Home_improvement",1
"1042",19595,"Male","Degree",1,17.75,398073,1.44,1388826,17.53,61.85,50.7,"Salaried","Mortgage","Vehicle",0
"3450",41640,"Female","Grade 12",2,17.75,493941,0.71,708404,20.6,72.33,49.7,"Salaried","Mortgage","Vehicle",0
"5133",56672,"Male","No records",0,16.75,210405,1.31,271641,25.42,87.01,52.3,"Salaried","Mortgage","Home_improvement",0
"3593",42879,"Female","No records",1,15.75,269445,1.57,135173,35.91,120.45,61.8,"Salaried","Mortgage","Home_improvement",0
"5129",56633,"Female","Degree",0,19.75,516115,1.83,352285,25.69,84.19,50,"Self-employed","Mortgage","Vehicle",1
"8174",83750,"Female","Grade 12",0,17.75,246784,1.22,180462,29.53,100.9,60,"Salaried","Mortgage","Vehicle",0
"2310",30973,"Female","Diploma",0,16.75,412338,1.75,1111363,32.09,108.15,57.8,"Salaried","Mortgage","Home_improvement",1
"936",18615,"Female","Diploma",0,25.25,967998,1.56,2224598,36.31,114.93,59.4,"Contract","Rent","Other",1
"5174",57109,"Female","Grade 12",0,20.75,183368,1.41,417489,6.75,30.43,39.7,"Salaried","Own","Debt_consolidation",1
"335",13108,"Male","Grade 12",1,31.25,5649,0.26,6188,38.36,122.53,67.3,"Unemployed","Rent","Debt_consolidation",1
"4746",53227,"Male","Grade 12",1,19.25,697262,1.41,2369245,7.92,33.3,37.4,"Salaried","Own","Debt_consolidation",1
"6349",67665,"Female","Grade 12",3,33.75,2051,0.42,6992,3.1,21.06,25.2,"Unemployed","Rent","Debt_consolidation",0
"4525",50952,"Male","No records",0,35,4968,0.51,7005,34.2,111.63,67.3,"Unemployed","Rent","Debt_consolidation",1
"8473",86431,"Male","Grade 12",2,17.75,403428,1.48,1084420,22.53,76.9,54.6,"Salaried","Mortgage","Vehicle",1
"7137",74425,"Female","No records",0,17.75,288736,0.9,714411,7.88,36.22,39.8,"Salaried","Mortgage","Vehicle",1
"4877",54430,"Male","Postgrad",0,19.25,174081,1.27,86252,35.32,116.44,59,"Salaried","Rent","Other",1
"8389",85734,"Female","Diploma",0,18.25,728990,1.64,794336,34.05,114.56,61.1,"Salaried","Mortgage","Home_improvement",1
"790",17320,"Female","Diploma",2,21.75,459964,1.68,925450,13.98,59.19,39.1,"Salaried","Rent","Other",0
"1431",22942,"Male","Grade 12",0,23.25,82409,1.6,109565,5.53,27.16,32.2,"Salaried","Rent","Other",1
"2632",33792,"Male","Grade 12",0,22.25,328545,1.55,1222822,1.15,9.12,34,"Salaried","Rent","Vehicle",0
"5942",64228,"Male","Diploma",0,17.75,485965,1.75,1247984,11.77,38.66,40.6,"Salaried","Mortgage","Vehicle",1
"7458",77060,"Male","Grade 12",0,16.25,150858,1.57,68637,13.15,47.67,45.9,"Salaried","Rent","Vehicle",0
"4018",46426,"Male","Grade 12",1,34.75,8767,0.58,16861,28.17,96.21,59.8,"Unemployed","Mortgage","Debt_consolidation",1
"6793",71678,"Female","No records",3,16.75,481335,1.19,1630016,18.8,62.31,52.8,"Salaried","Mortgage","Home_improvement",0
"498",14639,"Male","Diploma",1,23.25,1089640,2.27,3984986,27.38,91.44,61.5,"Self-employed","Mortgage","Debt_consolidation",1
"1996",27957,"Female","Diploma",2,18.75,276287,1.38,844256,22.86,78.36,46,"Salaried","Rent","Vehicle",0
"5980",64554,"Female","No records",2,20.25,591403,1.72,1638498,6.5,30.26,39.7,"Salaried","Rent","Vehicle",0
"5460",59615,"Female","Grade 12",0,18.25,191549,1.32,680705,34.12,113.86,68.6,"Salaried","Mortgage","Home_improvement",0
"4343",49346,"Female","Grade 12",0,20.25,258105,1.76,284860,36.07,117.15,67.4,"Salaried","Rent","Vehicle",1
"5326",58465,"Male","Diploma",0,16.75,110541,1.13,275965,23.63,82.7,47.4,"Salaried","Mortgage","Home_improvement",1
"8456",86248,"Male","Grade 12",3,16.75,287781,1.67,795209,27.53,92.88,55.5,"Salaried","Mortgage","Home_improvement",1
"6225",66737,"Female","No records",1,33.75,5695,0.38,16010,3.38,18.72,30.8,"Unemployed","Rent","Debt_consolidation",0
"204",11915,"Male","No records",1,19.75,3224305,1.87,6454623,16.84,59.24,45.8,"Self-employed","Mortgage","Vehicle",0
"54",10487,"Male","Degree",0,18.25,558008,1.59,1410077,31.22,102.53,63.8,"Salaried","Mortgage","Home_improvement",1
"940",18676,"Male","Grade 12",0,20.75,515061,1.67,1905647,32.7,108.83,63.4,"Salaried","Own","Debt_consolidation",0
"4491",50680,"Female","Diploma",3,27.25,912124,2.23,2787734,0,11.73,32.4,"Self-employed","Rent","Other",0
"8709",88497,"Male","Grade 12",0,22.25,816897,1.86,2473445,13.61,51.85,36.5,"Contract","Rent","Vehicle",1
"1148",20489,"Female","Grade 12",0,18.25,408130,1.75,908025,34.83,112.88,66.2,"Salaried","Mortgage","Home_improvement",1
"7380",76318,"Female","No records",0,35,7824,0.68,22200,1.23,15.86,33.9,"Unemployed","Rent","Other",1
"2996",37447,"Female","No records",0,18.25,647249,1.16,1072441,5.06,21.95,38.5,"Salaried","Mortgage","Home_improvement",1
"8707",88487,"Male","Degree",0,18.75,458735,1.37,888883,28.33,97.5,54.8,"Salaried","Rent","Vehicle",0
"6713",70993,"Female","Diploma",2,19.75,2150149,2,3686108,35.63,113.43,58,"Self-employed","Mortgage","Vehicle",1
"3932",45775,"Male","No records",0,23.25,477195,1.51,1323029,5.24,25.4,30.5,"Salaried","Rent","Other",1
"6922",72687,"Female","Postgrad",0,21.75,497868,1.31,1306971,19.78,74.47,45.5,"Salaried","Rent","Other",1
"4444",50330,"Male","Diploma",0,20.25,236542,1.39,472548,38.21,123.44,60.9,"Salaried","Rent","Vehicle",1
"3309",40391,"Female","Grade 12",1,18.75,194320,1.21,250550,8.3,37.31,35.7,"Salaried","Rent","Vehicle",0
"7563",77958,"Female","No records",0,17.75,339873,1.03,310853,25.48,80.65,53.4,"Salaried","Mortgage","Vehicle",0
"1815",26292,"Male","Grade 12",0,24.25,615524,2.12,2058055,27.96,90.3,62.5,"Contract","Own","Debt_consolidation",0
"632",15800,"Female","Diploma",0,20.25,312652,1.13,566814,6.71,32.2,32.2,"Salaried","Rent","Vehicle",1
"5679",61832,"Female","Diploma",0,16.75,225434,1.61,237254,15.12,55.03,39,"Salaried","Mortgage","Home_improvement",1
"299",12772,"Male","Grade 12",0,16.75,227954,1.14,120799,37.27,123.88,71.9,"Salaried","Mortgage","Vehicle",1
"559",15178,"Female","No records",0,25.25,1087575,2.19,1503953,29.49,98.11,56.2,"Contract","Rent","Other",1
"6848",72090,"Female","Diploma",0,19.25,242832,1.36,396905,18.62,67.85,50.6,"Salaried","Own","Debt_consolidation",0
"6239",66843,"Male","Degree",0,18.75,449055,1.1,1050111,19.18,64.47,50.6,"Salaried","Rent","Vehicle",1
"9569",96328,"Female","Grade 12",0,17.75,264744,1.54,476279,20.07,74.91,50.7,"Salaried","Mortgage","Vehicle",0
"7965",81764,"Male","Postgrad",0,25.25,237389,1.57,699400,0.88,12.03,35,"Salaried","Rent","Other",1
"6119",65870,"Female","Grade 12",2,17.75,122736,2.03,170943,18.99,65.02,49.3,"Salaried","Mortgage","Vehicle",0
"5178",57169,"Female","Grade 12",0,17.75,351657,0.8,1313751,28.53,98.84,56,"Salaried","Mortgage","Vehicle",0
"7708",79408,"Female","No records",1,15.25,455477,1.49,271028,22.74,77.53,53.6,"Salaried","Mortgage","Vehicle",0
"3258",39992,"Female","Postgrad",0,16.75,578454,1.41,1516285,32.31,108.68,55.5,"Salaried","Mortgage","Home_improvement",0
"238",12242,"Female","Diploma",1,16.75,225145,1.34,298707,28.35,88.89,57.8,"Salaried","Mortgage","Home_improvement",0
"2959",37144,"Female","Grade 12",2,13.75,516071,1.51,168449,16.15,53.48,46.2,"Salaried","Mortgage","Vehicle",0
"3891",45487,"Male","Grade 12",2,21.75,365300,1.93,871398,16.6,55.26,41.4,"Salaried","Rent","Other",0
"8098",83066,"Female","No records",0,18.25,348886,1.23,955313,28.59,93.49,61.5,"Salaried","Mortgage","Home_improvement",1
"3155",39000,"Male","Diploma",2,16.75,628525,1.3,1434322,24.89,85.13,48.2,"Salaried","Mortgage","Home_improvement",0
"4030",46547,"Male","Grade 12",0,17.75,132139,1.61,488572,8.2,30.24,33.6,"Salaried","Mortgage","Vehicle",0
"1911",27168,"Female","Grade 12",0,16.75,411790,0.53,998117,18.79,66.95,45.4,"Salaried","Mortgage","Home_improvement",0
"1746",25758,"Female","No records",2,18.75,242609,1.54,441769,14.4,53.92,48.6,"Salaried","Rent","Vehicle",0
"9069",91572,"Female","No records",0,18.75,334535,1.19,333146,9.66,40.02,41.5,"Salaried","Rent","Vehicle",0
"6328",67462,"Male","Degree",0,19.25,246005,2.24,787120,39.73,132.36,72.3,"Salaried","Mortgage","Vehicle",0
"5440",59364,"Male","No records",0,18.25,493061,1.16,1202536,32.83,105.16,60.8,"Salaried","Mortgage","Home_improvement",1
"2963",37181,"Male","Diploma",2,23.25,1584940,1.58,5673253,32.82,104.6,63.7,"Self-employed","Mortgage","Debt_consolidation",1
"7554",77898,"Male","No records",1,19.25,434241,1.33,1272672,29.34,101.95,63.1,"Salaried","Mortgage","Vehicle",1
"4635",52146,"Female","No records",2,23.25,385220,1.09,833670,38.91,123.33,67,"Salaried","Rent","Other",1
"7692",79252,"Female","Diploma",0,20.25,580807,1.48,692738,5.84,35.59,29.9,"Salaried","Rent","Vehicle",0
"1730",25640,"Male","Grade 12",0,18.75,236869,1.59,659638,30.56,98.89,58.9,"Salaried","Rent","Vehicle",1
"3104",38473,"Male","Grade 12",1,21.25,1232960,1.45,3763193,21.06,74.04,45.2,"Contract","Mortgage","Vehicle",1
"9777",98025,"Female","No records",0,19.25,443119,1.56,1224986,10.16,42.26,34.6,"Salaried","Own","Debt_consolidation",0
"5948",64254,"Male","Degree",0,18.75,299438,2.05,981486,18.04,67.62,50.7,"Salaried","Rent","Vehicle",1
"9015",91176,"Female","Grade 12",2,17.25,3107052,1.4,1590711,30.78,108.98,54.3,"Self-employed","Mortgage","Vehicle",0
"9708",97470,"Male","No records",0,22.25,322010,1.21,831035,2.04,15.25,32.9,"Salaried","Rent","Vehicle",0
"9671",97186,"Female","Grade 12",1,15.25,558321,1.26,200888,25.02,88.77,59.1,"Salaried","Mortgage","Vehicle",1
"7800",80289,"Female","Grade 12",2,20.25,435387,1.74,1466586,5.88,31.53,29.1,"Salaried","Rent","Vehicle",1
"6443",68404,"Female","Grade 12",0,17.75,250851,1.19,577760,17.59,64.67,44.2,"Salaried","Mortgage","Vehicle",1
"4252",48556,"Female","Diploma",3,34.75,5114,0.52,18152,27.11,93.59,56.9,"Unemployed","Mortgage","Debt_consolidation",0
"4519",50920,"Male","Degree",0,18.75,189778,1.26,447250,20.09,68.38,48.2,"Salaried","Rent","Vehicle",0
"6959",72963,"Male","Degree",0,23.25,642078,2.27,1112019,32.12,108.85,56.3,"Contract","Mortgage","Debt_consolidation",1
"6649",70541,"Male","No records",0,16.75,170526,1.61,242353,31.44,109.63,57.9,"Salaried","Mortgage","Home_improvement",1
"8724",88609,"Male","Degree",0,35,3391,0.62,8539,30.39,100.83,60.6,"Unemployed","Rent","Debt_consolidation",0
"6844",72062,"Male","Grade 12",2,17.75,413663,1.79,1217310,9.87,41.07,37.2,"Salaried","Mortgage","Vehicle",0
"3437",41523,"Male","Grade 12",0,21.75,667522,1.66,739647,10.67,46.61,39.4,"Salaried","Rent","Other",0
"9315",93903,"Female","Degree",0,22.75,1012335,1.83,3034534,39.83,129.35,64.1,"Contract","Mortgage","Vehicle",1
"3829",44981,"Female","Grade 12",0,19.25,363957,1.27,1145811,4.47,23.8,33.9,"Salaried","Mortgage","Vehicle",0
"6757",71347,"Female","Grade 12",0,24.75,595830,2.43,1224373,34.95,115.88,66.9,"Contract","Mortgage","Debt_consolidation",1
"3249",39904,"Male","No records",1,16.75,560343,1.22,1927270,12.46,41.51,39.5,"Salaried","Mortgage","Home_improvement",0
"4421",50134,"Female","No records",0,19.25,462849,1.63,1497059,29.79,101.3,64.1,"Salaried","Mortgage","Vehicle",1
"7549",77866,"Male","Grade 12",2,18.75,371571,1.88,855228,18.72,63,51.7,"Salaried","Rent","Vehicle",0
"2056",28541,"Female","Degree",0,20.25,1751735,2.11,1835488,3.61,20.69,33.7,"Self-employed","Mortgage","Home_improvement",0
"4702",52783,"Female","Grade 12",0,18.75,232065,1.74,777353,22.01,78.76,47.3,"Salaried","Rent","Vehicle",0
"2690",34358,"Female","Diploma",4,27.25,879619,1.35,3047284,1.25,10.91,33.7,"Self-employed","Rent","Other",1
"6410",68135,"Male","Grade 12",0,19.25,350431,1.59,663387,31.45,103.87,63.6,"Salaried","Mortgage","Vehicle",0
"7936",81504,"Male","No records",0,18.75,490877,1.82,724115,29.14,96.65,59.5,"Salaried","Rent","Vehicle",0
"7014",73510,"Male","Grade 12",1,17.75,337278,1.67,393892,13.69,47,46.4,"Salaried","Mortgage","Vehicle",0
"4917",54693,"Male","Diploma",3,20.25,678324,1.68,1988869,2.37,16.12,30,"Salaried","Mortgage","Home_improvement",1
"4490",50672,"Female","Grade 12",0,18.75,289429,1.68,203154,9.78,40.6,41.7,"Salaried","Rent","Vehicle",1
"4909",54652,"Female","Grade 12",0,20.25,343595,1.67,449399,28.56,98.06,60.9,"Salaried","Rent","Vehicle",0
"7815",80438,"Male","Postgrad",0,32.25,2697,0.43,6017,10.04,43.21,35.6,"Unemployed","Rent","Debt_consolidation",1
"4847",54146,"Female","Diploma",0,16.75,326902,1.3,1209534,22.3,82.51,53.3,"Salaried","Mortgage","Home_improvement",0
"6206",66601,"Male","No records",0,16.75,190085,1.1,448531,11.06,43.53,35.7,"Salaried","Mortgage","Home_improvement",0
"2176",29683,"Female","Diploma",2,23.75,1312148,1.68,4751216,33.86,114.22,57.1,"Self-employed","Rent","Other",1
"8152",83562,"Male","Grade 12",2,16.75,312400,1.63,602452,9.12,39.17,32.3,"Salaried","Mortgage","Home_improvement",0
"3411",41294,"Female","Diploma",0,35,2525,0.46,9490,2.44,14.1,37.2,"Unemployed","Rent","Debt_consolidation",0
"4012",46382,"Male","Diploma",0,15.25,409556,1.32,124730,27.9,98.84,58.9,"Salaried","Own","Debt_consolidation",1
"6340",67542,"Female","Diploma",0,21.25,675891,1.52,1446210,31.06,107.2,60,"Contract","Mortgage","Vehicle",1
"5828",63175,"Female","Diploma",2,19.25,228091,1.55,484742,20.15,71.43,43.4,"Salaried","Own","Debt_consolidation",1
"1496",23498,"Male","No records",0,18.75,533558,1.19,927021,17.09,62.41,50.9,"Salaried","Rent","Vehicle",0
"8906",90141,"Male","Diploma",2,18.75,573702,2.43,368397,38.83,128.61,62.2,"Self-employed","Mortgage","Vehicle",1
"1522",23845,"Male","Grade 12",0,26.75,539615,1.22,1985740,3.95,19.48,37.9,"Contract","Rent","Other",0
"4768",53420,"Male","Grade 12",2,16.75,697639,0.73,371647,38.39,126.5,73.1,"Salaried","Mortgage","Vehicle",0
"5914",63878,"Female","Grade 12",2,20.25,689187,1.72,2162905,34.55,115.85,61.3,"Salaried","Rent","Vehicle",1
"4373",49652,"Male","Diploma",3,17.75,146855,1.4,299728,21.41,72.26,45.7,"Salaried","Mortgage","Vehicle",0
"6996",73295,"Female","Grade 12",1,18.75,453339,1.05,818786,12.74,48.01,35,"Salaried","Rent","Vehicle",0
"881",18134,"Female","Postgrad",2,21.25,598545,1.85,1545544,20.4,72.29,54.7,"Contract","Mortgage","Vehicle",1
"6069",65391,"Male","Diploma",1,35,5549,0.59,16981,35.82,115.68,66.8,"Unemployed","Rent","Debt_consolidation",1
"5541",60511,"Female","Postgrad",0,22.25,494160,1.6,721922,2.61,16.99,34.5,"Salaried","Rent","Vehicle",1
"4687",52661,"Female","Diploma",2,20.25,328936,1.15,654775,0.85,15.33,32.1,"Salaried","Mortgage","Home_improvement",0
"7321",75843,"Male","Grade 12",0,21.25,2558914,1.44,5828201,7.55,33.04,41.1,"Self-employed","Own","Debt_consolidation",0
"5461",59622,"Male","Grade 12",1,32.25,3515,0.41,7005,18.6,67.13,47.2,"Unemployed","Rent","Debt_consolidation",1
"8125",83294,"Female","Degree",0,21.75,3936746,2.02,12520490,28.42,91.53,55.2,"Self-employed","Mortgage","Debt_consolidation",1
"5079",56046,"Male","Grade 12",0,35,3321,0.46,10103,38.14,122.17,66.5,"Unemployed","Rent","Other",1
"1589",24417,"Male","Diploma",0,18.25,467006,1.18,821840,38.88,133.95,61.1,"Salaried","Mortgage","Home_improvement",1
"73",10696,"Male","Grade 12",0,20.25,593121,2.17,1893076,30.13,100.59,58,"Contract","Mortgage","Home_improvement",0
"6707",70958,"Female","Grade 12",1,18.75,1753530,1.84,4625155,15.29,56.94,41.9,"Self-employed","Mortgage","Home_improvement",1
"9291",93731,"Female","No records",0,21.75,394278,1.24,1296163,26.21,88.19,51.7,"Salaried","Rent","Other",0
"2535",32997,"Female","Grade 12",0,22.25,312961,2.13,911761,7.05,26.23,41,"Contract","Rent","Vehicle",1
"6775",71502,"Female","Diploma",2,20.25,555754,1.58,1921884,1.27,10.39,31,"Salaried","Mortgage","Home_improvement",1
"2232",30194,"Female","Grade 12",0,18.75,2060308,1.9,7251178,18.77,67.76,42.2,"Self-employed","Mortgage","Home_improvement",1
"4771",53455,"Male","Diploma",2,18.75,530922,1.73,1543508,27.1,86.44,56,"Salaried","Rent","Vehicle",1
"9794",98263,"Female","Degree",0,21.25,271417,1.82,932266,0.6,13.17,31.4,"Salaried","Mortgage","Vehicle",0
"1423",22875,"Male","Degree",0,22.75,200643,1.98,394983,26.66,88.87,60.2,"Contract","Mortgage","Vehicle",0
"7290",75599,"Female","Grade 12",1,16.75,599017,1.58,1036980,28.26,100.49,57,"Salaried","Mortgage","Home_improvement",1
"3332",40578,"Female","Diploma",3,17.75,851203,1.67,788059,19.62,75.29,44.9,"Salaried","Mortgage","Vehicle",1
"4190",47872,"Female","Grade 12",1,23.75,1669237,2.2,5519617,7.98,29.15,35,"Self-employed","Rent","Other",0
"5185",57209,"Male","Diploma",0,18.75,601859,1.91,2236274,19.87,71.79,44.9,"Salaried","Rent","Vehicle",0
"209",11961,"Female","Diploma",2,17.75,334727,1.78,704759,8.16,40.97,31.9,"Salaried","Mortgage","Vehicle",1
"1500",23537,"Female","Diploma",1,23.25,1213521,1.77,2070350,16.21,59.3,42.2,"Contract","Mortgage","Debt_consolidation",1
"432",14037,"Female","Degree",0,20.25,366424,1.47,359389,35.12,115.55,61.2,"Salaried","Rent","Vehicle",1
"316",12915,"Female","Grade 12",0,21.75,247416,1,906928,16.31,62.5,45.7,"Salaried","Rent","Other",1
"9790",98236,"Male","Diploma",0,19.75,567160,2.12,262089,12.56,48.5,38.1,"Contract","Rent","Vehicle",0
"6312",67383,"Male","No records",0,16.75,780466,1.13,2764695,14.12,52.1,36.2,"Salaried","Mortgage","Home_improvement",0
"9249",93307,"Female","No records",0,16.75,894294,1.47,2225863,10,41.42,38.6,"Salaried","Mortgage","Home_improvement",0
"1175",20624,"Female","No records",0,19.25,422197,1.07,399728,28.56,95.82,58.9,"Salaried","Own","Debt_consolidation",1
"8879",89966,"Male","Diploma",2,25.25,1409258,1.23,3780517,2.21,14.28,31.5,"Self-employed","Mortgage","Debt_consolidation",0
"8356",85440,"Female","Grade 12",2,19.25,84661,1.49,70123,6.11,30.09,36.9,"Salaried","Mortgage","Vehicle",1
"7162",74641,"Male","Diploma",0,19.25,216940,1.21,598243,39.19,125.04,66.9,"Salaried","Mortgage","Vehicle",1
"7141",74461,"Female","Degree",2,17.75,260731,1.2,880856,30.86,101,56.6,"Salaried","Mortgage","Vehicle",1
"3890",45484,"Female","No records",0,17.75,198421,1.22,209440,10.59,42.68,36.2,"Salaried","Mortgage","Vehicle",1
"6963",73015,"Female","No records",3,17.75,513710,1.32,1733681,19.33,64.9,49.8,"Salaried","Mortgage","Vehicle",0
"4158",47573,"Male","Diploma",0,19.25,315046,1.12,356657,23.21,81.05,53.2,"Salaried","Own","Debt_consolidation",1
"3440",41554,"Female","Grade 12",0,23.25,753448,1.59,1024961,6.16,26.58,31.3,"Salaried","Rent","Other",1
"4574",51593,"Male","Grade 12",0,20.75,290855,1.14,130760,6.2,29.68,36.4,"Salaried","Rent","Other",0
"4243",48478,"Female","Diploma",0,16.75,733411,1.6,1651624,21.68,74.65,48,"Salaried","Mortgage","Home_improvement",1
"2618",33660,"Female","Grade 12",0,17.75,224256,1.74,659651,12.47,50.01,38.1,"Salaried","Mortgage","Vehicle",1
"4760",53372,"Male","Degree",1,23.25,2489167,1.18,2938916,6.22,26.78,36.2,"Self-employed","Mortgage","Debt_consolidation",1
"660",15979,"Female","Grade 12",0,23.25,360383,2.04,1131491,4.81,20.57,31.3,"Salaried","Rent","Other",1
"7103",74240,"Female","No records",0,22.75,423304,1.11,968202,26.99,86.58,58.2,"Contract","Own","Debt_consolidation",0
"8027",82290,"Male","Degree",3,25.25,2571355,1.7,2175149,28.84,97.42,62.2,"Self-employed","Rent","Other",1
"645",15871,"Female","Degree",0,18.25,242480,1.48,921197,35.01,117.24,69.4,"Salaried","Mortgage","Home_improvement",1
"4121",47314,"Male","Grade 12",0,22.75,1019163,2.34,1211173,32.38,109.56,66.1,"Contract","Mortgage","Vehicle",1
"9378",94285,"Female","Diploma",0,20.25,249630,1.7,746543,36.13,117.06,64.1,"Salaried","Rent","Vehicle",0
"457",14242,"Female","Diploma",0,21.25,3170858,1.74,5079141,18.57,65.69,52.7,"Self-employed","Own","Debt_consolidation",1
"4602",51864,"Male","Grade 12",1,17.25,2648108,1.39,1205965,16.62,59.5,44.2,"Self-employed","Mortgage","Vehicle",1
"3294",40274,"Male","Grade 12",0,23.25,692624,1.12,819606,6.15,31.34,39.3,"Salaried","Rent","Other",1
"2750",34955,"Female","Degree",0,18.75,780995,0.99,2816199,16.45,60.22,42.4,"Salaried","Rent","Vehicle",0
"6688",70821,"Male","Grade 12",1,18.75,112436,1.43,170528,25.02,86.88,52.6,"Salaried","Rent","Vehicle",0
"1073",19869,"Female","Degree",0,21.75,844625,1.77,2166739,15.79,57.82,40.8,"Self-employed","Mortgage","Debt_consolidation",1
"6575",69860,"Female","Diploma",0,17.75,227722,1.75,624540,25.14,87.95,51.2,"Salaried","Mortgage","Vehicle",0
"1445",23093,"Male","Grade 12",0,23.75,2481784,0.94,1730304,26.22,88.5,54.2,"Self-employed","Rent","Other",0
"2304",30913,"Male","No records",0,19.75,773734,1.96,638480,19.35,65.99,50.8,"Self-employed","Mortgage","Vehicle",0
"2455",32198,"Male","Degree",2,21.25,2172984,2.2,5946472,37.57,123.21,69.3,"Self-employed","Mortgage","Vehicle",1
"8431",86094,"Male","Degree",0,35,1794,0.59,2167,0.86,18.52,32.8,"Unemployed","Mortgage","Debt_consolidation",0
"3423",41408,"Female","Postgrad",1,16.75,345214,1.33,424524,31.28,104.09,55.2,"Salaried","Mortgage","Home_improvement",0
"8366",85535,"Female","Grade 12",0,20.25,82537,1.13,148891,37.68,125.68,72.5,"Salaried","Rent","Vehicle",0
"9756",97865,"Female","Postgrad",1,35,4503,0.57,3108,32.19,108.75,58.8,"Unemployed","Rent","Other",1
"651",15923,"Male","Grade 12",1,22.75,1774095,1.68,1820832,38.91,126.32,61,"Self-employed","Own","Debt_consolidation",1
"9138",92182,"Female","Diploma",0,33.25,5390,0.32,20357,2.45,20.4,31.3,"Unemployed","Rent","Debt_consolidation",0
"5811",63020,"Male","Degree",1,19.25,711513,1.97,2285022,13.31,51.35,46.6,"Salaried","Own","Debt_consolidation",1
"931",18550,"Female","No records",2,21.75,208859,1.9,516580,22.93,74.35,46.2,"Salaried","Rent","Other",1
"5725",62256,"Male","Postgrad",1,19.75,410153.5,1.55,4884841,30.75,103.52,54.8,"Self-employed","Mortgage","Vehicle",0
"8008",82149,"Female","No records",1,16.75,614807,1.98,772304,20.77,72.8,54.1,"Salaried","Mortgage","Home_improvement",0
"5964",64440,"Female","Grade 12",0,25.25,789593,1.8,2741036,0.86,10.43,31,"Salaried","Rent","Other",1
"8094",83017,"Male","No records",0,21.75,2189418,1.65,5410897,8.13,36.65,31.2,"Self-employed","Mortgage","Debt_consolidation",0
"226",12113,"Female","No records",1,17.75,231009,1.58,607731,25.9,86.9,48.1,"Salaried","Mortgage","Vehicle",0
"8502",86627,"Male","No records",0,20.25,546818,2.16,1831788,39.61,128.87,62.4,"Salaried","Rent","Vehicle",1
"6873",72284,"Male","No records",0,18.25,222418,1.49,322399,38.56,125.45,62.2,"Salaried","Mortgage","Home_improvement",1
"264",12487,"Male","No records",0,34.75,6336,0.58,13309,22.24,74.46,45.2,"Unemployed","Mortgage","Debt_consolidation",1
"795",17369,"Male","Diploma",3,16.75,255096,1.38,319954,24.92,82.83,51.3,"Salaried","Mortgage","Home_improvement",0
"9899",99093,"Male","No records",0,18.75,2752987,0.61,8352467,30.85,100.08,53.8,"Self-employed","Mortgage","Home_improvement",0
"9074",91644,"Male","Grade 12",0,21.75,102743,2.11,369137,10.3,37.15,41.1,"Salaried","Rent","Other",1
"2379",31596,"Female","Grade 12",2,18.25,390659,1.64,587009,37.05,118.81,71.1,"Salaried","Mortgage","Home_improvement",0
"6610",70217,"Male","Diploma",2,35,4183,0.71,15113,29.91,106.79,59.7,"Unemployed","Rent","Debt_consolidation",1
"361",13363,"Female","Diploma",1,16.75,272727,1.62,764664,34.11,113.91,59.9,"Salaried","Mortgage","Home_improvement",0
"9617",96652,"Female","Grade 12",0,21.75,1384912,1.92,1334172,27.47,89.11,55,"Self-employed","Mortgage","Debt_consolidation",1
"8582",87383,"Male","Degree",1,19.25,236084,1.01,700050,39.5,129.34,63.4,"Salaried","Mortgage","Vehicle",1
"8939",90436,"Female","No records",0,20.75,227992,1.18,400380,34.17,116.31,64.2,"Salaried","Own","Debt_consolidation",1
"900",18283,"Female","Degree",1,20.25,632168,1.2,1622084,38.23,126.94,65.6,"Salaried","Rent","Vehicle",0
"4593",51776,"Female","Grade 12",0,21.25,2146521,1.94,4003161,16.21,57.06,38.6,"Self-employed","Own","Debt_consolidation",1
"7566",77967,"Male","Degree",1,18.75,395602,1.88,508635,32.42,107.78,54.6,"Self-employed","Mortgage","Home_improvement",1
"3691",43673,"Female","Grade 12",0,18.75,389749,1.22,816308,11.94,46.5,44.6,"Salaried","Rent","Vehicle",0
"4006",46350,"Male","Degree",0,19.25,623140,1.67,861677,31.17,105.19,61.1,"Salaried","Mortgage","Vehicle",0
"1283",21654,"Female","Degree",0,16.75,570531,1.51,1248744,20.75,71.6,44.6,"Salaried","Mortgage","Home_improvement",0
"8569",87249,"Male","Postgrad",0,21.75,675593,2,1111932,8.21,35.1,41.8,"Salaried","Rent","Other",1
"8545",87024,"Male","Grade 12",2,21.75,334087,1.45,970664,23.41,80.68,57.4,"Salaried","Rent","Other",0
"2019",28090,"Female","Grade 12",0,16.75,227585,1.75,837621,22.78,79,47.5,"Salaried","Mortgage","Home_improvement",0
"4021",46462,"Male","Diploma",0,18.75,169590,1.21,308560,30.32,101.85,54.7,"Salaried","Rent","Vehicle",0
"9470",95238,"Male","Diploma",0,25.25,1230180,1.94,2778622,32.36,107.66,61.2,"Self-employed","Rent","Other",1
"8901",90100,"Female","Diploma",1,17.75,306618,1.45,742943,14.72,54.55,49.6,"Salaried","Mortgage","Vehicle",0
"9125",92046,"Female","Diploma",1,19.75,3339891,1.53,3244873,18.14,67.06,40.7,"Self-employed","Mortgage","Vehicle",1
"3558",42582,"Female","No records",2,23.75,2838640,0.85,8512343,18.82,65.6,43.4,"Self-employed","Rent","Other",1
"7774",80122,"Female","No records",1,16.75,311297,1.33,331293,14.14,54.08,40.1,"Salaried","Mortgage","Home_improvement",1
"7426",76797,"Male","Grade 12",1,19.25,319941,1.68,365135,36.59,116.71,63.6,"Salaried","Mortgage","Vehicle",1
"2842",35765,"Female","Grade 12",2,20.25,284658,1.72,1025569,35.98,121.1,60.4,"Salaried","Rent","Vehicle",1
"1669",25081,"Male","Diploma",0,17.75,707136,0.71,1496470,8.96,35.61,40,"Salaried","Mortgage","Vehicle",0
"5614",61252,"Female","Grade 12",0,27.25,645929,2.44,1517567,0.94,11.65,35,"Self-employed","Rent","Other",0
"6323",67449,"Male","Diploma",1,22.75,691519,2.04,635809,0.74,14.29,33.1,"Salaried","Own","Debt_consolidation",0
"7782",80169,"Male","Grade 12",0,19.25,467580,1.31,696845,3.99,20.92,36.6,"Salaried","Mortgage","Vehicle",0
"7793",80244,"Female","Grade 12",3,35,3466,0.6,2702,7.3,29.59,34.9,"Unemployed","Rent","Debt_consolidation",1
"1337",22117,"Female","Grade 12",1,23.75,3521963,1.67,10984706,22,74.47,51.1,"Self-employed","Rent","Other",0
"7485",77306,"Male","No records",1,16.75,307310,1.43,855731,18.66,68.87,53.1,"Salaried","Mortgage","Home_improvement",0
"1915",27184,"Male","Diploma",0,15.75,377675,1.2,183568,29.47,99.51,60.2,"Salaried","Mortgage","Home_improvement",0
"21",10134,"Male","Grade 12",0,22.75,1163432,1.5,1165731,35.01,115.03,68.3,"Contract","Mortgage","Vehicle",1
"2905",36631,"Male","No records",1,19.25,221926,1.84,486463,27.08,91.8,60.7,"Salaried","Mortgage","Vehicle",0
"2711",34610,"Male","Diploma",0,18.75,390214,1.76,1246643,35.5,118.2,58,"Salaried","Rent","Vehicle",1
"9667",97127,"Male","Degree",4,35,7101,0.6,7192,34.07,108.38,66.7,"Unemployed","Rent","Debt_consolidation",1
"3732",44001,"Female","Grade 12",0,20.75,231431,1.03,99430,25.85,85.35,60.6,"Salaried","Rent","Other",0
"8651",88006,"Female","Diploma",0,23.75,2437889,0.97,2355740,16.85,59.91,51.8,"Self-employed","Rent","Other",1
"7012",73495,"Female","Grade 12",0,30.25,3078,0.71,1363,12.65,45.65,41.4,"Unemployed","Rent","Home_improvement",1
"3214",39554,"Male","Grade 12",1,17.75,459109,1.9,1288121,15.04,51.06,47.1,"Salaried","Mortgage","Vehicle",1
"3144",38917,"Female","Grade 12",0,19.25,265180,1.49,644128,4.01,22.52,26.7,"Salaried","Mortgage","Vehicle",0
"4434",50246,"Female","Degree",0,18.75,337935,1.06,1082225,23.01,77.09,54.9,"Salaried","Rent","Vehicle",0
"2460",32250,"Female","Degree",1,19.25,199830,1.38,327912,13.99,53.6,48.3,"Salaried","Own","Debt_consolidation",1
"5618",61283,"Male","Degree",2,18.25,191898,1.65,250182,5.3,29.43,29.9,"Salaried","Mortgage","Home_improvement",0
"8786",89100,"Female","Grade 12",0,32.25,5892,0.39,20630,7.96,37.49,42.6,"Unemployed","Rent","Debt_consolidation",1
"8561",87160,"Female","Grade 12",1,33.25,3787,0.42,10647,30.26,99.84,57.2,"Unemployed","Rent","Other",1
"3484",41928,"Male","Grade 12",1,18.75,80452,1.5,222754,17.95,73,43.1,"Salaried","Rent","Vehicle",0
"5662",61659,"Female","Diploma",0,21.25,755312,0.93,1542474,11.17,48.59,37.1,"Contract","Mortgage","Vehicle",0
"5459",59577,"Male","Grade 12",0,19.25,508483,1.6,1886132,36.72,125.13,59.4,"Salaried","Own","Debt_consolidation",0
"4700",52775,"Male","Grade 12",2,23.25,164537,1.31,129588,39.31,126.91,70.6,"Salaried","Rent","Other",1
"8577",87312,"Male","Grade 12",0,16.75,511208,1.78,1561327,7.54,25.18,31.5,"Salaried","Mortgage","Home_improvement",1
"9889",99023,"Male","Diploma",1,20.75,319181,1.36,194739,33.24,106.61,63.7,"Salaried","Rent","Other",1
"5364",58685,"Female","Diploma",2,16.75,793979,1.15,2077049,7.95,29.3,42.3,"Salaried","Mortgage","Home_improvement",0
"5829",63176,"Male","Grade 12",0,19.25,531603,1.88,1142501,13.09,49.35,35.9,"Salaried","Own","Debt_consolidation",0
"3720",43868,"Male","Degree",0,17.75,561899,1.69,642449,19.8,66.54,47.7,"Salaried","Mortgage","Vehicle",0
"2716",34650,"Female","Grade 12",0,24.25,601236,1.46,1192902,29.13,96.72,61.3,"Contract","Own","Debt_consolidation",1
"6281",67126,"Male","No records",2,25.25,499483,1.7,1117087,5.88,24.55,27.9,"Self-employed","Rent","Other",1
"7377",76297,"Female","Grade 12",3,18.75,335357,1.24,247405,23.02,81.43,54.7,"Salaried","Rent","Vehicle",1
"8086",82992,"Male","Postgrad",1,20.25,509879,1.58,1481835,37.18,124.2,69.3,"Salaried","Rent","Vehicle",1
"733",16771,"Male","Grade 12",0,20.25,1215388,2.29,3885900,5.18,27.46,33.1,"Self-employed","Mortgage","Home_improvement",1
"4882",54476,"Female","Degree",0,23.75,1011159,2.29,2184612,15.98,55.47,46.9,"Self-employed","Rent","Other",1
"693",16368,"Male","No records",0,23.75,610929,1.37,739526,10.44,46.95,38.4,"Self-employed","Rent","Other",0
"4992",55249,"Male","Diploma",1,16.75,466898,1.02,713450,20.74,74.88,45.8,"Salaried","Mortgage","Home_improvement",0
"8701",88441,"Female","Grade 12",2,17.75,550905,1.07,417106,9.86,40.56,34.4,"Salaried","Mortgage","Vehicle",1
"9394",94389,"Male","Grade 12",1,18.25,228883,1.44,684375,4.76,21.39,28.5,"Salaried","Mortgage","Home_improvement",0
"9456",95080,"Male","Degree",0,19.25,142112,1.08,156161,4.91,23.64,38.3,"Salaried","Mortgage","Vehicle",0
"1378",22486,"Female","No records",1,16.75,379544,1.17,496763,10.79,42.57,34.2,"Salaried","Mortgage","Home_improvement",1
"9438",94858,"Female","No records",0,35,4737,0.52,15397,27.01,89,55.8,"Unemployed","Rent","Debt_consolidation",1
"4120",47311,"Female","No records",0,22.75,2454680,1.84,9033101,37.77,122.81,67,"Self-employed","Own","Debt_consolidation",1
"5164",56957,"Male","Grade 12",1,23.25,3702219,2.45,5438278,0.56,14.79,32.9,"Self-employed","Mortgage","Vehicle",1
"2113",29071,"Female","Grade 12",0,22.75,2754278,1.38,2516163,6.28,27.01,38,"Self-employed","Own","Debt_consolidation",0
"6953",72922,"Male","No records",0,23.75,664027,0.81,2232555,31.45,96.93,66.4,"Contract","Rent","Vehicle",1
"8702",88444,"Female","Grade 12",0,18.25,140235,1.63,136997,38.14,124.49,69.9,"Salaried","Mortgage","Home_improvement",1
"2350",31354,"Male","Diploma",0,22.25,296007,1.86,425061,24.84,85.36,55.5,"Contract","Rent","Vehicle",1
"7945",81591,"Male","Grade 12",0,21.25,1512722,1.77,1566718,28.29,91.82,56.1,"Contract","Mortgage","Vehicle",1
"579",15352,"Female","No records",2,18.75,269522,1.96,732084,15.8,54.39,39.4,"Salaried","Rent","Vehicle",0
"9791",98249,"Male","Grade 12",0,33.25,4713,0.5,3129,24.22,87.53,57.3,"Unemployed","Rent","Debt_consolidation",0
"5478",59812,"Female","Diploma",0,18.75,488374,2.25,738619,30.55,100.02,59.8,"Salaried","Rent","Vehicle",1
"9419",94603,"Female","Diploma",0,20.25,1331634,1.17,2599135,5.84,29,40,"Self-employed","Mortgage","Home_improvement",0
"5647",61533,"Female","Diploma",0,21.25,1934328,1.35,5991998,31.89,105.25,56.7,"Self-employed","Own","Debt_consolidation",0
"2998",37480,"Male","Grade 12",0,19.75,866263,1.64,1105724,10.16,38.23,40.5,"Self-employed","Mortgage","Vehicle",1
"5432",59297,"Female","No records",1,35,4348,0.6,5594,13.41,47.71,35.8,"Unemployed","Rent","Other",1
"7711",79412,"Male","Diploma",0,23.25,249120,2.13,384542,18.74,68.83,52.3,"Contract","Mortgage","Debt_consolidation",1
"7466",77135,"Female","Grade 12",0,22.25,2170279,1.8,7351658,2.39,21.01,31.8,"Self-employed","Mortgage","Home_improvement",1
"4591",51762,"Male","Diploma",2,20.75,379495,0.95,170584,3.98,30.63,27.2,"Salaried","Rent","Other",0
"4884",54483,"Male","Degree",0,25.25,1535772,2,2420322,34.88,112.18,60.3,"Self-employed","Rent","Other",1
"3704",43762,"Female","No records",0,19.25,412192,1,802998,25.41,78.68,57.1,"Salaried","Own","Debt_consolidation",0
"1206",20886,"Male","Grade 12",2,18.25,423192,1.55,613956,3.13,13.65,32.1,"Salaried","Mortgage","Home_improvement",0
"3611",43063,"Male","Postgrad",2,25.25,1011370,2.54,3192051,32.22,109.92,66.6,"Self-employed","Rent","Other",1
"4042",46641,"Female","No records",1,19.25,335483,1.65,946543,24.5,87.57,50,"Salaried","Own","Debt_consolidation",0
"6011",64882,"Male","Diploma",2,18.75,318987,0.96,215557,12.96,46.32,39.3,"Salaried","Rent","Vehicle",0
"4830",54030,"Female","Grade 12",0,21.75,117041,1.72,268831,25.15,80.32,59.2,"Salaried","Rent","Other",1
"6731",71145,"Male","Grade 12",2,17.75,224482,1.53,370277,7.1,35.74,34.7,"Salaried","Mortgage","Vehicle",0
"944",18698,"Male","Diploma",0,20.25,743553,1.82,2004256,38.75,120.39,69.8,"Salaried","Rent","Vehicle",0
"6569",69834,"Female","Degree",0,19.75,2906578,1.41,750670,20.24,67.75,46.3,"Self-employed","Mortgage","Vehicle",1
"3140",38882,"Female","No records",2,20.25,575212,1.86,1038914,39.97,129.79,71.4,"Salaried","Rent","Vehicle",1
"9504",95494,"Male","No records",0,23.75,1888140,1.9,2208101,9.26,32.77,39,"Self-employed","Rent","Other",1
"1223",21020,"Female","Diploma",0,18.75,272176,2.02,450503,10.11,39.65,40.3,"Salaried","Rent","Vehicle",1
"6321",67435,"Male","Postgrad",2,20.25,279619,1.62,728993,5.16,22.68,40.1,"Salaried","Rent","Vehicle",0
"6453",68569,"Female","No records",0,19.75,1792672,1.09,4919088,15.15,55.79,40.6,"Self-employed","Mortgage","Vehicle",1
"7929",81434,"Female","Postgrad",1,18.75,423576,1.93,542711,33.55,114.01,55.6,"Salaried","Rent","Vehicle",0
"6804",71747,"Female","Diploma",0,19.25,323157,1.3,1141088,20.61,70.14,45.1,"Salaried","Own","Debt_consolidation",1
"9230",93039,"Male","Grade 12",1,34.75,6282,0.46,9275,16.23,61.28,48.4,"Unemployed","Mortgage","Debt_consolidation",1
"8971",90729,"Male","No records",0,27.25,6288,0.34,2591,10.79,43.31,41.7,"Unemployed","Rent","Debt_consolidation",1
"7593",78242,"Female","Diploma",2,18.75,425562,1.65,297695,14.53,61.42,48.9,"Salaried","Rent","Vehicle",0
"6373",67870,"Male","Diploma",0,24.75,509001,1.71,1143416,3.48,21.2,35.2,"Contract","Mortgage","Debt_consolidation",0
"7944",81581,"Female","Grade 12",0,22.75,471083,2.18,1786242,9.82,36.35,43,"Contract","Own","Debt_consolidation",0
"6237",66836,"Female","Grade 12",0,19.25,311311,2.14,247506,35.93,119.78,61.8,"Salaried","Mortgage","Vehicle",1
"9547",95994,"Male","Grade 12",0,24.75,655531,1.55,1248942,0.62,14.3,28.3,"Contract","Mortgage","Vehicle",1
"3213",39518,"Female","Grade 12",2,22.25,1212177,1.67,569365,4.29,20.71,36.3,"Contract","Mortgage","Debt_consolidation",1
"7931",81460,"Female","Degree",0,33.75,4222,0.41,7190,4.94,30.23,32,"Unemployed","Rent","Debt_consolidation",0
"3727",43938,"Female","No records",0,18.25,259945,1.19,259149,5.05,23.25,38,"Salaried","Mortgage","Home_improvement",0
"4654",52319,"Male","No records",2,15.75,94788,1.27,43584,37.22,125.09,65.3,"Salaried","Mortgage","Home_improvement",0
"9736",97728,"Male","Grade 12",1,21.25,2095617,1.72,6614685,13.74,56.17,47.6,"Self-employed","Own","Debt_consolidation",0
"9952",99561,"Female","No records",1,35,3367,0.62,9735,32.9,112.84,66.1,"Unemployed","Rent","Debt_consolidation",1
"4714",52920,"Female","Grade 12",0,14.25,156269,1.45,55509,7.06,33.12,40.5,"Salaried","Mortgage","Home_improvement",0
"4710",52854,"Female","Grade 12",0,18.75,913086,1.51,2959235,20.05,72.18,54.6,"Self-employed","Mortgage","Home_improvement",1
"3092",38328,"Female","Grade 12",3,16.75,361434,1.33,767912,7.78,32.76,40.9,"Salaried","Mortgage","Home_improvement",0
"8339",85282,"Male","Diploma",0,19.25,347800,1.38,466682,18.62,64.15,45.6,"Salaried","Own","Debt_consolidation",1
"6313",67390,"Female","Grade 12",2,18.25,494900,1.43,1050633,39.86,132.07,73.6,"Salaried","Mortgage","Home_improvement",1
"4559",51451,"Male","Diploma",0,35,7088,0.68,16872,10.93,41.38,45.8,"Unemployed","Rent","Debt_consolidation",1
"5092",56164,"Male","Grade 12",0,16.75,385025,1.57,928155,12.88,51.67,45.6,"Salaried","Mortgage","Home_improvement",1
"9236",93152,"Male","Diploma",0,23.75,2007017,2.31,6048437,21.4,75.03,54.1,"Self-employed","Rent","Other",0
"5340",58560,"Male","Grade 12",0,19.25,148676,1.53,195931,33.91,110.16,67.9,"Salaried","Mortgage","Vehicle",1
"3789",44589,"Female","Postgrad",0,20.25,292406,1.48,921482,2.84,16.54,34.1,"Salaried","Mortgage","Home_improvement",0
"39",10322,"Male","Grade 12",0,18.75,147688,1.54,196145,28.35,99.76,52.7,"Salaried","Rent","Vehicle",0
"3766",44291,"Female","Diploma",0,18.25,450672,1.58,343323,5.3,29.75,31.8,"Salaried","Mortgage","Home_improvement",0
"7578",78075,"Female","Diploma",0,20.25,166225,1.66,473972,34.37,110.96,62.9,"Salaried","Rent","Vehicle",1
"3892",45488,"Male","No records",0,24.25,143155,2.12,502945,38.01,123.4,69,"Contract","Own","Debt_consolidation",1
"6744",71263,"Female","Grade 12",0,20.75,288549,1.56,232449,35.55,119.97,69.7,"Salaried","Own","Debt_consolidation",1
"4990",55219,"Female","Grade 12",1,16.75,128019,1,449875,11.37,44.7,33.8,"Salaried","Mortgage","Home_improvement",0
"6958",72962,"Female","Degree",0,19.25,437812,1.32,1282964,30.92,101.79,65.7,"Salaried","Mortgage","Vehicle",1
"8402",85823,"Male","Grade 12",1,17.75,351140,1.44,737466,8.74,33.04,37.8,"Salaried","Mortgage","Vehicle",1
"8336",85257,"Female","Postgrad",0,20.25,503228,1.09,1699379,37.1,123.14,66.3,"Salaried","Rent","Vehicle",0
"6500",69020,"Female","Diploma",1,35,3750,0.52,11159,2.14,16.47,34.5,"Unemployed","Mortgage","Debt_consolidation",0
"9855",98678,"Male","Postgrad",0,21.75,100683,1.75,363056,21.89,79.55,50.4,"Salaried","Rent","Other",1
"7364",76184,"Female","Degree",0,23.25,2721248,1.5,6088580,5.66,22.08,29.8,"Self-employed","Mortgage","Debt_consolidation",0
"4955",54947,"Female","No records",0,25.25,412913,2.21,706826,36.38,124.75,65.8,"Self-employed","Rent","Other",1
"7050",73782,"Male","No records",1,22.75,750159,2.1,2266442,25.77,86.04,60.4,"Contract","Mortgage","Vehicle",0
"165",11603,"Male","Diploma",0,34.75,4929,0.74,18217,28.45,90.85,53.7,"Unemployed","Mortgage","Debt_consolidation",1
"1087",19980,"Male","Grade 12",0,23.75,1861502,2.37,4987149,34.09,114.86,58.3,"Self-employed","Rent","Other",1
"4084",47037,"Female","No records",0,18.75,209905,1.55,591127,16.8,57.18,40.3,"Salaried","Rent","Vehicle",1
"9200",92773,"Male","Diploma",3,16.75,305925,1.62,975662,9.78,39.4,42.5,"Salaried","Mortgage","Home_improvement",1
"3300",40322,"Female","Grade 12",2,25.25,708500,1.96,597143,37.68,124.44,72.2,"Self-employed","Rent","Other",0
"3747",44157,"Female","Diploma",0,16.75,595131,1.49,1336120,10.88,43.31,39.7,"Salaried","Mortgage","Home_improvement",0
"7513",77590,"Female","No records",2,18.75,974485,1.42,3620941,27.76,95.92,59.9,"Self-employed","Mortgage","Home_improvement",1
"9349",94092,"Male","Grade 12",2,21.75,633027,1.39,770739,17.32,57.91,45.8,"Salaried","Rent","Other",0
"2429",31934,"Female","Diploma",0,19.75,2780266,2.26,2379524,16.15,58.36,43.7,"Self-employed","Mortgage","Vehicle",0
"9712",97505,"Male","No records",2,16.75,309019,1.51,505265,29.03,95.58,59.6,"Salaried","Mortgage","Home_improvement",1
"7115",74291,"Female","No records",0,23.75,1323390,1.96,2811703,4.27,24.99,29.6,"Contract","Rent","Vehicle",1
"4901",54620,"Female","Grade 12",1,17.75,268836,1.55,585419,11.43,41.3,43.8,"Salaried","Mortgage","Vehicle",0
"9620",96673,"Male","No records",2,20.25,339177,1.73,397348,6.36,33.16,34.3,"Salaried","Rent","Vehicle",0
"5735",62336,"Female","Degree",0,14.75,2337874,1.63,718014,12.24,47.48,42,"Self-employed","Mortgage","Home_improvement",0
"8529",86889,"Male","Grade 12",0,20.25,502716,1.8,1869064,39.12,129.81,65.1,"Self-employed","Mortgage","Home_improvement",1
"3696",43689,"Female","Diploma",0,22.25,280580,1.58,480596,1.95,17.45,32.1,"Salaried","Rent","Vehicle",0
"6730",71135,"Female","No records",0,16.75,343562,1.79,301872,19.58,65.92,49.2,"Salaried","Mortgage","Home_improvement",0
"7828",80594,"Male","Grade 12",3,18.25,509519,1.38,1617899,36.79,116.59,65.1,"Salaried","Mortgage","Home_improvement",1
"3167",39073,"Male","No records",0,19.25,349091,1.43,280984,10.37,39.82,41.3,"Salaried","Own","Debt_consolidation",0
"8885",90006,"Male","Degree",1,17.75,350150,1.31,1034110,19.93,67.03,53.4,"Salaried","Mortgage","Vehicle",0
"7765",80055,"Female","No records",0,15.25,600496,1.16,305935,8.17,29.42,41.5,"Salaried","Mortgage","Vehicle",0
"9971",99752,"Female","Degree",1,19.25,491383,1.81,1335418,36.57,122.32,63.6,"Salaried","Mortgage","Vehicle",1
"9499",95455,"Male","Postgrad",2,23.75,1276905,1.47,2401914,33.06,110.11,67.4,"Contract","Rent","Vehicle",0
"1408",22724,"Male","Degree",2,18.75,290228,1.04,816501,20.65,73.55,43.8,"Salaried","Rent","Vehicle",1
"8154",83593,"Male","Grade 12",0,16.75,343736,1.81,1294486,14.16,52.4,47.7,"Salaried","Mortgage","Home_improvement",0
"2525",32889,"Male","Diploma",1,35,9769,0.49,16265,26.98,95.44,55.4,"Unemployed","Rent","Debt_consolidation",1
"7537",77760,"Female","Grade 12",0,23.75,1220946,1.96,1073335,38.84,124.07,66,"Contract","Rent","Vehicle",1
"8295",84923,"Male","Grade 12",0,26.75,451491,0.99,310470,4.23,22.88,37,"Contract","Rent","Other",0
"7433",76865,"Male","Degree",1,19.75,3675213,1.8,12637662,11.15,44,43,"Self-employed","Mortgage","Vehicle",0
"127",11184,"Female","No records",0,18.75,609527,1.28,488974,15.79,57.02,49.2,"Self-employed","Mortgage","Home_improvement",0
"1078",19912,"Male","Postgrad",1,18.75,387954,1.92,357865,9.22,37.14,35.5,"Salaried","Rent","Vehicle",0
"674",16143,"Male","Degree",1,25.25,1936599,1.67,2599564,2.48,16.12,29.8,"Self-employed","Mortgage","Debt_consolidation",0
"2557",33142,"Female","Grade 12",0,18.75,72906,1.52,193759,21.26,75.77,48.1,"Salaried","Rent","Vehicle",0
"1163",20552,"Male","Degree",3,21.25,798529,1.5,1297494,20.94,70.05,49.6,"Contract","Mortgage","Vehicle",1
"8052",82637,"Male","Diploma",0,20.25,406856,1.48,1131552,35.71,116.59,61.4,"Salaried","Rent","Vehicle",1
"7983",81963,"Female","Diploma",0,20.25,479193,1.32,828319,23.47,79.08,49.1,"Contract","Mortgage","Home_improvement",1
"1701",25393,"Female","No records",1,16.75,701967,1.42,1786096,13.44,48.57,44.4,"Salaried","Mortgage","Home_improvement",1
"2105",29018,"Female","Grade 12",1,19.25,418429,1.95,1099812,38.65,128.65,60.8,"Salaried","Mortgage","Vehicle",1
"7378",76311,"Male","No records",0,27.25,2554,0.32,1031,8.26,35.1,38,"Unemployed","Rent","Debt_consolidation",1
"1061",19793,"Female","No records",2,33.75,2661,0.58,4037,22.66,84.04,56.7,"Unemployed","Rent","Vehicle",1
"1732",25652,"Female","Grade 12",0,22.75,266474,1.94,260644,37.49,122.65,68.3,"Contract","Mortgage","Vehicle",1
"5430",59285,"Female","No records",2,16.75,155661,1.65,378022,11.82,50.54,35.5,"Salaried","Mortgage","Home_improvement",0
"8626",87715,"Male","Diploma",0,16.75,469703,1.8,383375,26.4,93.28,54.3,"Salaried","Mortgage","Home_improvement",1
"9928",99353,"Male","No records",2,17.75,334859,1.42,1184311,35.45,120.48,58.9,"Salaried","Mortgage","Vehicle",1
"9087",91763,"Female","Grade 12",1,20.75,472290,2.09,535804,32.45,107.08,60.9,"Salaried","Own","Debt_consolidation",0
"2312",30987,"Female","Diploma",0,18.25,271596,1.86,438036,32.16,109.91,63.2,"Salaried","Mortgage","Home_improvement",1
"2278",30629,"Female","Grade 12",0,19.25,678938,1.2,978566,8.48,33.17,37.6,"Salaried","Own","Debt_consolidation",0
"1064",19819,"Male","Grade 12",2,14.25,317254,1.71,117024,11.32,44.76,42.8,"Salaried","Mortgage","Home_improvement",0
"2",10026,"Male","Grade 12",0,33.75,7701,0.51,25785,24.24,82.92,50.8,"Unemployed","Rent","Vehicle",0
"5429",59275,"Male","Grade 12",1,23.75,500799,2.33,1432676,29.79,98.28,54.1,"Self-employed","Rent","Other",0
"164",11571,"Female","No records",0,18.25,517186,1.69,1034498,35.82,113.25,69.8,"Salaried","Mortgage","Home_improvement",1
"9536",95841,"Male","Degree",0,25.25,186597,1.04,128758,39.22,124.73,61.4,"Self-employed","Rent","Other",1
"7001",73349,"Male","No records",0,32.25,6511,0.4,12782,7.42,34.61,41.9,"Unemployed","Rent","Debt_consolidation",0
"5466",59686,"Female","Grade 12",2,16.75,703876,1.75,1256550,26.41,86.77,55.1,"Salaried","Mortgage","Home_improvement",0
"592",15457,"Female","Grade 12",0,19.75,754001,1.32,2694996,21.17,73.38,46.3,"Self-employed","Mortgage","Vehicle",0
"9751",97841,"Female","Grade 12",0,33.25,8059,0.43,16160,16.86,62.53,44.4,"Unemployed","Rent","Other",0
"210",11969,"Female","No records",0,35,4238,0.56,7584,39.55,127.04,66.9,"Unemployed","Mortgage","Debt_consolidation",0
"8219",84158,"Female","Grade 12",0,19.75,1479409,1.78,4940306,24.92,86.47,52.2,"Self-employed","Mortgage","Vehicle",0
"3697",43690,"Female","Grade 12",1,18.75,386542,1.61,1394547,19.6,68.28,42.3,"Salaried","Rent","Vehicle",0
"6369",67823,"Female","No records",0,25.25,717664,1.56,927590,35.93,112.6,65.7,"Self-employed","Rent","Other",1
"5752",62457,"Female","No records",2,23.75,541421,1.51,1580121,20.32,74.43,54.8,"Self-employed","Rent","Other",1
"3523",42232,"Female","Grade 12",0,22.75,468440,1.47,1502800,2.83,20.08,34.5,"Salaried","Own","Debt_consolidation",0
"9366",94226,"Female","Degree",2,26.75,154587,2.44,367298,4.04,19.95,28.6,"Contract","Rent","Other",1
"4339",49317,"Female","No records",0,17.75,515272,1.88,510155,24.86,82.32,56,"Salaried","Mortgage","Vehicle",1
"4673",52541,"Male","Diploma",0,20.75,596185,1.47,2239063,6.74,33.89,36,"Salaried","Own","Debt_consolidation",0
"406",13820,"Male","No records",1,18.25,197432,1.38,344644,28.42,94.86,60.1,"Salaried","Mortgage","Home_improvement",1
"1672",25109,"Male","Grade 12",0,22.25,194626,0.91,253800,28.33,95.96,52.3,"Contract","Rent","Vehicle",1
"4684",52633,"Male","Grade 12",0,34.75,5210,0.5,3564,16.03,56.85,41.8,"Unemployed","Mortgage","Debt_consolidation",0
"7013",73496,"Male","Diploma",0,21.75,380476,1.55,1414986,24.73,85.94,52.9,"Salaried","Rent","Other",1
"7130",74378,"Female","Grade 12",1,22.25,637291,1.9,884509,17.74,64.37,49,"Contract","Rent","Vehicle",0
"6226",66751,"Male","Diploma",0,21.75,137589,1.43,96721,20.64,71.83,50.8,"Salaried","Rent","Other",0
"3935",45796,"Female","Diploma",0,35,4353,0.56,6930,6.72,29.43,36,"Unemployed","Rent","Other",1
"1721",25588,"Female","Postgrad",0,16.75,258310,1.57,306075,29.6,100.26,52.3,"Salaried","Mortgage","Home_improvement",0
"1754",25821,"Female","Degree",0,20.25,305708,1.41,795252,38.66,126.53,69.5,"Salaried","Rent","Vehicle",1
"4124",47323,"Male","Degree",0,16.75,208083,1.56,636942,34.17,114.3,59.2,"Salaried","Mortgage","Home_improvement",1
"3123",38715,"Male","Diploma",3,22.75,2283106,2.4,8507307,3.87,20.26,28,"Self-employed","Own","Debt_consolidation",0
"9001",91054,"Female","Diploma",0,24.75,499744,1.46,1889280,5.79,28.5,37.3,"Contract","Mortgage","Debt_consolidation",0
"2700",34515,"Male","No records",2,31.75,3098,0.57,975,17.95,66.6,47.1,"Unemployed","Rent","Debt_consolidation",0
"6488",68931,"Male","No records",3,20.75,700980,1.29,455569,32.54,107.89,60.3,"Salaried","Rent","Other",1
"4364",49592,"Female","Degree",1,21.75,246553,1.55,392495,25.13,85.58,50.2,"Salaried","Rent","Other",0
"6174",66342,"Male","Grade 12",0,34.75,5217,0.5,18038,21.72,72.72,47.2,"Unemployed","Mortgage","Debt_consolidation",1
"8652",88011,"Female","Postgrad",0,16.75,382118,1.13,916930,11.94,42.71,43.6,"Salaried","Mortgage","Home_improvement",0
"3860",45256,"Male","Grade 12",3,16.75,386934,1.32,607498,27.98,87.01,60,"Salaried","Mortgage","Home_improvement",0
"7173",74728,"Male","Postgrad",1,17.75,472134,1.48,1042685,21.47,68.43,51.7,"Salaried","Mortgage","Vehicle",0
"7683",79160,"Female","No records",0,18.75,532322,1.17,1345658,14.11,56.08,40.7,"Salaried","Rent","Vehicle",0
"7574",78066,"Female","Grade 12",0,20.25,436521,1.66,684996,37.98,125.54,62.3,"Salaried","Rent","Vehicle",1
"3940",45854,"Male","Degree",0,18.25,784369,1.62,2671116,33.92,108.62,62.5,"Salaried","Mortgage","Home_improvement",1
"9981",99828,"Male","Diploma",1,19.25,152630,1.95,360822,12.66,52.89,35,"Salaried","Own","Debt_consolidation",1
"4209",48042,"Male","Postgrad",3,22.25,1040639,1.47,1498243,26.02,87.58,49.3,"Contract","Rent","Vehicle",0
"634",15802,"Female","Grade 12",0,34.75,4081,0.49,2192,5.8,28.77,28.5,"Unemployed","Rent","Debt_consolidation",0
"5165",56967,"Female","Grade 12",1,34.75,3167,0.46,9307,15.88,57.88,45.1,"Unemployed","Mortgage","Debt_consolidation",0
"1729",25639,"Female","Diploma",0,18.25,244158,1.49,120791,4.35,25.99,37.9,"Salaried","Own","Debt_consolidation",0
"2435",31983,"Female","Diploma",0,18.75,707344,1.39,497538,28.32,95.74,59.6,"Salaried","Rent","Vehicle",1
"7416",76647,"Male","Diploma",0,16.75,225370,1.7,330450,22.12,79.05,55.4,"Salaried","Mortgage","Home_improvement",0
"5514",60179,"Female","Degree",2,16.75,269346,1.36,983129,7.52,35.16,40.4,"Salaried","Mortgage","Home_improvement",1
"9630",96770,"Male","Diploma",1,21.25,447000,1.23,1029280,16.12,60.21,48.2,"Self-employed","Own","Debt_consolidation",0
"4188",47852,"Female","Diploma",1,20.25,892652,1.82,3017094,20.32,71.11,50.3,"Contract","Mortgage","Home_improvement",0
"6274",67055,"Male","Postgrad",0,16.25,306289,1.4,95053,4.82,22.89,33.1,"Salaried","Rent","Vehicle",1
"746",16923,"Male","Grade 12",2,17.75,271945,2,927679,11.52,46.62,46.1,"Salaried","Mortgage","Vehicle",1
"5163",56945,"Male","Degree",0,35,4792,0.6,4648,22.16,78.98,47.2,"Unemployed","Rent","Debt_consolidation",1
"3179",39179,"Male","Diploma",0,25.25,3657677,3.09,10175495,30.35,104.76,62,"Self-employed","Rent","Other",1
"4904",54632,"Female","Grade 12",0,16.75,559675,1.78,1647548,34.88,106.44,58.8,"Salaried","Mortgage","Home_improvement",0
"6684",70793,"Female","No records",1,35,6091,0.61,8596,13.22,47.2,35.4,"Unemployed","Rent","Other",0
"6574",69859,"Male","Diploma",2,19.75,540270,1.69,219163,0.05,14.79,27.5,"Salaried","Rent","Vehicle",0
"7879",80999,"Female","Diploma",2,18.75,186458,1.57,436413,8.22,35.65,33.3,"Salaried","Rent","Vehicle",0
"7822",80553,"Male","Degree",0,22.25,3669596,1.9,10286140,2.11,11.64,28.2,"Self-employed","Mortgage","Home_improvement",0
"8995",91014,"Male","Grade 12",1,16.25,3012826,2.36,1666978,22.78,77.15,51.9,"Self-employed","Mortgage","Home_improvement",1
"288",12660,"Female","No records",2,23.75,612367,1.95,516555,37.3,119.66,60.8,"Contract","Rent","Vehicle",1
"8108",83135,"Female","Grade 12",0,35,7007,0.53,18782,9.74,35.74,32.6,"Unemployed","Rent","Debt_consolidation",1
"8790",89130,"Female","No records",0,16.75,848634,1.56,2567829,33.41,110,57.8,"Salaried","Mortgage","Home_improvement",1
"2530",32928,"Female","No records",1,34.75,6972,0.48,16868,25.53,89.69,55.5,"Unemployed","Mortgage","Debt_consolidation",1
"1594",24498,"Female","Diploma",0,23.75,2130699,1.48,6423263,22.44,77.14,54.4,"Self-employed","Rent","Other",0
"7564",77959,"Female","Diploma",0,25.25,477916,1.18,1294042,0.1,12.5,33.3,"Salaried","Rent","Other",0
"3687",43641,"Male","Grade 12",2,21.75,338288,1.32,400484,35.75,118.68,59.8,"Salaried","Rent","Other",1
"625",15739,"Female","Grade 12",0,19.25,175931,1.33,124510,9.05,35.33,32.3,"Salaried","Own","Debt_consolidation",0
"5511",60149,"Male","No records",2,23.75,1133929,1.82,1167570,17.69,68.36,52.1,"Self-employed","Rent","Other",0
"8501",86608,"Male","Diploma",0,18.25,355910,0.96,941573,31.8,106.58,60.8,"Salaried","Mortgage","Home_improvement",0
"1622",24739,"Male","Degree",0,25.25,1951317,1.62,7295342,29.28,97.46,61.1,"Self-employed","Rent","Other",0
"8258",84574,"Male","Grade 12",3,24.75,727037,1.95,1304907,1.76,15,29.1,"Contract","Mortgage","Vehicle",1
"7680",79132,"Female","Grade 12",0,18.75,607132,1.17,643019,15.73,56.22,47,"Salaried","Rent","Vehicle",0
"8448",86202,"Female","Diploma",1,17.75,295270,1.62,100201,37.15,122.62,63.4,"Salaried","Rent","Vehicle",0
"8905",90140,"Male","Diploma",0,17.75,187944,1.06,518766,13.76,54.75,38,"Salaried","Mortgage","Vehicle",0
"9317",93914,"Male","Diploma",3,35,4895,0.54,6421,38.93,127.62,70.5,"Unemployed","Rent","Debt_consolidation",1
"2765",35066,"Female","Grade 12",0,19.25,336926,1.51,1243034,37.03,117.65,62.5,"Salaried","Mortgage","Vehicle",0
"6451",68550,"Male","Grade 12",2,18.25,521454,1.55,1488859,33.86,114.06,64.2,"Salaried","Mortgage","Home_improvement",0
"4191",47876,"Female","Diploma",0,20.75,291837,1.58,682076,5.82,24.76,35,"Salaried","Own","Debt_consolidation",1
"2792",35356,"Male","Grade 12",1,25.25,2637815,2.48,5303083,34.07,109.51,66.4,"Self-employed","Rent","Other",1
"2321",31074,"Male","Postgrad",1,16.75,423610,1.65,1366045,27.46,93.69,58.1,"Salaried","Mortgage","Home_improvement",0
"6469",68752,"Female","No records",0,16.75,204862,2.2,179718,28.25,88.3,52.1,"Salaried","Mortgage","Home_improvement",1
"4183",47814,"Female","Grade 12",0,21.75,439664,0.87,828318,22.8,74.86,53.5,"Salaried","Rent","Other",0
"7206",74949,"Female","No records",0,19.25,177141,1.88,166873,5.92,24.18,39.4,"Salaried","Mortgage","Vehicle",0
"3414",41320,"Male","No records",0,19.25,184048,1.17,335715,17.81,59.29,44.3,"Salaried","Own","Debt_consolidation",0
"3120",38664,"Male","Diploma",0,17.75,416582,0.65,629339,28.87,100.81,58,"Salaried","Mortgage","Vehicle",1
"2755",35000,"Female","Degree",0,21.75,492945,1,801242,15.68,52.68,50.7,"Salaried","Rent","Other",0
"1138",20413,"Female","No records",2,21.25,1996984,1.94,640632,5.91,26.23,39.1,"Self-employed","Rent","Other",0
"9086",91761,"Male","Grade 12",0,19.25,503131,1.3,849266,38.4,125.87,61.8,"Salaried","Mortgage","Vehicle",0
"197",11844,"Male","Diploma",0,20.75,126350,1.36,159770,32.92,105.97,66.5,"Salaried","Own","Debt_consolidation",0
"8081",82967,"Female","Degree",0,18.75,557378,0.95,1324617,19.63,70.92,48.9,"Salaried","Rent","Vehicle",1
"769",17082,"Female","Diploma",0,17.75,131538,1.23,146871,23.1,74.74,54.8,"Salaried","Mortgage","Vehicle",0
"865",17984,"Male","No records",1,21.75,216468,1.96,239333,26.9,85.16,56.4,"Salaried","Rent","Other",1
"4299",48961,"Male","Grade 12",0,21.25,1504413,1.6,5572820,35.57,124.98,65.2,"Self-employed","Mortgage","Vehicle",1
"7042",73745,"Female","Grade 12",1,21.75,140881,1.07,392339,18.65,66.11,44.1,"Salaried","Rent","Other",1
"5344",58579,"Female","Grade 12",0,25.25,1337586,1.61,4587827,11.95,49.61,35.2,"Contract","Rent","Other",1
"5333",58515,"Female","Diploma",2,20.25,440884,1.87,555343,6.08,29.13,35.4,"Salaried","Rent","Vehicle",1
"4553",51382,"Male","No records",0,16.75,459561,1.46,635477,17.56,61.22,45.4,"Salaried","Mortgage","Home_improvement",0
"4226",48220,"Female","No records",0,18.25,137407,1.92,209568,39.98,123.4,66,"Salaried","Mortgage","Home_improvement",0
"5891",63699,"Male","Grade 12",0,16.75,264928,1.29,785903,17.34,65.61,40.8,"Salaried","Mortgage","Home_improvement",0
"3825",44956,"Male","No records",2,24.75,710092,2.22,1497621,5.22,24.3,30.3,"Contract","Mortgage","Debt_consolidation",1
"8352",85416,"Female","No records",0,20.25,124547,1.71,58726,0.94,9.72,30.1,"Salaried","Own","Debt_consolidation",0
"4045",46672,"Male","Postgrad",2,16.75,312427,1.14,188537,10.72,42.22,33.8,"Salaried","Own","Debt_consolidation",0
"3618",43102,"Male","Grade 12",0,18.75,606400,1.07,1016725,9.35,36.8,34.7,"Salaried","Rent","Vehicle",0
"9427",94727,"Female","No records",0,21.75,328509,1.14,329151,11.77,48.4,39.1,"Salaried","Rent","Other",1
"3569",42638,"Male","Grade 12",0,18.75,302132,1.59,229470,20.81,71.58,46.7,"Salaried","Rent","Vehicle",0
"2984",37316,"Female","Diploma",1,22.75,348074,1.28,847506,1.02,11.84,27.9,"Salaried","Own","Debt_consolidation",0
"762",17044,"Male","No records",2,20.25,519977,1.77,360293,4.15,23.98,28.6,"Salaried","Rent","Vehicle",0
"6445",68479,"Male","No records",0,20.75,205632,1.37,653443,6.1,30.76,31.4,"Salaried","Own","Debt_consolidation",1
"3210",39492,"Female","Grade 12",1,18.75,302658,0.89,649131,23.02,80.72,55.9,"Salaried","Rent","Vehicle",0
"3568",42636,"Female","No records",1,18.25,305471,1.37,392428,33.83,113.72,60.6,"Salaried","Mortgage","Home_improvement",0
"7709",79409,"Male","Diploma",3,17.75,247629,1.31,337683,26.36,91.21,50.2,"Salaried","Mortgage","Vehicle",0
"3942",45918,"Male","Grade 12",0,14.25,303303,1.6,191226,11.38,50.65,44.4,"Salaried","Mortgage","Home_improvement",0
"2802",35455,"Male","Grade 12",0,19.25,290693,1.48,669603,38.84,123.2,63.2,"Salaried","Mortgage","Vehicle",0
"6058",65300,"Male","Grade 12",0,19.25,495009,1.58,620934,7.53,37.38,31,"Salaried","Own","Debt_consolidation",0
"5082",56095,"Male","Diploma",0,23.75,506933,1.46,1039566,15.68,59.05,43.2,"Self-employed","Rent","Other",1
"6542",69556,"Male","Postgrad",0,26.25,1284429,1.67,2954265,0.2,13.87,26.1,"Contract","Own","Debt_consolidation",0
"9755",97864,"Female","Diploma",1,22.75,381607,1.69,1143245,1.78,9.94,34.9,"Salaried","Own","Debt_consolidation",1
"7865",80848,"Female","Grade 12",1,19.25,534478,1.59,1965756,35.79,117.48,63.2,"Salaried","Mortgage","Vehicle",0
"4871",54355,"Male","Diploma",2,21.25,749224,2.25,2025422,12.01,47.14,42,"Contract","Mortgage","Vehicle",1
"3267",40066,"Male","Grade 12",0,22.25,973848,1.86,3127617,23.03,81.14,46.7,"Contract","Rent","Vehicle",1
"9947",99511,"Female","Grade 12",0,25.25,2383909,1.87,8026732,34.16,112.53,68,"Self-employed","Rent","Other",1
"3096",38373,"Male","Grade 12",0,16.25,243886,1.31,128297,24.96,81.85,53.9,"Salaried","Rent","Vehicle",1
"4443",50324,"Female","Grade 12",0,33.25,6531,0.34,19180,2.68,22.15,29.5,"Unemployed","Rent","Debt_consolidation",1
"4371",49627,"Male","Diploma",0,23.25,640598,1.13,1073234,39.52,133.8,71.5,"Salaried","Rent","Other",0
"2528",32913,"Male","Diploma",1,23.25,393823,1.6,1211415,4.25,22.1,27.8,"Salaried","Rent","Other",1
"3257",39990,"Male","Diploma",0,16.75,449381,1.25,789208,18.27,62.94,45.8,"Salaried","Mortgage","Home_improvement",0
"4777",53529,"Female","Diploma",0,17.75,121881,1.37,219964,18.63,68.05,44.1,"Salaried","Mortgage","Vehicle",0
"241",12266,"Male","No records",0,21.25,682535,1.9,2196260,39.91,128.53,73.2,"Self-employed","Mortgage","Vehicle",0
"3510",42113,"Male","Diploma",2,31.25,9174,0.34,25276,29.31,102.49,64,"Unemployed","Rent","Debt_consolidation",0
"5201",57372,"Female","Degree",0,25.25,471447,1.52,1392329,0.55,12.72,31.7,"Salaried","Rent","Other",0
"5080",56063,"Male","Diploma",0,23.75,3210791,2.24,3031959,23.65,81.16,54,"Self-employed","Rent","Other",1
"2046",28456,"Female","Degree",0,22.25,1973505,1.85,4337543,2.03,18.01,27.7,"Self-employed","Mortgage","Home_improvement",1
"6689",70825,"Male","Diploma",1,21.75,506996,1.6,1675788,14.84,60.71,44.3,"Salaried","Rent","Other",0
"3936",45804,"Female","Degree",0,21.75,279524,1.92,1036913,18.17,63.83,42.6,"Salaried","Rent","Other",1
"3943",45921,"Male","Grade 12",0,20.75,368066,1.39,1191724,32.93,116.3,66.3,"Salaried","Own","Debt_consolidation",1
"3533",42335,"Male","Grade 12",0,25.25,1037314,1.98,3476933,22.13,77.55,48.4,"Contract","Rent","Other",0
"7651",78842,"Female","No records",1,24.75,465576,2.01,1509952,3.02,22.56,34.4,"Contract","Mortgage","Debt_consolidation",1
"2158",29511,"Male","Degree",0,19.25,287552,1.73,998382,39.67,124.81,64.2,"Salaried","Mortgage","Vehicle",1
"392",13646,"Male","Grade 12",0,19.75,1782529,1.13,5999159,22.15,75.88,46,"Self-employed","Mortgage","Vehicle",1
"9498",95437,"Female","Diploma",0,20.25,338267,1.45,376750,1.99,15.62,35.9,"Salaried","Mortgage","Home_improvement",0
"4561",51456,"Female","Degree",0,19.75,1271734,1.64,4406433,11.16,45.01,35.3,"Self-employed","Mortgage","Vehicle",0
"4763",53379,"Male","Degree",0,18.75,155495,1.55,149886,7.36,34.98,38.7,"Salaried","Rent","Vehicle",0
"9606",96603,"Male","No records",0,18.75,673295,2.07,731378,19.95,70.19,43.8,"Salaried","Rent","Vehicle",0
"9918",99206,"Male","Diploma",1,18.75,487600,1.56,1726999,21.15,71.65,55.1,"Salaried","Rent","Vehicle",1
"4257",48595,"Male","No records",0,16.75,382244,1.49,1328560,15.05,56.45,44.6,"Salaried","Mortgage","Home_improvement",0
"1409",22727,"Female","Degree",1,16.25,525256,0.75,278044,32.24,107.1,59.8,"Salaried","Rent","Vehicle",0
"3045",37886,"Male","No records",1,18.75,730944,1.42,2247988,15.8,57.12,49.6,"Salaried","Rent","Vehicle",0
"9721",97563,"Female","Diploma",0,20.25,2861712,2.21,7438580,37.54,125.14,70,"Self-employed","Mortgage","Home_improvement",1
"6779",71565,"Female","No records",1,20.25,2958709,2.15,6981844,32.05,101.31,62,"Self-employed","Mortgage","Home_improvement",0
"4244",48486,"Female","Grade 12",2,17.75,239806,1.48,606609,25.94,88.05,55.5,"Salaried","Mortgage","Vehicle",1
"5415",59135,"Male","Grade 12",0,18.75,899502,1.21,1235521,19.16,62.15,47.2,"Self-employed","Mortgage","Home_improvement",0
"3972",46096,"Female","Degree",0,21.75,179453,1.16,656923,8.06,35.54,30.5,"Salaried","Rent","Other",0
"1561",24131,"Male","Degree",1,21.75,1202879,1.66,4116155,25.82,85.38,55.1,"Self-employed","Mortgage","Debt_consolidation",1
"4927",54759,"Female","Degree",0,14.75,330127,1.4,104045,24.1,82.36,58.1,"Salaried","Rent","Vehicle",0
"9771",97970,"Female","Degree",0,23.25,209514,1.36,548718,39.99,129.8,68.1,"Salaried","Rent","Other",0
"6101",65658,"Male","Grade 12",0,35,4165,0.55,6802,13.01,48.66,47.4,"Unemployed","Rent","Debt_consolidation",1
"874",18090,"Female","No records",1,19.25,336878,1.7,895095,12.83,50.2,45.1,"Salaried","Own","Debt_consolidation",1
"4910",54658,"Male","Degree",1,18.75,1248427,1.74,588251,25.85,87.11,52.2,"Contract","Mortgage","Vehicle",1
"6543",69559,"Male","No records",2,23.75,407716,1.96,1285156,11.12,41.36,42.9,"Self-employed","Rent","Other",1
"363",13397,"Male","Degree",0,21.75,252971,1.52,531460,24.73,85.91,52.3,"Salaried","Rent","Other",1
"708",16474,"Male","No records",1,27.25,2516878,2.01,8964249,1.49,14.57,30.1,"Self-employed","Rent","Other",1
"4568",51554,"Male","Degree",0,18.75,194260,2.24,326772,21.12,70,47.3,"Salaried","Rent","Vehicle",0
"8557",87130,"Male","Grade 12",0,15.25,501837,1.48,204007,15.68,54.73,39.8,"Salaried","Mortgage","Vehicle",0
"6141",66057,"Female","Grade 12",0,17.75,402030,1.73,538874,21.39,73.69,52.8,"Salaried","Mortgage","Vehicle",0
"326",12984,"Male","Degree",2,17.75,212323,1.55,305898,15.37,60.57,43.6,"Salaried","Mortgage","Vehicle",1
"7499",77471,"Female","Grade 12",1,18.75,283317,1.66,815098,21.9,77.58,55.5,"Salaried","Rent","Vehicle",1
"5601",61167,"Male","Degree",2,19.25,1039662,1.36,492039,38.61,129.6,68.4,"Contract","Mortgage","Home_improvement",1
"8951",90513,"Female","No records",2,21.25,141237,1.38,44034,16.65,59.34,46.1,"Contract","Rent","Other",1
"2899",36567,"Female","Diploma",0,19.25,382840,1.56,576960,27.82,97.15,61.3,"Salaried","Mortgage","Vehicle",0
"9136",92157,"Female","Diploma",0,35,6340,0.49,17428,34.32,116.15,61.3,"Unemployed","Rent","Debt_consolidation",1
"5861",63462,"Female","No records",0,19.25,707992,1.56,2383006,8.27,34.18,32.6,"Salaried","Own","Debt_consolidation",0
"7723",79556,"Male","Diploma",0,21.25,162942,1.68,252498,2.8,22.77,30,"Salaried","Mortgage","Vehicle",0
"9352",94133,"Male","Grade 12",0,17.75,311490,1.76,215300,21.87,74.26,54.8,"Salaried","Mortgage","Vehicle",1
"7075",74003,"Male","No records",0,23.25,363617,2.34,738638,37.95,125.57,71.4,"Salaried","Rent","Other",1
"2266",30564,"Female","Degree",1,16.25,325591,1.28,195842,22.4,75.42,45.6,"Salaried","Rent","Vehicle",0
"640",15823,"Female","Degree",0,21.75,795342,1.92,2005585,8.42,33.65,32.2,"Salaried","Rent","Other",0
"9802",98317,"Male","Postgrad",1,16.75,434874,1.45,1025669,14.96,54.95,42.1,"Salaried","Mortgage","Home_improvement",0
"1062",19815,"Male","Grade 12",0,31.25,4504,0.27,6361,32.01,104.04,65.8,"Unemployed","Rent","Debt_consolidation",1
"7717",79494,"Male","Postgrad",2,23.25,459918,1.76,1264749,6.57,31.85,36.4,"Salaried","Rent","Other",0
"9959",99605,"Male","Diploma",1,18.75,1883769,1.67,3670645,14.42,54.69,43.2,"Self-employed","Mortgage","Home_improvement",1
"2935",36924,"Male","Grade 12",0,21.75,489256,1.28,1361557,33.11,108.53,58.9,"Salaried","Rent","Other",0
"7128",74369,"Male","Grade 12",1,22.75,2920437,1.9,8191286,31.16,107.79,63.6,"Self-employed","Own","Debt_consolidation",1
"1639",24855,"Male","Diploma",0,15.75,216519,1.14,76982,27.23,96.29,62.2,"Salaried","Mortgage","Home_improvement",0
"8159",83642,"Female","Diploma",0,20.75,299110,1.22,706341,34.16,112.62,61.8,"Salaried","Own","Debt_consolidation",0
"6234",66811,"Female","Grade 12",0,18.75,2126073,1.95,7771440,18.44,62.09,43.2,"Self-employed","Mortgage","Home_improvement",1
"2853",35898,"Female","Degree",0,18.25,401190,1.04,1120687,36.8,123.09,61.4,"Salaried","Mortgage","Home_improvement",0
"4089",47063,"Female","Grade 12",0,17.75,191774,1.32,148933,19.46,65.97,52.3,"Salaried","Mortgage","Vehicle",1
"237",12234,"Female","Grade 12",3,17.75,402943,1.63,983906,14.43,54.14,42,"Salaried","Mortgage","Vehicle",0
"4325",49186,"Female","Grade 12",0,18.75,355659,1.64,339694,21.18,68.68,51.2,"Salaried","Rent","Vehicle",0
"3661",43411,"Female","Diploma",1,35,4666,0.6,12161,35.2,121.71,68.7,"Unemployed","Rent","Debt_consolidation",1
"3158",39006,"Female","Diploma",1,23.75,462413,2.02,1262838,17.64,63.28,45.8,"Self-employed","Rent","Other",1
"8860",89797,"Male","Degree",0,23.75,1346901,2.34,4782371,28.64,101.15,55.6,"Self-employed","Rent","Other",1
"2120",29127,"Male","No records",2,23.25,525042,1.13,1324132,27.41,94.82,55.5,"Contract","Mortgage","Debt_consolidation",1
"6153",66177,"Male","No records",0,23.75,386732,1.76,580886,23.34,79.16,45.8,"Self-employed","Rent","Other",0
"7216",75056,"Male","Diploma",0,21.75,1800066,2.13,3379961,21.72,71.53,56.6,"Self-employed","Mortgage","Debt_consolidation",1
"1774",25970,"Female","Degree",0,21.25,369793,1.53,791780,28.94,97.19,63.5,"Self-employed","Mortgage","Vehicle",1
"2911",36711,"Male","No records",3,35,2049,0.51,6801,11.14,38.46,43,"Unemployed","Rent","Debt_consolidation",1
"6697",70851,"Female","Grade 12",0,18.75,666162,0.88,1423608,20.34,72.1,52.3,"Salaried","Rent","Vehicle",1
"4083",47034,"Female","No records",1,25.25,1707273,1.51,3696579,5.44,29.48,29.2,"Self-employed","Rent","Other",1
"4915",54689,"Male","Diploma",2,20.25,338137,1.64,1022834,37.38,126.62,66.6,"Salaried","Rent","Vehicle",1
"1137",20410,"Male","Grade 12",1,17.75,343657,1.6,1240858,27.56,91.7,54.9,"Salaried","Mortgage","Vehicle",1
"4107",47225,"Female","Diploma",3,17.75,493037,1.49,410731,23.17,75.92,57.9,"Salaried","Mortgage","Vehicle",0
"3810",44780,"Female","No records",0,20.75,273876,1.04,182230,3.64,19.03,37.8,"Salaried","Rent","Other",0
"9596",96538,"Male","Grade 12",0,35,5152,0.61,13696,11.01,44.83,43.6,"Unemployed","Rent","Debt_consolidation",1
"333",13081,"Male","Diploma",1,21.25,2201397,2.28,4163658,23.83,85.98,47.8,"Self-employed","Own","Debt_consolidation",1
"9483",95326,"Female","Grade 12",1,23.75,1574888,2.41,5065262,13.72,55.56,42.9,"Self-employed","Rent","Other",0
"4932",54798,"Male","Grade 12",0,35,1715,0.49,2898,6.45,27.38,40,"Unemployed","Rent","Debt_consolidation",0
"8391",85760,"Male","Diploma",0,16.75,193946,1.17,381681,13.53,50.55,43.9,"Salaried","Mortgage","Home_improvement",0
"610",15619,"Female","Degree",1,17.75,642579,1.31,1659661,18.31,67.02,42.2,"Salaried","Mortgage","Vehicle",0
"3038",37856,"Female","Degree",0,19.25,299024,1.47,654174,29.36,100.12,61.4,"Salaried","Mortgage","Vehicle",0
"1985",27810,"Male","Diploma",1,16.75,216498,1.35,235342,25.88,84.62,51.8,"Salaried","Mortgage","Home_improvement",0
"118",11107,"Female","No records",1,19.25,437172,1.25,418905,32.99,109.61,66.7,"Salaried","Mortgage","Vehicle",0
"6700",70888,"Male","No records",2,21.75,405636,1.25,373048,21.68,76.22,53.3,"Salaried","Rent","Other",1
"3305",40358,"Female","No records",2,16.75,126172,1.46,428613,24.09,86.8,50.5,"Salaried","Mortgage","Home_improvement",0
"2637",33821,"Female","Diploma",0,22.25,570536,1.66,1319582,1.85,15.27,30.3,"Salaried","Rent","Vehicle",1
"71",10680,"Female","Grade 12",1,19.25,434152,1.65,1546796,5.05,26.56,36.3,"Salaried","Mortgage","Vehicle",0
"5472",59754,"Female","Diploma",0,31.25,6085,0.4,22701,28.4,95.96,59.5,"Unemployed","Mortgage","Debt_consolidation",0
"6032",65052,"Female","Diploma",0,23.75,1125040,1.18,2994057,3.7,22.79,32.7,"Contract","Rent","Vehicle",0
"9495",95417,"Female","No records",0,17.75,598299,0.91,1695372,30.67,100.72,59,"Salaried","Mortgage","Vehicle",1
"534",14989,"Male","Grade 12",0,20.25,410306,1.43,1234683,38.02,126.01,66.2,"Salaried","Rent","Vehicle",1
"1296",21780,"Male","Grade 12",2,17.75,213795,1.58,636668,22.03,74.5,44.4,"Salaried","Mortgage","Vehicle",1
"6338",67531,"Male","Diploma",2,16.75,460404,1.26,1428931,30.74,104.81,59.7,"Salaried","Mortgage","Home_improvement",0
"3700",43725,"Male","Degree",1,26.75,440602,0.77,322840,5.81,24.58,28.3,"Contract","Rent","Other",0
"9229",93029,"Female","No records",0,17.75,466882,1.21,795702,36.66,122.15,59.9,"Salaried","Mortgage","Vehicle",1
"5995",64741,"Male","Grade 12",0,16.75,454758,0.94,919219,24.42,80.35,52.7,"Salaried","Mortgage","Home_improvement",0
"8350",85386,"Female","Degree",0,21.75,338658,1.58,711693,31.53,98,57.3,"Salaried","Rent","Other",0
"8572",87277,"Male","No records",0,18.75,3331878,1.54,5471180,7.32,34.79,37.4,"Self-employed","Mortgage","Home_improvement",0
"376",13502,"Male","Diploma",0,18.75,732635,1.36,2753775,19.78,68.82,49.2,"Salaried","Rent","Vehicle",0
"6776",71513,"Female","Degree",0,19.75,610088,1.55,190674,1.2,15.66,23.6,"Salaried","Rent","Vehicle",0
"2987",37324,"Female","No records",2,19.75,2450429,2.03,5818047,9.03,37.43,38.9,"Self-employed","Mortgage","Vehicle",1
"1373",22440,"Female","Grade 12",0,16.75,808888,1.61,2194863,28.68,100.5,53.2,"Salaried","Mortgage","Home_improvement",0
"6708",70962,"Male","Grade 12",0,18.75,119206,2.48,360295,14.53,50.28,38.8,"Salaried","Rent","Vehicle",0
"7646",78748,"Female","No records",0,25.25,468725,1.67,1695987,1.35,12.66,30.2,"Salaried","Rent","Other",0
"459",14263,"Male","No records",0,25.25,2711402,1.92,2030872,38.64,127.23,62.8,"Self-employed","Rent","Other",1
"6579",69930,"Male","Postgrad",0,15.25,197733,0.73,110102,31.24,103.79,56.1,"Salaried","Mortgage","Vehicle",0
"3184",39232,"Female","Grade 12",0,21.25,1130973,2.28,393998,21.36,77.05,53.5,"Self-employed","Rent","Other",1
"7440",76906,"Female","Diploma",0,23.75,449403,1.49,542876,30.34,99.29,61.2,"Contract","Rent","Vehicle",1
"494",14608,"Female","No records",1,16.75,524472,1.34,1902145,27.6,93.39,56.9,"Salaried","Mortgage","Home_improvement",0
"1380",22502,"Male","No records",1,16.75,171152,1.21,197834,24.17,76.73,58.6,"Salaried","Mortgage","Home_improvement",0
"5956",64336,"Male","Diploma",2,35,5424,0.52,5790,9.53,36.24,35.4,"Unemployed","Rent","Debt_consolidation",0
"8407",85895,"Female","Postgrad",0,20.25,122975,1.79,276163,35.02,115.57,60.6,"Salaried","Rent","Vehicle",0
"5126",56580,"Male","No records",3,21.25,601987,1.76,1934625,21.8,78.53,51.3,"Contract","Mortgage","Vehicle",1
"247",12341,"Male","No records",1,18.25,687630,1.7,1278095,37.38,119.78,64.9,"Salaried","Mortgage","Home_improvement",1
"3992",46237,"Male","Diploma",1,19.75,3443349,1.6,2736614,32.32,110.27,55.4,"Self-employed","Mortgage","Vehicle",0
"2773",35133,"Female","Grade 12",0,17.75,403651,1.39,402758,33.9,110.45,58.9,"Salaried","Mortgage","Vehicle",0
"2238",30248,"Male","Grade 12",0,18.25,543716,1.68,819153,39.02,135.93,69.6,"Salaried","Mortgage","Home_improvement",1
"2736",34811,"Female","Degree",0,18.25,365695,1.85,1287200,39.7,128.5,68.7,"Salaried","Mortgage","Home_improvement",1
"7545",77834,"Female","Postgrad",0,22.75,417077,1.93,1122794,14.44,50.21,48.3,"Contract","Own","Debt_consolidation",1
"2906",36641,"Male","Postgrad",1,23.75,694270,1.19,1809862,23.54,81.4,53,"Self-employed","Rent","Other",0
"8635",87831,"Female","Diploma",0,35,3629,0.54,11907,2.6,21.12,33.4,"Unemployed","Rent","Debt_consolidation",0
"2603",33548,"Male","Grade 12",0,18.75,526658,1.39,1039542,26.92,93.84,50.6,"Salaried","Rent","Vehicle",0
"6381",67917,"Male","Diploma",0,21.75,1675485,1.95,2188585,27.4,91.47,50.3,"Self-employed","Mortgage","Debt_consolidation",1
"7281",75541,"Male","Postgrad",3,25.25,751008,1.9,1314275,6.11,29.64,34.2,"Self-employed","Rent","Other",0
"1029",19473,"Male","Grade 12",0,22.75,2114497,1.48,6319422,6.15,31.21,36.3,"Self-employed","Own","Debt_consolidation",1
"1731",25651,"Male","Grade 12",0,15.25,73482,0.94,31271,18.86,65.05,44.1,"Salaried","Mortgage","Vehicle",0
"9604",96591,"Male","Grade 12",2,24.25,655792,1.68,1364364,37.22,120.56,65.9,"Contract","Own","Debt_consolidation",0
"8043",82507,"Female","No records",0,21.75,223577,1.64,755618,11.35,46.97,34.2,"Salaried","Rent","Other",0
"4287",48829,"Female","Grade 12",0,17.75,458766,1.49,1115417,25.37,86.33,55.6,"Salaried","Mortgage","Vehicle",1
"6216",66638,"Male","No records",0,21.25,1123536,1.89,1203018,36.31,121.28,63.4,"Self-employed","Mortgage","Vehicle",1
"7986",81980,"Male","Degree",1,19.25,403843,1.21,1092341,36.56,121.24,68.2,"Salaried","Mortgage","Vehicle",1
"9914",99190,"Male","Grade 12",0,16.75,775262,1.81,2917102,12.29,46.85,38,"Salaried","Mortgage","Home_improvement",0
"4818",53905,"Female","Diploma",0,16.25,268156,1.75,156658,11.76,47.75,38.6,"Salaried","Rent","Vehicle",0
"3844",45062,"Male","Degree",0,35,1353,0.6,1028,23.28,84.74,52.1,"Unemployed","Rent","Debt_consolidation",1
"9025",91242,"Male","Diploma",2,29.75,4418,0.35,6698,16.53,60.7,45.2,"Unemployed","Rent","Debt_consolidation",0
"8940",90457,"Female","Degree",0,25.25,1573002,2.33,4540291,21.55,78.02,45,"Contract","Rent","Other",1
"4476",50541,"Female","Grade 12",0,21.75,408135,1.76,307236,30.32,100.13,61.6,"Contract","Mortgage","Home_improvement",1
"8968",90660,"Female","Degree",2,16.25,392955,2.01,136899,30.88,106.55,56.5,"Salaried","Rent","Vehicle",1
"7600",78336,"Male","Degree",2,21.25,618521,1.84,2273640,21.62,80.91,45.6,"Contract","Mortgage","Vehicle",1
"2696",34466,"Male","Diploma",1,20.25,587429,1.76,1164980,31.53,105.81,61.9,"Salaried","Rent","Vehicle",1
"923",18482,"Male","Grade 12",0,17.75,446320,1.5,186007,29.29,98.15,60.7,"Salaried","Rent","Vehicle",0
"6270",67038,"Female","Grade 12",0,18.25,500734,1.45,465056,34.72,112.67,67.7,"Salaried","Mortgage","Home_improvement",0
"4403",49986,"Female","No records",4,23.75,802009,1.66,2107795,7.61,34.88,35.2,"Self-employed","Rent","Other",1
"9053",91469,"Female","No records",0,26.75,378025,1.71,632830,31.63,104.52,62.4,"Contract","Rent","Other",0
"3428",41446,"Female","Diploma",1,18.75,835744,2.44,1482878,22.54,79.23,54.1,"Self-employed","Mortgage","Home_improvement",1
"1888",26985,"Male","Postgrad",0,18.25,156958,1.4,196690,36.79,122.15,61.8,"Salaried","Mortgage","Home_improvement",1
"4725",53009,"Female","No records",1,21.25,346205,1.32,201306,38.07,120.06,70.6,"Contract","Rent","Vehicle",1
"3952",45989,"Female","Grade 12",0,21.25,743160,1.85,1076349,24.13,86.75,51.2,"Contract","Mortgage","Vehicle",1
"5612",61221,"Male","Diploma",2,16.75,278554,1.36,478645,13.11,49.22,48,"Salaried","Mortgage","Home_improvement",0
"9769",97952,"Male","Grade 12",0,18.25,369305,1.28,1132948,30.55,103.01,65.2,"Salaried","Mortgage","Home_improvement",0
"5381",58863,"Female","Grade 12",0,35,5009,0.58,3991,0.54,11.35,33.8,"Unemployed","Rent","Debt_consolidation",1
"1755",25825,"Male","Grade 12",1,23.25,369481,1.5,1298680,5.21,29.06,37.5,"Salaried","Rent","Other",1
"5565",60722,"Female","Diploma",1,20.75,278242,1.01,1006565,39.61,125.93,65.3,"Salaried","Own","Debt_consolidation",1
"5199",57336,"Female","Grade 12",1,25.25,997396,0.98,1133315,16.71,59.56,49.4,"Contract","Rent","Other",1
"1939",27370,"Female","No records",0,20.25,267342,1.29,326431,38.01,125.44,63.7,"Salaried","Rent","Vehicle",0
"8301",84964,"Male","Postgrad",0,19.25,406323,1.7,1475380,10.04,41.76,33.1,"Salaried","Own","Debt_consolidation",1
"5744",62427,"Male","Grade 12",0,23.25,404753,1.21,957191,38.13,125.39,65.4,"Self-employed","Mortgage","Debt_consolidation",1
"250",12366,"Female","Grade 12",2,19.25,310054,1.4,859572,22.49,76.29,54.4,"Salaried","Own","Debt_consolidation",1
"4163",47625,"Male","Grade 12",0,25.25,449560,1.23,1649404,34.76,113.39,60.8,"Self-employed","Rent","Other",1
"8319",85144,"Female","Grade 12",0,19.25,344855,1.4,1088965,34.3,108.19,66.4,"Salaried","Mortgage","Vehicle",0
"7270",75456,"Female","No records",0,19.25,255266,1.33,913730,37.78,119.39,72.5,"Salaried","Mortgage","Vehicle",0
"2652",33995,"Male","Diploma",1,21.75,514285,1.49,1310020,18.28,66.6,50.4,"Salaried","Rent","Other",1
"4779",53551,"Female","Grade 12",0,23.25,694185,1.81,818932,37.15,123.41,67.7,"Salaried","Rent","Other",1
"4941",54854,"Female","Grade 12",1,16.75,735515,2.01,1309185,10.28,41.02,43.8,"Salaried","Mortgage","Home_improvement",0
"9218",92923,"Male","Grade 12",1,25.25,1688857,1.41,2609135,39.17,130.86,72.4,"Self-employed","Rent","Other",1
"1086",19970,"Male","Grade 12",0,20.25,414059,2.21,1352665,39.81,130.53,72.4,"Salaried","Rent","Vehicle",1
"1773",25955,"Male","Grade 12",3,16.25,538356,2.11,191512,14.2,52.3,44.4,"Salaried","Rent","Vehicle",0
"1295",21772,"Male","Diploma",0,20.75,205780,1.79,263864,31.53,100,61.9,"Salaried","Own","Debt_consolidation",0
"3446",41583,"Male","Grade 12",0,14.25,163663,1.8,52635,34.65,118.62,64,"Salaried","Mortgage","Home_improvement",1
"2088",28833,"Male","Diploma",0,18.75,718591,1.7,1617167,15.39,56.77,38.5,"Salaried","Rent","Vehicle",1
"2361",31470,"Male","No records",1,21.25,1200777,1.36,769934,14.41,50.45,45.3,"Self-employed","Rent","Other",1
"7186",74789,"Female","Grade 12",1,16.75,351438,1.72,1125931,30.38,101.38,54.2,"Salaried","Mortgage","Home_improvement",1
"484",14498,"Female","Grade 12",2,18.25,606038,1.45,2191599,28.76,92.51,62.3,"Salaried","Mortgage","Home_improvement",0
"2355",31433,"Male","Grade 12",0,16.75,270712,1.03,828582,9.89,35.61,36.6,"Salaried","Mortgage","Home_improvement",0
"3439",41551,"Female","Grade 12",1,25.25,518312,1.35,1150396,2.87,22.24,35.3,"Salaried","Rent","Other",0
"6144",66064,"Female","No records",0,20.25,455534,1.53,174778,30.62,102.02,63.8,"Self-employed","Own","Debt_consolidation",0
"4557",51419,"Male","Grade 12",0,16.75,224863,1.45,151557,16.71,59.3,50.5,"Salaried","Mortgage","Home_improvement",0
"5538",60488,"Female","No records",0,20.25,1140116,2.04,908532,29.44,96.58,60,"Contract","Mortgage","Home_improvement",1
"3902",45583,"Female","Diploma",0,16.75,164735,1.68,259653,26.71,91.46,58,"Salaried","Mortgage","Home_improvement",1
"523",14872,"Male","No records",0,15.75,162966,1.39,61729,37.2,127.04,70.2,"Salaried","Mortgage","Home_improvement",0
"4025",46508,"Female","Diploma",3,16.75,95994,1.67,198678,7.46,32.77,38.7,"Salaried","Mortgage","Home_improvement",0
"5561",60675,"Female","Diploma",1,17.75,2116760,1.27,817834,39.16,126.53,67.8,"Self-employed","Mortgage","Home_improvement",0
"9795",98273,"Female","Grade 12",0,32.25,1971,0.43,1740,24.01,81.05,53.7,"Unemployed","Rent","Debt_consolidation",1
"9844",98574,"Female","Diploma",0,20.25,1239507,1.69,3168338,26.38,88.63,55.9,"Contract","Mortgage","Home_improvement",0
"3222",39673,"Female","Degree",1,17.75,580237,1.48,1630179,33.17,103.01,59,"Salaried","Mortgage","Vehicle",1
"3899",45553,"Male","Postgrad",4,20.25,1461789,1.36,4213089,4.78,26.14,38.7,"Self-employed","Mortgage","Home_improvement",0
"8617",87644,"Female","Grade 12",0,21.25,759933,1.11,2166678,20.48,73.89,53,"Contract","Mortgage","Vehicle",1
"5873",63577,"Female","Diploma",3,35,4402,0.53,5922,17.73,61.07,42.3,"Unemployed","Rent","Debt_consolidation",1
"6130",65937,"Male","Grade 12",0,21.25,236978,1.52,234378,2.5,21.94,31.7,"Salaried","Mortgage","Vehicle",1
"2129",29192,"Male","Grade 12",0,25.75,1078101,2,2382789,0.43,17.56,32.7,"Contract","Rent","Vehicle",1
"1854",26656,"Female","Grade 12",0,18.75,224041,2.45,346709,18.94,68.29,47.5,"Salaried","Rent","Vehicle",0
"6019",64964,"Male","Grade 12",1,23.25,505437,1.72,1116948,6.5,29.08,32.9,"Salaried","Rent","Other",0
"7298",75639,"Male","Grade 12",3,20.75,166185,1.72,325421,4.28,24.94,37.5,"Salaried","Own","Debt_consolidation",0
"46",10392,"Male","Grade 12",0,22.75,471882,1.35,1757497,5.38,27.52,38.3,"Contract","Mortgage","Vehicle",0
"7516",77600,"Female","Grade 12",1,22.75,2509906,2.18,4339326,4.74,20.06,32.8,"Self-employed","Own","Debt_consolidation",1
"5768",62593,"Female","Diploma",1,18.25,353557,1.5,455154,28.98,97.02,60.7,"Salaried","Mortgage","Home_improvement",1
"4550",51335,"Male","Degree",0,16.75,354471,1.91,591834,13.97,53.65,45,"Salaried","Mortgage","Home_improvement",0
"4531",51055,"Female","Grade 12",0,18.25,186521,1.17,93439,5.93,22.85,32.5,"Salaried","Own","Debt_consolidation",0
"7748",79910,"Female","Degree",0,35,2729,0.49,3966,19.52,68.92,45.6,"Unemployed","Rent","Debt_consolidation",0
"8556",87119,"Female","Degree",0,20.25,677198,1.9,2281381,9.87,34.73,42.8,"Contract","Mortgage","Home_improvement",1
"3313",40434,"Female","Diploma",1,16.75,468281,1.39,808145,7.76,36.25,37.3,"Salaried","Mortgage","Home_improvement",0
"2675",34222,"Male","Grade 12",2,18.75,182610,2.05,378873,16.32,58.88,48.4,"Salaried","Rent","Vehicle",1
"2371",31566,"Male","Grade 12",0,18.75,569506,2.12,1510012,21.07,71.7,53.9,"Salaried","Rent","Vehicle",1
"7995",82062,"Female","Diploma",0,23.25,736943,1.72,866192,29.05,97.33,63.4,"Salaried","Rent","Other",1
"150",11471,"Female","Grade 12",0,19.75,3238769,2.05,2743953,24,74.95,53,"Self-employed","Mortgage","Vehicle",0
"6180",66388,"Male","Diploma",0,25.25,1813460,1.66,5327989,29.18,99.98,63.7,"Self-employed","Rent","Other",1
"5168",57028,"Female","Diploma",2,19.25,337465,1.36,207923,2.69,19.34,24.8,"Salaried","Mortgage","Home_improvement",0
"9219",92957,"Male","Diploma",0,25.25,495958,2.13,1589114,7.57,29.56,39.9,"Contract","Rent","Other",0
"2043",28394,"Female","Diploma",2,15.25,389164,1.25,203102,31.36,108.8,59.4,"Salaried","Mortgage","Vehicle",1
"6175",66346,"Female","Degree",1,21.25,214934,1.78,503331,10.47,40.69,36.4,"Contract","Mortgage","Vehicle",0
"1196",20837,"Male","No records",0,19.25,514058,1.05,793988,3.19,21.52,29.5,"Salaried","Mortgage","Vehicle",0
"4630",52090,"Male","No records",0,16.75,576657,1.62,936162,19.63,66.02,53.6,"Salaried","Mortgage","Home_improvement",1
"451",14199,"Female","Diploma",0,25.25,269938,1.03,812603,0.01,9.84,25.9,"Salaried","Rent","Other",0
"6481",68876,"Male","Degree",0,19.25,418008,1.42,1509236,27.63,92.21,57.5,"Salaried","Own","Debt_consolidation",0
"3989",46221,"Female","Diploma",1,18.25,428342,1.68,1022344,32.68,114.17,67.4,"Salaried","Mortgage","Home_improvement",0
"3668",43516,"Female","Degree",0,18.75,489860,1.3,1727478,8.32,30.53,36.7,"Salaried","Rent","Vehicle",0
"8563",87176,"Male","Diploma",0,16.75,291631,1.14,601059,20.76,77.39,48,"Salaried","Mortgage","Home_improvement",1
"6773",71495,"Female","Postgrad",0,19.25,253351,1.44,562179,3.9,22.63,27.7,"Salaried","Mortgage","Vehicle",0
"5229",57602,"Male","Grade 12",0,17.75,248975,1.51,882075,7.66,32.44,39.1,"Salaried","Mortgage","Vehicle",0
"2800",35441,"Male","Grade 12",0,33.25,7258,0.48,2372,37.42,124.05,64.2,"Unemployed","Rent","Debt_consolidation",0
"6389",67951,"Male","Grade 12",0,18.75,845139,1.18,474616,24.36,78.31,53.3,"Contract","Mortgage","Vehicle",0
"3396",41198,"Female","No records",0,20.25,2787983,2.23,8122123,34.28,113.84,62.5,"Self-employed","Mortgage","Home_improvement",1
"6242",66849,"Male","Grade 12",0,22.25,312097,1.62,524146,0.9,14.5,29.9,"Salaried","Rent","Vehicle",0
"2713",34625,"Male","Diploma",0,17.75,690254,1.42,2613725,33.48,114.12,58.4,"Salaried","Mortgage","Vehicle",1
"2395",31696,"Male","Degree",2,20.75,454348,1.42,159458,9.64,37.95,41.5,"Contract","Mortgage","Debt_consolidation",0
"6359",67739,"Female","Diploma",2,18.25,501512,1.74,1544516,36.28,116.37,62,"Salaried","Mortgage","Home_improvement",0
"8362",85520,"Male","Grade 12",0,17.75,480548,1.36,514938,35.2,115.66,59.7,"Salaried","Mortgage","Vehicle",0
"3135",38831,"Male","Diploma",0,33.75,4956,0.45,16518,36.28,121.73,69.7,"Unemployed","Rent","Debt_consolidation",1
"1485",23439,"Female","Diploma",0,18.25,336399,1.39,323100,38.5,124.71,71.1,"Salaried","Mortgage","Home_improvement",1
"341",13190,"Male","Degree",1,19.75,201290,2.48,516548,27.08,93.52,57.1,"Self-employed","Mortgage","Vehicle",1
"2100",28960,"Male","No records",0,19.25,477255,1.52,1094269,38.83,124.87,65,"Salaried","Mortgage","Vehicle",0
"4312",49099,"Female","Grade 12",0,18.75,521409,1.76,1590453,12.53,47.28,36.3,"Salaried","Rent","Vehicle",0
"2563",33201,"Male","Degree",0,33.75,3790,0.37,9702,30.66,102.71,63.3,"Unemployed","Rent","Debt_consolidation",1
"8695",88348,"Female","Degree",0,28.75,827076,1.62,1075000,0.67,7.69,23.5,"Self-employed","Rent","Other",0
"759",17012,"Female","Grade 12",0,25.25,2268955,2.44,2716277,33.56,111.75,60.2,"Self-employed","Rent","Other",0
"7063",73896,"Male","No records",1,24.25,724153,1.99,1235032,6.66,27.21,38.2,"Contract","Own","Debt_consolidation",0
"6584",69977,"Male","Diploma",0,20.25,2089397,1.9,6440831,39.27,125.95,64.5,"Self-employed","Mortgage","Home_improvement",1
"4400",49918,"Female","Diploma",2,24.25,239442,1.6,347299,1.19,18.35,24.8,"Salaried","Own","Debt_consolidation",0
"282",12605,"Female","Postgrad",0,19.75,1473383,1.09,5547767,14.9,52.4,38.8,"Self-employed","Mortgage","Vehicle",0
"2134",29277,"Male","Grade 12",0,20.25,372244,1.28,826162,27.65,90.97,61.2,"Salaried","Rent","Vehicle",1
"3576",42683,"Male","No records",3,14.25,163184,1.58,66003,34.69,111.25,57,"Salaried","Mortgage","Home_improvement",0
"1800",26166,"Female","Grade 12",1,18.25,179546,1.97,579809,37.61,127.76,67.1,"Salaried","Mortgage","Home_improvement",1
"5949",64258,"Male","Degree",0,23.75,1746801,2.28,1942901,25.31,83.4,58.9,"Self-employed","Rent","Other",1
"2228",30137,"Female","Grade 12",0,16.75,652771,1.84,1349572,36.31,117.47,58.8,"Salaried","Mortgage","Home_improvement",0
"9737",97732,"Male","Degree",0,18.75,234595,0.98,174061,15.05,56.28,37.5,"Salaried","Rent","Vehicle",1
"7015",73517,"Female","Diploma",0,23.25,1731098,2.17,5730506,5.19,23.26,32.4,"Self-employed","Mortgage","Debt_consolidation",0
"5953",64299,"Male","No records",0,17.75,172846,2.01,513928,8.82,32.4,42.4,"Salaried","Mortgage","Vehicle",0
"1428",22899,"Male","Postgrad",2,21.25,1303313,1.98,2901888,38.29,125.26,70.9,"Self-employed","Mortgage","Vehicle",1
"2982",37291,"Male","Postgrad",1,19.25,574561,1.53,1940380,30.56,106.61,63.3,"Salaried","Mortgage","Vehicle",0
"8379",85656,"Female","Grade 12",0,34.75,6459,0.5,21535,27.7,94.41,58.1,"Unemployed","Mortgage","Debt_consolidation",1
"7890",81111,"Male","No records",0,18.75,447184,1.69,1654592,24.72,83.52,55.8,"Salaried","Rent","Vehicle",1
"4265",48631,"Male","Grade 12",0,25.25,862994,1.9,1840035,25.3,88.75,48.3,"Contract","Rent","Other",1
"928",18528,"Female","Grade 12",0,18.25,282395,1.46,680861,3.93,22.03,29.9,"Salaried","Mortgage","Home_improvement",0
"2706",34584,"Female","Degree",0,19.25,619359,1.26,1741341,6.97,32.56,32.1,"Salaried","Mortgage","Vehicle",0
"6969",73096,"Male","Degree",1,22.75,541563,1.8,1227244,29.97,99.79,63,"Contract","Mortgage","Vehicle",1
"728",16710,"Female","Grade 12",2,22.25,896624,1.71,879922,9.68,37.1,32.2,"Contract","Rent","Vehicle",1
"3714",43833,"Female","Diploma",0,18.75,656441,1.59,1280533,29.3,99.7,54.5,"Self-employed","Mortgage","Home_improvement",1
"142",11395,"Female","Grade 12",0,18.75,298678,1.24,646308,18.56,65.59,45.2,"Salaried","Rent","Vehicle",1
"2148",29415,"Female","Diploma",0,21.25,785129,2.67,2405854,20.06,68.79,49.6,"Contract","Mortgage","Vehicle",0
"1821",26359,"Female","Grade 12",0,16.75,244650,1.65,670096,15.75,54.19,49,"Salaried","Mortgage","Home_improvement",0
"5667",61742,"Female","Grade 12",2,18.75,435682,1.58,435244,28.23,97.94,59.4,"Salaried","Rent","Vehicle",0
"9296",93764,"Male","Grade 12",0,20.75,586979,2.06,2228346,6.75,31.48,31.3,"Salaried","Own","Debt_consolidation",1
"3099",38403,"Female","Diploma",0,18.75,790980,1.56,1262551,23.7,87.38,49.8,"Self-employed","Mortgage","Home_improvement",1
"9942",99458,"Female","No records",2,19.25,271207,1.36,711443,21.73,75.81,46.2,"Salaried","Own","Debt_consolidation",1
"5112",56397,"Female","Grade 12",1,21.75,412787,1.34,774525,33.77,108.24,57.5,"Salaried","Rent","Other",1
"6287",67169,"Female","No records",2,21.25,1370372,1.46,2695783,32.06,102.24,56.4,"Contract","Mortgage","Vehicle",0
"4128",47335,"Male","Degree",2,22.75,835640,1.66,3159652,5.42,26.84,39.2,"Contract","Mortgage","Vehicle",1
"3662",43415,"Female","Grade 12",0,18.75,540418,2.06,263760,27.43,90.71,57.2,"Self-employed","Own","Debt_consolidation",1
"3474",41842,"Male","Postgrad",0,16.75,407639,1.38,317167,18.82,70.13,42.1,"Salaried","Mortgage","Home_improvement",0
"7691",79242,"Female","Grade 12",1,23.75,1116548,2.14,1667091,14.01,57.7,48.4,"Self-employed","Rent","Other",0
"8026",82275,"Male","Grade 12",0,23.25,1689863,2.51,1600028,26.59,88.42,60.9,"Self-employed","Mortgage","Debt_consolidation",1
"2968",37207,"Male","Degree",0,21.25,373526,1.99,1108233,1.29,10.25,29.5,"Salaried","Mortgage","Vehicle",0
"7388",76410,"Female","Grade 12",0,16.75,389334,1.04,440221,10.78,39.09,45.6,"Salaried","Mortgage","Home_improvement",0
"8455",86244,"Male","Diploma",0,18.25,283696,1.3,750572,6.86,32.78,36.1,"Salaried","Mortgage","Home_improvement",1
"8198",83948,"Female","No records",1,35,3994,0.55,8120,2.37,14.32,35.4,"Unemployed","Rent","Debt_consolidation",0
"3398",41226,"Female","No records",0,21.25,987859,1.84,3209872,26.14,86.76,52.9,"Contract","Mortgage","Vehicle",1
"1156",20519,"Female","Diploma",2,16.75,399414,1.6,144219,29.32,96.49,55.3,"Salaried","Own","Debt_consolidation",0
"9323",93959,"Female","No records",0,21.75,212378,0.72,744048,10.88,38.62,39.8,"Salaried","Rent","Other",0
"8133",83361,"Female","Diploma",2,18.75,480380,2.07,1497962,29.03,98.57,57.6,"Salaried","Rent","Vehicle",1
"1593",24462,"Male","Diploma",0,19.25,414456,1.2,947769,25.09,86.67,57.8,"Salaried","Own","Debt_consolidation",0
"576",15326,"Female","Diploma",0,23.25,1512483,2.5,4764515,5.03,23.83,36.4,"Self-employed","Mortgage","Debt_consolidation",1
"1024",19449,"Male","Grade 12",0,17.75,435323,1.89,653574,7.72,33.35,30.9,"Salaried","Mortgage","Vehicle",1
"8506",86665,"Male","Grade 12",0,23.75,604468,1.47,1622240,0.68,11.52,23.9,"Salaried","Rent","Vehicle",0
"2497",32541,"Female","No records",0,19.25,171213,0.95,642366,21.23,75.57,53.2,"Salaried","Own","Debt_consolidation",0
"902",18289,"Female","Grade 12",1,20.25,292034,1.42,425359,2.93,20.97,36.7,"Salaried","Mortgage","Home_improvement",1
"7831",80609,"Male","Degree",0,19.75,1932798,1.53,6280750,29.39,95.56,57.3,"Self-employed","Mortgage","Vehicle",0
"1859",26713,"Female","Grade 12",0,35,2713,0.46,5940,2.69,14.36,31.1,"Unemployed","Rent","Vehicle",0
"3670",43528,"Female","Diploma",1,18.75,132074,1.36,328233,18.84,67.06,40.9,"Salaried","Rent","Vehicle",1
"4266",48646,"Male","Grade 12",1,18.75,423721,1.92,1244223,14.17,53.05,40.3,"Salaried","Rent","Vehicle",0
"8628",87746,"Male","Degree",2,23.25,454381,1.42,672393,34.05,117.29,63.5,"Salaried","Rent","Other",0
"8520",86779,"Female","Diploma",3,21.25,363672,1.43,871083,1.43,14.95,27.2,"Salaried","Mortgage","Vehicle",0
"957",18852,"Male","Grade 12",0,21.75,265635,1.25,987165,17.92,67.58,50.1,"Salaried","Rent","Other",0
"3348",40706,"Female","Diploma",0,24.75,2225261,1.5,1264868,0.59,4.63,27.9,"Self-employed","Rent","Other",0
"945",18705,"Female","Postgrad",2,22.25,846332,1.22,1073771,12.65,49.51,43.5,"Contract","Rent","Vehicle",1
"8973",90745,"Male","Grade 12",0,19.25,278541,1.6,488028,12.62,47.41,35.2,"Salaried","Own","Debt_consolidation",1
"9030",91299,"Male","No records",0,19.75,449041,1.08,1280786,28.05,92.11,53.1,"Self-employed","Mortgage","Vehicle",0
"6721",71062,"Female","Grade 12",0,22.75,1776831,2.01,2438483,36.65,119.52,60.2,"Self-employed","Own","Debt_consolidation",1
"4805",53773,"Female","Grade 12",0,21.75,317972,1.02,288138,15.5,56.93,40.8,"Salaried","Rent","Other",0
"3100",38437,"Female","Degree",0,22.75,843227,1.82,2021116,4.36,22.92,28.1,"Self-employed","Own","Debt_consolidation",0
"6367",67793,"Female","Grade 12",1,16.25,451047,1.39,143530,3.47,21.1,36.8,"Salaried","Rent","Vehicle",0
"962",18909,"Male","Postgrad",1,19.25,302856,1.51,257399,12.87,48.54,47.8,"Salaried","Own","Debt_consolidation",1
"2040",28362,"Female","Degree",1,20.25,162765,1.47,513731,35.75,116.57,70.6,"Salaried","Rent","Vehicle",1
"6429",68310,"Female","Diploma",0,17.75,427925,1.5,1084767,34.13,111,57.7,"Salaried","Mortgage","Vehicle",0
"1251",21345,"Female","Degree",1,16.75,172455,1.27,653668,8.14,38.49,30.9,"Salaried","Mortgage","Home_improvement",1
"5330",58488,"Female","Grade 12",2,26.75,402629,1.58,840935,1.8,19.64,30.3,"Contract","Mortgage","Debt_consolidation",0
"5971",64478,"Male","Diploma",0,19.75,3252924,2.44,750670,16.31,56.47,45.7,"Self-employed","Mortgage","Vehicle",0
"7241",75247,"Female","No records",0,20.75,336001,1.44,859763,35.49,115.02,63.7,"Salaried","Own","Debt_consolidation",0
"3191",39277,"Male","Diploma",3,17.75,612623,1.68,1688708,8.28,38.5,31.2,"Salaried","Mortgage","Vehicle",1
"4051",46764,"Female","No records",3,19.25,200367,1.37,532541,3.17,18.25,26.7,"Salaried","Mortgage","Vehicle",0
"570",15265,"Male","Diploma",2,21.25,653489,1.45,2351002,6.7,41.73,40,"Self-employed","Mortgage","Vehicle",0
"3941",45903,"Female","Diploma",0,21.75,179933,1.38,144105,19.88,71.5,49.6,"Salaried","Rent","Other",1
"2605",33560,"Male","Grade 12",1,35,3201,0.61,8999,2.83,19.85,31.9,"Unemployed","Rent","Debt_consolidation",1
"5931",64066,"Female","Degree",0,17.75,127482,1.68,275654,20.85,73.67,42.9,"Salaried","Mortgage","Vehicle",0
"5851",63377,"Female","Diploma",2,26.75,856723,1.51,2783644,34.24,111.3,64.2,"Contract","Rent","Other",1
"2849",35875,"Male","No records",0,16.75,170398,1.82,203555,11.31,45.64,33.4,"Salaried","Mortgage","Home_improvement",0
"1865",26749,"Male","Postgrad",2,21.25,768047,1.22,2468055,31.51,104.13,54.5,"Contract","Mortgage","Vehicle",1
"7291",75603,"Female","No records",0,21.75,600164,1.56,736887,24.19,82.12,56,"Salaried","Rent","Other",1
"3837",45016,"Male","No records",0,18.75,490716,1.77,1662123,26.93,89.87,50.6,"Salaried","Rent","Vehicle",0
"5762",62532,"Female","Grade 12",1,17.75,290151,1.22,358639,20.62,64.55,44.1,"Salaried","Mortgage","Vehicle",0
"2195",29834,"Female","No records",2,18.25,182551,1.66,97078,39.86,134.03,71.7,"Salaried","Own","Debt_consolidation",1
"6820",71862,"Male","Grade 12",0,21.75,440468,1.21,1151276,13.6,44.76,37,"Salaried","Rent","Other",1
"9627",96754,"Male","No records",0,17.75,197484,1.25,202024,7.34,29.88,35.2,"Salaried","Mortgage","Vehicle",0
"905",18328,"Female","Diploma",0,35,3652,0.46,3784,7.34,31.27,29.4,"Unemployed","Rent","Debt_consolidation",1
"7326",75890,"Female","No records",2,27.25,2962897,1.03,10623138,0.09,13.15,25.9,"Self-employed","Rent","Other",1
"7745",79842,"Male","Degree",0,35,4778,0.56,2009,34,112.86,60.9,"Unemployed","Rent","Other",0
"401",13732,"Male","Degree",2,21.75,244802,1.25,591453,17.9,66.44,52.5,"Salaried","Rent","Other",0
"2354",31422,"Female","Postgrad",0,19.25,418687,1.68,690176,37.84,124.09,71.5,"Salaried","Mortgage","Vehicle",0
"1624",24750,"Female","Grade 12",1,22.75,2275119,1.49,6030587,5.62,26.65,32,"Self-employed","Own","Debt_consolidation",0
"3066",38068,"Male","Diploma",2,17.75,212322,1.09,486705,24.25,84.93,49.3,"Salaried","Mortgage","Vehicle",0
"360",13347,"Female","Postgrad",0,23.75,360234,1.72,659933,22.52,76.81,50.2,"Self-employed","Rent","Other",1
"2575",33288,"Male","No records",0,19.25,325904,1.47,153303,13,48.88,40.4,"Salaried","Rent","Other",0
"8757",88911,"Male","Diploma",0,21.25,2063337,1.7,5164577,3.61,25.82,37.8,"Self-employed","Mortgage","Vehicle",1
"4956",54972,"Female","Grade 12",1,19.25,173911,1.85,624676,39.43,129.37,70.3,"Salaried","Mortgage","Vehicle",1
"9206",92818,"Female","Grade 12",0,20.25,659334,1.35,632836,34.4,111.66,59.5,"Contract","Mortgage","Home_improvement",1
"3653",43298,"Male","Diploma",0,17.75,387066,1.37,616413,26.35,92.55,58.1,"Salaried","Mortgage","Vehicle",1
"1846",26613,"Male","Grade 12",0,19.75,2024522,2.26,2947562,21.88,70.15,55.1,"Self-employed","Mortgage","Vehicle",1
"508",14725,"Male","No records",2,21.75,168451,1.47,117231,24.87,80.3,51.4,"Salaried","Rent","Other",0
"1557",24104,"Female","Diploma",4,18.25,737403,1.29,2275620,35.99,114.55,65.9,"Salaried","Mortgage","Home_improvement",1
"5999",64765,"Female","Diploma",2,16.75,433481,1.17,192275,39.38,129.2,64.8,"Salaried","Mortgage","Vehicle",1
"8645",87933,"Female","Grade 12",0,21.25,1083137,2.55,366742,1.21,12.78,31.3,"Contract","Mortgage","Home_improvement",0
"572",15296,"Male","Grade 12",0,21.25,818772,1.77,3008240,25.42,86.37,59,"Self-employed","Own","Debt_consolidation",0
"9051",91450,"Female","Diploma",0,16.75,182692,1.52,347404,23.46,78.99,50.3,"Salaried","Mortgage","Home_improvement",1
"4078",47001,"Female","Diploma",2,20.25,2082399,1.35,6042759,38.54,125.05,71.2,"Self-employed","Mortgage","Home_improvement",1
"2833",35698,"Female","Degree",0,21.25,907505,1.05,2668850,23.79,79.98,54.4,"Contract","Mortgage","Vehicle",0
"7221",75098,"Female","Grade 12",0,18.75,327557,1.29,286727,29.99,101.26,56.6,"Salaried","Rent","Vehicle",1
"1735",25677,"Male","Diploma",0,25.25,2339020,1.49,4853258,27.8,99.77,62.5,"Self-employed","Rent","Other",1
"5031",55683,"Male","Degree",0,18.75,1362896,2.02,4188260,17.14,61.46,41.2,"Self-employed","Mortgage","Home_improvement",1
"8716",88543,"Male","Diploma",0,20.25,162490,1.36,227582,0.94,13.89,28.3,"Salaried","Mortgage","Home_improvement",0
"8731",88686,"Female","Grade 12",1,23.75,1197102,1.16,1411307,8.55,29.36,39,"Self-employed","Rent","Other",0
"926",18510,"Male","Grade 12",2,16.75,598263,1.16,1329444,18.14,61.16,43.4,"Salaried","Mortgage","Home_improvement",1
"5454",59518,"Male","Grade 12",0,16.75,437521,1.46,525545,14.78,57.36,37.5,"Salaried","Mortgage","Home_improvement",0
"8171",83733,"Male","Grade 12",0,21.25,276068,1.27,850818,0.63,13.6,31,"Salaried","Mortgage","Vehicle",1
"5661",61653,"Male","Grade 12",0,20.75,275634,1.43,965166,5.69,24.13,40.2,"Salaried","Own","Debt_consolidation",0
"4013",46390,"Female","Diploma",0,18.75,297802,1.62,293487,27.33,91.53,55.1,"Salaried","Rent","Vehicle",0
"7900",81200,"Female","Diploma",0,18.25,172385,1.72,259023,34.87,111.52,61.6,"Salaried","Mortgage","Home_improvement",0
"7756",79963,"Female","No records",1,16.75,407770,1.52,600726,18.75,62.69,51.5,"Salaried","Mortgage","Home_improvement",0
"9335",94012,"Male","No records",0,15.75,350489,1.75,156244,35.09,114.12,68.2,"Salaried","Mortgage","Home_improvement",0
"5166",57004,"Male","Degree",0,21.25,1151706,2.3,1567644,28.5,97.34,62.3,"Self-employed","Mortgage","Vehicle",0
"8894",90041,"Male","Grade 12",1,33.25,4138,0.45,3555,13.15,49.51,40,"Unemployed","Rent","Other",0
"1183",20729,"Male","Grade 12",0,19.25,274178,1.17,918957,31.17,104.93,60.7,"Salaried","Mortgage","Vehicle",0
"3142",38891,"Male","Grade 12",0,25.25,1660020,1.41,2506191,3.42,20.72,36.3,"Self-employed","Rent","Other",1
"1870",26808,"Female","Diploma",2,35,3035,0.57,2086,11.07,38.2,36.2,"Unemployed","Rent","Debt_consolidation",1
"4850",54192,"Female","Grade 12",2,19.25,520719,1.54,656302,25.98,83.71,59.6,"Salaried","Own","Debt_consolidation",0
"1097",20079,"Female","Diploma",3,21.75,503198,1.78,477280,38.4,127.53,64.7,"Contract","Mortgage","Home_improvement",0
"218",12050,"Male","Diploma",4,22.25,526520,1.32,1397166,2.21,17.81,27,"Salaried","Rent","Vehicle",0
"1338",22118,"Male","Diploma",1,19.75,1350899,2.17,3409699,21.01,71.46,47.1,"Self-employed","Mortgage","Vehicle",1
"8425",86036,"Male","Grade 12",0,17.75,213631,1.22,665547,12.76,46.4,38.9,"Salaried","Mortgage","Vehicle",1
"5539",60500,"Female","No records",0,21.75,423794,1.53,1278237,24.01,77.27,58.1,"Salaried","Rent","Other",0
"8555",87093,"Male","Grade 12",0,32.75,2738,0.66,9448,18.41,67.67,52.3,"Unemployed","Rent","Home_improvement",0
"5690",61933,"Female","Grade 12",3,17.75,398335,0.93,300633,8.44,34.45,42,"Salaried","Mortgage","Vehicle",0
"5361",58681,"Male","No records",0,22.25,331183,1.71,409296,0.39,13.6,34.5,"Salaried","Rent","Vehicle",0
"19",10131,"Male","Diploma",0,20.25,99211,1.49,172550,37.61,125.48,64.1,"Salaried","Rent","Vehicle",0
"4433",50237,"Male","Diploma",2,16.75,75708,1.87,67497,7.7,33.7,31.1,"Salaried","Mortgage","Home_improvement",0
"6724",71101,"Male","No records",1,21.25,1518282,1.71,4789222,23.99,85.34,52.8,"Contract","Mortgage","Vehicle",0
"9882",98938,"Female","No records",0,22.25,848573,1.65,2838017,12.88,47.47,41.7,"Contract","Rent","Vehicle",0
"5629",61377,"Male","Postgrad",0,35,5978,0.48,21661,17.21,62.93,46.7,"Unemployed","Rent","Debt_consolidation",1
"3015",37660,"Female","Grade 12",0,21.75,225522,1.7,672583,27.17,90.63,59.9,"Salaried","Rent","Other",1
"3987",46213,"Male","Grade 12",1,18.25,323205,1.85,297621,36.74,118.42,66.6,"Salaried","Mortgage","Home_improvement",1
"5447",59422,"Male","Grade 12",0,23.75,2962246,1.45,7825148,8.23,34.82,42.2,"Self-employed","Rent","Other",0
"9094",91821,"Male","Degree",2,19.25,169332,1.29,277850,14.26,50.74,46.4,"Salaried","Own","Debt_consolidation",0
"6948",72907,"Male","No records",2,17.75,564953,1.18,1753487,16.83,56.75,40.3,"Salaried","Mortgage","Vehicle",1
"9173",92565,"Female","Grade 12",1,16.25,359412,1.21,235229,15.78,59.89,49.6,"Salaried","Rent","Vehicle",0
"5002",55380,"Female","Grade 12",2,23.25,484122,1.47,948588,23.54,76.8,52.7,"Contract","Mortgage","Debt_consolidation",1
"2757",35018,"Male","No records",2,16.75,103768,1.69,329248,19.73,64.37,45.2,"Salaried","Mortgage","Home_improvement",0
"4786",53590,"Male","No records",0,18.75,434529,1.8,711824,23.62,75.5,48.2,"Salaried","Rent","Vehicle",1
"8404",85838,"Male","Degree",0,35,5021,0.51,3739,13.39,51.53,44.2,"Unemployed","Rent","Debt_consolidation",1
"4483",50600,"Male","Diploma",2,17.75,631678,0.98,689056,17.48,60.67,48.2,"Salaried","Mortgage","Vehicle",0
"2017",28079,"Male","Grade 12",0,21.25,476721,1.07,467058,1.66,15.17,29.9,"Salaried","Mortgage","Vehicle",0
"6449",68531,"Male","Diploma",0,16.75,136073,1.75,421130,16.96,64.59,47,"Salaried","Mortgage","Home_improvement",1
"6711",70986,"Female","Degree",3,18.75,1423156,1.61,1272311,21.99,72.97,52.7,"Self-employed","Mortgage","Home_improvement",1
"8578",87353,"Female","Grade 12",0,21.75,219592,1.17,720803,28.39,97.76,51.7,"Salaried","Rent","Other",1
"7227",75121,"Female","Diploma",0,22.75,1060215,1.33,3233358,18.28,69.24,50.2,"Contract","Own","Debt_consolidation",0
"911",18391,"Female","Grade 12",1,19.25,572566,1.49,256612,8.32,36.89,32.5,"Salaried","Rent","Other",1
"583",15378,"Male","Diploma",0,15.75,2172372,2.09,700115,8.24,40.94,37,"Self-employed","Mortgage","Vehicle",0
"1590",24420,"Male","Grade 12",0,26.75,7845,0.28,11633,12.95,51.43,40.8,"Unemployed","Rent","Home_improvement",0
"4533",51093,"Female","No records",0,16.75,616844,1.78,409564,19.42,65.71,47.9,"Salaried","Own","Debt_consolidation",0
"8791",89145,"Female","Grade 12",0,20.75,508708,2.22,1311993,33.29,109.33,63.6,"Salaried","Own","Debt_consolidation",1
"4747",53234,"Male","Postgrad",1,25.25,866574,2.56,1368856,34.77,117.23,68.9,"Self-employed","Rent","Other",1
"4626",52065,"Female","Grade 12",2,18.75,339721,1.48,926249,19.81,68.8,51.7,"Salaried","Rent","Vehicle",1
"4080",47018,"Male","No records",3,20.25,280397,1.31,623845,31.98,111.04,66.9,"Salaried","Rent","Vehicle",0
"4560",51455,"Male","Diploma",0,17.75,65334,1.67,88115,10.84,47.1,36.6,"Salaried","Mortgage","Vehicle",1
"9672",97215,"Male","Grade 12",0,23.75,2446335,1.72,1401170,2.01,18.64,24.6,"Self-employed","Own","Debt_consolidation",1
"8311",85081,"Female","Grade 12",1,20.25,217101,1.86,606479,37.67,117.99,72.3,"Salaried","Rent","Vehicle",1
"3133",38800,"Male","Diploma",0,17.75,369953,1.76,644665,8.75,38.17,33.5,"Salaried","Mortgage","Vehicle",1
"5492",59906,"Male","Diploma",2,22.75,207413,1.9,627712,20.57,72.01,45.1,"Contract","Own","Debt_consolidation",1
"4038",46601,"Female","Degree",1,17.75,422977,1.94,1519510,22.67,81.09,56.9,"Salaried","Mortgage","Vehicle",1
"2915",36753,"Male","No records",0,19.25,307021,1.49,1078400,8.1,32.72,37.2,"Salaried","Own","Debt_consolidation",0
"2519",32780,"Female","Postgrad",0,17.75,419773,1.43,447529,18.66,64.16,44.2,"Salaried","Mortgage","Vehicle",1
"7707",79402,"Male","Grade 12",0,16.75,221578,1.19,459727,19.31,68.92,45,"Salaried","Mortgage","Home_improvement",0
"9730",97689,"Male","No records",2,33.25,2635,0.47,1638,9.34,37.71,42.4,"Unemployed","Rent","Debt_consolidation",1
"7789",80207,"Male","Diploma",2,22.25,2204155,1.76,5309240,1.36,15.04,28.5,"Self-employed","Mortgage","Home_improvement",1
"9159",92414,"Male","Grade 12",3,16.75,539186,1.84,252244,3.99,23.49,31.1,"Salaried","Mortgage","Vehicle",0
"1822",26360,"Female","Grade 12",2,25.25,1469451,2.03,4407782,6.03,25.45,33,"Self-employed","Rent","Other",1
"3703",43741,"Female","No records",1,19.25,538058,1.57,1494403,14.8,54.62,37.7,"Salaried","Own","Debt_consolidation",0
"6423",68285,"Female","Grade 12",0,16.75,419620,1.84,1381189,14.05,56.7,40.6,"Salaried","Mortgage","Home_improvement",1
"9860",98714,"Male","Grade 12",0,17.75,241378,0.85,524593,8.04,36.37,31.5,"Salaried","Mortgage","Vehicle",0
"8957",90541,"Female","Diploma",1,35,2995,0.56,9814,14.13,53.38,42.8,"Unemployed","Rent","Other",1
"9508",95582,"Female","Diploma",0,18.75,247483,1.28,632042,21.4,71.28,48.5,"Salaried","Rent","Vehicle",0
"785",17276,"Male","No records",0,21.75,2164833,2.25,7424760,7.58,30.6,39.3,"Self-employed","Mortgage","Debt_consolidation",0
"4750",53274,"Male","Grade 12",1,21.25,1430218,0.96,5182901,31.15,104.2,65,"Self-employed","Mortgage","Vehicle",1
"2110",29056,"Female","Diploma",0,21.75,337035,1.2,382715,9.49,39.91,39.8,"Salaried","Rent","Other",0
"3475",41855,"Female","Grade 12",2,17.75,392830,1.34,1169266,31.16,100.56,54.1,"Salaried","Mortgage","Vehicle",1
"151",11472,"Male","Diploma",2,19.25,599902,2.06,475987,36.8,120.94,65.7,"Salaried","Mortgage","Vehicle",1
"5053",55840,"Male","No records",0,21.25,534156,1.45,2018447,16.99,63.01,49.8,"Contract","Mortgage","Vehicle",1
"76",10737,"Female","No records",4,14.25,394294,1.86,172193,14.22,53.86,42.5,"Salaried","Mortgage","Home_improvement",0
"3283",40215,"Male","No records",0,33.25,6445,0.58,2255,17.87,69.62,47.9,"Unemployed","Rent","Debt_consolidation",0
"2114",29092,"Male","Diploma",0,28.75,503862,1.79,1118638,0.65,11.92,23,"Self-employed","Rent","Other",1
"2854",35903,"Male","No records",0,22.75,1898737,1.57,4155737,38.88,127.29,71.1,"Self-employed","Own","Debt_consolidation",1
"3317",40452,"Male","Degree",0,30.25,4684,0.59,2027,8.23,31.96,32.6,"Unemployed","Rent","Home_improvement",1
"249",12353,"Female","Grade 12",0,18.75,426096,1.93,1261461,16.7,58.28,46,"Salaried","Rent","Vehicle",0
"2281",30658,"Female","Postgrad",0,25.25,1002429,2.55,1015643,34.79,113.97,65.6,"Self-employed","Rent","Other",1
"395",13673,"Male","Degree",0,25.25,3633351,1.89,4599862,36.28,118.13,67.1,"Self-employed","Rent","Other",1
"5881",63631,"Female","Postgrad",0,18.25,297620,1.88,456801,32.86,108.77,66.7,"Salaried","Mortgage","Home_improvement",0
"6248",66898,"Female","Grade 12",1,35,6822,0.55,22412,32.38,110.03,59.6,"Unemployed","Rent","Debt_consolidation",1
"1943",27400,"Male","Degree",2,21.75,222264,1.6,487079,37.27,124.27,60.2,"Contract","Mortgage","Home_improvement",1
"7687",79187,"Female","Diploma",0,35,3566,0.53,3041,30.68,101.98,57.9,"Unemployed","Rent","Other",1
"5093",56192,"Female","Grade 12",0,20.25,283622,1.99,831070,6.58,29.94,39.4,"Salaried","Rent","Vehicle",1
"8330",85243,"Male","Diploma",0,24.75,795004,1.63,2225869,38.1,125.44,71.8,"Contract","Mortgage","Debt_consolidation",1
"3811",44807,"Female","Diploma",2,16.75,358039,2.07,164942,9.96,37.46,37.7,"Salaried","Own","Debt_consolidation",0
"549",15111,"Female","Grade 12",0,18.25,462828,1.62,1483617,37.6,116.17,71.8,"Salaried","Mortgage","Home_improvement",0
"9649",96921,"Male","Diploma",2,19.25,543956,1.52,1931976,21.27,72.4,54.3,"Salaried","Own","Debt_consolidation",0
"9166",92483,"Male","Postgrad",0,25.25,2701742,1.4,6378018,36.58,117.74,69.9,"Self-employed","Rent","Other",1
"3946",45951,"Male","Degree",0,15.25,203045,1.97,75040,18.83,64.04,47.2,"Salaried","Mortgage","Vehicle",1
"8684",88262,"Male","Diploma",1,20.25,444794,1.47,1639790,36.78,116.54,65.3,"Salaried","Rent","Vehicle",1
"1018",19413,"Male","Degree",0,20.25,702033,1.06,1387043,26.16,84.81,61,"Salaried","Rent","Vehicle",0
"2534",32973,"Female","Diploma",0,16.75,131635,1.8,316742,7.86,28.67,41.5,"Salaried","Mortgage","Home_improvement",0
"837",17708,"Female","Postgrad",0,21.75,281076,1.48,694160,18.67,65.16,48.4,"Salaried","Rent","Other",0
"9371",94247,"Male","Diploma",0,15.25,76639,1.78,28671,9.2,33.73,34.3,"Salaried","Mortgage","Vehicle",0
"9575",96371,"Male","Postgrad",0,18.75,304947,1.79,272204,25.96,92.47,54.5,"Salaried","Rent","Vehicle",1
"4843",54112,"Male","Diploma",0,16.75,380657,1.42,628126,13.98,46.92,44.4,"Salaried","Mortgage","Home_improvement",0
"4346",49357,"Male","Grade 12",1,19.25,328139,1.32,895344,36.03,122.99,67.9,"Salaried","Mortgage","Vehicle",1
"6817",71843,"Female","Grade 12",0,16.75,115660,1.19,278674,12.39,50.53,42.6,"Salaried","Mortgage","Home_improvement",0
"2464",32262,"Female","Degree",0,18.75,319579,1.01,270870,11.23,44.08,39.4,"Salaried","Rent","Vehicle",0
"6333",67496,"Female","No records",0,19.25,502789,1.51,1468383,13.05,52.52,45,"Salaried","Own","Debt_consolidation",0
"2419",31880,"Male","Grade 12",2,19.25,659414,1.44,374640,19.43,68.33,53.3,"Salaried","Rent","Other",1
"5620",61331,"Male","No records",1,21.25,579160,1.54,1964926,28.6,96,51.3,"Contract","Mortgage","Vehicle",0
"1596",24536,"Male","Diploma",0,19.25,182464,1.74,455934,13.1,51.71,47.2,"Salaried","Own","Debt_consolidation",1
"7229",75128,"Female","Degree",0,17.75,339238,1.43,227243,16.93,60.51,42.6,"Salaried","Mortgage","Vehicle",0
"9549",96011,"Female","No records",1,20.25,339874,1.25,1290157,34.51,111.45,60.2,"Salaried","Rent","Vehicle",1
"9539",95915,"Male","Grade 12",0,21.75,564146,1.55,804076,7.26,30.81,40.8,"Salaried","Rent","Other",1
"6666",70646,"Female","Degree",0,32.25,2178,0.45,5157,10.37,39.84,41.5,"Unemployed","Rent","Debt_consolidation",0
"5910",63859,"Female","Degree",1,18.75,658540,1.35,1243136,33.04,106.01,57.2,"Salaried","Rent","Vehicle",1
"1385",22553,"Female","No records",0,15.25,321707,1.07,144291,19,70.89,43.2,"Salaried","Mortgage","Vehicle",0
"6327",67457,"Female","Grade 12",0,19.25,255588,1.91,708178,33.27,107.25,60.6,"Salaried","Mortgage","Vehicle",1
"7424",76754,"Male","Diploma",0,21.25,2371593,1.73,6888732,38.65,129.13,71.8,"Self-employed","Mortgage","Vehicle",1
"7502",77500,"Male","Grade 12",2,25.75,1516286,1.73,3833150,0.92,11.15,28.9,"Contract","Rent","Vehicle",0
"5052",55839,"Male","Grade 12",2,20.25,504870,1.95,1554170,36.7,120.36,65.2,"Salaried","Rent","Vehicle",1
"8641",87905,"Male","Diploma",0,21.25,1845262,2.01,2752838,6.55,32.72,39.2,"Self-employed","Mortgage","Vehicle",1
"7857",80775,"Female","Diploma",0,19.25,866653,1.4,889248,32.35,110.17,67.2,"Salaried","Mortgage","Vehicle",1
"6227",66762,"Female","Degree",0,17.75,448673,1.42,1395218,8.15,33.4,34.4,"Salaried","Mortgage","Vehicle",0
"8383",85678,"Male","Grade 12",2,23.75,564280,2.14,1616425,24.26,79.67,59,"Self-employed","Rent","Other",1
"7209",74966,"Female","Grade 12",1,19.25,184770,0.84,350248,26.53,93.7,49.7,"Salaried","Own","Debt_consolidation",0
"2822",35586,"Female","Grade 12",0,21.75,410166,1.1,1457507,14.03,52.83,39.3,"Salaried","Rent","Other",1
"5192",57289,"Female","Degree",0,21.75,252998,1.51,443476,34.89,111.39,58.9,"Self-employed","Mortgage","Debt_consolidation",1
"8543",87019,"Female","No records",1,28.75,1099938,1.41,3635006,0.03,5.97,31.8,"Contract","Rent","Other",0
"5273",57997,"Male","Diploma",2,18.75,376165,1.16,392563,21.01,75.98,48.2,"Salaried","Rent","Vehicle",0
"7656",78925,"Male","Grade 12",2,21.75,2695813,2.05,7730070,8.12,35.86,31.1,"Self-employed","Mortgage","Debt_consolidation",0
"4694",52743,"Female","Grade 12",1,25.25,679678,1.82,2204470,36.52,115.65,59.8,"Contract","Rent","Other",1
"402",13735,"Male","Diploma",0,35,5665,0.58,11042,21.8,76.99,47.5,"Unemployed","Rent","Debt_consolidation",0
"8875",89939,"Female","No records",1,17.75,533215,0.84,1826686,17.87,68.15,51.9,"Salaried","Mortgage","Vehicle",0
"9447",94931,"Male","Grade 12",0,23.25,2001441,1.27,3513241,5.67,22.94,28.9,"Self-employed","Mortgage","Debt_consolidation",0
"3555",42569,"Male","Grade 12",0,17.75,451690,1.55,557407,19.36,70.1,53,"Salaried","Mortgage","Vehicle",0
"7484",77300,"Male","Grade 12",1,33.75,7688,0.66,25207,26.44,87.55,50.1,"Unemployed","Rent","Vehicle",0
"2200",29894,"Female","Grade 12",0,18.75,547212,1.84,990608,12.07,46.77,46.1,"Salaried","Rent","Vehicle",1
"7123",74331,"Male","Grade 12",0,17.25,1776494,1.28,819190,11.66,39.23,44.4,"Self-employed","Mortgage","Vehicle",0
"5347",58594,"Male","Diploma",1,16.75,786405,1.67,907301,24.6,87.51,54.5,"Salaried","Mortgage","Home_improvement",0
"4046",46698,"Male","Degree",0,21.75,303610,1.92,880541,21.01,75.22,45.5,"Salaried","Rent","Other",0
"2964",37183,"Male","Grade 12",0,15.25,336128,1.22,211539,30.28,101.22,54.6,"Salaried","Mortgage","Vehicle",0
"9724",97638,"Male","Diploma",1,27.25,1783267,1.12,4992803,0.14,14.01,28.1,"Self-employed","Rent","Other",0
"536",15017,"Female","No records",0,19.25,321035,1.72,799252,18.94,67.77,52.1,"Salaried","Own","Debt_consolidation",1
"9752",97843,"Female","Postgrad",0,17.75,705766,1.04,2368650,15.46,52.83,42.5,"Salaried","Mortgage","Vehicle",1
"1415",22774,"Female","Grade 12",0,21.25,383478,1.53,1283788,10.22,43.71,34.6,"Contract","Mortgage","Vehicle",1
"3293",40268,"Female","Degree",0,35,6831,0.6,8696,34.14,114.82,64.8,"Unemployed","Rent","Other",0
"9316",93910,"Female","No records",0,25.25,617312,1.75,955806,0.59,9.34,23.7,"Contract","Mortgage","Home_improvement",1
"9041",91362,"Female","No records",1,22.75,278603,1.64,456867,1.79,15.67,24,"Salaried","Mortgage","Vehicle",0
"3189",39256,"Male","Grade 12",2,19.25,411238,0.69,1074987,23.69,86.19,56.3,"Salaried","Own","Debt_consolidation",0
"9670",97155,"Male","Diploma",3,18.25,194280,1.91,372269,37.29,119.09,68.7,"Salaried","Mortgage","Home_improvement",0
"6134",65972,"Male","Grade 12",0,20.25,371721,1.46,1067496,32.07,106.58,62,"Salaried","Rent","Vehicle",1
"841",17762,"Female","Grade 12",1,21.75,615569,1.36,1684035,7.84,28.32,33.7,"Salaried","Rent","Other",1
"8112",83178,"Male","No records",0,16.75,247766,1.87,477410,10.76,42.65,42.8,"Salaried","Mortgage","Home_improvement",0
"5729",62298,"Female","Grade 12",2,24.75,988658,1.89,2579018,33.64,107.99,67.4,"Contract","Mortgage","Debt_consolidation",1
"9205",92814,"Female","Grade 12",0,18.25,464934,1.35,523772,5.02,21.55,29.8,"Salaried","Mortgage","Home_improvement",0
"5566",60724,"Male","No records",0,16.75,346703,1.83,163061,4.61,27.29,27.2,"Salaried","Mortgage","Vehicle",0
"3405",41270,"Female","Diploma",3,18.75,426008,0.99,1001435,11.53,47.05,42.1,"Salaried","Rent","Vehicle",0
"493",14603,"Male","Postgrad",0,23.25,268984,1.27,712552,3.2,21.5,25.5,"Salaried","Rent","Other",0
"5387",58923,"Female","Diploma",0,21.75,304608,2.14,933511,28.75,94.59,60,"Salaried","Rent","Other",1
"5706",62052,"Male","Grade 12",0,22.25,259966,1.5,237793,2.85,16.88,31.5,"Salaried","Rent","Vehicle",0
"2790",35339,"Female","No records",2,22.75,761991,1.58,589944,8.88,35.41,36.7,"Contract","Own","Debt_consolidation",0
"3856",45205,"Male","Degree",0,21.25,1119708,1.63,853170,32.33,108.81,63.5,"Self-employed","Mortgage","Vehicle",1
"5299",58238,"Male","Degree",1,21.75,2357264,2.25,1703683,25.75,85.99,52.5,"Self-employed","Mortgage","Debt_consolidation",1
"4733",53054,"Female","Grade 12",0,18.25,382914,1.57,1053181,35.11,118.01,65.2,"Salaried","Mortgage","Home_improvement",1
"2781",35287,"Female","Degree",0,33.25,4520,0.53,2489,15.58,56.1,44.1,"Unemployed","Rent","Debt_consolidation",1
"6930",72750,"Male","Grade 12",0,35,7416,0.54,27477,20.74,72.24,48.3,"Unemployed","Rent","Debt_consolidation",0
"2192",29802,"Female","Diploma",1,20.25,533148,1.17,1473169,35.87,117.34,62.6,"Salaried","Rent","Vehicle",1
"9579",96393,"Female","Grade 12",0,34.75,7983,0.56,7500,28.17,94,51.9,"Unemployed","Mortgage","Debt_consolidation",1
"6162",66242,"Female","Postgrad",0,16.75,495179,1.82,1774107,17.3,63.71,40.4,"Salaried","Mortgage","Home_improvement",0
"1849",26632,"Female","Grade 12",0,18.75,460129,1.62,1034316,30.29,98.44,57.6,"Salaried","Rent","Vehicle",1
"5177",57157,"Female","Degree",1,17.75,181661,1.22,142599,24.95,79.78,57,"Salaried","Mortgage","Vehicle",0
"4029",46545,"Male","No records",0,18.75,204033,1.55,400401,13.28,46.16,35.3,"Salaried","Rent","Vehicle",0
"3176",39160,"Male","Postgrad",0,25.25,925425,2.1,1802565,37.42,120.52,63.4,"Self-employed","Rent","Other",1
"7817",80484,"Male","Diploma",1,22.75,637326,1.2,501216,38.06,125.31,64.6,"Contract","Mortgage","Vehicle",1
"9636",96814,"Female","No records",0,23.25,1012872,1.77,3104084,30.21,102.11,58.4,"Contract","Mortgage","Debt_consolidation",1
"6030",65031,"Male","Degree",2,19.75,1807438,2.12,5527314,17.67,64.12,40.4,"Self-employed","Mortgage","Vehicle",1
"3470",41814,"Male","Grade 12",2,20.75,195430,1.75,215856,38.22,124.74,67.4,"Salaried","Own","Debt_consolidation",0
"4005",46343,"Male","Postgrad",0,19.25,757326,1.86,1166944,17.07,61.39,39.5,"Salaried","Own","Debt_consolidation",0
"8504",86640,"Male","Grade 12",1,21.75,2632097,1.67,9243022,18.57,63.54,52.9,"Self-employed","Mortgage","Debt_consolidation",0
"240",12258,"Male","Grade 12",0,23.25,1860356,1.81,5684502,35.4,116.31,60.6,"Self-employed","Mortgage","Debt_consolidation",1
"1084",19959,"Male","Diploma",0,19.25,392557,1.48,824363,35.32,119.95,61.6,"Salaried","Mortgage","Vehicle",1
"4897",54599,"Female","Postgrad",1,18.75,391204,1.52,541262,12.72,48.59,36.9,"Salaried","Rent","Vehicle",0
"5732",62325,"Female","Diploma",4,21.75,1127038,1.84,2084168,15.01,47.72,49.7,"Self-employed","Mortgage","Debt_consolidation",0
"239",12249,"Female","Diploma",0,29.25,5470,0.41,2379,3.08,16.9,36.2,"Unemployed","Rent","Vehicle",0
"4632",52129,"Female","Diploma",0,17.75,377720,1.88,269161,25.02,77.04,47.2,"Salaried","Mortgage","Vehicle",0
"1289",21719,"Female","Grade 12",1,23.75,1169221,2.32,3192332,0.14,9.29,23.8,"Self-employed","Mortgage","Home_improvement",0
"887",18177,"Male","Postgrad",1,16.75,450778,1.37,980783,22.55,76.27,47.3,"Salaried","Mortgage","Home_improvement",0
"5425",59244,"Male","No records",2,21.75,808446,1.92,1560621,10.47,42.72,39.2,"Salaried","Rent","Other",0
"6046",65193,"Male","Grade 12",1,18.25,363776,1.19,625138,27.6,92.02,60.8,"Salaried","Mortgage","Home_improvement",1
"3530",42279,"Female","Postgrad",0,19.25,2179155,1.45,1011717,24.5,81.49,54.8,"Self-employed","Mortgage","Debt_consolidation",0
"9192",92723,"Female","No records",2,18.25,291504,1.64,1075409,5.83,27.09,28.7,"Salaried","Mortgage","Home_improvement",1
"7211",74978,"Male","Grade 12",2,21.25,200847,1.82,573452,2.2,18.5,26.5,"Salaried","Mortgage","Vehicle",1
"4608",51937,"Female","No records",0,20.25,276484,1.18,857852,37.53,121.96,66,"Salaried","Rent","Vehicle",0
"7937",81505,"Male","No records",0,35,5618,0.49,16714,30.09,97.61,64.6,"Unemployed","Mortgage","Debt_consolidation",1
"3010",37619,"Female","Grade 12",0,16.75,328761,1.65,1085766,14.38,59.77,46,"Salaried","Mortgage","Home_improvement",0
"4641",52216,"Female","Degree",2,17.75,180385,1.38,446959,15.01,55.02,43.3,"Salaried","Mortgage","Vehicle",1
"8105",83123,"Male","Postgrad",0,22.25,422095,1.88,819231,23.59,83.3,48.8,"Contract","Rent","Vehicle",1
"7157",74612,"Male","Postgrad",0,21.75,211048,1.63,492344,22.73,78.35,48.9,"Salaried","Rent","Other",1
"8083",82984,"Male","Diploma",1,18.25,127647,1.61,454741,27.61,95.77,60.4,"Salaried","Mortgage","Home_improvement",0
"6353",67705,"Female","Degree",0,19.75,410153.5,1.45,2745492,1.11,15.59,33.7,"Self-employed","Mortgage","Home_improvement",0
"5243",57775,"Female","Diploma",3,23.25,477735,1.1,475607,31.73,106.87,64.9,"Salaried","Rent","Other",0
"654",15946,"Male","Grade 12",0,21.25,313263,1.32,281023,1.04,15.62,33.3,"Salaried","Mortgage","Vehicle",0
"4682",52590,"Male","Diploma",0,33.25,2419,0.48,1131,10.59,46.95,36.7,"Unemployed","Rent","Debt_consolidation",0
"4544",51267,"Female","Grade 12",2,18.75,245251,1.19,432960,11.37,47.62,37.2,"Salaried","Rent","Vehicle",0
"6129",65927,"Male","No records",1,22.25,754431,1.02,2764921,0.69,8.28,30,"Salaried","Rent","Vehicle",0
"8436",86118,"Male","Degree",2,17.75,307981,1.32,239330,19.36,66.43,43.7,"Salaried","Mortgage","Vehicle",0
"8998",91032,"Female","Grade 12",0,20.75,314991,2.05,453419,32.65,105.47,62.6,"Salaried","Own","Debt_consolidation",1
"9256",93374,"Male","No records",0,22.25,1627065,2.36,2648561,21.96,73.53,55.9,"Contract","Rent","Vehicle",1
"8191",83905,"Male","Grade 12",2,21.75,848941,1.98,2043805,12.37,48.99,38.7,"Self-employed","Mortgage","Debt_consolidation",1
"7778",80131,"Male","No records",0,23.75,1732703,1.56,3175224,22,76.33,50,"Self-employed","Rent","Other",0
"6499",69017,"Male","Grade 12",0,31.25,6142,0.23,9668,37.55,120.75,71.8,"Unemployed","Rent","Debt_consolidation",0
"6651",70550,"Female","Degree",0,25.25,956877,2.19,3132450,30.56,102.21,64.4,"Self-employed","Rent","Other",1
"8442",86164,"Male","Diploma",0,17.75,470322,1.04,949406,22.51,76.07,45.7,"Salaried","Mortgage","Vehicle",0
"7716",79484,"Female","Diploma",1,19.25,620205,1.54,1480996,4.03,21.73,28.5,"Salaried","Mortgage","Vehicle",0
"9845",98576,"Male","Grade 12",0,21.25,841755,1.86,525624,33.85,103.54,66.6,"Contract","Rent","Vehicle",0
"3812",44817,"Female","Grade 12",0,16.75,782270,1.38,1496321,15.57,60.77,45.5,"Salaried","Mortgage","Home_improvement",0
"9903",99121,"Male","No records",0,18.25,327820,1.96,319114,38.48,125.49,62.2,"Salaried","Mortgage","Home_improvement",1
"8698",88424,"Male","No records",1,18.25,405592,1.41,618195,5.89,26.9,40.1,"Salaried","Mortgage","Home_improvement",0
"7821",80550,"Female","Grade 12",0,18.25,439316,1.25,446134,37.16,124.27,68.3,"Salaried","Mortgage","Home_improvement",0
"2871",36168,"Female","Diploma",2,23.25,839561,2.35,1880818,17.89,68.93,48.3,"Contract","Mortgage","Debt_consolidation",1
"8736",88723,"Male","Grade 12",1,23.75,2575883,2,4739509,14.75,55.24,46.5,"Self-employed","Rent","Other",0
"8129",83336,"Male","Grade 12",1,18.75,202014,1.5,326830,29.47,91.43,51.7,"Salaried","Rent","Vehicle",1
"2256",30461,"Male","Grade 12",0,35,2391,0.59,5386,18.24,68.74,48.4,"Unemployed","Rent","Debt_consolidation",1
"4640",52213,"Female","Grade 12",0,20.25,326487,1.49,876647,31.93,104.81,63.3,"Salaried","Rent","Vehicle",0
"7394",76446,"Male","Diploma",0,14.25,410238,1.86,242983,14.98,52.44,38.2,"Salaried","Mortgage","Home_improvement",0
"7586",78172,"Female","Postgrad",0,28.75,1542646,1.99,5000521,0.05,9.17,24.1,"Self-employed","Rent","Other",0
"8487",86497,"Female","Diploma",0,18.75,143947,1.65,475774,9.55,39.44,41.9,"Salaried","Rent","Vehicle",1
"2480",32391,"Female","Diploma",0,25.25,1814831,2.15,3152995,5.86,27.03,31.2,"Self-employed","Rent","Other",1
"6828",71956,"Female","Diploma",0,24.75,548670,1.95,909449,0.37,18.05,32.2,"Self-employed","Own","Debt_consolidation",0
"9514",95694,"Male","Grade 12",1,20.25,291604,1.14,273143,37.59,122.74,61.6,"Salaried","Rent","Vehicle",0
"5837",63284,"Female","Diploma",0,20.75,217823,1.65,167245,5.21,23.52,34.3,"Salaried","Own","Debt_consolidation",0
"4861",54299,"Female","Degree",1,23.75,2084135,2.35,4059190,16.43,57.22,43,"Self-employed","Rent","Other",0
"1867",26775,"Male","No records",1,17.75,644510,1.34,2096710,21.61,75.23,55.6,"Salaried","Mortgage","Vehicle",0
"7010",73482,"Female","Diploma",0,17.75,268699,1.2,447797,24.01,77.87,49.7,"Salaried","Mortgage","Vehicle",0
"8622",87674,"Female","Diploma",1,15.25,302746,1.16,93166,11.71,42.63,37.3,"Salaried","Own","Debt_consolidation",0
"9582",96417,"Male","Grade 12",0,16.75,353698,1.25,222883,6.35,32.09,38.1,"Salaried","Mortgage","Vehicle",1
"8066",82806,"Female","Grade 12",2,16.25,966287,2,301658,33.19,107.44,59.5,"Contract","Mortgage","Home_improvement",1
"6654",70591,"Female","No records",2,17.25,2066271,1.39,638321,38.19,123.97,65.6,"Self-employed","Mortgage","Vehicle",1
"8962",90594,"Male","No records",0,35,4023,0.52,6877,4.53,24.48,35,"Unemployed","Rent","Debt_consolidation",0
"1208",20908,"Male","Postgrad",0,19.25,244697,1.57,799489,36.95,121.12,64.7,"Salaried","Mortgage","Vehicle",1
"5876",63581,"Male","Diploma",0,35,5827,0.55,11131,17.66,65.32,45.2,"Unemployed","Rent","Debt_consolidation",1
"3501",42022,"Male","No records",1,20.25,479375,1.44,420987,4.05,24.94,30.7,"Salaried","Rent","Vehicle",0
"386",13602,"Female","Grade 12",1,19.25,305239,1.7,971846,25.91,86.6,60.2,"Salaried","Mortgage","Vehicle",1
"2472",32324,"Female","Grade 12",0,22.75,517612,1.43,1243861,1.51,11.17,34.5,"Salaried","Own","Debt_consolidation",0
"9158",92411,"Female","No records",1,18.75,139158,1.48,185389,14.9,52.95,38.3,"Salaried","Rent","Vehicle",0
"7181",74757,"Female","No records",1,19.25,156263,1.47,449033,30.57,101.65,62.1,"Salaried","Mortgage","Vehicle",1
"4452",50394,"Female","No records",0,18.25,448486,0.86,1191775,34.42,109.7,60.1,"Salaried","Mortgage","Home_improvement",1
"6498",69013,"Female","Postgrad",1,15.25,391886,1.26,171333,18.23,69.11,45.2,"Salaried","Mortgage","Vehicle",0
"1245",21292,"Male","Grade 12",0,22.75,305164,2.01,638119,28.82,102.92,61.9,"Contract","Mortgage","Vehicle",1
"4032",46557,"Male","Degree",0,18.25,413923,1.7,719794,5.36,23.77,28.3,"Salaried","Mortgage","Home_improvement",1
"2412",31846,"Male","Degree",1,17.75,661675,1.4,2420920,29.11,97.86,58.1,"Salaried","Mortgage","Vehicle",1
"2375",31582,"Male","Degree",2,35,6580,0.6,17324,22.88,75.32,48.6,"Unemployed","Rent","Debt_consolidation",0
"3734",44019,"Male","Postgrad",0,19.25,441283,1.91,392732,39.31,127.63,73.1,"Salaried","Mortgage","Vehicle",1
"8268",84651,"Male","Grade 12",0,16.75,332274,1.84,115616,34.09,110.93,68.6,"Salaried","Mortgage","Vehicle",0
"3211",39498,"Female","No records",2,35,5094,0.59,8423,30.31,98.57,52.4,"Unemployed","Rent","Debt_consolidation",1
"9815",98391,"Female","Diploma",0,19.25,512900,1.78,614486,27.52,89.5,51.5,"Salaried","Own","Debt_consolidation",1
"9714",97518,"Female","Grade 12",1,19.75,1953560,2.06,5043413,17.87,63.08,46.8,"Self-employed","Mortgage","Vehicle",1
"6295",67253,"Male","No records",2,16.75,585091,1.5,335905,29.95,96.44,56.2,"Salaried","Own","Debt_consolidation",1
"6903",72543,"Female","Diploma",0,21.75,181598,1.2,360410,13.59,50.51,40.3,"Salaried","Rent","Other",0
"6427",68306,"Female","Diploma",0,23.75,273329,1.57,618285,4.4,27.54,36.9,"Contract","Rent","Vehicle",1
"2869",36121,"Male","Diploma",0,18.75,502280,1.45,1021039,22.43,74.93,52.4,"Salaried","Rent","Vehicle",1
"7627",78577,"Female","Grade 12",0,18.25,373833,1.68,1007405,36.81,123.49,65.4,"Salaried","Mortgage","Home_improvement",0
"6244",66863,"Female","Diploma",4,19.25,194883,1.99,357627,12.51,48.36,42.6,"Salaried","Own","Debt_consolidation",0
"4655",52364,"Female","Diploma",1,22.25,406034,1.6,1012014,1.01,12.79,26.1,"Salaried","Rent","Vehicle",1
"8814",89424,"Male","Diploma",0,25.25,692430,2.12,891110,1.53,17.78,26.2,"Self-employed","Mortgage","Debt_consolidation",1
"5139",56754,"Male","Diploma",0,34.75,2828,0.57,1117,37.61,125.61,62.4,"Unemployed","Rent","Debt_consolidation",1
"2394",31695,"Male","Degree",0,20.75,519947,1.36,373521,35.19,112.23,67.7,"Salaried","Own","Debt_consolidation",1
"9463",95134,"Male","Diploma",0,35,5148,0.59,6970,33.39,110.42,65.3,"Unemployed","Rent","Debt_consolidation",1
"3325",40510,"Male","Grade 12",0,32.25,4059,0.42,13414,29.84,100.56,59.5,"Unemployed","Rent","Debt_consolidation",1
"2028",28198,"Male","Grade 12",1,19.75,508123,1.1,1301199,13.47,53.17,35.8,"Self-employed","Mortgage","Vehicle",1
"7341",76010,"Female","Diploma",0,16.75,380322,1.81,784357,22.71,77.38,46,"Salaried","Mortgage","Home_improvement",0
"2199",29890,"Male","Degree",0,19.25,182815,1.3,296422,4.15,21.63,34.4,"Salaried","Mortgage","Vehicle",1
"6064",65347,"Male","Grade 12",0,16.75,93931,1.22,330593,26.06,86.71,57,"Salaried","Mortgage","Home_improvement",0
"7973",81843,"Female","Postgrad",2,35,6586,0.47,21556,9.6,38.2,38.7,"Unemployed","Rent","Debt_consolidation",1
"5264",57938,"Male","Postgrad",3,25.25,615280,1.68,2166745,18.04,67.24,48.2,"Contract","Rent","Other",0
"7302",75654,"Female","Degree",1,21.25,2052707,0.98,7340395,5.33,27.86,38,"Self-employed","Mortgage","Vehicle",0
"9085",91755,"Male","Grade 12",0,20.25,2236231,1.7,1329671,36.26,121.59,66.7,"Self-employed","Own","Debt_consolidation",1
"4819",53916,"Female","Grade 12",0,21.75,410566,1.33,1136881,14.54,53.33,37.8,"Salaried","Rent","Other",0
"7546",77839,"Female","Grade 12",0,18.75,746153,1.79,1740237,31.96,103.39,57.2,"Salaried","Rent","Vehicle",1
"7366",76197,"Female","Grade 12",0,20.75,173558,1.43,270374,6.72,26.26,37.9,"Salaried","Own","Debt_consolidation",0
"5894",63735,"Female","Diploma",2,17.75,94094,1.53,232298,22.39,81.24,52.3,"Salaried","Mortgage","Vehicle",0
"5188",57240,"Female","Grade 12",2,16.75,128235,1.55,66791,3.46,18.58,27.3,"Salaried","Mortgage","Vehicle",0
"3131",38769,"Male","Diploma",0,23.75,1705804,1.27,1217936,20.33,71.66,53.5,"Self-employed","Rent","Other",1
"922",18471,"Female","Postgrad",0,27.25,1707378,2.45,5944239,0.93,10.73,28.8,"Self-employed","Rent","Other",1
"2531",32929,"Male","No records",0,35,5585,0.48,11608,14.63,56.57,38.4,"Unemployed","Rent","Other",1
"9006",91114,"Female","Grade 12",0,16.75,71348,1.18,193550,30.07,96.97,58.5,"Salaried","Mortgage","Home_improvement",0
"3297",40308,"Male","Grade 12",0,18.75,724726,1.66,875872,20.28,72.08,54.1,"Salaried","Rent","Vehicle",0
"1677",25143,"Male","Grade 12",0,23.75,2641722,2.39,3871747,9.37,33.97,43,"Self-employed","Rent","Other",0
"9966",99692,"Female","Diploma",0,35,2075,0.5,5597,31.58,104.57,59.2,"Unemployed","Rent","Other",0
"5958",64344,"Male","Grade 12",1,17.75,461982,1.41,1001111,9.34,37.13,36.8,"Salaried","Mortgage","Vehicle",0
"1542",24016,"Male","Diploma",2,25.25,1261319,2.56,2157945,31.7,105.96,61.4,"Self-employed","Rent","Other",0
"593",15490,"Male","No records",2,17.75,587974,1.7,1505131,19.37,65.54,47,"Salaried","Mortgage","Vehicle",0
"9628",96761,"Female","Grade 12",0,16.75,322759,1.63,264806,9.86,42.05,44.1,"Salaried","Mortgage","Home_improvement",0
"8359",85481,"Male","Grade 12",2,19.25,522459,1.31,1218643,22.11,75.55,47.5,"Salaried","Own","Debt_consolidation",1
"7787",80198,"Male","Grade 12",0,21.25,3206731,1.95,9578275,9.14,38.13,31.4,"Self-employed","Own","Debt_consolidation",1
"6165",66270,"Female","No records",0,22.75,378926,1.76,893352,24.76,87.68,58.9,"Contract","Own","Debt_consolidation",0
"6182",66395,"Male","Grade 12",0,33.75,5281,0.46,6899,23.57,80.1,46.7,"Unemployed","Rent","Vehicle",1
"3105",38474,"Male","Grade 12",0,21.25,418677,1.38,1433458,0.37,8.95,33.2,"Salaried","Mortgage","Vehicle",1
"6305",67337,"Female","Grade 12",0,18.25,385063,1.84,467706,38.8,125.09,71.3,"Salaried","Mortgage","Home_improvement",0
"5822",63111,"Male","Degree",0,18.25,689346,1.53,530422,36.54,118.42,67.3,"Salaried","Mortgage","Home_improvement",0
"6273",67049,"Female","Postgrad",1,18.75,433977,0.5,1464026,29.42,95.79,54,"Salaried","Rent","Vehicle",0
"4241",48454,"Male","No records",0,16.75,494024,1.65,878818,9.94,39.39,44.3,"Salaried","Mortgage","Home_improvement",0
"9301",93785,"Female","Grade 12",1,35,3831,0.54,4188,1.91,15.01,31.1,"Unemployed","Rent","Debt_consolidation",0
"7481",77278,"Female","Diploma",0,18.25,372037,1.78,634390,34.14,116.21,67.2,"Salaried","Mortgage","Home_improvement",0
"7439",76902,"Female","Postgrad",0,23.75,2276021,2.4,7529842,10.54,41.46,35.6,"Self-employed","Rent","Other",1
"6681",70776,"Female","Degree",1,21.75,455029,1.79,1584467,8.43,32.62,39.6,"Salaried","Rent","Other",0
"5453",59497,"Male","Diploma",1,19.25,445438,1.52,1373635,22.46,75.59,51.8,"Salaried","Own","Debt_consolidation",1
"1685",25192,"Male","Diploma",0,14.25,85999,1.39,51472,32.39,103.32,59.7,"Salaried","Mortgage","Home_improvement",0
"399",13712,"Female","Diploma",0,16.75,164597,1.31,411940,7.93,29.59,35.2,"Salaried","Mortgage","Home_improvement",0
"2470",32303,"Male","Grade 12",0,16.75,634148,1.83,260982,38.36,125.64,61,"Salaried","Mortgage","Vehicle",1
"849",17843,"Female","No records",0,19.25,505771,1.63,1022108,38.91,126.65,71.6,"Salaried","Mortgage","Vehicle",1
"6439",68382,"Male","Grade 12",0,22.75,490879,1.74,594119,35.63,117.78,66.2,"Self-employed","Own","Debt_consolidation",1
"7982",81955,"Female","Diploma",0,35,8064,0.57,8355,21.93,79.43,50.1,"Unemployed","Rent","Debt_consolidation",1
"2703",34569,"Male","Postgrad",0,22.75,943150,1.61,1107956,22,77.48,49.6,"Contract","Own","Debt_consolidation",1
"991",19116,"Male","No records",0,21.75,223953,1.23,849827,16.59,63.47,44.1,"Salaried","Rent","Other",0
"275",12537,"Male","Grade 12",1,16.75,487736,1.73,1023315,25.38,91.94,51.3,"Salaried","Mortgage","Home_improvement",0
"4391",49822,"Male","Diploma",0,23.75,3021506,2.15,6637985,7.59,27.49,33.5,"Self-employed","Rent","Other",0
"3504",42038,"Female","Grade 12",2,21.25,2213654,1.22,4879764,8.88,33.13,43.9,"Self-employed","Own","Debt_consolidation",0
"8696",88363,"Female","Diploma",0,21.75,1417931,1.31,2701925,34.4,111.96,56.9,"Self-employed","Mortgage","Debt_consolidation",1
"4487",50633,"Male","Degree",1,25.75,230925,2.07,174618,2.1,15.58,35.4,"Contract","Rent","Vehicle",0
"677",16183,"Female","Degree",2,20.25,719815,2.25,939357,29.05,97.59,61.6,"Salaried","Rent","Vehicle",1
"2552",33101,"Male","No records",2,21.75,313064,1.67,1013238,24.02,79.27,55.1,"Salaried","Rent","Other",0
"6520",69253,"Female","Diploma",0,35,5720,0.56,19292,8.66,38.92,41.2,"Unemployed","Rent","Debt_consolidation",1
"2722",34687,"Male","Grade 12",0,16.75,365679,1.53,1208435,7.7,33.41,38.7,"Salaried","Mortgage","Home_improvement",0
"158",11512,"Male","Grade 12",0,18.25,257998,1.63,674538,4.95,25.7,29.1,"Salaried","Mortgage","Home_improvement",1
"3064",38039,"Male","Grade 12",1,19.25,244465,1.46,431502,5.38,27.27,39.6,"Salaried","Mortgage","Vehicle",0
"8802",89277,"Male","Diploma",0,22.75,455401,1.08,185787,37.54,125.51,60.5,"Self-employed","Rent","Other",1
"8727",88639,"Female","Diploma",0,34.75,3013,0.54,6345,16.28,56.95,39.4,"Unemployed","Mortgage","Debt_consolidation",1
"4637",52154,"Female","No records",1,19.25,108030,1.49,303420,17.59,63.76,48.5,"Salaried","Own","Debt_consolidation",0
"5772",62609,"Female","Grade 12",0,23.75,1841067,1.79,1453806,31.89,102.17,59.3,"Self-employed","Rent","Other",1
"5285",58112,"Female","Diploma",0,16.75,269330,1.66,783952,7.43,33.06,33.4,"Salaried","Mortgage","Home_improvement",1
"5900",63783,"Female","Degree",0,20.25,88933,1,171348,2.03,18,35.2,"Salaried","Mortgage","Home_improvement",0
"270",12512,"Male","Grade 12",0,21.25,2392079,1.67,2765816,17.88,58.54,44.4,"Self-employed","Own","Debt_consolidation",1
"1134",20398,"Female","Grade 12",1,22.75,580753,1.78,1126915,32.03,102.54,65.8,"Contract","Mortgage","Vehicle",1
"3467",41790,"Female","Grade 12",0,18.75,304138,1.58,904811,7.28,31.38,32.8,"Salaried","Rent","Vehicle",0
"5476",59792,"Male","No records",0,23.25,701462,1.51,1955798,38.79,124.3,71.5,"Salaried","Rent","Other",0
"667",16034,"Male","Grade 12",0,16.75,705895,1.68,1825739,21.6,74.02,56,"Salaried","Mortgage","Home_improvement",1
"5017",55526,"Male","Degree",0,20.25,221337,1.99,827295,36.3,117.66,67,"Salaried","Rent","Vehicle",1
"1662",25060,"Male","No records",1,25.25,576681,1.94,1347968,19.86,73.06,51.9,"Contract","Rent","Other",1
"6352",67680,"Female","No records",1,16.75,344827,2.12,650630,22.07,80.75,51.1,"Salaried","Mortgage","Home_improvement",1
"1807",26241,"Female","No records",4,35,3838,0.47,6681,38.14,127.2,69.6,"Unemployed","Rent","Other",1
"6554",69684,"Male","Grade 12",0,19.75,1386407,1.46,2420892,22.17,74.7,49.9,"Self-employed","Mortgage","Vehicle",1
"1972",27671,"Male","Grade 12",0,18.75,94903,1.52,346902,17.87,63.67,52.5,"Salaried","Rent","Vehicle",0
"1248",21321,"Male","No records",0,20.75,360823,1.54,1262448,6.72,34.8,34,"Salaried","Own","Debt_consolidation",0
"3790",44611,"Male","Diploma",1,21.75,558742,1.69,1259689,21.38,72.89,44.3,"Salaried","Rent","Other",0
"3393",41189,"Female","Degree",0,21.75,354615,2.24,705758,9.08,36.36,38.5,"Salaried","Rent","Other",1
"4281",48802,"Male","Grade 12",1,17.75,78730,1.05,64796,26.81,87.98,51.5,"Salaried","Mortgage","Vehicle",0
"6399",68023,"Male","No records",2,21.25,762592,1.82,2017571,7.16,32.68,31.6,"Self-employed","Own","Debt_consolidation",1
"1704",25418,"Female","Grade 12",0,29.75,3265,0.4,1468,28.07,92.56,51,"Unemployed","Rent","Debt_consolidation",0
"9554",96048,"Male","No records",0,22.75,852376,1.4,917153,38.94,125.4,63.6,"Contract","Mortgage","Vehicle",0
"5332",58503,"Male","No records",0,35,5727,0.39,18560,2.08,11.55,34.8,"Unemployed","Rent","Debt_consolidation",1
"4065",46889,"Female","No records",0,17.75,384071,1.37,629502,13.07,49.76,45.9,"Salaried","Mortgage","Vehicle",0
"6341",67556,"Male","Diploma",2,25.25,993130,1.54,2218573,27.55,91.55,61.3,"Self-employed","Rent","Other",1
"7844",80700,"Female","Grade 12",2,21.25,454135,1.6,576522,2.54,17.36,30.8,"Salaried","Mortgage","Vehicle",0
"6966",73045,"Male","Grade 12",2,17.75,742409,1.57,1967372,10.46,38.97,36.9,"Salaried","Mortgage","Vehicle",0
"8176",83760,"Female","No records",1,20.25,421648,1.4,841365,38.1,123.59,66,"Salaried","Rent","Vehicle",1
"1676",25139,"Male","Grade 12",1,20.75,392556,1.82,941331,37.15,121.27,62.5,"Salaried","Own","Debt_consolidation",0
"5496",59957,"Female","Diploma",2,18.75,1554996,1.91,4040464,13.45,47.41,42.9,"Self-employed","Mortgage","Home_improvement",1
"2274",30618,"Female","Degree",1,25.25,484754,1.38,1663557,0.15,12.97,32.2,"Salaried","Rent","Other",0
"6371",67838,"Female","Grade 12",0,23.75,2310217,1.83,8605016,23.76,82.61,58.4,"Self-employed","Rent","Other",0
"612",15626,"Male","No records",0,35,3826,0.51,4270,1.88,11.06,35,"Unemployed","Rent","Home_improvement",0
"1228",21043,"Female","Grade 12",1,33.25,8607,0.45,12592,15.57,55.01,39.1,"Unemployed","Rent","Other",0
"5130",56640,"Female","Grade 12",0,17.75,175519,1.35,302784,21.8,68.84,50.6,"Salaried","Mortgage","Vehicle",0
"1951",27452,"Male","Degree",0,35,1822,0.57,2201,18.25,66.06,43,"Unemployed","Rent","Debt_consolidation",0
"1421",22847,"Female","Diploma",0,17.75,457502,1.56,1547314,30.92,100.94,54.5,"Salaried","Mortgage","Vehicle",1
"3753",44183,"Male","Degree",1,22.25,582787,1.48,1645089,20.24,68.63,46.8,"Contract","Rent","Vehicle",0
"3798",44692,"Female","Grade 12",1,21.75,463235,1.48,663474,14.18,50.7,43.9,"Salaried","Rent","Other",0
"9193",92729,"Male","No records",0,19.75,749402,1.61,1168764,22.86,76.66,57,"Self-employed","Mortgage","Vehicle",1
"3350",40749,"Male","Grade 12",1,22.25,97338,1.21,139200,1.62,20.53,30.1,"Salaried","Rent","Vehicle",0
"6829",71962,"Female","Degree",0,16.75,501420,1.19,404106,24.01,81.05,53.8,"Salaried","Mortgage","Home_improvement",0
"2628",33754,"Female","Diploma",0,19.25,545084,2.18,968694,7.95,38.45,38.9,"Salaried","Own","Debt_consolidation",1
"2167",29576,"Female","Postgrad",0,19.25,161289,1.79,320659,13.73,52.81,47.3,"Salaried","Own","Debt_consolidation",1
"7474",77229,"Female","No records",1,19.25,766026,1.36,1362776,3.41,23.27,26.1,"Salaried","Mortgage","Vehicle",0
"9306",93835,"Male","Grade 12",0,22.75,235851,1.34,267159,31.95,104.39,62,"Contract","Mortgage","Vehicle",0
"4172",47719,"Male","Diploma",0,17.75,2169922,1.9,1106665,4.51,24.32,38.9,"Self-employed","Mortgage","Home_improvement",0
"3762",44248,"Female","Degree",3,20.25,695903,1.52,1765596,36.76,118.22,68.7,"Salaried","Rent","Vehicle",1
"1160",20539,"Male","Postgrad",0,32.25,4211,0.37,8346,27.28,90.52,59.3,"Unemployed","Rent","Debt_consolidation",0
"3165",39063,"Male","Degree",0,21.75,890886,1.94,1069066,35.93,114.79,66.8,"Contract","Mortgage","Home_improvement",0
