,ID,Gender,Education,Offences
0,10005,Male,Grade 12,4
1,10026,Male,Grade 12,0
2,10031,Male,Degree,0
3,10034,Female,Grade 12,0
4,10057,Male,Grade 12,2
5,10060,Female,Diploma,0
6,10062,Female,Degree,0
7,10072,Female,Degree,0
8,10074,Male,Degree,0
9,10079,Male,Grade 12,0
10,10085,Female,No records,2
11,10087,Female,No records,0
12,10091,Female,No records,2
13,10100,Male,Grade 12,0
14,10104,Female,Diploma,0
15,10110,Male,Diploma,1
16,10113,Female,Grade 12,0
17,10125,Male,Diploma,1
18,10131,Male,Diploma,0
19,10133,Male,Degree,0
20,10134,Male,Grade 12,0
21,10157,Female,Diploma,0
22,10163,Male,Degree,0
23,10166,Male,Degree,0
24,10169,Male,No records,2
25,10175,Male,Diploma,0
26,10192,Female,Diploma,0
27,10194,Female,Diploma,2
28,10201,Male,Grade 12,0
29,10229,Female,Grade 12,2
30,10239,Male,No records,1
31,10251,Female,No records,1
32,10255,Male,Grade 12,0
33,10265,Female,Degree,0
34,10276,Female,Grade 12,1
35,10284,Male,Diploma,1
36,10292,Male,Postgrad,0
37,10314,Male,Diploma,2
38,10322,Male,Grade 12,0
39,10323,Female,Grade 12,0
40,10335,Male,Grade 12,0
41,10339,Female,Grade 12,0
42,10346,Female,Grade 12,3
43,10359,Male,Diploma,0
44,10361,Male,Grade 12,3
45,10392,Male,Grade 12,0
46,10401,Male,Grade 12,0
47,10417,Female,Degree,0
48,10434,Male,Diploma,2
49,10447,Male,Grade 12,3
50,10453,Female,Grade 12,0
51,10456,Male,Degree,0
52,10467,Male,Degree,0
53,10487,Male,Degree,0
54,10499,Male,Diploma,0
55,10503,Female,Grade 12,0
56,10530,Female,Degree,0
57,10538,Male,Grade 12,0
58,10546,Female,Grade 12,0
59,10547,Male,Grade 12,1
60,10556,Male,Diploma,0
61,10571,Female,Degree,0
62,10576,Female,No records,0
63,10580,Male,Diploma,1
64,10587,Male,Diploma,0
65,10598,Female,Grade 12,0
66,10601,Male,Diploma,4
67,10606,Male,Grade 12,0
68,10632,Male,Grade 12,0
69,10679,Male,Degree,0
70,10680,Female,Grade 12,1
71,10692,Male,No records,0
72,10696,Male,Grade 12,0
73,10705,Male,No records,0
74,10732,Male,Grade 12,2
75,10737,Female,No records,4
76,10743,Female,No records,0
77,10751,Male,Postgrad,1
78,10760,Female,Postgrad,1
79,10762,Female,Diploma,2
80,10768,Female,Degree,1
81,10769,Female,No records,0
82,10776,Male,No records,0
83,10811,Female,No records,0
84,10819,Female,Diploma,0
85,10828,Female,Diploma,0
86,10837,Male,No records,2
87,10838,Male,Diploma,0
88,10851,Female,Grade 12,2
89,10855,Male,Diploma,2
90,10856,Female,No records,0
91,10877,Female,Diploma,1
92,10881,Male,Diploma,0
93,10891,Female,Diploma,0
94,10897,Female,Grade 12,1
95,10902,Male,Grade 12,0
96,10906,Male,Postgrad,0
97,10908,Female,No records,0
98,10909,Male,Grade 12,0
99,10910,Male,No records,1
100,10915,Male,Grade 12,2
101,10917,Female,Grade 12,0
102,10918,Female,Diploma,0
103,10930,Male,Grade 12,0
104,10940,Female,Diploma,1
105,10941,Female,No records,0
106,10945,Male,Diploma,1
107,10957,Male,No records,1
108,10989,Male,Diploma,1
109,10995,Female,Degree,0
110,11016,Female,Grade 12,1
111,11029,Female,Degree,0
112,11041,Female,No records,0
113,11062,Male,Postgrad,0
114,11070,Male,Degree,0
115,11072,Female,Grade 12,2
116,11088,Female,Grade 12,0
117,11107,Female,No records,1
118,11109,Male,No records,0
119,11116,Female,Postgrad,3
120,11121,Male,Diploma,0
121,11140,Female,Postgrad,1
122,11157,Male,Diploma,1
123,11162,Male,Grade 12,0
124,11172,Male,Degree,2
125,11175,Female,Diploma,2
126,11184,Female,No records,0
127,11194,Male,No records,0
128,11196,Male,Postgrad,0
129,11220,Male,Diploma,0
130,11246,Female,Diploma,0
131,11249,Male,Grade 12,0
132,11251,Female,Degree,2
133,11257,Female,Grade 12,0
134,11258,Female,Grade 12,0
135,11263,Female,Degree,1
136,11281,Female,Diploma,2
137,11315,Female,Postgrad,0
138,11318,Female,Diploma,0
139,11361,Male,No records,0
140,11391,Female,No records,0
141,11395,Female,Grade 12,0
142,11397,Female,No records,1
143,11398,Male,Grade 12,1
144,11412,Female,Diploma,0
145,11416,Female,Diploma,2
146,11424,Female,No records,0
147,11437,Male,Grade 12,1
148,11460,Female,Grade 12,0
149,11471,Female,Grade 12,0
150,11472,Male,Diploma,2
151,11478,Female,Grade 12,1
152,11479,Male,No records,3
153,11480,Female,Degree,1
154,11483,Male,Degree,0
155,11486,Male,Grade 12,1
156,11509,Male,No records,0
157,11512,Male,Grade 12,0
158,11519,Male,No records,0
159,11525,Male,Degree,1
160,11532,Male,No records,0
161,11544,Female,No records,0
162,11567,Female,No records,0
163,11571,Female,No records,0
164,11603,Male,Diploma,0
165,11610,Female,Diploma,0
166,11617,Male,Diploma,0
167,11619,Male,Diploma,0
168,11625,Female,No records,0
169,11642,Male,No records,1
170,11648,Female,Grade 12,1
171,11651,Female,Grade 12,1
172,11664,Female,Diploma,0
173,11671,Female,Grade 12,1
174,11684,Male,Diploma,2
175,11685,Male,Degree,1
176,11690,Male,Grade 12,0
177,11692,Female,Grade 12,0
178,11706,Female,No records,2
179,11718,Female,Grade 12,1
180,11730,Female,No records,0
181,11739,Male,Grade 12,0
182,11744,Male,Diploma,0
183,11755,Male,Grade 12,0
184,11764,Male,Postgrad,0
185,11768,Female,No records,2
186,11774,Female,Diploma,0
187,11775,Male,Diploma,1
188,11778,Male,No records,2
189,11782,Female,Grade 12,0
190,11787,Female,No records,0
191,11811,Male,Diploma,0
192,11826,Male,No records,0
193,11828,Female,No records,1
194,11834,Female,No records,1
195,11835,Male,Grade 12,1
196,11844,Male,Diploma,0
197,11845,Female,Degree,0
198,11850,Male,No records,0
199,11865,Female,Grade 12,0
200,11896,Female,No records,0
201,11899,Female,Diploma,0
202,11909,Female,Diploma,0
203,11915,Male,No records,1
204,11916,Female,No records,1
205,11922,Female,Grade 12,0
206,11955,Female,No records,2
207,11957,Male,Grade 12,1
208,11961,Female,Diploma,2
209,11969,Female,No records,0
210,11980,Female,Grade 12,0
211,11999,Male,Grade 12,0
212,12016,Male,Degree,1
213,12034,Female,Grade 12,0
214,12035,Female,Diploma,0
215,12043,Female,Degree,1
216,12044,Female,Diploma,1
217,12050,Male,Diploma,4
218,12062,Female,Grade 12,0
219,12072,Male,Grade 12,2
220,12078,Female,No records,0
221,12086,Male,No records,0
222,12091,Male,No records,2
223,12093,Male,Degree,2
224,12103,Female,Grade 12,0
225,12113,Female,No records,1
226,12114,Male,Grade 12,1
227,12118,Male,No records,0
228,12127,Female,Diploma,0
229,12131,Male,No records,0
230,12157,Male,Grade 12,0
231,12163,Female,Diploma,3
232,12168,Female,Degree,0
233,12199,Male,Grade 12,2
234,12200,Female,Grade 12,0
235,12211,Female,No records,0
236,12234,Female,Grade 12,3
237,12242,Female,Diploma,1
238,12249,Female,Diploma,0
239,12258,Male,Grade 12,0
240,12266,Male,No records,0
241,12287,Female,Grade 12,2
242,12291,Male,Diploma,0
243,12301,Female,Diploma,0
244,12307,Male,Diploma,0
245,12333,Male,No records,2
246,12341,Male,No records,1
247,12342,Female,Degree,0
248,12353,Female,Grade 12,0
249,12366,Female,Grade 12,2
250,12370,Male,Diploma,1
251,12372,Female,No records,0
252,12378,Female,Grade 12,2
253,12381,Male,Diploma,0
254,12396,Male,Grade 12,0
255,12412,Male,Grade 12,1
256,12413,Male,Diploma,2
257,12417,Male,Grade 12,1
258,12424,Female,No records,0
259,12430,Male,Grade 12,0
260,12442,Female,Grade 12,0
261,12466,Female,Degree,0
262,12468,Female,Grade 12,0
263,12487,Male,No records,0
264,12490,Female,Grade 12,0
265,12502,Male,Grade 12,1
266,12505,Female,Grade 12,0
267,12507,Male,Diploma,1
268,12508,Male,Diploma,0
269,12512,Male,Grade 12,0
270,12517,Male,No records,0
271,12519,Male,Diploma,0
272,12523,Male,Postgrad,0
273,12525,Female,Degree,3
274,12537,Male,Grade 12,1
275,12551,Female,Diploma,1
276,12553,Male,Grade 12,1
277,12560,Male,Degree,0
278,12564,Male,Diploma,0
279,12568,Male,Postgrad,0
280,12589,Female,Diploma,1
281,12605,Female,Postgrad,0
282,12617,Male,Grade 12,2
283,12622,Male,Grade 12,0
284,12631,Male,Degree,0
285,12632,Female,Grade 12,0
286,12657,Female,Diploma,1
287,12660,Female,No records,2
288,12674,Male,Degree,0
289,12690,Female,No records,1
290,12707,Male,Grade 12,0
291,12708,Male,Diploma,0
292,12739,Male,Diploma,0
293,12741,Male,Degree,2
294,12742,Male,No records,1
295,12743,Female,Grade 12,0
296,12744,Female,Grade 12,0
297,12754,Female,Diploma,0
298,12772,Male,Grade 12,0
299,12773,Male,No records,0
300,12784,Female,Grade 12,0
301,12795,Female,Degree,0
302,12796,Male,Diploma,2
303,12798,Female,Postgrad,0
304,12813,Male,Degree,1
305,12822,Male,Diploma,0
306,12832,Female,Grade 12,0
307,12837,Male,Grade 12,0
308,12840,Male,Diploma,1
309,12847,Male,Diploma,0
310,12872,Female,Grade 12,1
311,12887,Male,Grade 12,0
312,12897,Female,Degree,0
313,12900,Male,Degree,3
314,12911,Female,Postgrad,4
315,12915,Female,Grade 12,0
316,12924,Female,No records,0
317,12936,Female,Postgrad,0
318,12942,Male,Diploma,1
319,12954,Male,Degree,0
320,12960,Male,Degree,0
321,12961,Female,Grade 12,0
322,12967,Male,Grade 12,0
323,12971,Male,Grade 12,0
324,12979,Female,Diploma,0
325,12984,Male,Degree,2
326,13000,Male,Degree,1
327,13041,Female,Degree,1
328,13047,Male,Diploma,1
329,13059,Female,Grade 12,1
330,13068,Female,Grade 12,0
331,13069,Female,Postgrad,0
332,13081,Male,Diploma,1
333,13089,Male,Grade 12,0
334,13108,Male,Grade 12,1
335,13111,Male,Grade 12,0
336,13117,Female,Postgrad,2
337,13150,Male,Diploma,0
338,13173,Male,Diploma,2
339,13174,Male,Grade 12,0
340,13190,Male,Degree,1
341,13191,Female,Degree,0
342,13194,Female,Diploma,0
343,13196,Male,No records,0
344,13198,Female,Degree,0
345,13202,Male,Grade 12,1
346,13206,Male,Degree,0
347,13216,Male,No records,0
348,13225,Female,Grade 12,2
349,13230,Male,Diploma,2
350,13273,Male,No records,0
351,13290,Male,Diploma,0
352,13306,Female,Diploma,0
353,13319,Male,Diploma,2
354,13322,Male,No records,3
355,13324,Female,Diploma,0
356,13328,Male,Diploma,2
357,13335,Male,Grade 12,1
358,13338,Male,No records,0
359,13347,Female,Postgrad,0
360,13363,Female,Diploma,1
361,13390,Male,Grade 12,0
362,13397,Male,Degree,0
363,13416,Male,Grade 12,0
364,13424,Female,No records,1
365,13426,Male,Grade 12,0
366,13441,Female,Grade 12,0
367,13449,Male,No records,0
368,13451,Female,Diploma,0
369,13458,Male,Grade 12,0
370,13462,Male,Diploma,0
371,13473,Male,Grade 12,0
372,13487,Female,Degree,0
373,13497,Female,Diploma,0
374,13501,Male,Grade 12,0
375,13502,Male,Diploma,0
376,13505,Female,Grade 12,2
377,13513,Male,Diploma,0
378,13518,Male,No records,0
379,13529,Female,Diploma,0
380,13533,Male,Degree,0
381,13552,Female,No records,0
382,13564,Female,No records,0
383,13567,Female,Postgrad,0
384,13587,Female,Degree,0
385,13602,Female,Grade 12,1
386,13603,Female,Degree,1
387,13606,Female,Degree,2
388,13619,Female,Grade 12,0
389,13639,Male,No records,0
390,13643,Female,Degree,0
391,13646,Male,Grade 12,0
392,13647,Male,Grade 12,1
393,13659,Male,Diploma,0
394,13673,Male,Degree,0
395,13702,Male,No records,0
396,13705,Male,Degree,2
397,13708,Male,Postgrad,0
398,13712,Female,Diploma,0
399,13724,Female,Grade 12,2
400,13732,Male,Degree,2
401,13735,Male,Diploma,0
402,13770,Male,Diploma,0
403,13774,Male,Grade 12,0
404,13798,Male,Degree,2
405,13820,Male,No records,1
406,13828,Female,Grade 12,0
407,13833,Male,Degree,0
408,13854,Female,Grade 12,0
409,13859,Male,Diploma,0
410,13870,Female,Diploma,0
411,13901,Female,No records,0
412,13908,Female,Grade 12,0
413,13910,Female,Grade 12,0
414,13922,Female,Grade 12,3
415,13924,Male,Degree,2
416,13930,Female,Grade 12,2
417,13947,Male,Diploma,0
418,13950,Male,Degree,0
419,13963,Male,Diploma,0
420,13976,Male,Grade 12,0
421,13982,Male,Diploma,0
422,13983,Male,Diploma,1
423,13987,Male,No records,1
424,13997,Male,Grade 12,0
425,14006,Male,No records,0
426,14022,Female,Diploma,0
427,14024,Female,No records,0
428,14026,Male,Diploma,0
429,14034,Male,No records,0
430,14036,Male,Diploma,2
431,14037,Female,Degree,0
432,14041,Female,Diploma,1
433,14054,Male,No records,0
434,14066,Female,Grade 12,1
435,14078,Male,Diploma,0
436,14081,Female,Diploma,1
437,14086,Male,Grade 12,0
438,14090,Female,Diploma,2
439,14105,Male,Diploma,1
440,14110,Male,No records,4
441,14118,Male,Grade 12,0
442,14123,Female,Degree,0
443,14124,Female,Degree,3
444,14130,Male,Diploma,2
445,14137,Female,Grade 12,1
446,14140,Female,No records,2
447,14145,Female,Grade 12,2
448,14152,Female,Grade 12,0
449,14165,Female,Degree,0
450,14199,Female,Diploma,0
451,14211,Male,Grade 12,2
452,14222,Female,Grade 12,0
453,14232,Female,No records,0
454,14234,Female,Postgrad,0
455,14239,Male,Grade 12,0
456,14242,Female,Diploma,0
457,14248,Female,Grade 12,0
458,14263,Male,No records,0
459,14265,Female,No records,0
460,14271,Female,No records,0
461,14278,Male,No records,0
462,14282,Female,Grade 12,2
463,14289,Male,Diploma,0
464,14312,Male,No records,1
465,14318,Female,Grade 12,0
466,14321,Female,Grade 12,0
467,14322,Male,No records,0
468,14338,Female,No records,0
469,14363,Male,Degree,0
470,14377,Male,Grade 12,3
471,14383,Male,Diploma,1
472,14401,Female,Grade 12,0
473,14404,Female,No records,0
474,14428,Male,No records,0
475,14438,Male,Degree,0
476,14453,Male,No records,1
477,14456,Male,Diploma,1
478,14473,Female,Diploma,1
479,14483,Male,Diploma,1
480,14485,Female,Grade 12,0
481,14493,Female,Grade 12,3
482,14497,Female,Diploma,1
483,14498,Female,Grade 12,2
484,14509,Male,Diploma,0
485,14521,Female,Diploma,0
486,14527,Female,Degree,0
487,14537,Male,Grade 12,0
488,14562,Female,Grade 12,0
489,14571,Female,Diploma,0
490,14585,Male,Diploma,0
491,14590,Female,Degree,1
492,14603,Male,Postgrad,0
493,14608,Female,No records,1
494,14615,Female,Grade 12,2
495,14617,Female,Degree,1
496,14624,Female,No records,2
497,14639,Male,Diploma,1
498,14645,Male,No records,1
499,14647,Male,Grade 12,0
500,14651,Female,Grade 12,0
501,14652,Female,Grade 12,0
502,14667,Female,Grade 12,2
503,14673,Female,Grade 12,0
504,14674,Male,Grade 12,0
505,14685,Male,Degree,1
506,14718,Male,Grade 12,2
507,14725,Male,No records,2
508,14735,Female,Diploma,1
509,14752,Male,Postgrad,0
510,14761,Female,Degree,0
511,14767,Male,Diploma,1
512,14787,Female,Diploma,0
513,14809,Male,No records,1
514,14818,Female,Degree,0
515,14821,Female,Diploma,0
516,14829,Female,Grade 12,0
517,14830,Male,Grade 12,0
518,14832,Female,No records,3
519,14843,Female,No records,0
520,14863,Female,Diploma,2
521,14870,Female,Grade 12,0
522,14872,Male,No records,0
523,14876,Female,Degree,0
524,14877,Male,Diploma,0
525,14927,Female,No records,2
526,14930,Male,No records,2
527,14932,Male,Diploma,1
528,14948,Male,Diploma,0
529,14966,Male,Grade 12,0
530,14974,Female,Degree,1
531,14986,Female,Grade 12,0
532,14987,Female,No records,0
533,14989,Male,Grade 12,0
534,15011,Male,Diploma,2
535,15017,Female,No records,0
536,15023,Female,Diploma,1
537,15043,Female,Diploma,0
538,15048,Female,Grade 12,0
539,15060,Male,Grade 12,0
540,15062,Male,Grade 12,2
541,15065,Male,Degree,0
542,15071,Female,Diploma,2
543,15086,Female,Postgrad,0
544,15095,Female,Degree,1
545,15096,Male,Diploma,0
546,15099,Male,No records,2
547,15105,Female,Diploma,1
548,15111,Female,Grade 12,0
549,15112,Male,Degree,0
550,15115,Female,Grade 12,0
551,15120,Male,Degree,0
552,15127,Female,Postgrad,0
553,15135,Female,Diploma,2
554,15147,Female,Grade 12,2
555,15155,Male,Diploma,0
556,15156,Female,Diploma,0
557,15162,Female,Diploma,0
558,15178,Female,No records,0
559,15203,Female,Diploma,2
560,15205,Male,Grade 12,0
561,15215,Female,No records,1
562,15220,Female,Grade 12,0
563,15226,Male,Grade 12,0
564,15230,Female,Grade 12,0
565,15233,Female,Diploma,0
566,15234,Female,Postgrad,4
567,15242,Female,Grade 12,0
568,15253,Female,Diploma,0
569,15265,Male,Diploma,2
570,15272,Female,Diploma,1
571,15296,Male,Grade 12,0
572,15298,Female,Diploma,1
573,15309,Male,No records,3
574,15314,Male,Grade 12,0
575,15326,Female,Diploma,0
576,15332,Male,No records,1
577,15341,Female,Grade 12,0
578,15352,Female,No records,2
579,15358,Male,Grade 12,2
580,15365,Male,Diploma,0
581,15370,Female,Diploma,0
582,15378,Male,Diploma,0
583,15394,Male,Grade 12,0
584,15395,Female,Grade 12,0
585,15398,Male,Degree,0
586,15400,Male,No records,0
587,15408,Female,Diploma,1
588,15410,Female,Grade 12,0
589,15437,Male,No records,2
590,15456,Male,Diploma,0
591,15457,Female,Grade 12,0
592,15490,Male,No records,2
593,15491,Female,Grade 12,0
594,15492,Male,Postgrad,1
595,15493,Female,Grade 12,1
596,15498,Male,Grade 12,2
597,15509,Male,Degree,1
598,15510,Female,Grade 12,0
599,15511,Female,Diploma,0
600,15512,Female,Diploma,1
601,15525,Female,Degree,1
602,15563,Female,Diploma,0
603,15565,Male,No records,0
604,15589,Male,No records,1
605,15595,Male,Diploma,0
606,15597,Male,Diploma,3
607,15609,Female,Grade 12,1
608,15611,Male,Grade 12,0
609,15619,Female,Degree,1
610,15624,Male,Postgrad,0
611,15626,Male,No records,0
612,15636,Female,Diploma,0
613,15647,Male,Diploma,1
614,15653,Female,Degree,1
615,15660,Female,Diploma,1
616,15665,Female,No records,3
617,15667,Male,Grade 12,1
618,15686,Female,Grade 12,0
619,15703,Female,Postgrad,0
620,15711,Female,Postgrad,2
621,15713,Female,No records,2
622,15716,Female,Grade 12,0
623,15736,Female,Degree,0
624,15739,Female,Grade 12,0
625,15752,Male,Grade 12,0
626,15776,Male,Degree,2
627,15778,Male,Grade 12,2
628,15783,Male,Grade 12,2
629,15791,Male,Postgrad,1
630,15793,Male,No records,2
631,15800,Female,Diploma,0
632,15801,Male,Diploma,3
633,15802,Female,Grade 12,0
634,15803,Male,No records,0
635,15804,Male,Diploma,2
636,15808,Male,No records,0
637,15817,Female,Grade 12,0
638,15820,Female,Grade 12,0
639,15823,Female,Degree,0
640,15834,Female,Grade 12,1
641,15840,Female,No records,0
642,15851,Male,No records,0
643,15865,Female,Postgrad,3
644,15871,Female,Degree,0
645,15874,Male,Grade 12,0
646,15894,Male,Grade 12,0
647,15896,Female,Diploma,0
648,15899,Male,Grade 12,0
649,15917,Female,No records,0
650,15923,Male,Grade 12,1
651,15925,Male,Postgrad,2
652,15933,Male,Diploma,0
653,15946,Male,Grade 12,0
654,15950,Female,Diploma,2
655,15952,Female,Diploma,2
656,15954,Female,Postgrad,0
657,15965,Female,Grade 12,0
658,15969,Male,No records,0
659,15979,Female,Grade 12,0
660,15980,Male,Diploma,2
661,16008,Male,Grade 12,0
662,16011,Female,Grade 12,0
663,16014,Male,Grade 12,1
664,16018,Male,Grade 12,1
665,16020,Male,Grade 12,0
666,16034,Male,Grade 12,0
667,16054,Male,Diploma,2
668,16093,Female,Grade 12,0
669,16097,Female,Diploma,0
670,16100,Female,Diploma,0
671,16112,Male,No records,0
672,16134,Male,Grade 12,0
673,16143,Male,Degree,1
674,16157,Female,Grade 12,0
675,16167,Female,Grade 12,0
676,16183,Female,Degree,2
677,16197,Female,Grade 12,0
678,16198,Male,Diploma,0
679,16219,Female,Grade 12,0
680,16222,Male,No records,0
681,16225,Male,Diploma,2
682,16231,Male,Grade 12,0
683,16232,Female,Degree,0
684,16240,Male,Degree,1
685,16242,Female,No records,0
686,16263,Female,Diploma,0
687,16274,Male,Diploma,0
688,16281,Female,No records,1
689,16286,Male,Diploma,1
690,16299,Female,Diploma,0
691,16365,Male,Diploma,0
692,16368,Male,No records,0
693,16382,Female,Degree,2
694,16389,Female,Grade 12,0
695,16404,Female,Degree,1
696,16407,Female,Degree,0
697,16411,Female,No records,1
698,16424,Female,Grade 12,0
699,16427,Female,Degree,0
700,16441,Female,Postgrad,0
701,16447,Male,Diploma,0
702,16448,Male,Diploma,0
703,16453,Male,Degree,0
704,16455,Female,Diploma,3
705,16461,Male,Grade 12,2
706,16467,Male,Grade 12,2
707,16474,Male,No records,1
708,16483,Female,No records,2
709,16485,Female,Grade 12,0
710,16490,Male,Diploma,1
711,16492,Female,No records,1
712,16501,Male,No records,0
713,16519,Female,Grade 12,1
714,16545,Male,No records,1
715,16547,Female,Diploma,0
716,16559,Female,Grade 12,0
717,16564,Female,Diploma,0
718,16593,Male,No records,0
719,16604,Male,No records,0
720,16627,Female,Grade 12,1
721,16632,Female,Grade 12,0
722,16637,Female,Diploma,0
723,16642,Female,Grade 12,1
724,16653,Female,Degree,4
725,16698,Male,Diploma,0
726,16699,Male,Grade 12,0
727,16710,Female,Grade 12,2
728,16749,Male,Grade 12,0
729,16756,Female,No records,0
730,16763,Male,Grade 12,0
731,16765,Male,No records,0
732,16771,Male,Grade 12,0
733,16793,Male,Grade 12,0
734,16799,Male,Diploma,1
735,16820,Female,Diploma,0
736,16829,Female,Degree,1
737,16835,Male,Degree,0
738,16853,Female,Grade 12,2
739,16865,Male,Grade 12,3
740,16866,Male,Grade 12,0
741,16877,Male,Grade 12,1
742,16909,Female,Grade 12,0
743,16917,Male,Degree,0
744,16921,Male,Diploma,4
745,16923,Male,Grade 12,2
746,16925,Male,Diploma,1
747,16926,Female,Grade 12,0
748,16942,Male,Diploma,0
749,16949,Female,Grade 12,1
750,16955,Female,Diploma,0
751,16965,Female,Grade 12,0
752,16967,Male,Postgrad,0
753,16970,Male,Diploma,2
754,16971,Male,Grade 12,0
755,16975,Female,Diploma,2
756,16997,Female,Grade 12,2
757,17007,Male,Grade 12,0
758,17012,Female,Grade 12,0
759,17019,Male,Diploma,2
760,17038,Female,Diploma,0
761,17044,Male,No records,2
762,17045,Female,Grade 12,0
763,17054,Female,Diploma,2
764,17067,Female,Degree,3
765,17069,Female,Grade 12,2
766,17071,Female,Diploma,1
767,17074,Female,Grade 12,0
768,17082,Female,Diploma,0
769,17085,Female,No records,1
770,17124,Male,Grade 12,0
771,17133,Male,Degree,3
772,17136,Female,Diploma,0
773,17141,Male,Diploma,2
774,17153,Male,Diploma,0
775,17154,Female,Grade 12,0
776,17156,Male,Grade 12,0
777,17184,Male,Grade 12,0
778,17188,Female,Grade 12,2
779,17193,Female,Grade 12,0
780,17224,Male,Grade 12,1
781,17230,Male,Grade 12,2
782,17265,Male,No records,2
783,17270,Male,Degree,3
784,17276,Male,No records,0
785,17280,Male,Diploma,1
786,17295,Female,No records,0
787,17303,Female,No records,1
788,17311,Female,Degree,0
789,17320,Female,Diploma,2
790,17344,Male,Diploma,1
791,17356,Female,Grade 12,0
792,17357,Male,Degree,0
793,17364,Female,No records,1
794,17369,Male,Diploma,3
795,17370,Male,Grade 12,2
796,17380,Male,Degree,0
797,17382,Female,No records,1
798,17390,Female,Grade 12,0
799,17391,Female,Grade 12,0
800,17403,Male,Grade 12,2
801,17416,Male,No records,0
802,17429,Female,Degree,0
803,17438,Female,Degree,1
804,17441,Male,Postgrad,1
805,17451,Male,Grade 12,0
806,17463,Male,Diploma,2
807,17466,Male,Grade 12,0
808,17471,Male,Diploma,0
809,17473,Male,Degree,2
810,17474,Male,No records,3
811,17480,Male,Postgrad,4
812,17482,Male,Diploma,0
813,17483,Male,Grade 12,0
814,17484,Female,Diploma,2
815,17490,Male,Grade 12,0
816,17505,Female,Diploma,1
817,17513,Male,No records,1
818,17543,Female,Degree,0
819,17558,Female,Degree,0
820,17564,Male,Grade 12,2
821,17588,Female,Grade 12,1
822,17593,Female,Grade 12,0
823,17595,Male,Diploma,0
824,17602,Male,No records,0
825,17614,Female,Grade 12,0
826,17617,Female,Grade 12,0
827,17622,Male,No records,0
828,17625,Female,Degree,1
829,17636,Male,Diploma,2
830,17650,Female,Grade 12,0
831,17654,Female,Degree,0
832,17663,Female,Grade 12,0
833,17692,Male,Diploma,0
834,17701,Male,Diploma,0
835,17706,Female,Diploma,1
836,17708,Female,Postgrad,0
837,17714,Female,Degree,2
838,17748,Male,Grade 12,2
839,17753,Male,Grade 12,0
840,17762,Female,Grade 12,1
841,17763,Male,No records,2
842,17768,Female,Diploma,0
843,17769,Female,Grade 12,2
844,17780,Female,Degree,1
845,17801,Female,No records,1
846,17814,Male,Diploma,2
847,17831,Female,No records,0
848,17843,Female,No records,0
849,17849,Male,Diploma,2
850,17866,Male,Degree,0
851,17884,Female,No records,0
852,17886,Female,Grade 12,0
853,17895,Male,No records,0
854,17898,Male,No records,2
855,17904,Male,Grade 12,0
856,17905,Male,Grade 12,0
857,17910,Male,Diploma,0
858,17914,Male,Diploma,0
859,17924,Male,No records,2
860,17930,Male,Postgrad,2
861,17940,Male,No records,0
862,17967,Male,Diploma,2
863,17983,Female,Diploma,3
864,17984,Male,No records,1
865,17998,Male,Grade 12,0
866,18004,Male,Grade 12,0
867,18014,Female,Grade 12,1
868,18031,Female,No records,1
869,18032,Female,Grade 12,0
870,18065,Female,Diploma,0
871,18066,Female,Diploma,0
872,18079,Female,Diploma,0
873,18090,Female,No records,1
874,18095,Female,No records,0
875,18096,Male,Postgrad,1
876,18108,Male,Grade 12,2
877,18111,Female,Grade 12,0
878,18123,Female,Degree,1
879,18130,Male,Grade 12,0
880,18134,Female,Postgrad,2
881,18139,Male,Postgrad,0
882,18153,Male,Grade 12,1
883,18167,Male,Degree,0
884,18171,Male,No records,0
885,18176,Male,Diploma,0
886,18177,Male,Postgrad,1
887,18194,Female,No records,0
888,18208,Female,Grade 12,1
889,18215,Male,No records,2
890,18222,Male,Diploma,2
891,18243,Female,Diploma,0
892,18246,Female,Postgrad,0
893,18259,Male,Degree,0
894,18268,Male,Grade 12,1
895,18271,Male,Diploma,3
896,18277,Female,Degree,0
897,18278,Male,No records,1
898,18279,Male,No records,0
899,18283,Female,Degree,1
900,18288,Female,Diploma,0
901,18289,Female,Grade 12,1
902,18297,Male,No records,0
903,18303,Male,Grade 12,0
904,18328,Female,Diploma,0
905,18343,Female,Degree,1
906,18360,Female,No records,0
907,18372,Male,Degree,2
908,18382,Male,Grade 12,3
909,18390,Female,No records,2
910,18391,Female,Grade 12,1
911,18394,Male,Diploma,0
912,18430,Male,No records,0
913,18433,Male,No records,0
914,18437,Female,Degree,0
915,18444,Female,Grade 12,0
916,18446,Male,Diploma,2
917,18449,Male,Grade 12,1
918,18451,Female,Grade 12,1
919,18463,Male,Grade 12,1
920,18470,Male,Grade 12,0
921,18471,Female,Postgrad,0
922,18482,Male,Grade 12,0
923,18503,Female,Grade 12,3
924,18508,Male,Grade 12,0
925,18510,Male,Grade 12,2
926,18526,Female,Degree,0
927,18528,Female,Grade 12,0
928,18544,Male,Grade 12,3
929,18545,Female,Grade 12,0
930,18550,Female,No records,2
931,18571,Female,Diploma,0
932,18587,Female,Diploma,1
933,18597,Female,Degree,2
934,18606,Female,Grade 12,0
935,18615,Female,Diploma,0
936,18629,Male,Diploma,2
937,18652,Male,Postgrad,1
938,18654,Female,Diploma,1
939,18676,Male,Grade 12,0
940,18679,Female,Degree,0
941,18683,Female,Diploma,0
942,18697,Male,Postgrad,0
943,18698,Male,Diploma,0
944,18705,Female,Postgrad,2
945,18713,Male,Degree,0
946,18725,Female,Degree,0
947,18746,Female,Diploma,1
948,18747,Male,Degree,0
949,18754,Male,Grade 12,1
950,18755,Male,Degree,0
951,18759,Female,No records,0
952,18773,Male,Grade 12,0
953,18794,Female,Diploma,0
954,18799,Female,Diploma,2
955,18833,Female,Diploma,0
956,18852,Male,Grade 12,0
957,18866,Male,Grade 12,2
958,18883,Male,Grade 12,0
959,18891,Male,No records,2
960,18907,Male,Grade 12,0
961,18909,Male,Postgrad,1
962,18916,Male,Grade 12,0
963,18942,Female,Diploma,0
964,18949,Female,Degree,0
965,18955,Female,Degree,0
966,18959,Male,No records,0
967,18966,Male,Degree,0
968,18976,Male,No records,0
969,18977,Male,Degree,1
970,18992,Female,Diploma,2
971,18995,Male,Grade 12,0
972,18997,Female,Degree,0
973,19004,Female,Grade 12,0
974,19006,Male,Degree,0
975,19008,Male,Degree,0
976,19012,Female,Grade 12,0
977,19015,Male,Diploma,0
978,19025,Female,Grade 12,1
979,19026,Male,Diploma,0
980,19033,Female,Grade 12,0
981,19037,Female,Diploma,0
982,19053,Female,Grade 12,0
983,19055,Male,Diploma,0
984,19066,Female,Diploma,0
985,19075,Male,Grade 12,2
986,19076,Male,Degree,2
987,19091,Female,Diploma,0
988,19112,Female,No records,0
989,19113,Female,Diploma,0
990,19116,Male,No records,0
991,19117,Female,No records,0
992,19123,Male,No records,0
993,19140,Female,Grade 12,0
994,19159,Male,Diploma,2
995,19182,Male,Grade 12,1
996,19197,Female,Grade 12,1
997,19207,Female,Diploma,0
998,19210,Female,Grade 12,0
999,19211,Female,Diploma,0
1000,19223,Male,Grade 12,2
1001,19228,Female,Diploma,0
1002,19233,Female,Grade 12,0
1003,19244,Male,Degree,0
1004,19260,Female,Grade 12,1
1005,19266,Male,Diploma,2
1006,19279,Male,Degree,0
1007,19295,Female,Diploma,1
1008,19296,Female,Grade 12,0
1009,19313,Male,Grade 12,1
1010,19349,Male,No records,1
1011,19355,Female,Grade 12,0
1012,19364,Female,Postgrad,4
1013,19369,Male,Degree,1
1014,19381,Female,Diploma,0
1015,19386,Male,Postgrad,2
1016,19404,Male,Diploma,0
1017,19413,Male,Degree,0
1018,19416,Female,No records,2
1019,19420,Female,Grade 12,0
1020,19426,Male,Diploma,0
1021,19429,Male,Degree,2
1022,19445,Female,Grade 12,0
1023,19449,Male,Grade 12,0
1024,19451,Female,Grade 12,0
1025,19458,Female,Grade 12,1
1026,19466,Female,Diploma,1
1027,19468,Male,No records,0
1028,19473,Male,Grade 12,0
1029,19478,Male,Postgrad,1
1030,19484,Female,No records,0
1031,19489,Female,Diploma,2
1032,19502,Female,No records,1
1033,19510,Male,Degree,2
1034,19511,Female,Degree,2
1035,19519,Female,Diploma,2
1036,19534,Male,No records,2
1037,19551,Male,Diploma,0
1038,19569,Male,Degree,1
1039,19581,Male,No records,2
1040,19587,Male,Diploma,0
1041,19595,Male,Degree,1
1042,19611,Male,No records,1
1043,19613,Female,Grade 12,1
1044,19629,Female,Diploma,0
1045,19635,Female,Diploma,2
1046,19643,Female,Diploma,0
1047,19645,Female,No records,0
1048,19669,Male,Diploma,2
1049,19671,Male,Diploma,1
1050,19676,Female,Grade 12,0
1051,19687,Female,Grade 12,1
1052,19696,Female,Grade 12,2
1053,19725,Male,Diploma,2
1054,19743,Female,Diploma,0
1055,19751,Male,No records,0
1056,19752,Female,Grade 12,0
1057,19753,Female,Diploma,0
1058,19778,Female,Diploma,0
1059,19791,Female,Diploma,0
1060,19793,Female,No records,2
1061,19815,Male,Grade 12,0
1062,19816,Male,Grade 12,0
1063,19819,Male,Grade 12,2
1064,19821,Female,Diploma,0
1065,19825,Female,Grade 12,0
1066,19828,Female,Grade 12,0
1067,19834,Male,No records,2
1068,19841,Male,Degree,2
1069,19853,Male,Grade 12,2
1070,19854,Female,Diploma,2
1071,19865,Male,Grade 12,3
1072,19869,Female,Degree,0
1073,19874,Male,Degree,0
1074,19877,Male,Diploma,2
1075,19879,Female,Diploma,0
1076,19895,Female,Postgrad,0
1077,19912,Male,Postgrad,1
1078,19914,Male,No records,0
1079,19934,Female,Grade 12,0
1080,19941,Female,Diploma,0
1081,19954,Male,Degree,0
1082,19958,Male,Degree,2
1083,19959,Male,Diploma,0
1084,19968,Female,No records,0
1085,19970,Male,Grade 12,0
1086,19980,Male,Grade 12,0
1087,19985,Male,Diploma,1
1088,19989,Male,No records,0
1089,19995,Female,Diploma,1
1090,19996,Male,No records,0
1091,20002,Female,Diploma,1
1092,20029,Male,No records,1
1093,20033,Female,Diploma,0
1094,20052,Male,Diploma,1
1095,20061,Female,Degree,0
1096,20079,Female,Diploma,3
1097,20083,Male,No records,2
1098,20095,Female,Degree,0
1099,20102,Female,Grade 12,0
1100,20107,Male,Degree,3
1101,20119,Male,Grade 12,0
1102,20121,Male,No records,2
1103,20130,Male,Grade 12,1
1104,20144,Female,Grade 12,1
1105,20159,Female,No records,3
1106,20175,Male,No records,1
1107,20176,Male,Diploma,2
1108,20179,Male,Diploma,0
1109,20186,Male,No records,2
1110,20188,Female,Degree,0
1111,20205,Male,Diploma,0
1112,20208,Female,Grade 12,0
1113,20214,Female,Grade 12,2
1114,20218,Female,Grade 12,0
1115,20221,Male,Diploma,0
1116,20222,Female,No records,0
1117,20228,Female,Degree,2
1118,20237,Female,Grade 12,2
1119,20242,Female,Grade 12,0
1120,20245,Male,Postgrad,0
1121,20295,Female,No records,0
1122,20296,Male,Grade 12,1
1123,20297,Male,Diploma,1
1124,20309,Female,No records,0
1125,20311,Female,Grade 12,0
1126,20312,Male,Grade 12,4
1127,20340,Male,Grade 12,0
1128,20343,Male,Postgrad,0
1129,20364,Male,Grade 12,0
1130,20376,Male,No records,0
1131,20378,Male,Degree,1
1132,20391,Male,Grade 12,2
1133,20398,Female,Grade 12,1
1134,20401,Female,No records,2
1135,20404,Male,Grade 12,0
1136,20410,Male,Grade 12,1
1137,20413,Female,No records,2
1138,20417,Male,Grade 12,2
1139,20426,Male,No records,0
1140,20446,Male,Grade 12,0
1141,20454,Female,Grade 12,2
1142,20456,Male,Grade 12,2
1143,20458,Female,Grade 12,0
1144,20460,Female,Degree,0
1145,20474,Female,No records,0
1146,20477,Female,No records,0
1147,20489,Female,Grade 12,0
1148,20490,Female,Diploma,3
1149,20499,Female,No records,0
1150,20500,Male,Diploma,2
1151,20501,Female,Diploma,1
1152,20514,Male,Degree,1
1153,20515,Male,Diploma,0
1154,20518,Female,Grade 12,0
1155,20519,Female,Diploma,2
1156,20521,Male,No records,2
1157,20534,Female,No records,0
1158,20535,Male,Grade 12,0
1159,20539,Male,Postgrad,0
1160,20541,Female,No records,2
1161,20548,Female,No records,0
1162,20552,Male,Degree,3
1163,20554,Female,Postgrad,1
1164,20560,Male,Grade 12,0
1165,20561,Female,Degree,2
1166,20562,Male,No records,1
1167,20564,Male,Diploma,0
1168,20569,Female,Grade 12,2
1169,20577,Female,Grade 12,0
1170,20586,Female,No records,2
1171,20598,Female,Diploma,0
1172,20599,Female,No records,0
1173,20606,Female,Degree,0
1174,20624,Female,No records,0
1175,20629,Female,Diploma,0
1176,20640,Female,Degree,1
1177,20644,Female,Diploma,0
1178,20651,Male,Grade 12,1
1179,20669,Male,Grade 12,0
1180,20702,Male,Degree,0
1181,20713,Male,Grade 12,0
1182,20729,Male,Grade 12,0
1183,20731,Male,Grade 12,0
1184,20732,Male,Grade 12,1
1185,20733,Female,Grade 12,2
1186,20742,Female,Postgrad,0
1187,20747,Female,No records,2
1188,20749,Male,No records,0
1189,20761,Male,Grade 12,1
1190,20776,Female,No records,0
1191,20779,Female,Postgrad,0
1192,20793,Male,No records,2
1193,20828,Female,Diploma,0
1194,20835,Male,Diploma,1
1195,20837,Male,No records,0
1196,20844,Male,Degree,0
1197,20849,Female,No records,0
1198,20854,Male,Degree,0
1199,20856,Male,No records,1
1200,20860,Male,Grade 12,0
1201,20863,Female,No records,0
1202,20872,Female,Grade 12,0
1203,20873,Male,Degree,2
1204,20882,Male,Grade 12,0
1205,20886,Male,Grade 12,2
1206,20903,Female,No records,1
1207,20908,Male,Postgrad,0
1208,20911,Male,Grade 12,2
1209,20925,Male,Diploma,0
1210,20932,Male,Diploma,0
1211,20974,Male,Grade 12,2
1212,20978,Female,Grade 12,1
1213,20979,Male,Degree,0
1214,20984,Female,Diploma,0
1215,20986,Male,Diploma,1
1216,20995,Male,Grade 12,1
1217,20999,Female,Grade 12,0
1218,21001,Female,Degree,0
1219,21006,Female,Grade 12,0
1220,21012,Female,Diploma,4
1221,21014,Female,Diploma,1
1222,21020,Female,Diploma,0
1223,21021,Female,Degree,0
1224,21025,Male,Degree,0
1225,21035,Male,Grade 12,0
1226,21037,Female,Grade 12,1
1227,21043,Female,Grade 12,1
1228,21046,Male,Grade 12,0
1229,21072,Female,Degree,0
1230,21073,Female,Grade 12,0
1231,21084,Male,Grade 12,0
1232,21093,Male,Grade 12,1
1233,21135,Female,Grade 12,0
1234,21150,Female,No records,0
1235,21180,Female,Diploma,1
1236,21196,Female,Diploma,2
1237,21198,Female,Grade 12,0
1238,21211,Female,Grade 12,0
1239,21216,Male,Grade 12,0
1240,21244,Male,Diploma,1
1241,21249,Female,Grade 12,0
1242,21282,Female,No records,0
1243,21290,Female,Degree,1
1244,21292,Male,Grade 12,0
1245,21313,Female,Grade 12,0
1246,21317,Male,Degree,1
1247,21321,Male,No records,0
1248,21334,Male,No records,0
1249,21340,Male,Degree,0
1250,21345,Female,Degree,1
1251,21348,Male,Grade 12,0
1252,21363,Male,Diploma,2
1253,21364,Female,Diploma,1
1254,21371,Male,No records,0
1255,21398,Male,Degree,0
1256,21403,Male,Grade 12,2
1257,21408,Male,Grade 12,0
1258,21413,Male,Diploma,0
1259,21423,Male,Degree,0
1260,21427,Male,Grade 12,0
1261,21429,Female,No records,1
1262,21461,Female,Degree,0
1263,21465,Male,Grade 12,2
1264,21485,Male,Grade 12,2
1265,21511,Male,Grade 12,0
1266,21514,Male,No records,0
1267,21518,Male,Grade 12,2
1268,21526,Male,Grade 12,1
1269,21529,Female,Diploma,0
1270,21530,Male,Grade 12,0
1271,21545,Male,Diploma,0
1272,21552,Male,Degree,0
1273,21553,Female,Grade 12,0
1274,21559,Female,Diploma,0
1275,21582,Female,Postgrad,1
1276,21592,Male,No records,0
1277,21594,Female,Diploma,2
1278,21599,Female,Diploma,0
1279,21617,Male,Grade 12,1
1280,21631,Male,No records,0
1281,21640,Female,Grade 12,0
1282,21654,Female,Degree,0
1283,21661,Female,No records,2
1284,21676,Female,Diploma,0
1285,21677,Female,Grade 12,0
1286,21689,Female,Degree,0
1287,21695,Female,Degree,0
1288,21719,Female,Grade 12,1
1289,21732,Male,Grade 12,3
1290,21735,Male,No records,0
1291,21737,Female,No records,2
1292,21748,Male,No records,0
1293,21762,Female,Degree,1
1294,21772,Male,Diploma,0
1295,21780,Male,Grade 12,2
1296,21797,Female,Diploma,0
1297,21800,Female,No records,2
1298,21822,Male,Grade 12,2
1299,21834,Female,Grade 12,0
1300,21841,Male,Grade 12,1
1301,21844,Male,Degree,2
1302,21858,Female,Degree,1
1303,21870,Female,No records,2
1304,21871,Female,Diploma,1
1305,21885,Female,No records,3
1306,21895,Female,Degree,0
1307,21897,Female,No records,2
1308,21900,Male,Grade 12,1
1309,21902,Male,Grade 12,2
1310,21906,Female,Grade 12,0
1311,21919,Male,No records,0
1312,21923,Male,Degree,0
1313,21930,Female,Postgrad,2
1314,21942,Male,Diploma,2
1315,21967,Male,Diploma,0
1316,21969,Female,Degree,0
1317,21977,Male,Degree,0
1318,21988,Male,Grade 12,1
1319,21993,Female,Grade 12,1
1320,21997,Female,No records,1
1321,21999,Male,Grade 12,2
1322,22007,Female,Diploma,1
1323,22009,Female,Grade 12,1
1324,22015,Female,Postgrad,0
1325,22016,Male,Grade 12,0
1326,22023,Female,Degree,1
1327,22025,Female,Grade 12,1
1328,22046,Female,No records,1
1329,22061,Female,Grade 12,0
1330,22065,Male,Grade 12,0
1331,22075,Male,Diploma,0
1332,22095,Male,Degree,0
1333,22104,Male,Grade 12,0
1334,22107,Male,No records,0
1335,22110,Female,Degree,2
1336,22117,Female,Grade 12,1
1337,22118,Male,Diploma,1
1338,22121,Male,Degree,0
1339,22125,Female,Grade 12,0
1340,22134,Female,Degree,0
1341,22145,Male,Diploma,1
1342,22160,Male,Diploma,0
1343,22193,Female,Degree,1
1344,22195,Female,Postgrad,0
1345,22199,Male,No records,0
1346,22200,Male,Degree,2
1347,22216,Male,No records,0
1348,22218,Male,Grade 12,0
1349,22231,Male,Grade 12,0
1350,22238,Female,Degree,1
1351,22254,Female,Diploma,0
1352,22267,Male,No records,0
1353,22269,Male,Grade 12,1
1354,22285,Female,Diploma,1
1355,22295,Male,Degree,0
1356,22297,Male,Grade 12,0
1357,22307,Male,Degree,1
1358,22310,Male,Grade 12,2
1359,22350,Male,No records,0
1360,22356,Female,Diploma,0
1361,22362,Female,No records,0
1362,22363,Male,No records,1
1363,22366,Male,Grade 12,1
1364,22382,Male,No records,1
1365,22390,Female,Grade 12,2
1366,22393,Female,Diploma,1
1367,22399,Female,Degree,1
1368,22408,Male,Degree,0
1369,22423,Male,Grade 12,2
1370,22429,Female,Diploma,1
1371,22438,Male,Diploma,0
1372,22440,Female,Grade 12,0
1373,22450,Male,Grade 12,0
1374,22457,Male,Grade 12,0
1375,22468,Male,Diploma,2
1376,22473,Female,Diploma,2
1377,22486,Female,No records,1
1378,22492,Male,Grade 12,0
1379,22502,Male,No records,1
1380,22511,Male,Grade 12,0
1381,22513,Female,Postgrad,0
1382,22519,Male,No records,0
1383,22536,Female,Degree,2
1384,22553,Female,No records,0
1385,22554,Female,Diploma,0
1386,22563,Male,Grade 12,0
1387,22573,Female,Grade 12,1
1388,22585,Female,No records,2
1389,22590,Male,Diploma,0
1390,22612,Male,Diploma,0
1391,22618,Male,No records,0
1392,22621,Male,Diploma,0
1393,22635,Female,Diploma,0
1394,22637,Male,No records,1
1395,22640,Male,Degree,0
1396,22641,Male,No records,0
1397,22648,Male,No records,0
1398,22650,Male,Grade 12,2
1399,22654,Female,Diploma,0
1400,22661,Female,Grade 12,3
1401,22679,Male,Grade 12,0
1402,22680,Female,No records,0
1403,22687,Female,Grade 12,4
1404,22696,Male,Grade 12,0
1405,22705,Male,Grade 12,0
1406,22720,Male,Grade 12,1
1407,22724,Male,Degree,2
1408,22727,Female,Degree,1
1409,22729,Male,Degree,0
1410,22730,Female,Diploma,0
1411,22732,Male,No records,0
1412,22734,Male,Grade 12,4
1413,22765,Female,Grade 12,1
1414,22774,Female,Grade 12,0
1415,22775,Female,No records,0
1416,22808,Female,No records,0
1417,22812,Male,Grade 12,0
1418,22838,Female,Grade 12,0
1419,22839,Female,Degree,0
1420,22847,Female,Diploma,0
1421,22865,Female,Degree,4
1422,22875,Male,Degree,0
1423,22878,Female,Diploma,0
1424,22888,Female,Diploma,0
1425,22892,Male,Grade 12,1
1426,22896,Female,Degree,2
1427,22899,Male,Postgrad,2
1428,22913,Male,Grade 12,2
1429,22934,Male,No records,0
1430,22942,Male,Grade 12,0
1431,22956,Male,No records,2
1432,22970,Female,No records,0
1433,22987,Male,Diploma,0
1434,22996,Female,Degree,3
1435,23024,Female,No records,0
1436,23027,Male,Grade 12,2
1437,23040,Male,No records,0
1438,23041,Female,Diploma,0
1439,23044,Female,No records,0
1440,23060,Male,Degree,3
1441,23076,Male,Diploma,0
1442,23077,Male,Grade 12,0
1443,23090,Male,Grade 12,2
1444,23093,Male,Grade 12,0
1445,23112,Female,Grade 12,3
1446,23116,Male,Grade 12,0
1447,23159,Male,No records,0
1448,23169,Male,Diploma,0
1449,23177,Male,Grade 12,2
1450,23192,Female,Grade 12,0
1451,23201,Female,Degree,0
1452,23205,Female,No records,0
1453,23209,Male,Grade 12,0
1454,23210,Female,No records,1
1455,23213,Male,Grade 12,0
1456,23218,Male,Degree,0
1457,23219,Male,Diploma,0
1458,23221,Male,Degree,1
1459,23224,Male,No records,0
1460,23234,Female,Degree,0
1461,23245,Female,No records,1
1462,23288,Male,Degree,0
1463,23291,Male,No records,0
1464,23294,Female,Diploma,0
1465,23299,Male,Diploma,2
1466,23314,Female,Degree,2
1467,23324,Female,Diploma,0
1468,23328,Female,Grade 12,0
1469,23332,Male,Diploma,1
1470,23350,Male,No records,0
1471,23351,Female,Postgrad,0
1472,23352,Male,Postgrad,2
1473,23356,Female,Diploma,1
1474,23365,Male,Postgrad,0
1475,23373,Female,Grade 12,0
1476,23388,Male,No records,1
1477,23402,Male,Diploma,0
1478,23407,Female,No records,2
1479,23413,Female,Grade 12,0
1480,23419,Female,Grade 12,0
1481,23426,Female,Grade 12,1
1482,23434,Female,Grade 12,1
1483,23437,Male,No records,2
1484,23439,Female,Diploma,0
1485,23440,Male,Grade 12,2
1486,23456,Female,No records,1
1487,23465,Male,Grade 12,1
1488,23467,Female,Diploma,0
1489,23473,Male,No records,0
1490,23475,Male,Grade 12,2
1491,23478,Female,Degree,0
1492,23481,Female,Grade 12,2
1493,23486,Male,Grade 12,1
1494,23494,Female,Degree,0
1495,23498,Male,No records,0
1496,23499,Male,Degree,0
1497,23507,Male,No records,0
1498,23520,Male,Diploma,2
1499,23537,Female,Diploma,1
1500,23556,Male,Postgrad,0
1501,23572,Female,Diploma,0
1502,23597,Female,Diploma,0
1503,23598,Female,Diploma,2
1504,23600,Female,Degree,0
1505,23603,Female,Postgrad,0
1506,23643,Female,Grade 12,0
1507,23670,Male,Degree,0
1508,23673,Female,No records,0
1509,23688,Female,No records,0
1510,23699,Female,No records,2
1511,23704,Male,Diploma,1
1512,23718,Male,No records,0
1513,23739,Female,No records,1
1514,23748,Male,Degree,0
1515,23814,Male,No records,0
1516,23817,Male,Diploma,0
1517,23821,Female,No records,0
1518,23827,Female,Grade 12,1
1519,23832,Female,Grade 12,0
1520,23839,Male,Diploma,1
1521,23845,Male,Grade 12,0
1522,23848,Male,No records,0
1523,23849,Female,Grade 12,0
1524,23855,Male,Grade 12,0
1525,23872,Female,Grade 12,2
1526,23880,Female,Grade 12,1
1527,23904,Female,Postgrad,3
1528,23908,Male,Diploma,2
1529,23921,Male,Diploma,0
1530,23925,Male,Diploma,1
1531,23932,Male,Diploma,1
1532,23934,Female,Degree,0
1533,23938,Female,No records,0
1534,23944,Female,Diploma,3
1535,23952,Male,Grade 12,0
1536,23967,Female,No records,0
1537,23971,Female,Grade 12,0
1538,23996,Female,No records,0
1539,24001,Female,Postgrad,0
1540,24014,Female,No records,0
1541,24016,Male,Diploma,2
1542,24019,Male,Degree,2
1543,24031,Female,Diploma,0
1544,24035,Female,Grade 12,0
1545,24042,Female,Degree,1
1546,24048,Female,Grade 12,1
1547,24053,Male,Grade 12,2
1548,24055,Male,Degree,2
1549,24064,Male,Degree,3
1550,24065,Male,Grade 12,0
1551,24080,Male,No records,0
1552,24082,Female,Grade 12,0
1553,24093,Female,Grade 12,0
1554,24096,Male,Diploma,0
1555,24097,Female,Grade 12,0
1556,24104,Female,Diploma,4
1557,24108,Male,Grade 12,0
1558,24110,Female,Diploma,0
1559,24124,Female,Grade 12,0
1560,24131,Male,Degree,1
1561,24137,Female,No records,1
1562,24142,Male,Degree,2
1563,24147,Female,Diploma,2
1564,24161,Male,Degree,0
1565,24163,Male,Grade 12,0
1566,24177,Female,Diploma,1
1567,24185,Female,Degree,1
1568,24192,Female,Diploma,2
1569,24194,Male,Grade 12,0
1570,24197,Male,No records,0
1571,24203,Male,Grade 12,0
1572,24207,Male,Grade 12,0
1573,24211,Female,Diploma,0
1574,24218,Female,Grade 12,0
1575,24233,Female,Degree,1
1576,24271,Female,No records,1
1577,24282,Female,Diploma,1
1578,24284,Male,Diploma,0
1579,24291,Female,Grade 12,3
1580,24306,Male,Grade 12,1
1581,24312,Male,Diploma,2
1582,24321,Female,Degree,0
1583,24325,Male,Postgrad,0
1584,24334,Male,No records,0
1585,24379,Male,Degree,0
1586,24386,Female,Grade 12,2
1587,24396,Female,Grade 12,0
1588,24417,Male,Diploma,0
1589,24420,Male,Grade 12,0
1590,24437,Male,Diploma,1
1591,24460,Male,No records,0
1592,24462,Male,Diploma,0
1593,24498,Female,Diploma,0
1594,24514,Male,Diploma,0
1595,24536,Male,Diploma,0
1596,24537,Female,Diploma,0
1597,24539,Female,Grade 12,3
1598,24542,Female,No records,0
1599,24545,Female,No records,2
1600,24581,Female,Degree,0
1601,24582,Male,Diploma,0
1602,24611,Female,No records,0
1603,24614,Female,No records,1
1604,24620,Male,Postgrad,2
1605,24640,Female,Diploma,1
1606,24642,Male,No records,2
1607,24654,Female,No records,0
1608,24670,Male,No records,1
1609,24673,Female,No records,0
1610,24674,Male,No records,2
1611,24677,Female,Diploma,0
1612,24691,Male,Diploma,3
1613,24693,Female,Diploma,0
1614,24697,Female,No records,4
1615,24699,Male,Degree,1
1616,24701,Female,Postgrad,0
1617,24718,Female,Grade 12,0
1618,24730,Male,Diploma,0
1619,24732,Male,Postgrad,0
1620,24736,Female,Degree,1
1621,24739,Male,Degree,0
1622,24740,Male,Diploma,0
1623,24750,Female,Grade 12,1
1624,24752,Female,Grade 12,1
1625,24764,Male,Postgrad,0
1626,24768,Female,Degree,0
1627,24773,Female,Degree,0
1628,24775,Female,No records,1
1629,24779,Male,Postgrad,0
1630,24790,Male,Diploma,0
1631,24797,Male,Grade 12,2
1632,24810,Female,Postgrad,3
1633,24812,Female,No records,1
1634,24817,Male,Grade 12,0
1635,24840,Female,Diploma,0
1636,24852,Female,Diploma,2
1637,24854,Female,Grade 12,0
1638,24855,Male,Diploma,0
1639,24859,Male,Degree,0
1640,24860,Male,Diploma,1
1641,24863,Male,Grade 12,0
1642,24894,Female,Diploma,0
1643,24904,Female,No records,0
1644,24910,Male,Postgrad,1
1645,24929,Male,Grade 12,0
1646,24934,Female,Grade 12,2
1647,24936,Male,Grade 12,0
1648,24954,Female,Degree,3
1649,24963,Female,Degree,1
1650,24966,Male,Grade 12,0
1651,24970,Female,Grade 12,2
1652,24974,Male,Degree,0
1653,24982,Female,Diploma,1
1654,24988,Female,Grade 12,0
1655,24997,Female,Grade 12,0
1656,25002,Male,Degree,3
1657,25028,Female,Diploma,0
1658,25043,Male,Diploma,0
1659,25051,Female,Grade 12,1
1660,25057,Male,Grade 12,0
1661,25060,Male,No records,1
1662,25063,Female,Grade 12,1
1663,25073,Male,Diploma,0
1664,25075,Male,Grade 12,0
1665,25076,Male,Grade 12,2
1666,25077,Female,Diploma,0
1667,25079,Male,Degree,2
1668,25081,Male,Diploma,0
1669,25097,Male,Grade 12,2
1670,25100,Female,No records,0
1671,25109,Male,Grade 12,0
1672,25111,Female,Diploma,1
1673,25113,Male,Diploma,1
1674,25128,Male,Degree,0
1675,25139,Male,Grade 12,1
1676,25143,Male,Grade 12,0
1677,25150,Male,Diploma,0
1678,25168,Male,No records,2
1679,25173,Male,Diploma,1
1680,25174,Female,Degree,0
1681,25182,Female,Grade 12,1
1682,25186,Male,No records,2
1683,25190,Female,No records,4
1684,25192,Male,Diploma,0
1685,25204,Male,Diploma,1
1686,25207,Male,Grade 12,0
1687,25225,Male,Diploma,0
1688,25269,Female,Grade 12,0
1689,25276,Female,Degree,2
1690,25280,Female,Grade 12,2
1691,25284,Male,Degree,1
1692,25296,Male,No records,1
1693,25307,Female,Grade 12,0
1694,25325,Male,Diploma,0
1695,25332,Male,Grade 12,0
1696,25348,Male,Grade 12,1
1697,25361,Male,Grade 12,0
1698,25369,Female,No records,1
1699,25372,Male,Diploma,0
1700,25393,Female,No records,1
1701,25406,Female,Diploma,4
1702,25415,Female,Grade 12,3
1703,25418,Female,Grade 12,0
1704,25426,Female,Postgrad,0
1705,25428,Male,Grade 12,1
1706,25431,Female,Degree,1
1707,25438,Male,Diploma,0
1708,25444,Male,Grade 12,1
1709,25454,Female,Diploma,0
1710,25480,Male,Grade 12,0
1711,25482,Female,Grade 12,0
1712,25488,Male,Diploma,0
1713,25494,Male,Degree,0
1714,25505,Male,No records,1
1715,25516,Male,Postgrad,0
1716,25528,Female,Grade 12,1
1717,25545,Female,No records,1
1718,25573,Female,Grade 12,0
1719,25582,Female,Grade 12,2
1720,25588,Female,Postgrad,0
1721,25602,Female,Diploma,0
1722,25603,Male,Degree,0
1723,25615,Female,Grade 12,3
1724,25618,Male,Degree,0
1725,25622,Female,Grade 12,0
1726,25623,Female,Grade 12,2
1727,25638,Male,Degree,1
1728,25639,Female,Diploma,0
1729,25640,Male,Grade 12,0
1730,25651,Male,Grade 12,0
1731,25652,Female,Grade 12,0
1732,25670,Female,No records,0
1733,25674,Male,No records,0
1734,25677,Male,Diploma,0
1735,25682,Female,Grade 12,0
1736,25684,Male,Postgrad,0
1737,25685,Female,Diploma,0
1738,25694,Female,Diploma,0
1739,25696,Male,Diploma,0
1740,25710,Female,Diploma,0
1741,25721,Male,Grade 12,2
1742,25745,Male,Grade 12,1
1743,25754,Female,Diploma,2
1744,25755,Female,Diploma,0
1745,25758,Female,No records,2
1746,25759,Male,Grade 12,0
1747,25766,Female,Diploma,0
1748,25775,Male,Grade 12,0
1749,25786,Male,Diploma,0
1750,25801,Female,Diploma,1
1751,25810,Male,Diploma,0
1752,25820,Male,Grade 12,0
1753,25821,Female,Degree,0
1754,25825,Male,Grade 12,1
1755,25827,Male,Diploma,2
1756,25845,Female,No records,0
1757,25846,Male,Grade 12,0
1758,25847,Male,Degree,1
1759,25853,Female,Postgrad,1
1760,25854,Male,Degree,0
1761,25860,Male,No records,2
1762,25861,Female,Diploma,0
1763,25872,Female,No records,0
1764,25873,Female,Diploma,0
1765,25896,Female,Diploma,2
1766,25905,Male,Grade 12,3
1767,25909,Female,No records,1
1768,25916,Male,No records,2
1769,25917,Male,Grade 12,2
1770,25935,Female,Degree,0
1771,25940,Male,Grade 12,1
1772,25955,Male,Grade 12,3
1773,25970,Female,Degree,0
1774,25981,Female,Degree,0
1775,25985,Female,Grade 12,2
1776,25992,Female,Grade 12,1
1777,25996,Male,Diploma,0
1778,25999,Male,No records,1
1779,26006,Male,Degree,1
1780,26007,Male,Grade 12,2
1781,26018,Female,Grade 12,0
1782,26019,Male,Diploma,1
1783,26021,Male,No records,3
1784,26022,Male,Degree,0
1785,26043,Female,Grade 12,0
1786,26052,Female,Diploma,0
1787,26064,Male,Grade 12,0
1788,26086,Female,Grade 12,0
1789,26094,Male,Grade 12,1
1790,26096,Male,Degree,2
1791,26100,Female,Degree,1
1792,26109,Female,Grade 12,0
1793,26132,Male,Degree,0
1794,26135,Male,Grade 12,0
1795,26149,Male,Degree,2
1796,26151,Female,Grade 12,2
1797,26161,Female,No records,0
1798,26162,Male,Grade 12,1
1799,26166,Female,Grade 12,1
1800,26167,Female,Diploma,1
1801,26168,Female,No records,0
1802,26181,Female,No records,0
1803,26187,Male,Postgrad,0
1804,26191,Female,Diploma,1
1805,26229,Male,Diploma,0
1806,26241,Female,No records,4
1807,26250,Male,Grade 12,0
1808,26256,Female,No records,0
1809,26259,Male,Degree,0
1810,26274,Male,Grade 12,0
1811,26278,Female,No records,1
1812,26287,Male,No records,2
1813,26288,Female,Grade 12,1
1814,26292,Male,Grade 12,0
1815,26308,Female,Grade 12,3
1816,26310,Male,Diploma,1
1817,26323,Female,Diploma,1
1818,26333,Female,Diploma,1
1819,26350,Male,No records,0
1820,26359,Female,Grade 12,0
1821,26360,Female,Grade 12,2
1822,26367,Male,Degree,1
1823,26370,Male,Diploma,0
1824,26375,Male,Diploma,0
1825,26387,Male,No records,0
1826,26404,Male,No records,0
1827,26443,Female,Grade 12,2
1828,26501,Female,Diploma,0
1829,26504,Male,No records,1
1830,26513,Male,Grade 12,0
1831,26521,Male,No records,0
1832,26523,Female,No records,0
1833,26525,Male,No records,1
1834,26529,Male,Grade 12,0
1835,26534,Female,Diploma,0
1836,26561,Female,Degree,0
1837,26567,Female,Grade 12,0
1838,26578,Male,Postgrad,4
1839,26579,Male,Degree,1
1840,26582,Male,No records,0
1841,26584,Female,Diploma,0
1842,26600,Male,No records,2
1843,26607,Female,Postgrad,0
1844,26612,Male,No records,0
1845,26613,Male,Grade 12,0
1846,26624,Female,Degree,0
1847,26631,Female,Diploma,3
1848,26632,Female,Grade 12,0
1849,26641,Male,Degree,1
1850,26643,Female,Grade 12,1
1851,26650,Female,Degree,0
1852,26651,Female,Diploma,0
1853,26656,Female,Grade 12,0
1854,26672,Male,Diploma,0
1855,26687,Female,Diploma,0
1856,26703,Female,Grade 12,0
1857,26708,Male,Grade 12,3
1858,26713,Female,Grade 12,0
1859,26726,Female,No records,1
1860,26727,Female,Grade 12,0
1861,26734,Female,No records,1
1862,26735,Male,Postgrad,2
1863,26742,Male,Grade 12,0
1864,26749,Male,Postgrad,2
1865,26757,Female,Grade 12,0
1866,26775,Male,No records,1
1867,26779,Male,Diploma,0
1868,26781,Female,Grade 12,0
1869,26808,Female,Diploma,2
1870,26828,Male,No records,0
1871,26838,Male,Degree,1
1872,26840,Male,Grade 12,1
1873,26861,Female,Grade 12,0
1874,26867,Female,Diploma,1
1875,26882,Female,No records,0
1876,26886,Male,No records,0
1877,26915,Female,Degree,0
1878,26921,Female,Postgrad,0
1879,26944,Female,No records,0
1880,26949,Female,Diploma,0
1881,26950,Female,Grade 12,0
1882,26951,Female,Grade 12,0
1883,26957,Female,Grade 12,2
1884,26958,Male,No records,2
1885,26974,Male,Degree,1
1886,26977,Male,No records,0
1887,26985,Male,Postgrad,0
1888,26988,Male,Degree,2
1889,26994,Female,Grade 12,3
1890,27009,Male,Degree,0
1891,27018,Male,No records,0
1892,27026,Male,No records,2
1893,27042,Male,Grade 12,0
1894,27050,Male,Grade 12,0
1895,27069,Male,Grade 12,0
1896,27071,Male,Diploma,0
1897,27074,Male,No records,0
1898,27083,Female,Grade 12,2
1899,27089,Male,Grade 12,0
1900,27090,Male,Degree,1
1901,27092,Male,Grade 12,0
1902,27093,Male,No records,0
1903,27100,Male,Degree,0
1904,27104,Male,No records,2
1905,27117,Male,Grade 12,2
1906,27134,Female,Diploma,0
1907,27135,Female,Diploma,3
1908,27145,Male,Grade 12,4
1909,27157,Male,Diploma,0
1910,27168,Female,Grade 12,0
1911,27171,Male,Grade 12,3
1912,27174,Male,Degree,0
1913,27178,Female,No records,0
1914,27184,Male,Diploma,0
1915,27185,Female,Diploma,2
1916,27196,Male,No records,1
1917,27197,Female,Diploma,2
1918,27200,Male,Grade 12,2
1919,27205,Male,No records,0
1920,27209,Female,No records,2
1921,27222,Female,Diploma,0
1922,27227,Male,Grade 12,0
1923,27240,Female,No records,0
1924,27246,Male,Grade 12,0
1925,27253,Female,Grade 12,0
1926,27256,Female,Diploma,1
1927,27268,Male,Diploma,1
1928,27275,Female,Postgrad,0
1929,27287,Male,Diploma,2
1930,27290,Male,Diploma,3
1931,27301,Female,No records,0
1932,27313,Male,Diploma,1
1933,27321,Male,Diploma,1
1934,27353,Female,Degree,2
1935,27356,Male,Diploma,2
1936,27359,Male,Diploma,0
1937,27361,Female,Diploma,3
1938,27370,Female,No records,0
1939,27371,Female,Grade 12,1
1940,27373,Male,Grade 12,0
1941,27397,Male,No records,2
1942,27400,Male,Degree,2
1943,27403,Male,Diploma,2
1944,27413,Female,Grade 12,1
1945,27424,Female,Diploma,1
1946,27429,Female,Diploma,0
1947,27430,Female,Grade 12,0
1948,27440,Female,Degree,0
1949,27444,Female,No records,0
1950,27452,Male,Degree,0
1951,27457,Female,Degree,0
1952,27465,Female,Diploma,0
1953,27473,Female,Diploma,0
1954,27483,Male,Grade 12,0
1955,27492,Female,No records,0
1956,27494,Male,Postgrad,0
1957,27501,Female,Grade 12,0
1958,27517,Male,Grade 12,0
1959,27521,Female,Grade 12,0
1960,27527,Male,No records,2
1961,27539,Male,Grade 12,1
1962,27543,Male,Grade 12,0
1963,27549,Male,Degree,1
1964,27555,Female,Grade 12,0
1965,27562,Male,Diploma,0
1966,27580,Female,Degree,1
1967,27608,Female,Diploma,0
1968,27611,Female,No records,0
1969,27621,Female,Grade 12,0
1970,27627,Male,No records,0
1971,27671,Male,Grade 12,0
1972,27699,Male,Degree,2
1973,27707,Female,No records,1
1974,27730,Male,Grade 12,4
1975,27734,Male,Degree,2
1976,27749,Female,Diploma,0
1977,27756,Male,Diploma,0
1978,27765,Male,No records,0
1979,27767,Female,Grade 12,0
1980,27768,Male,Degree,2
1981,27772,Female,Grade 12,0
1982,27790,Male,Grade 12,1
1983,27806,Female,Grade 12,2
1984,27810,Male,Diploma,1
1985,27814,Female,No records,2
1986,27818,Female,No records,0
1987,27858,Male,Postgrad,0
1988,27865,Female,Postgrad,0
1989,27872,Male,Grade 12,2
1990,27887,Male,Degree,0
1991,27901,Male,Degree,1
1992,27905,Female,Grade 12,0
1993,27923,Female,Diploma,0
1994,27954,Male,Diploma,0
1995,27957,Female,Diploma,2
1996,27963,Female,Diploma,2
1997,27966,Male,Diploma,1
1998,27968,Female,No records,0
1999,27977,Male,Diploma,2
2000,27978,Male,Grade 12,1
2001,27981,Male,Diploma,0
2002,27985,Male,Degree,0
2003,27986,Female,Postgrad,0
2004,27994,Female,Grade 12,1
2005,28010,Male,No records,0
2006,28013,Male,Diploma,0
2007,28024,Male,Degree,2
2008,28029,Female,No records,1
2009,28034,Male,Grade 12,2
2010,28047,Male,Grade 12,1
2011,28052,Male,Grade 12,1
2012,28058,Female,Diploma,1
2013,28065,Female,Grade 12,1
2014,28069,Male,Degree,0
2015,28077,Female,Postgrad,0
2016,28079,Male,Grade 12,0
2017,28086,Female,No records,2
2018,28090,Female,Grade 12,0
2019,28110,Female,No records,1
2020,28137,Female,No records,0
2021,28149,Male,Grade 12,4
2022,28155,Male,Grade 12,0
2023,28162,Male,Diploma,1
2024,28178,Female,Diploma,0
2025,28183,Male,Diploma,0
2026,28195,Female,No records,0
2027,28198,Male,Grade 12,1
2028,28209,Female,No records,1
2029,28210,Female,Degree,0
2030,28220,Male,Degree,1
2031,28242,Female,Grade 12,2
2032,28265,Male,Grade 12,0
2033,28280,Female,Degree,0
2034,28282,Male,Diploma,1
2035,28291,Female,Diploma,0
2036,28310,Male,Grade 12,2
2037,28326,Male,Grade 12,0
2038,28333,Male,Diploma,1
2039,28362,Female,Degree,1
2040,28378,Female,Postgrad,2
2041,28379,Male,Diploma,1
2042,28394,Female,Diploma,2
2043,28403,Male,No records,1
2044,28414,Female,Diploma,1
2045,28456,Female,Degree,0
2046,28472,Female,No records,0
2047,28474,Female,Degree,0
2048,28485,Male,Grade 12,1
2049,28497,Male,No records,2
2050,28512,Male,Degree,1
2051,28514,Male,Diploma,0
2052,28524,Female,Diploma,0
2053,28525,Female,Grade 12,1
2054,28539,Female,Grade 12,0
2055,28541,Female,Degree,0
2056,28546,Female,No records,1
2057,28550,Male,Diploma,0
2058,28570,Female,Diploma,0
2059,28572,Female,Degree,1
2060,28582,Male,Diploma,0
2061,28604,Male,Diploma,1
2062,28631,Male,Diploma,0
2063,28644,Female,Diploma,0
2064,28647,Male,Degree,0
2065,28660,Female,Grade 12,1
2066,28664,Male,Grade 12,0
2067,28665,Female,Diploma,2
2068,28676,Male,Degree,4
2069,28685,Male,Grade 12,0
2070,28686,Male,Diploma,2
2071,28698,Male,Diploma,4
2072,28701,Male,Diploma,0
2073,28706,Female,Grade 12,2
2074,28751,Female,Grade 12,4
2075,28756,Female,Degree,1
2076,28757,Male,Diploma,0
2077,28766,Male,Grade 12,0
2078,28769,Female,Diploma,0
2079,28773,Male,Diploma,0
2080,28790,Female,Degree,2
2081,28791,Male,Diploma,1
2082,28794,Male,Grade 12,2
2083,28807,Male,Diploma,0
2084,28813,Female,Degree,2
2085,28825,Male,Grade 12,0
2086,28827,Female,Diploma,0
2087,28833,Male,Diploma,0
2088,28834,Female,Grade 12,0
2089,28836,Male,Diploma,0
2090,28844,Female,Grade 12,2
2091,28863,Male,Diploma,2
2092,28871,Male,Diploma,0
2093,28914,Female,Degree,1
2094,28938,Female,Postgrad,1
2095,28944,Male,Degree,0
2096,28945,Male,Diploma,1
2097,28951,Male,No records,0
2098,28959,Female,Diploma,0
2099,28960,Male,No records,0
2100,28982,Female,Diploma,0
2101,28983,Female,Diploma,0
2102,28995,Male,Diploma,2
2103,29005,Female,Grade 12,1
2104,29018,Female,Grade 12,1
2105,29020,Female,No records,1
2106,29025,Male,Degree,2
2107,29039,Female,Grade 12,0
2108,29045,Female,Grade 12,0
2109,29056,Female,Diploma,0
2110,29057,Female,Grade 12,0
2111,29062,Female,Degree,3
2112,29071,Female,Grade 12,0
2113,29092,Male,Diploma,0
2114,29093,Female,Diploma,0
2115,29096,Male,Grade 12,2
2116,29097,Male,Degree,0
2117,29102,Male,Grade 12,1
2118,29113,Female,Grade 12,0
2119,29127,Male,No records,2
2120,29136,Male,Diploma,0
2121,29141,Male,Degree,2
2122,29151,Male,Diploma,0
2123,29156,Male,No records,0
2124,29160,Female,Degree,0
2125,29171,Male,Degree,0
2126,29176,Female,Degree,0
2127,29179,Male,No records,0
2128,29192,Male,Grade 12,0
2129,29201,Female,Diploma,0
2130,29205,Female,No records,3
2131,29253,Male,Diploma,0
2132,29259,Male,Grade 12,1
2133,29277,Male,Grade 12,0
2134,29280,Female,Grade 12,2
2135,29290,Male,Degree,2
2136,29308,Female,Grade 12,0
2137,29311,Male,Grade 12,1
2138,29326,Female,Grade 12,0
2139,29339,Female,No records,2
2140,29359,Female,Diploma,0
2141,29366,Male,No records,1
2142,29373,Female,Diploma,2
2143,29377,Male,Diploma,0
2144,29383,Female,No records,2
2145,29384,Female,No records,0
2146,29404,Female,Degree,0
2147,29415,Female,Diploma,0
2148,29422,Male,Degree,0
2149,29452,Male,No records,0
2150,29455,Female,Grade 12,0
2151,29458,Male,Diploma,1
2152,29485,Male,Diploma,0
2153,29487,Male,Diploma,0
2154,29489,Male,No records,1
2155,29498,Male,No records,0
2156,29502,Female,Degree,0
2157,29511,Male,Degree,0
2158,29517,Female,Grade 12,0
2159,29537,Male,Diploma,0
2160,29543,Female,Diploma,1
2161,29551,Male,Grade 12,1
2162,29562,Male,Degree,0
2163,29563,Male,Grade 12,0
2164,29565,Male,Diploma,1
2165,29566,Female,Grade 12,0
2166,29576,Female,Postgrad,0
2167,29582,Female,No records,0
2168,29592,Male,Grade 12,0
2169,29605,Male,No records,2
2170,29621,Female,Postgrad,1
2171,29627,Male,Grade 12,0
2172,29637,Male,Grade 12,1
2173,29639,Male,Grade 12,1
2174,29681,Male,Degree,0
2175,29683,Female,Diploma,2
2176,29695,Male,Degree,0
2177,29698,Male,Degree,0
2178,29703,Male,Diploma,2
2179,29712,Male,Postgrad,0
2180,29723,Female,Diploma,0
2181,29732,Male,Degree,1
2182,29740,Female,No records,0
2183,29742,Female,No records,0
2184,29744,Male,Diploma,0
2185,29749,Male,Degree,0
2186,29752,Female,Diploma,1
2187,29764,Female,Grade 12,0
2188,29781,Female,Degree,0
2189,29791,Male,Degree,2
2190,29792,Male,Diploma,0
2191,29802,Female,Diploma,1
2192,29812,Male,Grade 12,2
2193,29825,Female,Grade 12,2
2194,29834,Female,No records,2
2195,29836,Male,Grade 12,1
2196,29864,Female,Diploma,0
2197,29879,Female,No records,2
2198,29890,Male,Degree,0
2199,29894,Female,Grade 12,0
2200,29903,Male,Grade 12,1
2201,29905,Male,Grade 12,2
2202,29929,Female,Diploma,0
2203,29932,Male,Diploma,0
2204,29940,Female,Grade 12,0
2205,29944,Female,No records,0
2206,29945,Male,Grade 12,2
2207,29946,Male,No records,1
2208,29967,Male,Grade 12,0
2209,29972,Male,Grade 12,0
2210,29992,Female,Diploma,2
2211,29994,Female,Diploma,0
2212,29999,Male,Grade 12,2
2213,30002,Male,Grade 12,2
2214,30026,Female,Degree,1
2215,30028,Female,No records,0
2216,30030,Male,Grade 12,1
2217,30037,Male,Diploma,0
2218,30038,Female,Diploma,0
2219,30041,Female,No records,1
2220,30060,Female,Degree,2
2221,30061,Female,Grade 12,0
2222,30090,Male,No records,1
2223,30094,Female,Grade 12,0
2224,30102,Female,No records,0
2225,30132,Female,Postgrad,2
2226,30135,Female,Grade 12,1
2227,30137,Female,Grade 12,0
2228,30138,Male,Grade 12,1
2229,30156,Male,Diploma,0
2230,30166,Male,No records,1
2231,30194,Female,Grade 12,0
2232,30205,Male,Diploma,0
2233,30215,Male,Diploma,2
2234,30238,Female,Diploma,1
2235,30245,Male,Diploma,1
2236,30246,Female,Grade 12,0
2237,30248,Male,Grade 12,0
2238,30267,Female,Grade 12,2
2239,30284,Male,Grade 12,0
2240,30295,Male,Grade 12,1
2241,30314,Female,Grade 12,2
2242,30323,Male,Grade 12,0
2243,30329,Male,Diploma,0
2244,30338,Female,Grade 12,2
2245,30341,Female,Diploma,2
2246,30359,Male,Diploma,2
2247,30416,Female,Grade 12,3
2248,30424,Male,Grade 12,0
2249,30425,Female,Diploma,0
2250,30438,Male,No records,0
2251,30439,Male,Grade 12,0
2252,30445,Male,Diploma,0
2253,30448,Male,Grade 12,0
2254,30454,Female,Grade 12,0
2255,30461,Male,Grade 12,0
2256,30464,Male,Grade 12,0
2257,30480,Female,Grade 12,0
2258,30489,Male,Grade 12,0
2259,30508,Male,Grade 12,0
2260,30511,Female,Degree,2
2261,30532,Female,No records,0
2262,30536,Female,No records,1
2263,30551,Female,Postgrad,1
2264,30561,Female,Diploma,0
2265,30564,Female,Degree,1
2266,30565,Female,Grade 12,0
2267,30567,Male,Grade 12,0
2268,30570,Female,Grade 12,1
2269,30589,Male,No records,2
2270,30592,Male,Grade 12,1
2271,30606,Male,No records,2
2272,30613,Female,Postgrad,0
2273,30618,Female,Degree,1
2274,30622,Female,Diploma,2
2275,30624,Female,Degree,3
2276,30626,Male,Degree,0
2277,30629,Female,Grade 12,0
2278,30637,Male,Diploma,0
2279,30648,Female,No records,1
2280,30658,Female,Postgrad,0
2281,30659,Male,Diploma,1
2282,30660,Female,Grade 12,1
2283,30663,Female,Grade 12,0
2284,30671,Male,No records,0
2285,30672,Male,Diploma,1
2286,30687,Female,Diploma,2
2287,30693,Female,Diploma,0
2288,30709,Female,No records,0
2289,30724,Female,Grade 12,1
2290,30729,Female,Grade 12,1
2291,30732,Female,Degree,0
2292,30754,Male,Postgrad,0
2293,30757,Female,Degree,0
2294,30768,Female,No records,0
2295,30784,Male,Degree,2
2296,30790,Male,Grade 12,0
2297,30809,Female,Postgrad,0
2298,30818,Female,Grade 12,2
2299,30819,Female,Diploma,0
2300,30848,Female,Grade 12,0
2301,30879,Male,Diploma,0
2302,30888,Male,Grade 12,0
2303,30913,Male,No records,0
2304,30928,Male,Grade 12,0
2305,30936,Male,Grade 12,0
2306,30941,Female,Diploma,0
2307,30967,Female,Postgrad,0
2308,30970,Female,Degree,0
2309,30973,Female,Diploma,0
2310,30983,Female,No records,1
2311,30987,Female,Diploma,0
2312,30988,Female,Grade 12,0
2313,31013,Female,Grade 12,2
2314,31020,Female,Diploma,0
2315,31031,Female,Degree,0
2316,31037,Male,Degree,2
2317,31038,Female,Diploma,1
2318,31051,Male,Degree,0
2319,31069,Male,Diploma,0
2320,31074,Male,Postgrad,1
2321,31079,Female,No records,0
2322,31084,Male,No records,2
2323,31107,Female,Postgrad,0
2324,31137,Male,Grade 12,0
2325,31141,Male,Degree,0
2326,31151,Male,No records,0
2327,31160,Female,Degree,0
2328,31178,Female,Diploma,1
2329,31201,Male,Diploma,1
2330,31202,Male,Grade 12,2
2331,31205,Male,No records,1
2332,31211,Male,Diploma,0
2333,31236,Female,Degree,4
2334,31244,Male,Grade 12,4
2335,31245,Female,Diploma,0
2336,31248,Female,Grade 12,0
2337,31253,Male,Grade 12,2
2338,31255,Male,No records,0
2339,31258,Male,Degree,2
2340,31259,Male,Grade 12,1
2341,31260,Male,No records,1
2342,31261,Female,Grade 12,2
2343,31271,Male,Degree,0
2344,31276,Female,Grade 12,0
2345,31315,Male,No records,0
2346,31329,Male,Diploma,2
2347,31337,Female,Grade 12,0
2348,31340,Female,No records,2
2349,31354,Male,Diploma,0
2350,31386,Male,No records,2
2351,31392,Female,Diploma,1
2352,31396,Male,Degree,1
2353,31422,Female,Postgrad,0
2354,31433,Male,Grade 12,0
2355,31435,Male,Diploma,0
2356,31446,Female,Diploma,0
2357,31454,Male,Grade 12,2
2358,31456,Male,Grade 12,1
2359,31461,Female,Grade 12,0
2360,31470,Male,No records,1
2361,31479,Female,Grade 12,2
2362,31494,Male,Diploma,1
2363,31498,Female,Diploma,2
2364,31499,Female,Grade 12,2
2365,31510,Female,Grade 12,2
2366,31516,Male,Diploma,1
2367,31518,Female,Degree,1
2368,31523,Female,Degree,0
2369,31537,Female,Grade 12,0
2370,31566,Male,Grade 12,0
2371,31569,Female,Grade 12,1
2372,31576,Male,Grade 12,0
2373,31580,Female,Grade 12,1
2374,31582,Male,Degree,2
2375,31585,Male,Degree,0
2376,31589,Male,Degree,1
2377,31590,Female,Degree,0
2378,31596,Female,Grade 12,2
2379,31635,Female,Grade 12,0
2380,31638,Male,Postgrad,0
2381,31643,Female,Grade 12,0
2382,31647,Female,Diploma,0
2383,31648,Male,Degree,1
2384,31651,Female,Grade 12,0
2385,31658,Female,Postgrad,0
2386,31670,Female,Diploma,1
2387,31673,Female,Grade 12,0
2388,31677,Female,No records,1
2389,31685,Male,Grade 12,2
2390,31688,Male,No records,0
2391,31692,Male,Diploma,2
2392,31693,Female,No records,2
2393,31695,Male,Degree,0
2394,31696,Male,Degree,2
2395,31705,Female,Grade 12,0
2396,31708,Female,Diploma,2
2397,31716,Female,Grade 12,1
2398,31732,Male,No records,0
2399,31740,Female,Degree,0
2400,31742,Female,Degree,0
2401,31752,Male,Grade 12,0
2402,31761,Male,Diploma,2
2403,31762,Male,Grade 12,1
2404,31772,Female,Grade 12,0
2405,31774,Male,Diploma,0
2406,31780,Female,Diploma,3
2407,31794,Male,Diploma,0
2408,31796,Male,Grade 12,2
2409,31809,Male,No records,0
2410,31812,Female,Diploma,2
2411,31846,Male,Degree,1
2412,31849,Female,No records,0
2413,31853,Male,Grade 12,0
2414,31864,Male,Grade 12,1
2415,31871,Male,Grade 12,1
2416,31874,Male,Grade 12,0
2417,31875,Female,Degree,0
2418,31880,Male,Grade 12,2
2419,31881,Female,Postgrad,0
2420,31907,Female,Diploma,0
2421,31908,Female,Diploma,1
2422,31918,Female,Degree,0
2423,31920,Female,Degree,0
2424,31923,Male,Grade 12,1
2425,31925,Male,Diploma,1
2426,31927,Male,Grade 12,1
2427,31932,Male,Grade 12,1
2428,31934,Female,Diploma,0
2429,31943,Male,Diploma,0
2430,31948,Male,Grade 12,3
2431,31951,Male,Degree,0
2432,31960,Female,Degree,1
2433,31978,Male,No records,0
2434,31983,Female,Diploma,0
2435,31993,Male,No records,1
2436,31999,Male,Degree,0
2437,32011,Female,Diploma,0
2438,32018,Female,No records,0
2439,32020,Male,No records,0
2440,32023,Male,No records,1
2441,32031,Male,Diploma,1
2442,32038,Male,Grade 12,1
2443,32048,Female,Grade 12,0
2444,32055,Male,Grade 12,0
2445,32056,Male,No records,0
2446,32083,Male,Diploma,0
2447,32084,Female,No records,1
2448,32115,Male,Diploma,0
2449,32117,Female,Postgrad,0
2450,32124,Female,Diploma,1
2451,32149,Female,Diploma,1
2452,32160,Female,Diploma,0
2453,32193,Female,Diploma,0
2454,32198,Male,Degree,2
2455,32217,Female,Degree,2
2456,32231,Male,Grade 12,0
2457,32232,Female,Grade 12,1
2458,32247,Male,Grade 12,3
2459,32250,Female,Degree,1
2460,32251,Male,Degree,1
2461,32256,Female,Grade 12,0
2462,32258,Female,Diploma,0
2463,32262,Female,Degree,0
2464,32272,Male,Diploma,0
2465,32289,Male,No records,1
2466,32294,Male,Grade 12,2
2467,32295,Female,No records,2
2468,32300,Male,No records,0
2469,32303,Male,Grade 12,0
2470,32313,Male,Degree,0
2471,32324,Female,Grade 12,0
2472,32328,Male,No records,0
2473,32342,Male,Postgrad,1
2474,32345,Male,Grade 12,0
2475,32347,Male,Diploma,3
2476,32351,Male,Degree,0
2477,32356,Female,Grade 12,2
2478,32382,Male,Diploma,2
2479,32391,Female,Diploma,0
2480,32402,Male,Postgrad,1
2481,32403,Female,Diploma,0
2482,32410,Female,No records,0
2483,32416,Female,Postgrad,1
2484,32419,Male,No records,0
2485,32420,Male,Diploma,2
2486,32424,Female,Postgrad,0
2487,32425,Female,Postgrad,1
2488,32450,Female,Degree,1
2489,32467,Female,No records,1
2490,32490,Male,No records,0
2491,32509,Female,Grade 12,4
2492,32518,Female,Grade 12,2
2493,32521,Female,No records,2
2494,32531,Female,Degree,0
2495,32535,Female,Grade 12,0
2496,32541,Female,No records,0
2497,32547,Female,No records,1
2498,32578,Female,Grade 12,1
2499,32581,Male,Diploma,1
2500,32597,Female,Diploma,0
2501,32607,Female,Diploma,1
2502,32622,Female,Diploma,0
2503,32624,Male,Postgrad,1
2504,32629,Female,Grade 12,0
2505,32653,Female,Grade 12,0
2506,32655,Male,No records,2
2507,32666,Male,Grade 12,0
2508,32670,Male,Grade 12,0
2509,32672,Male,Grade 12,0
2510,32683,Female,No records,0
2511,32704,Female,Diploma,2
2512,32707,Female,Grade 12,2
2513,32710,Male,Grade 12,0
2514,32716,Male,Degree,3
2515,32720,Female,No records,0
2516,32732,Male,No records,1
2517,32743,Female,Grade 12,1
2518,32780,Female,Postgrad,0
2519,32809,Female,Diploma,0
2520,32815,Female,Grade 12,1
2521,32840,Male,Grade 12,0
2522,32842,Male,Degree,0
2523,32880,Female,No records,0
2524,32889,Male,Diploma,1
2525,32893,Male,Degree,1
2526,32904,Female,Diploma,0
2527,32913,Male,Diploma,1
2528,32914,Male,Grade 12,0
2529,32928,Female,No records,1
2530,32929,Male,No records,0
2531,32965,Female,Grade 12,0
2532,32967,Male,Grade 12,0
2533,32973,Female,Diploma,0
2534,32997,Female,Grade 12,0
2535,33010,Male,No records,2
2536,33016,Male,No records,2
2537,33018,Female,No records,0
2538,33024,Male,Grade 12,0
2539,33031,Male,Grade 12,0
2540,33038,Male,Diploma,0
2541,33045,Male,Degree,1
2542,33050,Female,Grade 12,0
2543,33061,Male,Grade 12,0
2544,33065,Female,No records,1
2545,33068,Male,Diploma,0
2546,33069,Male,No records,0
2547,33071,Male,Diploma,0
2548,33079,Male,Grade 12,2
2549,33082,Male,Grade 12,1
2550,33085,Female,Degree,0
2551,33101,Male,No records,2
2552,33109,Female,Degree,0
2553,33119,Female,Diploma,2
2554,33130,Male,Degree,0
2555,33134,Female,Diploma,1
2556,33142,Female,Grade 12,0
2557,33161,Female,Grade 12,0
2558,33171,Female,Postgrad,2
2559,33193,Female,No records,1
2560,33195,Female,Degree,3
2561,33197,Male,No records,3
2562,33201,Male,Degree,0
2563,33205,Female,Degree,1
2564,33220,Female,Grade 12,1
2565,33228,Female,Grade 12,2
2566,33231,Female,Diploma,0
2567,33241,Female,Degree,0
2568,33249,Male,Diploma,0
2569,33253,Male,Diploma,2
2570,33259,Male,Grade 12,1
2571,33267,Female,Grade 12,3
2572,33276,Male,Diploma,1
2573,33287,Female,Grade 12,0
2574,33288,Male,No records,0
2575,33296,Female,No records,0
2576,33306,Female,No records,0
2577,33311,Male,Grade 12,1
2578,33318,Female,Diploma,1
2579,33319,Female,Grade 12,1
2580,33320,Female,Degree,1
2581,33332,Male,Diploma,2
2582,33337,Female,Grade 12,0
2583,33352,Female,No records,0
2584,33361,Male,No records,2
2585,33367,Male,Degree,1
2586,33382,Female,Degree,0
2587,33386,Female,Grade 12,1
2588,33399,Male,Grade 12,2
2589,33403,Male,No records,2
2590,33411,Female,Grade 12,0
2591,33432,Male,Grade 12,2
2592,33447,Female,Degree,0
2593,33462,Male,Grade 12,1
2594,33463,Male,Diploma,0
2595,33469,Male,Grade 12,0
2596,33472,Male,Postgrad,1
2597,33500,Male,Diploma,1
2598,33502,Male,No records,1
2599,33508,Female,Diploma,0
2600,33516,Female,Diploma,1
2601,33540,Female,Diploma,0
2602,33548,Male,Grade 12,0
2603,33557,Female,Grade 12,0
2604,33560,Male,Grade 12,1
2605,33580,Male,No records,1
2606,33605,Male,Grade 12,0
2607,33609,Male,No records,0
2608,33619,Female,Postgrad,1
2609,33622,Male,Diploma,0
2610,33627,Male,Grade 12,0
2611,33637,Female,Diploma,0
2612,33639,Male,No records,0
2613,33642,Male,Diploma,2
2614,33644,Male,Degree,0
2615,33645,Female,Grade 12,2
2616,33659,Female,Diploma,0
2617,33660,Female,Grade 12,0
2618,33672,Female,Diploma,2
2619,33680,Female,Grade 12,2
2620,33686,Female,Grade 12,0
2621,33694,Male,Grade 12,2
2622,33707,Female,Diploma,2
2623,33710,Female,Diploma,0
2624,33730,Male,Diploma,0
2625,33745,Male,Postgrad,2
2626,33751,Male,Grade 12,0
2627,33754,Female,Diploma,0
2628,33772,Male,No records,0
2629,33786,Female,Diploma,0
2630,33787,Male,Grade 12,1
2631,33792,Male,Grade 12,0
2632,33795,Female,Grade 12,1
2633,33799,Male,Grade 12,0
2634,33804,Male,No records,1
2635,33816,Female,Grade 12,0
2636,33821,Female,Diploma,0
2637,33835,Male,Degree,0
2638,33842,Female,Grade 12,0
2639,33852,Male,Degree,0
2640,33879,Male,Grade 12,0
2641,33890,Male,Diploma,0
2642,33901,Male,Degree,0
2643,33912,Male,Diploma,1
2644,33913,Female,Grade 12,0
2645,33915,Female,Diploma,0
2646,33941,Female,No records,2
2647,33973,Male,Grade 12,0
2648,33981,Female,Diploma,1
2649,33988,Female,Diploma,1
2650,33992,Male,Grade 12,3
2651,33995,Male,Diploma,1
2652,33996,Male,No records,1
2653,34005,Male,Degree,2
2654,34011,Male,Grade 12,0
2655,34023,Female,Diploma,2
2656,34035,Female,Grade 12,0
2657,34037,Male,No records,0
2658,34070,Female,Diploma,2
2659,34072,Male,Postgrad,0
2660,34084,Male,Diploma,0
2661,34102,Female,Grade 12,2
2662,34104,Male,No records,2
2663,34114,Male,No records,0
2664,34115,Male,Diploma,3
2665,34123,Female,Grade 12,0
2666,34131,Female,Degree,0
2667,34132,Female,Grade 12,2
2668,34142,Female,Postgrad,0
2669,34158,Female,Grade 12,3
2670,34180,Female,Postgrad,2
2671,34186,Male,Diploma,0
2672,34202,Female,Grade 12,0
2673,34211,Female,No records,1
2674,34222,Male,Grade 12,2
2675,34224,Male,Diploma,2
2676,34250,Male,Grade 12,1
2677,34252,Female,No records,3
2678,34264,Male,Grade 12,0
2679,34266,Male,Postgrad,2
2680,34275,Male,No records,0
2681,34285,Male,Grade 12,1
2682,34307,Female,Diploma,2
2683,34322,Male,Postgrad,0
2684,34323,Female,Diploma,0
2685,34336,Male,No records,0
2686,34338,Female,Diploma,2
2687,34343,Male,No records,0
2688,34345,Female,Grade 12,1
2689,34358,Female,Diploma,4
2690,34359,Male,Grade 12,0
2691,34374,Female,No records,1
2692,34413,Male,Grade 12,0
2693,34415,Female,Degree,0
2694,34417,Female,Grade 12,0
2695,34466,Male,Diploma,1
2696,34501,Male,Grade 12,2
2697,34508,Female,Degree,0
2698,34510,Male,Grade 12,0
2699,34515,Male,No records,2
2700,34538,Female,Degree,0
2701,34564,Male,Diploma,0
2702,34569,Male,Postgrad,0
2703,34572,Male,Diploma,0
2704,34582,Female,Grade 12,0
2705,34584,Female,Degree,0
2706,34588,Male,Degree,2
2707,34591,Male,Grade 12,1
2708,34600,Female,Diploma,2
2709,34604,Female,Diploma,0
2710,34610,Male,Diploma,0
2711,34618,Male,No records,0
2712,34625,Male,Diploma,0
2713,34626,Female,Degree,0
2714,34627,Female,No records,2
2715,34650,Female,Grade 12,0
2716,34656,Female,Diploma,1
2717,34659,Female,Diploma,0
2718,34663,Male,Grade 12,1
2719,34682,Male,No records,0
2720,34683,Male,Diploma,1
2721,34687,Male,Grade 12,0
2722,34701,Male,Degree,0
2723,34706,Female,Degree,1
2724,34714,Male,Diploma,1
2725,34723,Female,Grade 12,2
2726,34727,Male,Grade 12,0
2727,34729,Female,Diploma,4
2728,34741,Female,Grade 12,2
2729,34742,Male,Degree,0
2730,34751,Female,No records,1
2731,34759,Male,Degree,1
2732,34778,Male,Diploma,1
2733,34788,Male,Grade 12,0
2734,34793,Male,Grade 12,1
2735,34811,Female,Degree,0
2736,34819,Male,Diploma,0
2737,34820,Female,Grade 12,0
2738,34841,Male,Grade 12,1
2739,34846,Male,Grade 12,0
2740,34851,Female,Diploma,2
2741,34857,Female,No records,0
2742,34894,Male,No records,1
2743,34895,Female,Grade 12,0
2744,34898,Male,Grade 12,0
2745,34901,Male,Grade 12,0
2746,34903,Male,Grade 12,0
2747,34907,Female,Grade 12,1
2748,34945,Male,Grade 12,0
2749,34955,Female,Degree,0
2750,34977,Female,Grade 12,2
2751,34987,Female,Grade 12,2
2752,34991,Female,Degree,1
2753,34998,Female,Grade 12,3
2754,35000,Female,Degree,0
2755,35014,Male,Grade 12,4
2756,35018,Male,No records,2
2757,35025,Female,Grade 12,1
2758,35029,Male,Diploma,1
2759,35030,Male,Grade 12,1
2760,35035,Male,Degree,0
2761,35049,Male,Grade 12,0
2762,35053,Female,Grade 12,0
2763,35060,Male,Degree,0
2764,35066,Female,Grade 12,0
2765,35077,Male,Postgrad,1
2766,35080,Female,Grade 12,4
2767,35094,Male,No records,0
2768,35099,Female,Diploma,0
2769,35104,Male,Degree,0
2770,35106,Female,Diploma,0
2771,35129,Female,Diploma,0
2772,35133,Female,Grade 12,0
2773,35142,Female,Postgrad,0
2774,35206,Male,No records,1
2775,35209,Male,No records,1
2776,35212,Female,Diploma,1
2777,35236,Female,Degree,1
2778,35243,Female,Diploma,0
2779,35261,Male,Diploma,0
2780,35287,Female,Degree,0
2781,35289,Male,Diploma,0
2782,35293,Male,Degree,0
2783,35305,Male,Diploma,0
2784,35317,Male,Degree,2
2785,35318,Male,Degree,0
2786,35320,Female,No records,0
2787,35325,Male,Grade 12,2
2788,35331,Male,Grade 12,0
2789,35339,Female,No records,2
2790,35343,Female,Diploma,1
2791,35356,Male,Grade 12,1
2792,35361,Male,Diploma,0
2793,35371,Female,Grade 12,3
2794,35372,Female,Diploma,0
2795,35389,Female,Diploma,3
2796,35395,Male,Degree,0
2797,35419,Female,No records,0
2798,35427,Male,Grade 12,0
2799,35441,Male,Grade 12,0
2800,35453,Male,Grade 12,0
2801,35455,Male,Grade 12,0
2802,35463,Female,Diploma,1
2803,35467,Female,Diploma,0
2804,35468,Male,Grade 12,0
2805,35473,Male,Diploma,2
2806,35479,Female,Degree,0
2807,35483,Female,Grade 12,0
2808,35490,Male,Diploma,3
2809,35491,Male,Grade 12,2
2810,35494,Female,Grade 12,0
2811,35496,Male,Diploma,2
2812,35498,Male,Diploma,0
2813,35512,Female,No records,0
2814,35514,Male,Diploma,0
2815,35555,Male,Postgrad,0
2816,35556,Male,Grade 12,1
2817,35560,Male,Grade 12,1
2818,35567,Male,Grade 12,0
2819,35571,Female,Grade 12,2
2820,35583,Male,Diploma,0
2821,35586,Female,Grade 12,0
2822,35598,Female,Degree,0
2823,35603,Female,No records,1
2824,35609,Male,Grade 12,1
2825,35616,Female,No records,3
2826,35622,Male,Degree,0
2827,35627,Female,Diploma,1
2828,35670,Female,Degree,1
2829,35679,Male,Postgrad,2
2830,35687,Male,Grade 12,0
2831,35688,Male,Diploma,0
2832,35698,Female,Degree,0
2833,35699,Female,Grade 12,2
2834,35702,Male,Diploma,0
2835,35707,Male,Grade 12,0
2836,35716,Female,Diploma,0
2837,35731,Female,Grade 12,0
2838,35747,Male,Postgrad,0
2839,35749,Male,Grade 12,2
2840,35756,Female,Degree,3
2841,35765,Female,Grade 12,2
2842,35771,Female,Grade 12,2
2843,35780,Male,Diploma,1
2844,35804,Female,Grade 12,0
2845,35814,Female,Grade 12,0
2846,35835,Male,No records,0
2847,35869,Male,Diploma,1
2848,35875,Male,No records,0
2849,35876,Male,Diploma,0
2850,35883,Male,Degree,1
2851,35884,Female,Diploma,2
2852,35898,Female,Degree,0
2853,35903,Male,No records,0
2854,35915,Male,Diploma,1
2855,35924,Male,No records,0
2856,35937,Male,Diploma,0
2857,35965,Female,Grade 12,0
2858,35993,Female,No records,0
2859,35994,Female,Degree,2
2860,36043,Male,Degree,3
2861,36047,Female,Grade 12,1
2862,36053,Male,Diploma,0
2863,36054,Male,Diploma,2
2864,36068,Female,Grade 12,0
2865,36071,Male,Grade 12,0
2866,36086,Male,Grade 12,0
2867,36106,Female,Degree,2
2868,36121,Male,Diploma,0
2869,36160,Male,Degree,2
2870,36168,Female,Diploma,2
2871,36242,Male,Degree,1
2872,36244,Female,Diploma,0
2873,36251,Male,No records,0
2874,36261,Male,Grade 12,1
2875,36262,Female,Grade 12,2
2876,36278,Female,Grade 12,3
2877,36279,Male,Degree,0
2878,36293,Female,Degree,2
2879,36347,Male,Diploma,1
2880,36348,Female,Diploma,0
2881,36363,Female,Degree,2
2882,36375,Male,Degree,0
2883,36392,Male,No records,0
2884,36421,Male,Grade 12,1
2885,36438,Female,Grade 12,1
2886,36445,Male,Grade 12,0
2887,36451,Male,Grade 12,1
2888,36471,Female,Diploma,0
2889,36482,Male,Grade 12,0
2890,36485,Female,Degree,1
2891,36494,Male,Grade 12,1
2892,36495,Male,Diploma,2
2893,36509,Male,Degree,1
2894,36527,Female,Grade 12,0
2895,36541,Female,Grade 12,0
2896,36552,Female,Grade 12,0
2897,36553,Female,Degree,0
2898,36567,Female,Diploma,0
2899,36588,Male,No records,0
2900,36591,Female,Degree,2
2901,36609,Male,Grade 12,0
2902,36620,Female,Degree,0
2903,36625,Male,Grade 12,0
2904,36631,Male,No records,1
2905,36641,Male,Postgrad,1
2906,36644,Female,No records,0
2907,36687,Male,Diploma,0
2908,36691,Female,Grade 12,0
2909,36693,Male,Grade 12,2
2910,36711,Male,No records,3
2911,36716,Female,No records,1
2912,36730,Female,Degree,3
2913,36733,Male,Degree,2
2914,36753,Male,No records,0
2915,36773,Male,No records,2
2916,36774,Male,Degree,1
2917,36785,Male,Grade 12,4
2918,36806,Female,No records,0
2919,36807,Female,No records,0
2920,36813,Male,Degree,0
2921,36821,Female,Degree,0
2922,36823,Female,Degree,2
2923,36833,Female,Grade 12,1
2924,36851,Female,Grade 12,0
2925,36859,Male,Diploma,0
2926,36866,Male,Degree,2
2927,36869,Male,Diploma,0
2928,36880,Female,No records,2
2929,36881,Female,Grade 12,0
2930,36891,Male,No records,0
2931,36892,Female,Grade 12,0
2932,36905,Male,Diploma,0
2933,36912,Male,Grade 12,3
2934,36924,Male,Grade 12,0
2935,36947,Female,Diploma,1
2936,36964,Female,Grade 12,1
2937,36971,Female,Grade 12,1
2938,36975,Female,No records,0
2939,36982,Female,Grade 12,0
2940,36990,Male,Diploma,0
2941,36991,Male,No records,0
2942,36992,Female,Degree,0
2943,37001,Male,Diploma,0
2944,37009,Female,Diploma,0
2945,37012,Female,No records,1
2946,37022,Male,Diploma,0
2947,37026,Female,Degree,0
2948,37032,Male,Degree,2
2949,37053,Male,Grade 12,0
2950,37070,Female,Diploma,0
2951,37071,Male,No records,0
2952,37074,Female,Grade 12,0
2953,37081,Male,Grade 12,3
2954,37084,Female,No records,2
2955,37115,Male,Grade 12,2
2956,37116,Female,Degree,2
2957,37125,Male,Grade 12,1
2958,37144,Female,Grade 12,2
2959,37147,Male,No records,0
2960,37152,Female,Diploma,0
2961,37161,Male,Grade 12,1
2962,37181,Male,Diploma,2
2963,37183,Male,Grade 12,0
2964,37184,Female,Diploma,0
2965,37191,Male,Grade 12,2
2966,37192,Female,No records,1
2967,37207,Male,Degree,0
2968,37213,Female,No records,0
2969,37214,Female,Diploma,0
2970,37222,Female,Degree,1
2971,37227,Male,Grade 12,3
2972,37233,Male,Grade 12,0
2973,37236,Male,Degree,2
2974,37254,Female,Diploma,0
2975,37255,Male,Grade 12,0
2976,37261,Female,No records,0
2977,37263,Male,Diploma,1
2978,37267,Male,Grade 12,2
2979,37276,Female,Diploma,3
2980,37279,Male,No records,0
2981,37291,Male,Postgrad,1
2982,37313,Male,Postgrad,1
2983,37316,Female,Diploma,1
2984,37320,Male,Grade 12,2
2985,37323,Female,Postgrad,0
2986,37324,Female,No records,2
2987,37337,Female,Diploma,0
2988,37340,Female,Diploma,3
2989,37345,Male,Grade 12,0
2990,37349,Male,Grade 12,0
2991,37387,Male,Grade 12,0
2992,37397,Female,No records,2
2993,37408,Male,Diploma,0
2994,37413,Female,Diploma,0
2995,37447,Female,No records,0
2996,37449,Male,Grade 12,0
2997,37480,Male,Grade 12,0
2998,37506,Female,Diploma,2
2999,37510,Female,Grade 12,0
3000,37544,Female,No records,0
3001,37550,Male,Grade 12,0
3002,37553,Female,Diploma,0
3003,37557,Female,No records,0
3004,37559,Male,Postgrad,3
3005,37574,Female,Diploma,0
3006,37608,Male,Degree,0
3007,37615,Male,Grade 12,0
3008,37618,Male,Grade 12,0
3009,37619,Female,Grade 12,0
3010,37626,Female,Degree,1
3011,37629,Male,Grade 12,0
3012,37643,Male,Degree,0
3013,37653,Male,Diploma,2
3014,37660,Female,Grade 12,0
3015,37666,Female,Diploma,0
3016,37673,Female,Degree,1
3017,37683,Female,Degree,1
3018,37686,Male,Postgrad,0
3019,37696,Female,Degree,2
3020,37723,Female,No records,2
3021,37727,Male,Diploma,0
3022,37734,Male,Degree,2
3023,37735,Female,Diploma,2
3024,37740,Male,Grade 12,0
3025,37744,Male,Diploma,0
3026,37755,Male,Postgrad,1
3027,37759,Male,Diploma,0
3028,37765,Male,Grade 12,2
3029,37771,Male,Diploma,0
3030,37774,Male,Diploma,0
3031,37779,Male,No records,2
3032,37782,Female,No records,1
3033,37808,Female,Diploma,2
3034,37828,Male,Diploma,0
3035,37830,Male,Grade 12,1
3036,37852,Male,Postgrad,0
3037,37856,Female,Degree,0
3038,37860,Female,Grade 12,2
3039,37864,Female,Grade 12,0
3040,37866,Male,Grade 12,1
3041,37872,Male,Diploma,2
3042,37876,Male,No records,3
3043,37877,Female,Diploma,0
3044,37886,Male,No records,1
3045,37895,Male,Degree,1
3046,37897,Female,Postgrad,2
3047,37898,Female,Diploma,0
3048,37905,Male,Grade 12,0
3049,37909,Female,Diploma,0
3050,37953,Male,Degree,0
3051,37956,Female,No records,1
3052,37960,Male,Degree,1
3053,37972,Male,Grade 12,1
3054,37974,Male,Degree,0
3055,37980,Male,Diploma,0
3056,37983,Female,Grade 12,0
3057,37992,Female,No records,0
3058,37996,Male,No records,0
3059,37999,Male,Diploma,0
3060,38015,Female,Grade 12,1
3061,38020,Male,Grade 12,4
3062,38021,Male,Grade 12,0
3063,38039,Male,Grade 12,1
3064,38057,Male,Grade 12,2
3065,38068,Male,Diploma,2
3066,38081,Female,Grade 12,0
3067,38087,Female,Degree,0
3068,38089,Male,Degree,0
3069,38103,Female,Degree,0
3070,38106,Female,Grade 12,0
3071,38149,Male,Degree,0
3072,38159,Female,Degree,1
3073,38164,Male,No records,1
3074,38174,Male,No records,0
3075,38219,Female,Grade 12,0
3076,38231,Female,Grade 12,1
3077,38252,Male,No records,1
3078,38259,Female,No records,4
3079,38261,Female,Diploma,0
3080,38267,Male,No records,0
3081,38268,Male,Diploma,0
3082,38271,Male,Grade 12,1
3083,38279,Female,Degree,2
3084,38288,Male,No records,2
3085,38297,Female,Diploma,0
3086,38301,Male,Diploma,1
3087,38303,Female,Grade 12,1
3088,38313,Male,Diploma,2
3089,38323,Male,Diploma,0
3090,38324,Male,Grade 12,0
3091,38328,Female,Grade 12,3
3092,38344,Male,Diploma,0
3093,38349,Female,No records,3
3094,38367,Female,Grade 12,1
3095,38373,Male,Grade 12,0
3096,38376,Male,Diploma,0
3097,38383,Male,No records,1
3098,38403,Female,Diploma,0
3099,38437,Female,Degree,0
3100,38445,Male,Diploma,0
3101,38449,Female,Grade 12,3
3102,38452,Male,Degree,0
3103,38473,Male,Grade 12,1
3104,38474,Male,Grade 12,0
3105,38503,Female,Grade 12,1
3106,38508,Male,Diploma,2
3107,38519,Female,No records,2
3108,38522,Male,Degree,2
3109,38527,Male,Grade 12,2
3110,38528,Male,Degree,0
3111,38535,Male,Degree,0
3112,38558,Female,Diploma,2
3113,38570,Female,Grade 12,1
3114,38579,Female,Diploma,1
3115,38582,Male,Grade 12,1
3116,38584,Male,Degree,1
3117,38590,Male,Grade 12,1
3118,38619,Male,No records,0
3119,38664,Male,Diploma,0
3120,38673,Male,No records,2
3121,38679,Female,Grade 12,0
3122,38715,Male,Diploma,3
3123,38725,Male,No records,0
3124,38726,Male,Diploma,0
3125,38737,Female,Degree,1
3126,38745,Male,Diploma,0
3127,38750,Female,No records,0
3128,38752,Male,No records,0
3129,38761,Male,Degree,1
3130,38769,Male,Diploma,0
3131,38780,Male,Diploma,0
3132,38800,Male,Diploma,0
3133,38817,Female,Grade 12,0
3134,38831,Male,Diploma,0
3135,38855,Male,Diploma,2
3136,38858,Male,Grade 12,2
3137,38872,Female,Degree,3
3138,38874,Male,Degree,0
3139,38882,Female,No records,2
3140,38888,Male,Grade 12,0
3141,38891,Male,Grade 12,0
3142,38912,Male,Degree,1
3143,38917,Female,Grade 12,0
3144,38920,Female,Diploma,2
3145,38922,Female,Grade 12,0
3146,38924,Female,Grade 12,0
3147,38933,Male,Grade 12,0
3148,38936,Female,Grade 12,0
3149,38938,Female,Grade 12,2
3150,38939,Female,Degree,0
3151,38943,Male,Degree,0
3152,38959,Male,Grade 12,1
3153,38992,Female,No records,1
3154,39000,Male,Diploma,2
3155,39002,Male,Degree,0
3156,39003,Female,Grade 12,2
3157,39006,Female,Diploma,1
3158,39021,Male,Diploma,1
3159,39025,Male,Grade 12,2
3160,39029,Female,Degree,0
3161,39041,Female,No records,0
3162,39045,Female,Diploma,0
3163,39061,Female,Diploma,0
3164,39063,Male,Degree,0
3165,39068,Female,Diploma,2
3166,39073,Male,No records,0
3167,39076,Male,Grade 12,0
3168,39088,Male,Degree,0
3169,39092,Male,Grade 12,0
3170,39104,Male,Degree,0
3171,39109,Male,Grade 12,0
3172,39116,Male,Degree,1
3173,39118,Female,Degree,0
3174,39121,Male,No records,1
3175,39160,Male,Postgrad,0
3176,39165,Male,Diploma,0
3177,39174,Male,Diploma,2
3178,39179,Male,Diploma,0
3179,39196,Male,Degree,2
3180,39213,Female,No records,1
3181,39224,Female,Grade 12,3
3182,39229,Male,Grade 12,0
3183,39232,Female,Grade 12,0
3184,39236,Female,Grade 12,0
3185,39242,Female,Grade 12,2
3186,39251,Male,Grade 12,1
3187,39253,Female,Diploma,0
3188,39256,Male,Grade 12,2
3189,39259,Male,No records,2
3190,39277,Male,Diploma,3
3191,39289,Male,Grade 12,0
3192,39290,Female,Diploma,1
3193,39292,Male,Grade 12,0
3194,39303,Female,Grade 12,0
3195,39312,Male,Degree,2
3196,39324,Female,Grade 12,0
3197,39332,Female,Diploma,0
3198,39362,Male,Postgrad,0
3199,39379,Female,Grade 12,2
3200,39380,Female,Grade 12,1
3201,39428,Female,Diploma,0
3202,39437,Female,Degree,1
3203,39443,Female,Grade 12,0
3204,39445,Female,Grade 12,0
3205,39452,Male,Postgrad,0
3206,39469,Female,No records,0
3207,39485,Female,Degree,0
3208,39491,Female,Diploma,1
3209,39492,Female,Grade 12,1
3210,39498,Female,No records,2
3211,39505,Male,Degree,0
3212,39518,Female,Grade 12,2
3213,39554,Male,Grade 12,1
3214,39580,Male,Diploma,0
3215,39597,Female,Diploma,0
3216,39610,Female,Diploma,2
3217,39633,Male,Diploma,0
3218,39644,Male,Degree,0
3219,39659,Female,Diploma,0
3220,39661,Female,Diploma,1
3221,39673,Female,Degree,1
3222,39676,Female,Grade 12,2
3223,39692,Male,Grade 12,0
3224,39705,Male,Grade 12,0
3225,39707,Female,Degree,0
3226,39739,Male,Diploma,2
3227,39752,Female,Degree,0
3228,39760,Male,No records,0
3229,39774,Male,Postgrad,1
3230,39775,Female,Diploma,1
3231,39780,Male,Degree,0
3232,39784,Female,Grade 12,3
3233,39788,Male,Diploma,0
3234,39792,Male,No records,0
3235,39797,Male,Degree,0
3236,39799,Male,Grade 12,0
3237,39802,Female,Degree,2
3238,39808,Female,No records,0
3239,39816,Female,No records,0
3240,39821,Male,Degree,0
3241,39828,Male,Grade 12,0
3242,39832,Female,Diploma,1
3243,39863,Male,No records,0
3244,39885,Female,Grade 12,0
3245,39894,Male,Grade 12,2
3246,39898,Male,Diploma,0
3247,39903,Female,No records,0
3248,39904,Male,No records,1
3249,39927,Female,No records,0
3250,39930,Female,Grade 12,0
3251,39959,Female,Diploma,0
3252,39967,Female,Grade 12,4
3253,39971,Female,Grade 12,1
3254,39976,Female,Grade 12,0
3255,39989,Male,Grade 12,0
3256,39990,Male,Diploma,0
3257,39992,Female,Postgrad,0
3258,39994,Female,Diploma,0
3259,40003,Female,Grade 12,0
3260,40018,Female,Diploma,2
3261,40030,Female,No records,2
3262,40033,Female,Diploma,0
3263,40036,Male,Grade 12,2
3264,40051,Male,Grade 12,0
3265,40058,Female,Diploma,2
3266,40066,Male,Grade 12,0
3267,40082,Male,Diploma,0
3268,40089,Female,Diploma,2
3269,40119,Male,No records,0
3270,40121,Female,No records,1
3271,40132,Male,Grade 12,0
3272,40148,Female,Diploma,0
3273,40154,Male,Degree,1
3274,40156,Female,Grade 12,2
3275,40159,Male,Degree,1
3276,40167,Female,Degree,0
3277,40168,Female,Grade 12,2
3278,40191,Male,Diploma,0
3279,40192,Male,Grade 12,3
3280,40200,Female,Diploma,0
3281,40211,Female,Diploma,1
3282,40215,Male,No records,0
3283,40216,Female,Degree,0
3284,40218,Female,Degree,2
3285,40223,Male,Grade 12,0
3286,40241,Male,No records,1
3287,40243,Male,Diploma,0
3288,40244,Female,Grade 12,0
3289,40247,Female,Grade 12,3
3290,40260,Male,Grade 12,0
3291,40263,Female,No records,1
3292,40268,Female,Degree,0
3293,40274,Male,Grade 12,0
3294,40302,Male,Grade 12,0
3295,40304,Female,No records,0
3296,40308,Male,Grade 12,0
3297,40309,Female,Diploma,0
3298,40315,Male,Degree,1
3299,40322,Female,Grade 12,2
3300,40341,Female,Grade 12,0
3301,40343,Female,No records,0
3302,40344,Male,Diploma,0
3303,40351,Female,Diploma,0
3304,40358,Female,No records,2
3305,40361,Female,Postgrad,2
3306,40378,Female,Degree,1
3307,40382,Female,Diploma,0
3308,40391,Female,Grade 12,1
3309,40397,Female,Grade 12,2
3310,40407,Female,No records,2
3311,40421,Female,Postgrad,1
3312,40434,Female,Diploma,1
3313,40437,Female,Grade 12,0
3314,40438,Male,Degree,2
3315,40440,Male,Degree,2
3316,40452,Male,Degree,0
3317,40457,Female,Grade 12,0
3318,40468,Male,Diploma,0
3319,40477,Male,Diploma,0
3320,40480,Male,Grade 12,0
3321,40481,Male,Grade 12,1
3322,40493,Male,Grade 12,0
3323,40509,Male,Grade 12,2
3324,40510,Male,Grade 12,0
3325,40512,Male,No records,1
3326,40522,Male,Grade 12,2
3327,40529,Female,No records,0
3328,40552,Female,Grade 12,0
3329,40555,Female,Grade 12,0
3330,40558,Female,Diploma,0
3331,40578,Female,Diploma,3
3332,40582,Female,Grade 12,0
3333,40597,Male,Diploma,1
3334,40602,Male,Postgrad,0
3335,40607,Male,No records,0
3336,40611,Male,Degree,0
3337,40613,Female,Diploma,0
3338,40634,Female,No records,1
3339,40635,Female,Grade 12,0
3340,40643,Male,Grade 12,0
3341,40649,Female,Degree,0
3342,40677,Female,Postgrad,0
3343,40679,Male,No records,1
3344,40689,Male,Diploma,2
3345,40698,Female,Degree,3
3346,40699,Female,Diploma,0
3347,40706,Female,Diploma,0
3348,40739,Male,Grade 12,0
3349,40749,Male,Grade 12,1
3350,40761,Female,Degree,0
3351,40771,Male,Degree,1
3352,40798,Male,Diploma,0
3353,40804,Male,Diploma,0
3354,40809,Female,Grade 12,1
3355,40824,Male,Grade 12,3
3356,40825,Male,Diploma,0
3357,40874,Female,No records,0
3358,40882,Female,Degree,0
3359,40901,Female,Diploma,1
3360,40908,Male,Diploma,1
3361,40914,Female,Grade 12,0
3362,40916,Male,No records,1
3363,40939,Male,Grade 12,1
3364,40960,Female,Degree,0
3365,40964,Female,Diploma,2
3366,40973,Female,Grade 12,0
3367,40975,Female,Grade 12,1
3368,40978,Male,Diploma,0
3369,40987,Female,Grade 12,0
3370,41000,Female,No records,4
3371,41006,Male,Diploma,0
3372,41026,Male,Grade 12,0
3373,41039,Female,Degree,0
3374,41042,Male,Degree,0
3375,41043,Male,Degree,0
3376,41044,Male,Grade 12,2
3377,41063,Female,Grade 12,2
3378,41086,Male,No records,1
3379,41104,Female,Grade 12,1
3380,41105,Female,Diploma,0
3381,41127,Male,Grade 12,1
3382,41129,Female,Grade 12,1
3383,41145,Male,Grade 12,0
3384,41148,Male,Diploma,0
3385,41155,Female,No records,0
3386,41157,Female,Diploma,0
3387,41170,Female,Grade 12,0
3388,41172,Female,Degree,2
3389,41173,Male,Grade 12,0
3390,41176,Female,Grade 12,0
3391,41180,Male,Grade 12,1
3392,41189,Female,Degree,0
3393,41192,Female,Degree,0
3394,41195,Female,Diploma,0
3395,41198,Female,No records,0
3396,41223,Male,Grade 12,0
3397,41226,Female,No records,0
3398,41239,Male,Grade 12,0
3399,41240,Female,Diploma,2
3400,41243,Male,Degree,0
3401,41248,Male,Diploma,0
3402,41257,Male,Grade 12,0
3403,41267,Male,Degree,0
3404,41270,Female,Diploma,3
3405,41278,Male,Postgrad,0
3406,41283,Female,Grade 12,1
3407,41290,Female,Diploma,2
3408,41291,Female,Grade 12,0
3409,41292,Female,Diploma,1
3410,41294,Female,Diploma,0
3411,41304,Male,No records,0
3412,41312,Female,Diploma,1
3413,41320,Male,No records,0
3414,41325,Male,Diploma,0
3415,41336,Female,Diploma,0
3416,41339,Female,Grade 12,0
3417,41343,Female,Degree,2
3418,41366,Female,No records,0
3419,41386,Female,No records,0
3420,41395,Male,No records,0
3421,41396,Male,Degree,0
3422,41408,Female,Postgrad,1
3423,41411,Male,Postgrad,2
3424,41432,Male,Grade 12,0
3425,41442,Female,Grade 12,0
3426,41444,Male,Grade 12,2
3427,41446,Female,Diploma,1
3428,41450,Female,Grade 12,0
3429,41453,Female,Grade 12,1
3430,41475,Male,Grade 12,0
3431,41480,Male,Grade 12,0
3432,41481,Female,Postgrad,0
3433,41490,Female,Grade 12,2
3434,41503,Male,Grade 12,1
3435,41513,Male,Diploma,0
3436,41523,Male,Grade 12,0
3437,41550,Female,Grade 12,0
3438,41551,Female,Grade 12,1
3439,41554,Female,Grade 12,0
3440,41558,Male,Diploma,0
3441,41559,Female,Diploma,0
3442,41568,Male,Diploma,3
3443,41569,Male,Grade 12,2
3444,41574,Male,Degree,1
3445,41583,Male,Grade 12,0
3446,41622,Male,Degree,0
3447,41626,Male,Grade 12,1
3448,41632,Female,Grade 12,0
3449,41640,Female,Grade 12,2
3450,41642,Female,Diploma,0
3451,41653,Female,Diploma,1
3452,41663,Male,Grade 12,1
3453,41674,Female,Grade 12,0
3454,41679,Male,Degree,0
3455,41702,Female,Degree,1
3456,41707,Male,Grade 12,2
3457,41711,Male,Grade 12,0
3458,41713,Female,No records,0
3459,41721,Female,Degree,0
3460,41726,Female,Grade 12,0
3461,41733,Male,Postgrad,0
3462,41736,Female,Diploma,1
3463,41745,Male,Diploma,0
3464,41746,Male,Diploma,0
3465,41756,Female,Diploma,0
3466,41790,Female,Grade 12,0
3467,41799,Male,Postgrad,0
3468,41812,Male,No records,0
3469,41814,Male,Grade 12,2
3470,41818,Male,Postgrad,0
3471,41830,Female,Grade 12,3
3472,41838,Female,Diploma,1
3473,41842,Male,Postgrad,0
3474,41855,Female,Grade 12,2
3475,41859,Male,Grade 12,0
3476,41872,Male,Grade 12,0
3477,41877,Male,Grade 12,0
3478,41885,Male,Diploma,0
3479,41887,Female,Grade 12,0
3480,41892,Female,Diploma,0
3481,41893,Male,Grade 12,1
3482,41914,Male,Grade 12,0
3483,41928,Male,Grade 12,1
3484,41929,Female,Degree,0
3485,41930,Female,Degree,0
3486,41931,Female,No records,0
3487,41933,Female,No records,0
3488,41937,Male,Degree,0
3489,41941,Male,Grade 12,0
3490,41947,Female,Degree,0
3491,41948,Male,Diploma,2
3492,41951,Male,Grade 12,1
3493,41965,Male,Grade 12,0
3494,41975,Female,Grade 12,4
3495,41984,Female,No records,1
3496,41985,Female,No records,0
3497,41988,Male,Grade 12,0
3498,41999,Male,Grade 12,0
3499,42007,Male,Grade 12,0
3500,42022,Male,No records,1
3501,42023,Male,Grade 12,0
3502,42033,Female,Diploma,2
3503,42038,Female,Grade 12,2
3504,42051,Female,No records,0
3505,42056,Male,Grade 12,1
3506,42061,Female,Grade 12,0
3507,42097,Female,Grade 12,0
3508,42100,Female,No records,2
3509,42113,Male,Diploma,2
3510,42115,Male,Grade 12,2
3511,42122,Male,No records,0
3512,42123,Female,Diploma,0
3513,42133,Female,Grade 12,2
3514,42142,Female,No records,0
3515,42154,Female,Grade 12,0
3516,42157,Male,Grade 12,1
3517,42168,Male,No records,0
3518,42202,Female,Degree,0
3519,42203,Female,Diploma,1
3520,42212,Female,Diploma,3
3521,42220,Male,Degree,0
3522,42232,Female,Grade 12,0
3523,42238,Male,Diploma,0
3524,42248,Male,Degree,0
3525,42250,Male,Diploma,1
3526,42261,Female,No records,2
3527,42264,Male,Diploma,0
3528,42266,Female,Diploma,1
3529,42279,Female,Postgrad,0
3530,42280,Female,No records,2
3531,42297,Male,Diploma,3
3532,42335,Male,Grade 12,0
3533,42338,Female,Grade 12,2
3534,42357,Female,Diploma,0
3535,42376,Female,No records,0
3536,42387,Male,No records,0
3537,42395,Female,Postgrad,0
3538,42397,Female,Grade 12,0
3539,42400,Female,Grade 12,2
3540,42429,Female,Grade 12,2
3541,42461,Male,Degree,0
3542,42467,Female,Grade 12,0
3543,42470,Male,Diploma,2
3544,42482,Male,No records,0
3545,42488,Female,Diploma,1
3546,42489,Female,Degree,2
3547,42491,Female,Diploma,2
3548,42500,Male,Diploma,1
3549,42520,Male,Grade 12,0
3550,42545,Female,Grade 12,0
3551,42554,Female,Postgrad,0
3552,42558,Male,Diploma,0
3553,42567,Male,Degree,0
3554,42569,Male,Grade 12,0
3555,42570,Male,No records,1
3556,42573,Male,Grade 12,0
3557,42582,Female,No records,2
3558,42583,Male,Grade 12,0
3559,42587,Female,Grade 12,0
3560,42589,Male,Diploma,1
3561,42592,Male,Grade 12,0
3562,42602,Female,No records,0
3563,42629,Female,Grade 12,1
3564,42630,Male,No records,1
3565,42632,Male,Diploma,0
3566,42633,Female,Grade 12,0
3567,42636,Female,No records,1
3568,42638,Male,Grade 12,0
3569,42646,Female,Grade 12,0
3570,42648,Male,Degree,0
3571,42653,Female,Degree,0
3572,42666,Female,No records,2
3573,42671,Female,No records,2
3574,42679,Male,No records,1
3575,42683,Male,No records,3
3576,42686,Male,Diploma,2
3577,42695,Male,Degree,0
3578,42715,Female,Diploma,1
3579,42716,Female,Diploma,0
3580,42724,Female,Grade 12,0
3581,42726,Female,Diploma,1
3582,42741,Female,Diploma,0
3583,42745,Female,Grade 12,0
3584,42799,Female,No records,2
3585,42813,Male,Grade 12,0
3586,42815,Female,Diploma,0
3587,42819,Male,Diploma,0
3588,42827,Male,Diploma,0
3589,42829,Female,No records,1
3590,42830,Male,Grade 12,1
3591,42848,Female,Grade 12,0
3592,42879,Female,No records,1
3593,42881,Female,No records,0
3594,42886,Male,Diploma,1
3595,42901,Male,No records,0
3596,42908,Male,Grade 12,3
3597,42913,Female,Grade 12,0
3598,42958,Female,Diploma,2
3599,42969,Female,Diploma,0
3600,42976,Male,Diploma,0
3601,42981,Male,No records,3
3602,42985,Female,Grade 12,0
3603,42989,Female,Diploma,1
3604,42993,Male,Diploma,2
3605,42994,Female,No records,0
3606,42996,Male,Grade 12,0
3607,43027,Male,Diploma,0
3608,43046,Male,Grade 12,0
3609,43050,Female,Grade 12,0
3610,43063,Male,Postgrad,2
3611,43064,Male,Grade 12,0
3612,43069,Female,No records,0
3613,43072,Female,Degree,2
3614,43076,Male,Grade 12,0
3615,43086,Female,Degree,0
3616,43099,Female,Diploma,0
3617,43102,Male,Grade 12,0
3618,43104,Male,Diploma,1
3619,43110,Female,Postgrad,2
3620,43113,Female,Diploma,0
3621,43122,Female,Diploma,3
3622,43129,Female,Degree,0
3623,43145,Male,Diploma,1
3624,43147,Female,Postgrad,0
3625,43155,Female,Degree,0
3626,43157,Female,Grade 12,0
3627,43168,Female,No records,0
3628,43173,Female,Degree,0
3629,43179,Male,No records,0
3630,43194,Male,Degree,1
3631,43196,Female,No records,1
3632,43204,Male,No records,1
3633,43207,Female,Diploma,2
3634,43214,Female,No records,0
3635,43216,Male,Diploma,1
3636,43217,Male,Degree,0
3637,43227,Female,Degree,0
3638,43235,Male,Diploma,2
3639,43240,Male,Diploma,0
3640,43242,Female,Grade 12,1
3641,43249,Female,Diploma,0
3642,43255,Male,No records,0
3643,43263,Male,Diploma,0
3644,43266,Female,Grade 12,0
3645,43271,Male,Diploma,2
3646,43275,Female,Grade 12,0
3647,43279,Female,No records,0
3648,43282,Female,Diploma,2
3649,43290,Male,Grade 12,0
3650,43292,Female,Grade 12,2
3651,43296,Male,Diploma,0
3652,43298,Male,Diploma,0
3653,43309,Female,Grade 12,2
3654,43315,Female,Degree,2
3655,43327,Female,Grade 12,4
3656,43331,Female,Grade 12,2
3657,43378,Female,Diploma,0
3658,43386,Female,Grade 12,2
3659,43406,Female,Degree,2
3660,43411,Female,Diploma,1
3661,43415,Female,Grade 12,0
3662,43419,Male,Grade 12,0
3663,43424,Male,Degree,0
3664,43434,Female,No records,1
3665,43451,Female,Grade 12,0
3666,43504,Male,Grade 12,0
3667,43516,Female,Degree,0
3668,43527,Female,Grade 12,2
3669,43528,Female,Diploma,1
3670,43533,Male,No records,2
3671,43534,Female,Grade 12,2
3672,43536,Male,No records,0
3673,43553,Female,Degree,2
3674,43565,Male,Degree,0
3675,43574,Female,Grade 12,0
3676,43576,Female,Degree,2
3677,43594,Male,Grade 12,1
3678,43598,Female,Grade 12,2
3679,43600,Male,Diploma,0
3680,43602,Male,Degree,2
3681,43611,Female,Grade 12,0
3682,43631,Female,Grade 12,0
3683,43634,Female,Degree,1
3684,43637,Female,Diploma,0
3685,43640,Male,Diploma,0
3686,43641,Male,Grade 12,2
3687,43642,Male,Grade 12,0
3688,43651,Female,No records,1
3689,43652,Female,No records,2
3690,43673,Female,Grade 12,0
3691,43676,Male,Diploma,2
3692,43678,Female,Diploma,1
3693,43683,Female,Grade 12,2
3694,43684,Male,No records,1
3695,43689,Female,Diploma,0
3696,43690,Female,Grade 12,1
3697,43692,Female,Degree,0
3698,43715,Male,Degree,1
3699,43725,Male,Degree,1
3700,43727,Male,Degree,1
3701,43739,Male,Diploma,0
3702,43741,Female,No records,1
3703,43762,Female,No records,0
3704,43763,Male,Grade 12,0
3705,43776,Female,Grade 12,0
3706,43799,Female,Grade 12,2
3707,43804,Female,Grade 12,0
3708,43807,Female,Grade 12,0
3709,43819,Male,Degree,4
3710,43825,Female,Grade 12,1
3711,43830,Female,Degree,0
3712,43831,Female,Diploma,0
3713,43833,Female,Diploma,0
3714,43837,Female,No records,0
3715,43844,Female,Degree,0
3716,43847,Male,No records,0
3717,43850,Male,No records,1
3718,43862,Female,Grade 12,0
3719,43868,Male,Degree,0
3720,43874,Female,Degree,0
3721,43875,Female,Diploma,0
3722,43876,Female,Diploma,0
3723,43905,Male,No records,2
3724,43924,Male,Grade 12,0
3725,43933,Female,Diploma,2
3726,43938,Female,No records,0
3727,43950,Female,Diploma,0
3728,43963,Male,No records,0
3729,43996,Male,Degree,2
3730,43997,Female,Diploma,0
3731,44001,Female,Grade 12,0
3732,44012,Male,No records,2
3733,44019,Male,Postgrad,0
3734,44022,Male,Degree,1
3735,44044,Female,Grade 12,0
3736,44048,Female,Diploma,0
3737,44051,Male,Grade 12,0
3738,44068,Male,Degree,2
3739,44073,Female,Diploma,1
3740,44090,Male,Grade 12,3
3741,44102,Male,Grade 12,2
3742,44110,Male,Degree,1
3743,44117,Male,Degree,1
3744,44118,Female,Diploma,1
3745,44152,Female,No records,0
3746,44157,Female,Diploma,0
3747,44159,Female,Diploma,2
3748,44160,Female,No records,0
3749,44171,Male,Grade 12,3
3750,44176,Male,No records,0
3751,44181,Female,Diploma,2
3752,44183,Male,Degree,1
3753,44198,Male,Diploma,0
3754,44200,Female,No records,0
3755,44206,Male,Degree,1
3756,44210,Female,Degree,0
3757,44214,Male,Postgrad,0
3758,44231,Female,No records,0
3759,44234,Female,Degree,0
3760,44247,Female,Grade 12,0
3761,44248,Female,Degree,3
3762,44254,Male,Degree,0
3763,44268,Female,Grade 12,1
3764,44274,Female,Grade 12,0
3765,44291,Female,Diploma,0
3766,44304,Male,Degree,0
3767,44312,Female,Diploma,0
3768,44314,Male,Grade 12,2
3769,44336,Female,Degree,0
3770,44353,Male,Degree,1
3771,44358,Male,Degree,0
3772,44359,Male,Diploma,1
3773,44364,Male,No records,1
3774,44366,Male,Diploma,0
3775,44368,Female,Grade 12,0
3776,44391,Female,Postgrad,0
3777,44430,Male,No records,0
3778,44439,Male,Grade 12,2
3779,44460,Male,Diploma,0
3780,44465,Male,Degree,1
3781,44512,Female,No records,0
3782,44534,Female,Grade 12,1
3783,44547,Female,Grade 12,0
3784,44558,Male,Diploma,1
3785,44561,Female,Grade 12,0
3786,44575,Female,Diploma,2
3787,44578,Male,Diploma,0
3788,44589,Female,Postgrad,0
3789,44611,Male,Diploma,1
3790,44613,Male,Degree,0
3791,44618,Male,Grade 12,0
3792,44622,Male,Diploma,0
3793,44643,Male,Grade 12,0
3794,44678,Female,Diploma,2
3795,44681,Female,Grade 12,2
3796,44689,Female,Diploma,0
3797,44692,Female,Grade 12,1
3798,44702,Male,Grade 12,0
3799,44706,Female,Grade 12,0
3800,44709,Female,Grade 12,0
3801,44710,Female,Degree,0
3802,44737,Female,Diploma,1
3803,44746,Female,Grade 12,0
3804,44748,Male,Diploma,1
3805,44760,Female,Diploma,0
3806,44767,Male,Grade 12,2
3807,44769,Male,Grade 12,0
3808,44771,Female,Grade 12,1
3809,44780,Female,No records,0
3810,44807,Female,Diploma,2
3811,44817,Female,Grade 12,0
3812,44844,Female,Postgrad,2
3813,44845,Female,No records,0
3814,44852,Female,Diploma,0
3815,44885,Female,Degree,3
3816,44913,Male,Degree,0
3817,44920,Male,Degree,2
3818,44921,Male,Diploma,1
3819,44934,Male,Grade 12,0
3820,44937,Female,No records,3
3821,44938,Female,Degree,1
3822,44941,Female,Postgrad,0
3823,44942,Male,Grade 12,0
3824,44956,Male,No records,2
3825,44965,Female,Diploma,1
3826,44977,Male,Grade 12,2
3827,44978,Male,Postgrad,0
3828,44981,Female,Grade 12,0
3829,44988,Female,No records,2
3830,44996,Male,Grade 12,0
3831,45006,Female,Diploma,0
3832,45009,Male,Degree,1
3833,45010,Male,Grade 12,0
3834,45011,Female,Grade 12,1
3835,45013,Male,Diploma,0
3836,45016,Male,No records,0
3837,45032,Female,Postgrad,0
3838,45034,Female,Diploma,0
3839,45036,Female,Degree,0
3840,45041,Male,Grade 12,1
3841,45047,Male,Degree,0
3842,45048,Male,Grade 12,0
3843,45062,Male,Degree,0
3844,45088,Male,Grade 12,0
3845,45099,Female,Grade 12,1
3846,45101,Female,Diploma,2
3847,45110,Male,Diploma,0
3848,45130,Male,Grade 12,0
3849,45141,Female,Grade 12,0
3850,45150,Female,Grade 12,0
3851,45152,Female,Diploma,1
3852,45156,Male,Diploma,0
3853,45170,Male,Grade 12,0
3854,45177,Male,Grade 12,1
3855,45205,Male,Degree,0
3856,45207,Male,Degree,1
3857,45230,Female,Diploma,0
3858,45232,Male,Grade 12,2
3859,45256,Male,Grade 12,3
3860,45262,Male,Diploma,1
3861,45272,Female,Grade 12,0
3862,45278,Female,Grade 12,0
3863,45280,Female,Grade 12,2
3864,45283,Male,No records,0
3865,45285,Male,Grade 12,0
3866,45286,Female,No records,0
3867,45299,Female,Degree,0
3868,45335,Female,Grade 12,1
3869,45336,Male,Diploma,0
3870,45339,Female,Grade 12,3
3871,45347,Male,Diploma,3
3872,45365,Male,Diploma,1
3873,45371,Female,Grade 12,0
3874,45372,Male,No records,0
3875,45386,Male,No records,0
3876,45396,Male,No records,0
3877,45399,Female,Grade 12,0
3878,45407,Female,Degree,0
3879,45417,Female,Diploma,0
3880,45423,Female,Grade 12,2
3881,45432,Male,Degree,0
3882,45433,Male,Grade 12,0
3883,45440,Male,Grade 12,2
3884,45450,Male,Grade 12,0
3885,45463,Male,Diploma,2
3886,45475,Female,Degree,1
3887,45476,Female,Grade 12,2
3888,45483,Male,Grade 12,0
3889,45484,Female,No records,0
3890,45487,Male,Grade 12,2
3891,45488,Male,No records,0
3892,45497,Male,Diploma,0
3893,45500,Female,Degree,1
3894,45519,Female,Diploma,0
3895,45532,Male,No records,1
3896,45538,Female,Grade 12,1
3897,45544,Male,Postgrad,4
3898,45553,Male,Postgrad,4
3899,45566,Female,Diploma,0
3900,45571,Female,Grade 12,0
3901,45583,Female,Diploma,0
3902,45591,Female,Degree,0
3903,45600,Male,Grade 12,0
3904,45601,Male,No records,1
3905,45608,Female,Diploma,0
3906,45615,Female,Postgrad,0
3907,45616,Female,No records,2
3908,45629,Female,Diploma,0
3909,45634,Male,No records,1
3910,45642,Male,Diploma,0
3911,45648,Male,Diploma,1
3912,45650,Male,Grade 12,0
3913,45653,Female,Grade 12,0
3914,45657,Female,Grade 12,0
3915,45661,Female,Diploma,1
3916,45662,Female,Diploma,1
3917,45686,Male,No records,1
3918,45691,Male,Grade 12,0
3919,45697,Male,Grade 12,2
3920,45710,Male,Grade 12,0
3921,45711,Male,Diploma,1
3922,45716,Male,No records,2
3923,45724,Female,Grade 12,0
3924,45730,Female,Grade 12,1
3925,45741,Male,Diploma,1
3926,45749,Male,Grade 12,0
3927,45752,Male,Grade 12,0
3928,45760,Female,Diploma,0
3929,45761,Male,Diploma,0
3930,45770,Male,Diploma,4
3931,45775,Male,No records,0
3932,45777,Male,Diploma,0
3933,45789,Male,Grade 12,0
3934,45796,Female,Diploma,0
3935,45804,Female,Degree,0
3936,45827,Female,Grade 12,0
3937,45832,Female,Degree,1
3938,45847,Male,Degree,2
3939,45854,Male,Degree,0
3940,45903,Female,Diploma,0
3941,45918,Male,Grade 12,0
3942,45921,Male,Grade 12,0
3943,45922,Female,Grade 12,0
3944,45947,Male,Degree,0
3945,45951,Male,Degree,0
3946,45961,Female,Degree,2
3947,45962,Female,Diploma,2
3948,45970,Male,Grade 12,0
3949,45983,Male,Diploma,0
3950,45984,Male,Diploma,1
3951,45989,Female,Grade 12,0
3952,45990,Male,Grade 12,2
3953,45992,Female,Diploma,0
3954,45995,Male,Diploma,0
3955,46000,Female,Diploma,1
3956,46003,Male,Postgrad,2
3957,46004,Female,Grade 12,0
3958,46014,Male,Degree,1
3959,46019,Female,Diploma,3
3960,46020,Male,No records,0
3961,46026,Female,No records,0
3962,46034,Female,No records,1
3963,46040,Male,No records,0
3964,46043,Male,Diploma,0
3965,46053,Female,Degree,2
3966,46058,Male,Grade 12,0
3967,46066,Female,Grade 12,1
3968,46070,Male,No records,0
3969,46087,Male,Diploma,0
3970,46093,Female,Diploma,1
3971,46096,Female,Degree,0
3972,46102,Male,Grade 12,0
3973,46108,Male,Grade 12,0
3974,46112,Male,Degree,0
3975,46119,Female,Degree,1
3976,46123,Male,Degree,2
3977,46130,Male,Grade 12,0
3978,46143,Male,Degree,2
3979,46152,Male,No records,0
3980,46175,Female,No records,0
3981,46177,Female,Grade 12,0
3982,46178,Female,Grade 12,2
3983,46189,Male,Grade 12,2
3984,46208,Female,Diploma,1
3985,46212,Female,No records,0
3986,46213,Male,Grade 12,1
3987,46216,Male,Diploma,0
3988,46221,Female,Diploma,1
3989,46222,Male,Grade 12,2
3990,46235,Female,Grade 12,0
3991,46237,Male,Diploma,1
3992,46259,Female,Diploma,0
3993,46273,Male,Grade 12,0
3994,46277,Female,Diploma,0
3995,46284,Female,Grade 12,0
3996,46291,Male,Grade 12,0
3997,46298,Male,Degree,1
3998,46301,Male,Diploma,0
3999,46302,Male,Diploma,1
4000,46313,Female,Grade 12,0
4001,46326,Female,Grade 12,0
4002,46329,Female,No records,1
4003,46342,Male,Grade 12,0
4004,46343,Male,Postgrad,0
4005,46350,Male,Degree,0
4006,46353,Male,No records,1
4007,46361,Male,Diploma,0
4008,46367,Female,Postgrad,0
4009,46368,Female,Postgrad,1
4010,46377,Female,Diploma,2
4011,46382,Male,Diploma,0
4012,46390,Female,Diploma,0
4013,46402,Male,No records,2
4014,46404,Male,Degree,1
4015,46405,Male,Degree,2
4016,46420,Male,No records,1
4017,46426,Male,Grade 12,1
4018,46428,Male,No records,0
4019,46443,Female,Degree,0
4020,46462,Male,Diploma,0
4021,46465,Female,Grade 12,0
4022,46485,Male,Diploma,0
4023,46502,Female,Grade 12,0
4024,46508,Female,Diploma,3
4025,46523,Female,Diploma,1
4026,46525,Female,Diploma,1
4027,46533,Male,Degree,0
4028,46545,Male,No records,0
4029,46547,Male,Grade 12,0
4030,46556,Male,Diploma,0
4031,46557,Male,Degree,0
4032,46562,Female,Grade 12,0
4033,46569,Female,Grade 12,1
4034,46576,Male,Degree,1
4035,46579,Male,Grade 12,1
4036,46580,Male,Grade 12,0
4037,46601,Female,Degree,1
4038,46607,Male,No records,0
4039,46618,Female,Grade 12,0
4040,46619,Female,Grade 12,0
4041,46641,Female,No records,1
4042,46649,Male,Grade 12,0
4043,46650,Male,Degree,0
4044,46672,Male,Postgrad,2
4045,46698,Male,Degree,0
4046,46708,Female,Diploma,0
4047,46713,Male,Diploma,2
4048,46720,Male,No records,1
4049,46761,Male,No records,0
4050,46764,Female,No records,3
4051,46772,Female,Diploma,1
4052,46801,Female,Grade 12,2
4053,46812,Female,No records,1
4054,46816,Female,Degree,1
4055,46819,Female,Diploma,0
4056,46824,Female,Grade 12,1
4057,46826,Male,Postgrad,1
4058,46828,Male,No records,0
4059,46854,Female,Degree,2
4060,46861,Male,Grade 12,0
4061,46862,Male,Degree,1
4062,46871,Male,Diploma,3
4063,46880,Male,Degree,0
4064,46889,Female,No records,0
4065,46890,Female,Postgrad,0
4066,46893,Female,Diploma,2
4067,46905,Female,No records,2
4068,46911,Male,Diploma,1
4069,46915,Female,Grade 12,0
4070,46919,Male,No records,0
4071,46967,Male,Grade 12,0
4072,46973,Male,No records,1
4073,46987,Male,No records,1
4074,46990,Female,Degree,0
4075,46991,Female,Diploma,0
4076,46996,Female,Postgrad,0
4077,47001,Female,Diploma,2
4078,47012,Male,Diploma,0
4079,47018,Male,No records,3
4080,47024,Male,Degree,2
4081,47030,Male,Grade 12,0
4082,47034,Female,No records,1
4083,47037,Female,No records,0
4084,47038,Male,Diploma,1
4085,47039,Male,Diploma,0
4086,47048,Male,Diploma,1
4087,47051,Male,Degree,1
4088,47063,Female,Grade 12,0
4089,47067,Female,No records,0
4090,47082,Female,Degree,0
4091,47083,Male,Diploma,0
4092,47098,Male,Degree,0
4093,47099,Female,Diploma,0
4094,47106,Male,Grade 12,0
4095,47128,Male,Degree,0
4096,47134,Female,Grade 12,0
4097,47136,Male,Grade 12,2
4098,47147,Female,Diploma,0
4099,47154,Male,No records,2
4100,47157,Female,Degree,0
4101,47158,Female,Grade 12,0
4102,47170,Female,Postgrad,0
4103,47193,Male,Postgrad,0
4104,47199,Male,Grade 12,0
4105,47216,Female,Degree,0
4106,47225,Female,Diploma,3
4107,47230,Male,Diploma,0
4108,47236,Male,Postgrad,1
4109,47248,Female,Degree,2
4110,47267,Female,Grade 12,0
4111,47271,Female,Grade 12,0
4112,47287,Male,Grade 12,2
4113,47293,Female,No records,0
4114,47302,Male,No records,0
4115,47304,Male,Grade 12,3
4116,47305,Female,Postgrad,0
4117,47307,Male,Grade 12,2
4118,47310,Male,Grade 12,2
4119,47311,Female,No records,0
4120,47314,Male,Grade 12,0
4121,47315,Female,Postgrad,2
4122,47316,Male,Diploma,0
4123,47323,Male,Degree,0
4124,47327,Female,Diploma,0
4125,47329,Female,No records,0
4126,47330,Female,Grade 12,0
4127,47335,Male,Degree,2
4128,47341,Female,No records,1
4129,47343,Male,Grade 12,1
4130,47357,Female,Grade 12,2
4131,47366,Male,No records,0
4132,47380,Male,Diploma,0
4133,47385,Male,Grade 12,0
4134,47389,Female,No records,0
4135,47399,Male,No records,0
4136,47412,Female,Diploma,0
4137,47415,Male,Diploma,0
4138,47417,Male,No records,0
4139,47424,Male,Diploma,1
4140,47433,Female,Grade 12,1
4141,47442,Male,Grade 12,0
4142,47450,Male,Grade 12,0
4143,47458,Male,Diploma,1
4144,47477,Male,Diploma,1
4145,47480,Female,No records,0
4146,47502,Male,Grade 12,0
4147,47504,Female,Grade 12,1
4148,47510,Female,Diploma,0
4149,47525,Male,Diploma,0
4150,47529,Female,Degree,2
4151,47537,Female,No records,2
4152,47539,Female,Diploma,1
4153,47541,Male,Grade 12,0
4154,47559,Female,Grade 12,1
4155,47562,Female,Grade 12,0
4156,47564,Female,Diploma,0
4157,47573,Male,Diploma,0
4158,47574,Male,Grade 12,2
4159,47575,Female,Grade 12,0
4160,47593,Male,Diploma,0
4161,47608,Male,Grade 12,1
4162,47625,Male,Grade 12,0
4163,47632,Male,Diploma,0
4164,47633,Male,Grade 12,0
4165,47655,Female,Diploma,0
4166,47665,Female,Degree,0
4167,47674,Male,Grade 12,0
4168,47676,Female,No records,0
4169,47694,Female,Diploma,0
4170,47695,Female,Grade 12,1
4171,47719,Male,Diploma,0
4172,47726,Female,Grade 12,0
4173,47736,Female,Diploma,0
4174,47745,Male,Grade 12,0
4175,47753,Female,Degree,0
4176,47754,Female,Grade 12,0
4177,47757,Female,Diploma,2
4178,47776,Female,Degree,0
4179,47789,Female,Diploma,0
4180,47796,Male,No records,0
4181,47807,Female,Degree,1
4182,47814,Female,Grade 12,0
4183,47829,Female,No records,0
4184,47842,Female,Degree,2
4185,47845,Female,Postgrad,0
4186,47847,Male,Grade 12,0
4187,47852,Female,Diploma,1
4188,47865,Male,Postgrad,0
4189,47872,Female,Grade 12,1
4190,47876,Female,Diploma,0
4191,47907,Male,Grade 12,1
4192,47909,Female,Degree,0
4193,47914,Female,No records,0
4194,47916,Male,Grade 12,0
4195,47935,Male,Postgrad,3
4196,47947,Female,Diploma,1
4197,47953,Female,Grade 12,1
4198,47964,Male,Grade 12,0
4199,47974,Female,Diploma,0
4200,47977,Female,No records,2
4201,47981,Female,Diploma,2
4202,47985,Female,Grade 12,1
4203,47986,Male,Degree,1
4204,47995,Male,Grade 12,0
4205,48009,Female,Grade 12,0
4206,48035,Male,Grade 12,0
4207,48039,Female,Postgrad,0
4208,48042,Male,Postgrad,3
4209,48051,Female,Grade 12,1
4210,48095,Male,Diploma,0
4211,48098,Female,Grade 12,1
4212,48105,Male,Degree,0
4213,48123,Male,Grade 12,0
4214,48135,Male,Grade 12,1
4215,48149,Female,Degree,1
4216,48153,Female,Diploma,0
4217,48159,Female,Diploma,2
4218,48168,Female,Diploma,0
4219,48187,Female,Grade 12,0
4220,48198,Male,Diploma,0
4221,48200,Female,Degree,0
4222,48207,Male,Diploma,1
4223,48213,Male,Diploma,2
4224,48214,Female,No records,0
4225,48220,Female,No records,0
4226,48254,Male,Grade 12,2
4227,48256,Female,Degree,2
4228,48292,Female,No records,0
4229,48308,Male,Diploma,0
4230,48312,Female,Postgrad,0
4231,48322,Female,Grade 12,1
4232,48323,Male,Diploma,0
4233,48341,Female,Grade 12,0
4234,48371,Male,No records,2
4235,48375,Female,Diploma,1
4236,48388,Female,Diploma,2
4237,48410,Male,Grade 12,1
4238,48417,Male,Diploma,3
4239,48441,Male,No records,0
4240,48454,Male,No records,0
4241,48458,Male,Grade 12,0
4242,48478,Female,Diploma,0
4243,48486,Female,Grade 12,2
4244,48498,Female,Grade 12,2
4245,48509,Female,Degree,2
4246,48511,Male,Diploma,2
4247,48515,Female,Diploma,0
4248,48517,Male,Degree,0
4249,48518,Male,Degree,0
4250,48522,Female,No records,0
4251,48556,Female,Diploma,3
4252,48561,Female,No records,0
4253,48564,Female,Grade 12,0
4254,48574,Male,Diploma,0
4255,48587,Female,Diploma,0
4256,48595,Male,No records,0
4257,48598,Female,No records,0
4258,48601,Female,Grade 12,0
4259,48608,Female,Diploma,0
4260,48612,Male,Diploma,0
4261,48616,Female,No records,2
4262,48619,Female,Grade 12,1
4263,48623,Female,Grade 12,3
4264,48631,Male,Grade 12,0
4265,48646,Male,Grade 12,1
4266,48668,Male,Grade 12,0
4267,48698,Male,Diploma,0
4268,48717,Female,Degree,0
4269,48728,Male,Grade 12,1
4270,48732,Female,Grade 12,0
4271,48734,Male,No records,3
4272,48746,Male,Grade 12,3
4273,48757,Female,Diploma,1
4274,48766,Male,Degree,0
4275,48770,Female,Diploma,0
4276,48776,Male,No records,0
4277,48778,Female,Diploma,0
4278,48782,Female,Diploma,0
4279,48799,Male,Grade 12,0
4280,48802,Male,Grade 12,1
4281,48811,Male,Degree,0
4282,48813,Female,No records,4
4283,48819,Male,Diploma,1
4284,48820,Male,Diploma,0
4285,48827,Female,Diploma,0
4286,48829,Female,Grade 12,0
4287,48867,Male,Degree,1
4288,48872,Female,Grade 12,0
4289,48876,Female,Diploma,0
4290,48886,Female,Grade 12,0
4291,48888,Female,Degree,3
4292,48914,Female,Grade 12,0
4293,48919,Male,Grade 12,2
4294,48930,Female,Grade 12,0
4295,48933,Female,Grade 12,1
4296,48949,Female,Degree,0
4297,48952,Female,No records,0
4298,48961,Male,Grade 12,0
4299,48962,Female,Grade 12,0
4300,48966,Female,Diploma,0
4301,48983,Male,No records,0
4302,48986,Female,No records,0
4303,48990,Female,No records,0
4304,49033,Female,No records,0
4305,49048,Male,Grade 12,0
4306,49050,Female,Grade 12,1
4307,49051,Female,Postgrad,3
4308,49060,Male,Degree,0
4309,49082,Female,No records,0
4310,49089,Female,Diploma,0
4311,49099,Female,Grade 12,0
4312,49103,Female,Degree,1
4313,49105,Female,Grade 12,2
4314,49106,Male,Grade 12,0
4315,49109,Male,No records,0
4316,49118,Female,Grade 12,0
4317,49120,Female,Grade 12,3
4318,49130,Male,Diploma,2
4319,49135,Female,Diploma,0
4320,49154,Female,No records,0
4321,49156,Female,Grade 12,0
4322,49166,Female,Grade 12,2
4323,49167,Male,Diploma,0
4324,49186,Female,Grade 12,0
4325,49190,Female,Postgrad,2
4326,49196,Female,No records,0
4327,49217,Female,Grade 12,0
4328,49218,Female,Degree,1
4329,49236,Female,Degree,3
4330,49243,Male,Grade 12,0
4331,49248,Female,Grade 12,0
4332,49254,Female,Degree,0
4333,49263,Male,Grade 12,2
4334,49279,Male,Diploma,0
4335,49282,Male,Degree,0
4336,49299,Female,Diploma,2
4337,49302,Male,Diploma,2
4338,49317,Female,No records,0
4339,49332,Female,Diploma,0
4340,49334,Male,Degree,0
4341,49342,Male,Grade 12,0
4342,49346,Female,Grade 12,0
4343,49355,Male,Grade 12,0
4344,49356,Female,Degree,0
4345,49357,Male,Grade 12,1
4346,49378,Male,Grade 12,0
4347,49379,Male,Grade 12,2
4348,49388,Female,No records,0
4349,49404,Female,No records,0
4350,49405,Female,Grade 12,1
4351,49425,Male,Grade 12,0
4352,49439,Female,Grade 12,0
4353,49457,Female,Degree,1
4354,49464,Male,Degree,2
4355,49484,Female,Grade 12,2
4356,49501,Female,No records,0
4357,49512,Female,Grade 12,2
4358,49522,Female,Grade 12,1
4359,49547,Male,Diploma,1
4360,49558,Male,Degree,1
4361,49573,Female,No records,0
4362,49583,Female,Diploma,1
4363,49592,Female,Degree,1
4364,49594,Male,No records,0
4365,49596,Male,Grade 12,0
4366,49600,Female,No records,2
4367,49603,Male,Diploma,0
4368,49606,Female,Grade 12,1
4369,49620,Female,Degree,0
4370,49627,Male,Diploma,0
4371,49643,Female,Degree,0
4372,49652,Male,Diploma,3
4373,49656,Female,No records,0
4374,49660,Male,Grade 12,2
4375,49664,Male,Grade 12,2
4376,49680,Female,Grade 12,0
4377,49699,Female,Grade 12,0
4378,49700,Female,Grade 12,1
4379,49702,Male,Diploma,0
4380,49703,Female,No records,2
4381,49707,Male,No records,2
4382,49712,Male,Degree,0
4383,49731,Female,Diploma,0
4384,49743,Female,Degree,2
4385,49754,Male,Diploma,0
4386,49778,Female,No records,1
4387,49806,Male,Degree,0
4388,49807,Female,Diploma,0
4389,49817,Male,No records,0
4390,49822,Male,Diploma,0
4391,49850,Female,Diploma,0
4392,49884,Male,Grade 12,2
4393,49886,Male,Grade 12,1
4394,49897,Male,Degree,4
4395,49901,Female,No records,2
4396,49909,Female,Grade 12,2
4397,49911,Male,Diploma,1
4398,49917,Female,Diploma,0
4399,49918,Female,Diploma,2
4400,49926,Female,Degree,1
4401,49983,Female,No records,0
4402,49986,Female,No records,4
4403,49995,Female,Diploma,1
4404,50004,Male,Diploma,3
4405,50005,Male,Postgrad,0
4406,50011,Female,Grade 12,1
4407,50013,Male,Grade 12,2
4408,50021,Female,Grade 12,0
4409,50024,Female,Grade 12,2
4410,50025,Male,Diploma,2
4411,50026,Female,Grade 12,0
4412,50042,Male,Grade 12,2
4413,50081,Female,Postgrad,0
4414,50090,Male,Diploma,0
4415,50099,Male,Grade 12,0
4416,50106,Male,Diploma,0
4417,50107,Male,No records,0
4418,50124,Female,Diploma,0
4419,50127,Female,Grade 12,0
4420,50134,Female,No records,0
4421,50141,Female,Grade 12,2
4422,50160,Female,Degree,0
4423,50170,Male,No records,0
4424,50185,Female,Diploma,0
4425,50192,Female,No records,0
4426,50196,Female,No records,0
4427,50219,Male,Degree,0
4428,50221,Female,Grade 12,0
4429,50222,Female,Grade 12,1
4430,50223,Female,Diploma,0
4431,50231,Female,Diploma,0
4432,50237,Male,Diploma,2
4433,50246,Female,Degree,0
4434,50249,Male,No records,0
4435,50257,Male,Grade 12,2
4436,50278,Female,No records,1
4437,50283,Female,Diploma,0
4438,50291,Male,Diploma,1
4439,50301,Female,Diploma,0
4440,50311,Female,No records,3
4441,50321,Female,Postgrad,0
4442,50324,Female,Grade 12,0
4443,50330,Male,Diploma,0
4444,50331,Female,Diploma,0
4445,50340,Female,No records,0
4446,50350,Male,Grade 12,4
4447,50351,Female,No records,3
4448,50355,Male,Degree,1
4449,50356,Female,Grade 12,0
4450,50392,Female,No records,2
4451,50394,Female,No records,0
4452,50396,Female,Diploma,2
4453,50399,Male,Diploma,1
4454,50402,Female,Postgrad,0
4455,50415,Male,Grade 12,0
4456,50430,Male,Grade 12,1
4457,50443,Male,Diploma,1
4458,50452,Female,Degree,0
4459,50454,Female,No records,0
4460,50456,Male,No records,3
4461,50458,Male,No records,1
4462,50462,Male,Postgrad,0
4463,50478,Female,Degree,0
4464,50482,Female,Degree,0
4465,50491,Female,Diploma,0
4466,50495,Female,No records,0
4467,50496,Female,Grade 12,0
4468,50498,Female,No records,3
4469,50505,Male,No records,0
4470,50514,Female,No records,1
4471,50531,Female,Grade 12,0
4472,50533,Female,Degree,3
4473,50535,Female,Grade 12,3
4474,50537,Male,No records,0
4475,50541,Female,Grade 12,0
4476,50554,Male,Degree,2
4477,50555,Female,Postgrad,0
4478,50557,Male,Diploma,0
4479,50579,Male,Degree,2
4480,50581,Female,Postgrad,0
4481,50597,Male,Diploma,0
4482,50600,Male,Diploma,2
4483,50614,Female,Postgrad,1
4484,50619,Male,Grade 12,1
4485,50629,Female,Grade 12,0
4486,50633,Male,Degree,1
4487,50658,Male,Diploma,1
4488,50671,Female,Grade 12,2
4489,50672,Female,Grade 12,0
4490,50680,Female,Diploma,3
4491,50681,Female,Grade 12,0
4492,50688,Female,Grade 12,1
4493,50713,Female,Diploma,1
4494,50717,Male,Degree,0
4495,50743,Female,Grade 12,0
4496,50765,Female,No records,0
4497,50775,Male,Diploma,1
4498,50778,Female,Grade 12,0
4499,50791,Male,Grade 12,0
4500,50794,Male,Degree,0
4501,50802,Male,No records,0
4502,50804,Female,Diploma,0
4503,50812,Male,Diploma,0
4504,50813,Female,No records,0
4505,50818,Male,No records,0
4506,50819,Male,Degree,0
4507,50821,Female,Diploma,0
4508,50824,Male,Grade 12,0
4509,50829,Female,No records,1
4510,50841,Male,No records,0
4511,50847,Female,No records,0
4512,50868,Female,Grade 12,0
4513,50869,Female,No records,1
4514,50879,Female,Diploma,0
4515,50885,Female,Diploma,0
4516,50913,Female,Degree,1
4517,50915,Female,Diploma,1
4518,50920,Male,Degree,0
4519,50924,Female,Grade 12,2
4520,50927,Male,No records,0
4521,50928,Male,Diploma,0
4522,50942,Male,Diploma,1
4523,50950,Female,Degree,0
4524,50952,Male,No records,0
4525,50972,Male,Diploma,0
4526,50991,Female,Grade 12,0
4527,51004,Male,No records,0
4528,51026,Female,Grade 12,0
4529,51032,Male,Diploma,0
4530,51055,Female,Grade 12,0
4531,51057,Male,Diploma,1
4532,51093,Female,No records,0
4533,51101,Female,Diploma,1
4534,51105,Female,Diploma,0
4535,51107,Female,Diploma,1
4536,51147,Female,No records,0
4537,51163,Male,Grade 12,2
4538,51184,Male,No records,0
4539,51185,Female,Diploma,0
4540,51191,Male,Degree,0
4541,51245,Male,Grade 12,2
4542,51246,Male,Postgrad,1
4543,51267,Female,Grade 12,2
4544,51274,Female,Grade 12,2
4545,51301,Female,Degree,0
4546,51304,Female,No records,1
4547,51333,Male,Degree,0
4548,51334,Male,Grade 12,0
4549,51335,Male,Degree,0
4550,51338,Male,Degree,1
4551,51339,Female,Grade 12,0
4552,51382,Male,No records,0
4553,51389,Female,No records,0
4554,51393,Male,Degree,1
4555,51416,Male,Diploma,2
4556,51419,Male,Grade 12,0
4557,51422,Female,Diploma,0
4558,51451,Male,Diploma,0
4559,51455,Male,Diploma,0
4560,51456,Female,Degree,0
4561,51460,Male,Degree,0
4562,51467,Female,Grade 12,1
4563,51500,Male,No records,3
4564,51508,Female,Grade 12,2
4565,51530,Male,Grade 12,0
4566,51531,Male,Diploma,0
4567,51554,Male,Degree,0
4568,51561,Male,Grade 12,1
4569,51562,Female,Grade 12,2
4570,51582,Female,No records,0
4571,51583,Female,Grade 12,3
4572,51585,Male,Grade 12,0
4573,51593,Male,Grade 12,0
4574,51602,Female,Diploma,0
4575,51610,Female,No records,4
4576,51615,Female,Grade 12,0
4577,51630,Female,Grade 12,3
4578,51644,Female,No records,0
4579,51650,Male,Grade 12,0
4580,51658,Male,No records,0
4581,51666,Male,Grade 12,0
4582,51683,Male,Grade 12,2
4583,51705,Male,Grade 12,0
4584,51706,Male,Degree,0
4585,51713,Female,Diploma,2
4586,51715,Male,Grade 12,0
4587,51731,Female,Grade 12,0
4588,51732,Male,No records,0
4589,51757,Female,Grade 12,1
4590,51762,Male,Diploma,2
4591,51769,Male,Grade 12,0
4592,51776,Female,Grade 12,0
4593,51779,Female,No records,2
4594,51781,Male,Grade 12,0
4595,51786,Female,No records,0
4596,51812,Male,Degree,0
4597,51834,Male,Grade 12,2
4598,51838,Female,Diploma,2
4599,51842,Male,No records,0
4600,51849,Male,Diploma,1
4601,51864,Male,Grade 12,1
4602,51866,Male,Degree,3
4603,51869,Male,Degree,0
4604,51915,Female,No records,0
4605,51920,Male,Diploma,0
4606,51931,Female,Diploma,2
4607,51937,Female,No records,0
4608,51946,Male,Diploma,0
4609,51948,Female,No records,0
4610,51959,Female,Grade 12,0
4611,51967,Female,Diploma,1
4612,51973,Male,No records,0
4613,51975,Female,Grade 12,1
4614,51981,Male,Postgrad,0
4615,51990,Female,Degree,0
4616,52001,Female,Diploma,0
4617,52011,Male,Degree,0
4618,52043,Male,Grade 12,1
4619,52049,Female,Degree,0
4620,52058,Male,Degree,0
4621,52059,Male,No records,0
4622,52061,Male,No records,1
4623,52063,Male,Grade 12,0
4624,52064,Male,Degree,0
4625,52065,Female,Grade 12,2
4626,52066,Female,No records,2
4627,52081,Male,Grade 12,0
4628,52087,Male,No records,0
4629,52090,Male,No records,0
4630,52104,Male,No records,0
4631,52129,Female,Diploma,0
4632,52130,Female,Grade 12,3
4633,52140,Female,Grade 12,2
4634,52146,Female,No records,2
4635,52150,Female,Grade 12,0
4636,52154,Female,No records,1
4637,52157,Female,Degree,0
4638,52180,Female,Postgrad,0
4639,52213,Female,Grade 12,0
4640,52216,Female,Degree,2
4641,52220,Female,Grade 12,0
4642,52229,Female,Degree,1
4643,52240,Male,Grade 12,2
4644,52246,Female,Diploma,0
4645,52249,Male,Diploma,2
4646,52251,Female,Grade 12,0
4647,52262,Female,Grade 12,0
4648,52265,Male,Grade 12,2
4649,52266,Male,Degree,0
4650,52290,Female,Grade 12,2
4651,52291,Female,Postgrad,1
4652,52316,Female,Grade 12,1
4653,52319,Male,No records,2
4654,52364,Female,Diploma,1
4655,52369,Male,Diploma,1
4656,52372,Male,Grade 12,2
4657,52379,Male,Postgrad,2
4658,52385,Male,Degree,0
4659,52388,Female,Diploma,2
4660,52391,Male,Grade 12,0
4661,52396,Male,Grade 12,0
4662,52425,Male,Diploma,0
4663,52432,Male,Diploma,1
4664,52435,Male,Grade 12,1
4665,52436,Male,Degree,2
4666,52450,Female,No records,0
4667,52512,Male,Degree,0
4668,52513,Male,No records,1
4669,52523,Female,Diploma,1
4670,52524,Male,Grade 12,0
4671,52525,Female,No records,1
4672,52541,Male,Diploma,0
4673,52551,Male,Grade 12,0
4674,52559,Female,Diploma,3
4675,52565,Male,No records,0
4676,52571,Female,Grade 12,0
4677,52575,Male,Grade 12,0
4678,52582,Male,Diploma,0
4679,52583,Female,No records,4
4680,52586,Female,Diploma,0
4681,52590,Male,Diploma,0
4682,52619,Male,Grade 12,0
4683,52633,Male,Grade 12,0
4684,52635,Male,Grade 12,2
4685,52636,Male,Diploma,0
4686,52661,Female,Diploma,2
4687,52681,Male,Grade 12,0
4688,52704,Male,Diploma,0
4689,52709,Female,Diploma,1
4690,52726,Male,Grade 12,1
4691,52728,Female,Grade 12,0
4692,52737,Male,Degree,0
4693,52743,Female,Grade 12,1
4694,52744,Female,Grade 12,0
4695,52745,Male,Grade 12,1
4696,52759,Female,Diploma,0
4697,52764,Male,Degree,1
4698,52768,Female,Grade 12,0
4699,52775,Male,Grade 12,2
4700,52779,Female,Degree,0
4701,52783,Female,Grade 12,0
4702,52786,Female,Degree,0
4703,52813,Male,Grade 12,0
4704,52816,Male,Grade 12,0
4705,52824,Male,Grade 12,0
4706,52834,Female,Grade 12,2
4707,52846,Male,Grade 12,0
4708,52853,Female,Grade 12,0
4709,52854,Female,Grade 12,0
4710,52865,Female,Postgrad,0
4711,52895,Male,Grade 12,0
4712,52917,Male,Diploma,0
4713,52920,Female,Grade 12,0
4714,52921,Male,No records,0
4715,52925,Female,No records,0
4716,52946,Male,Diploma,0
4717,52951,Male,Grade 12,0
4718,52959,Male,Grade 12,0
4719,52971,Male,Grade 12,3
4720,52973,Male,Grade 12,0
4721,52991,Male,Diploma,1
4722,52998,Male,Degree,0
4723,53003,Female,Diploma,1
4724,53009,Female,No records,1
4725,53011,Female,Diploma,0
4726,53016,Female,Grade 12,0
4727,53025,Female,Grade 12,0
4728,53027,Male,Grade 12,0
4729,53042,Female,No records,0
4730,53049,Male,No records,2
4731,53050,Male,Grade 12,3
4732,53054,Female,Grade 12,0
4733,53086,Male,Degree,0
4734,53094,Female,Diploma,0
4735,53102,Female,Diploma,1
4736,53127,Male,No records,0
4737,53150,Female,Diploma,2
4738,53158,Male,Grade 12,0
4739,53160,Male,Grade 12,2
4740,53168,Male,Grade 12,2
4741,53188,Male,No records,0
4742,53190,Male,Postgrad,3
4743,53197,Female,Grade 12,1
4744,53203,Female,Grade 12,0
4745,53227,Male,Grade 12,1
4746,53234,Male,Postgrad,1
4747,53238,Male,No records,2
4748,53252,Female,Grade 12,0
4749,53274,Male,Grade 12,1
4750,53285,Male,No records,0
4751,53292,Female,Grade 12,0
4752,53302,Female,No records,0
4753,53307,Female,Degree,0
4754,53308,Female,Grade 12,0
4755,53315,Male,Degree,3
4756,53335,Male,Grade 12,0
4757,53354,Female,Grade 12,0
4758,53359,Female,Postgrad,1
4759,53372,Male,Degree,1
4760,53373,Female,Diploma,1
4761,53374,Female,Grade 12,0
4762,53379,Male,Degree,0
4763,53381,Female,Degree,1
4764,53384,Female,Grade 12,1
4765,53411,Male,Grade 12,0
4766,53415,Female,Degree,0
4767,53420,Male,Grade 12,2
4768,53444,Female,Diploma,0
4769,53453,Female,Postgrad,1
4770,53455,Male,Diploma,2
4771,53461,Male,Grade 12,0
4772,53475,Male,Grade 12,1
4773,53507,Male,Diploma,1
4774,53514,Male,Diploma,0
4775,53520,Female,Degree,0
4776,53529,Female,Diploma,0
4777,53548,Female,No records,2
4778,53551,Female,Grade 12,0
4779,53554,Male,Diploma,0
4780,53560,Female,Grade 12,0
4781,53563,Female,Grade 12,1
4782,53577,Male,No records,0
4783,53583,Female,Grade 12,0
4784,53586,Male,Diploma,0
4785,53590,Male,No records,0
4786,53607,Male,Diploma,0
4787,53614,Male,Diploma,2
4788,53616,Female,Diploma,0
4789,53626,Female,Diploma,0
4790,53630,Male,Degree,0
4791,53637,Male,Diploma,0
4792,53645,Female,Diploma,0
4793,53679,Female,No records,0
4794,53684,Male,Diploma,0
4795,53719,Female,Degree,1
4796,53721,Female,No records,2
4797,53732,Female,Diploma,1
4798,53740,Male,Postgrad,3
4799,53741,Female,Grade 12,1
4800,53742,Female,No records,0
4801,53756,Male,Diploma,0
4802,53761,Male,Degree,2
4803,53770,Female,Grade 12,0
4804,53773,Female,Grade 12,0
4805,53787,Female,Degree,0
4806,53789,Male,Diploma,0
4807,53798,Female,No records,2
4808,53817,Male,Grade 12,0
4809,53828,Female,Grade 12,0
4810,53833,Male,Degree,1
4811,53836,Male,Degree,0
4812,53837,Female,Diploma,0
4813,53849,Female,No records,2
4814,53854,Female,No records,2
4815,53866,Male,Diploma,0
4816,53884,Female,Postgrad,0
4817,53905,Female,Diploma,0
4818,53916,Female,Grade 12,0
4819,53920,Female,Grade 12,1
4820,53923,Female,No records,0
4821,53933,Female,Grade 12,3
4822,53951,Female,Grade 12,3
4823,53956,Female,Grade 12,2
4824,53972,Male,Grade 12,2
4825,53979,Female,No records,0
4826,53982,Female,Degree,1
4827,53987,Female,Diploma,0
4828,53992,Male,Diploma,0
4829,54030,Female,Grade 12,0
4830,54037,Male,No records,1
4831,54040,Female,Grade 12,0
4832,54046,Female,Grade 12,0
4833,54058,Female,Diploma,0
4834,54065,Male,Diploma,2
4835,54066,Female,Grade 12,0
4836,54071,Male,Grade 12,1
4837,54072,Male,Grade 12,2
4838,54090,Female,No records,0
4839,54091,Female,Grade 12,2
4840,54094,Male,Grade 12,0
4841,54098,Female,No records,1
4842,54112,Male,Diploma,0
4843,54122,Male,Postgrad,3
4844,54142,Male,Grade 12,1
4845,54144,Female,Diploma,0
4846,54146,Female,Diploma,0
4847,54175,Male,Grade 12,0
4848,54183,Male,Grade 12,0
4849,54192,Female,Grade 12,2
4850,54194,Male,Grade 12,1
4851,54201,Male,Grade 12,0
4852,54229,Male,No records,0
4853,54241,Male,Degree,2
4854,54248,Female,No records,1
4855,54249,Male,Diploma,0
4856,54256,Female,Postgrad,0
4857,54260,Female,Degree,0
4858,54262,Female,Grade 12,1
4859,54284,Female,Degree,0
4860,54299,Female,Degree,1
4861,54306,Male,Degree,0
4862,54307,Female,Grade 12,0
4863,54310,Male,Grade 12,1
4864,54316,Male,Diploma,0
4865,54318,Female,Grade 12,0
4866,54324,Male,Grade 12,2
4867,54326,Female,Diploma,0
4868,54329,Female,Degree,0
4869,54352,Male,Grade 12,0
4870,54355,Male,Diploma,2
4871,54356,Female,No records,0
4872,54359,Female,Diploma,2
4873,54395,Female,No records,2
4874,54402,Male,No records,0
4875,54423,Male,Diploma,0
4876,54430,Male,Postgrad,0
4877,54449,Female,Diploma,0
4878,54455,Female,Grade 12,2
4879,54460,Female,No records,0
4880,54461,Male,No records,0
4881,54476,Female,Degree,0
4882,54477,Female,Diploma,1
4883,54483,Male,Degree,0
4884,54490,Male,Diploma,1
4885,54500,Male,Diploma,0
4886,54507,Male,Degree,0
4887,54516,Female,Grade 12,0
4888,54521,Male,Diploma,0
4889,54527,Female,Diploma,1
4890,54542,Male,Diploma,2
4891,54552,Male,No records,2
4892,54558,Female,No records,1
4893,54566,Female,Diploma,0
4894,54578,Female,Grade 12,0
4895,54588,Female,Grade 12,0
4896,54599,Female,Postgrad,1
4897,54610,Male,Diploma,0
4898,54611,Female,Postgrad,0
4899,54619,Female,Diploma,1
4900,54620,Female,Grade 12,1
4901,54621,Male,Grade 12,1
4902,54629,Female,Grade 12,0
4903,54632,Female,Grade 12,0
4904,54639,Male,Postgrad,0
4905,54644,Female,No records,2
4906,54645,Male,No records,0
4907,54646,Male,Degree,0
4908,54652,Female,Grade 12,0
4909,54658,Male,Degree,1
4910,54662,Male,Grade 12,1
4911,54670,Female,Grade 12,0
4912,54672,Female,Grade 12,0
4913,54675,Female,Grade 12,0
4914,54689,Male,Diploma,2
4915,54690,Male,Grade 12,1
4916,54693,Male,Diploma,3
4917,54698,Male,Grade 12,0
4918,54708,Male,Degree,0
4919,54710,Female,Grade 12,2
4920,54711,Female,Postgrad,0
4921,54715,Male,Degree,0
4922,54720,Female,Degree,0
4923,54722,Female,Grade 12,0
4924,54730,Male,Diploma,1
4925,54741,Female,Grade 12,0
4926,54759,Female,Degree,0
4927,54764,Male,Grade 12,0
4928,54768,Male,Grade 12,1
4929,54794,Female,No records,0
4930,54797,Male,Grade 12,0
4931,54798,Male,Grade 12,0
4932,54801,Female,Diploma,1
4933,54802,Male,Degree,1
4934,54814,Female,Diploma,0
4935,54827,Female,Grade 12,1
4936,54829,Male,Grade 12,0
4937,54832,Male,No records,0
4938,54848,Male,No records,0
4939,54849,Male,Grade 12,1
4940,54854,Female,Grade 12,1
4941,54859,Female,Diploma,2
4942,54860,Female,Degree,0
4943,54866,Male,Grade 12,0
4944,54872,Female,Diploma,0
4945,54873,Female,Diploma,1
4946,54875,Female,Diploma,1
4947,54877,Female,Diploma,0
4948,54883,Male,Diploma,0
4949,54886,Female,No records,0
4950,54887,Male,Degree,0
4951,54905,Male,Grade 12,2
4952,54935,Female,No records,2
4953,54936,Male,Grade 12,0
4954,54947,Female,No records,0
4955,54972,Female,Grade 12,1
4956,54975,Female,Degree,0
4957,54978,Male,Grade 12,0
4958,54981,Male,Grade 12,2
4959,54998,Female,Grade 12,0
4960,55009,Female,Degree,0
4961,55012,Male,Degree,0
4962,55019,Female,Diploma,0
4963,55053,Female,Postgrad,0
4964,55058,Male,Grade 12,1
4965,55061,Female,Diploma,2
4966,55066,Female,Grade 12,0
4967,55070,Male,No records,0
4968,55074,Male,Diploma,2
4969,55083,Male,Diploma,1
4970,55084,Female,Degree,0
4971,55085,Female,Grade 12,4
4972,55090,Male,Grade 12,0
4973,55100,Female,Diploma,1
4974,55101,Male,Diploma,0
4975,55109,Female,Degree,0
4976,55112,Female,Grade 12,0
4977,55117,Female,Grade 12,2
4978,55134,Female,No records,0
4979,55141,Male,Degree,0
4980,55143,Male,Diploma,0
4981,55151,Female,No records,1
4982,55173,Male,Degree,0
4983,55184,Male,Diploma,0
4984,55186,Female,Degree,0
4985,55196,Male,Diploma,4
4986,55197,Male,No records,0
4987,55209,Female,Degree,2
4988,55212,Male,Postgrad,0
4989,55219,Female,Grade 12,1
4990,55234,Female,Grade 12,0
4991,55249,Male,Diploma,1
4992,55260,Female,Grade 12,0
4993,55270,Female,Grade 12,3
4994,55285,Female,Degree,1
4995,55290,Female,Grade 12,0
4996,55291,Male,Grade 12,4
4997,55302,Male,Grade 12,3
4998,55331,Male,Grade 12,1
4999,55335,Female,Grade 12,0
5000,55354,Male,No records,0
5001,55380,Female,Grade 12,2
5002,55381,Female,No records,2
5003,55385,Female,Degree,2
5004,55396,Female,Grade 12,1
5005,55404,Male,Diploma,0
5006,55408,Male,Grade 12,0
5007,55413,Female,Diploma,0
5008,55415,Male,Grade 12,1
5009,55423,Female,Degree,0
5010,55434,Male,Grade 12,1
5011,55444,Female,Diploma,0
5012,55446,Female,Grade 12,0
5013,55471,Female,No records,2
5014,55508,Male,Grade 12,0
5015,55510,Female,Diploma,2
5016,55526,Male,Degree,0
5017,55532,Female,No records,1
5018,55533,Male,Grade 12,0
5019,55539,Male,Grade 12,0
5020,55544,Female,Grade 12,1
5021,55594,Female,Grade 12,0
5022,55622,Female,Grade 12,0
5023,55625,Female,Diploma,3
5024,55630,Male,Degree,3
5025,55635,Female,Diploma,0
5026,55639,Male,Grade 12,2
5027,55642,Male,Grade 12,0
5028,55669,Male,Grade 12,1
5029,55681,Female,Diploma,0
5030,55683,Male,Degree,0
5031,55691,Female,No records,0
5032,55710,Female,Diploma,0
5033,55715,Female,Diploma,0
5034,55726,Male,Grade 12,0
5035,55731,Male,Grade 12,0
5036,55737,Male,Grade 12,0
5037,55739,Female,No records,0
5038,55747,Female,Grade 12,2
5039,55750,Male,Diploma,2
5040,55757,Female,No records,0
5041,55759,Female,Diploma,1
5042,55761,Male,Diploma,1
5043,55786,Female,Grade 12,0
5044,55790,Female,Degree,1
5045,55795,Female,Diploma,3
5046,55798,Female,Grade 12,2
5047,55814,Male,Degree,0
5048,55819,Female,Degree,2
5049,55825,Male,Grade 12,0
5050,55830,Female,Diploma,0
5051,55839,Male,Grade 12,2
5052,55840,Male,No records,0
5053,55845,Male,Diploma,0
5054,55850,Male,Grade 12,0
5055,55889,Male,No records,0
5056,55892,Male,Degree,0
5057,55905,Male,Diploma,2
5058,55906,Male,No records,0
5059,55922,Male,Degree,0
5060,55937,Male,Degree,0
5061,55938,Male,Grade 12,0
5062,55943,Female,Diploma,1
5063,55945,Male,Degree,0
5064,55957,Female,Grade 12,0
5065,55961,Female,Grade 12,0
5066,55963,Female,Diploma,0
5067,55966,Male,Grade 12,0
5068,55982,Female,No records,0
5069,55997,Female,Diploma,1
5070,55999,Male,Degree,1
5071,56007,Male,Diploma,0
5072,56008,Female,Degree,4
5073,56011,Female,Diploma,0
5074,56015,Male,Diploma,2
5075,56036,Female,Grade 12,0
5076,56039,Male,Degree,0
5077,56044,Male,Grade 12,1
5078,56046,Male,Grade 12,0
5079,56063,Male,Diploma,0
5080,56067,Female,Grade 12,2
5081,56095,Male,Diploma,0
5082,56107,Female,Diploma,0
5083,56110,Male,No records,0
5084,56115,Male,Diploma,0
5085,56119,Male,No records,1
5086,56125,Male,Grade 12,0
5087,56136,Female,Grade 12,0
5088,56138,Male,Diploma,0
5089,56139,Female,No records,0
5090,56150,Female,Grade 12,0
5091,56164,Male,Grade 12,0
5092,56192,Female,Grade 12,0
5093,56200,Female,Grade 12,1
5094,56207,Female,Degree,1
5095,56212,Female,Degree,0
5096,56218,Male,Grade 12,1
5097,56248,Female,Diploma,0
5098,56250,Female,No records,1
5099,56260,Male,Grade 12,0
5100,56261,Male,Grade 12,0
5101,56267,Female,No records,0
5102,56277,Male,Grade 12,0
5103,56284,Male,No records,0
5104,56301,Male,Diploma,1
5105,56328,Male,No records,2
5106,56339,Female,Grade 12,1
5107,56352,Male,No records,0
5108,56361,Female,Grade 12,0
5109,56366,Male,No records,1
5110,56382,Female,Grade 12,3
5111,56397,Female,Grade 12,1
5112,56413,Male,Degree,0
5113,56437,Female,Diploma,1
5114,56450,Male,Degree,1
5115,56473,Female,Diploma,0
5116,56474,Male,Grade 12,0
5117,56476,Female,Diploma,0
5118,56497,Female,Diploma,4
5119,56540,Male,Diploma,0
5120,56549,Female,No records,0
5121,56552,Female,Degree,0
5122,56560,Female,Grade 12,0
5123,56561,Male,No records,0
5124,56577,Male,Diploma,0
5125,56580,Male,No records,3
5126,56585,Male,Diploma,0
5127,56615,Female,Grade 12,0
5128,56633,Female,Degree,0
5129,56640,Female,Grade 12,0
5130,56661,Male,Grade 12,0
5131,56663,Female,No records,0
5132,56672,Male,No records,0
5133,56685,Male,Diploma,2
5134,56695,Male,Grade 12,0
5135,56703,Female,Postgrad,0
5136,56707,Female,Diploma,0
5137,56749,Female,No records,0
5138,56754,Male,Diploma,0
5139,56760,Female,Diploma,0
5140,56763,Male,No records,0
5141,56773,Female,Degree,2
5142,56778,Female,Diploma,0
5143,56792,Female,Grade 12,0
5144,56793,Male,Grade 12,2
5145,56795,Female,No records,0
5146,56811,Female,Diploma,0
5147,56813,Female,No records,1
5148,56821,Female,Diploma,0
5149,56858,Female,Grade 12,1
5150,56868,Female,No records,1
5151,56870,Female,Degree,0
5152,56874,Female,Grade 12,1
5153,56893,Female,No records,0
5154,56895,Male,Diploma,0
5155,56897,Female,Postgrad,0
5156,56904,Male,Postgrad,2
5157,56906,Female,Grade 12,0
5158,56908,Female,Grade 12,0
5159,56910,Male,Diploma,0
5160,56912,Female,Diploma,2
5161,56917,Female,Grade 12,1
5162,56945,Male,Degree,0
5163,56957,Male,Grade 12,1
5164,56967,Female,Grade 12,1
5165,57004,Male,Degree,0
5166,57013,Female,Grade 12,0
5167,57028,Female,Diploma,2
5168,57061,Female,Degree,2
5169,57067,Female,No records,2
5170,57081,Male,No records,0
5171,57087,Female,Degree,0
5172,57098,Female,Grade 12,0
5173,57109,Female,Grade 12,0
5174,57119,Female,Degree,0
5175,57143,Male,Grade 12,1
5176,57157,Female,Degree,1
5177,57169,Female,Grade 12,0
5178,57175,Male,Postgrad,0
5179,57178,Male,No records,1
5180,57188,Female,Grade 12,0
5181,57192,Female,Grade 12,3
5182,57201,Male,Degree,2
5183,57206,Female,Grade 12,0
5184,57209,Male,Diploma,0
5185,57220,Female,Grade 12,2
5186,57228,Female,Grade 12,0
5187,57240,Female,Grade 12,2
5188,57253,Female,Grade 12,1
5189,57262,Female,Postgrad,0
5190,57279,Female,No records,0
5191,57289,Female,Degree,0
5192,57295,Female,No records,1
5193,57309,Female,Grade 12,1
5194,57315,Female,Grade 12,1
5195,57317,Male,Grade 12,0
5196,57318,Male,Diploma,0
5197,57334,Male,No records,0
5198,57336,Female,Grade 12,1
5199,57337,Male,Diploma,0
5200,57372,Female,Degree,0
5201,57391,Female,Grade 12,1
5202,57392,Male,No records,0
5203,57397,Male,Diploma,0
5204,57410,Female,Postgrad,0
5205,57438,Female,Grade 12,3
5206,57439,Female,Diploma,0
5207,57451,Male,No records,0
5208,57452,Male,No records,0
5209,57455,Female,Degree,0
5210,57470,Female,Grade 12,1
5211,57473,Female,Grade 12,0
5212,57476,Female,Grade 12,0
5213,57491,Female,Grade 12,0
5214,57496,Female,Degree,0
5215,57509,Male,Postgrad,2
5216,57511,Male,Degree,1
5217,57520,Female,Grade 12,0
5218,57530,Male,No records,0
5219,57532,Male,Diploma,0
5220,57533,Male,No records,2
5221,57534,Female,Diploma,0
5222,57541,Female,No records,0
5223,57543,Female,No records,0
5224,57544,Male,No records,2
5225,57555,Male,Diploma,0
5226,57583,Female,Diploma,0
5227,57600,Male,No records,0
5228,57602,Male,Grade 12,0
5229,57616,Male,Grade 12,0
5230,57658,Male,Grade 12,0
5231,57659,Female,Grade 12,2
5232,57666,Male,Grade 12,0
5233,57668,Female,Grade 12,0
5234,57681,Female,Degree,2
5235,57693,Female,Diploma,0
5236,57719,Female,Grade 12,0
5237,57734,Male,Grade 12,2
5238,57741,Female,No records,1
5239,57750,Male,No records,0
5240,57753,Male,No records,2
5241,57760,Female,Diploma,0
5242,57775,Female,Diploma,3
5243,57795,Male,Grade 12,0
5244,57798,Male,No records,1
5245,57816,Female,Grade 12,0
5246,57818,Male,No records,0
5247,57821,Female,Grade 12,0
5248,57834,Female,Degree,0
5249,57838,Male,Diploma,3
5250,57839,Male,Diploma,0
5251,57841,Female,Degree,2
5252,57845,Female,Diploma,0
5253,57851,Female,Grade 12,0
5254,57879,Female,Grade 12,2
5255,57897,Female,Grade 12,0
5256,57911,Male,Degree,2
5257,57915,Female,Grade 12,2
5258,57920,Female,Diploma,0
5259,57923,Male,No records,1
5260,57926,Male,Degree,0
5261,57929,Female,Grade 12,0
5262,57931,Female,Grade 12,0
5263,57938,Male,Postgrad,3
5264,57940,Female,Grade 12,2
5265,57948,Female,Grade 12,0
5266,57954,Male,Diploma,0
5267,57956,Female,No records,2
5268,57959,Female,No records,1
5269,57962,Female,No records,0
5270,57989,Male,No records,0
5271,57990,Male,Grade 12,0
5272,57997,Male,Diploma,2
5273,57998,Female,Grade 12,0
5274,58009,Female,Diploma,0
5275,58022,Female,Grade 12,1
5276,58023,Male,Grade 12,2
5277,58066,Female,Diploma,0
5278,58070,Male,Postgrad,3
5279,58075,Male,Diploma,0
5280,58083,Male,Diploma,1
5281,58085,Male,No records,0
5282,58091,Male,Diploma,0
5283,58102,Male,Diploma,0
5284,58112,Female,Diploma,0
5285,58113,Female,Grade 12,1
5286,58116,Female,Grade 12,0
5287,58122,Male,No records,1
5288,58134,Female,Degree,0
5289,58138,Female,Grade 12,0
5290,58166,Female,Grade 12,1
5291,58172,Male,Diploma,0
5292,58175,Male,Diploma,2
5293,58216,Female,Postgrad,0
5294,58217,Female,Diploma,1
5295,58227,Female,No records,1
5296,58228,Female,Grade 12,1
5297,58231,Male,No records,1
5298,58238,Male,Degree,1
5299,58247,Female,Degree,0
5300,58249,Male,Grade 12,2
5301,58259,Male,Grade 12,1
5302,58262,Female,No records,2
5303,58265,Female,Grade 12,3
5304,58286,Female,Grade 12,0
5305,58288,Female,Diploma,2
5306,58306,Female,Diploma,0
5307,58313,Male,Degree,0
5308,58315,Male,Diploma,0
5309,58316,Male,Grade 12,2
5310,58326,Male,Grade 12,0
5311,58327,Male,No records,0
5312,58337,Male,Degree,0
5313,58340,Female,Grade 12,1
5314,58372,Female,No records,0
5315,58376,Female,No records,0
5316,58377,Male,Diploma,0
5317,58394,Male,No records,0
5318,58401,Male,Diploma,0
5319,58407,Male,No records,0
5320,58414,Male,Diploma,0
5321,58435,Male,Degree,2
5322,58445,Female,No records,0
5323,58449,Female,Grade 12,0
5324,58464,Female,Diploma,0
5325,58465,Male,Diploma,0
5326,58468,Female,Degree,0
5327,58475,Female,Diploma,0
5328,58478,Female,Grade 12,0
5329,58488,Female,Grade 12,2
5330,58496,Female,Degree,0
5331,58503,Male,No records,0
5332,58515,Female,Diploma,2
5333,58526,Female,Diploma,0
5334,58531,Male,Postgrad,0
5335,58535,Female,Grade 12,1
5336,58538,Female,Diploma,0
5337,58550,Female,Diploma,0
5338,58555,Male,Diploma,2
5339,58560,Male,Grade 12,0
5340,58569,Male,Diploma,0
5341,58573,Female,Postgrad,0
5342,58577,Female,Grade 12,0
5343,58579,Female,Grade 12,0
5344,58580,Female,Grade 12,0
5345,58586,Male,Grade 12,0
5346,58594,Male,Diploma,1
5347,58603,Male,Grade 12,0
5348,58604,Male,Diploma,2
5349,58610,Female,Diploma,1
5350,58628,Male,Grade 12,1
5351,58636,Male,Grade 12,1
5352,58637,Female,No records,0
5353,58641,Female,Diploma,0
5354,58645,Female,Degree,1
5355,58653,Male,Grade 12,0
5356,58659,Male,Postgrad,0
5357,58666,Male,Diploma,2
5358,58669,Male,Grade 12,0
5359,58674,Male,Degree,0
5360,58681,Male,No records,0
5361,58682,Female,Degree,0
5362,58684,Female,Degree,3
5363,58685,Female,Diploma,2
5364,58689,Male,No records,0
5365,58698,Male,Grade 12,2
5366,58699,Female,Degree,0
5367,58702,Female,Grade 12,1
5368,58714,Female,Diploma,0
5369,58715,Male,Grade 12,0
5370,58774,Female,Diploma,0
5371,58777,Female,No records,1
5372,58781,Female,Degree,0
5373,58814,Female,Degree,0
5374,58826,Male,Grade 12,1
5375,58834,Male,Diploma,0
5376,58837,Male,Degree,0
5377,58843,Female,Grade 12,0
5378,58844,Female,Grade 12,0
5379,58849,Male,Diploma,2
5380,58863,Female,Grade 12,0
5381,58872,Female,Diploma,0
5382,58880,Female,Grade 12,0
5383,58892,Female,Diploma,0
5384,58918,Female,Degree,0
5385,58919,Female,Degree,0
5386,58923,Female,Diploma,0
5387,58930,Female,Postgrad,0
5388,58931,Male,No records,0
5389,58933,Male,Diploma,3
5390,58954,Male,Postgrad,0
5391,58961,Female,Grade 12,0
5392,58985,Female,Grade 12,2
5393,58988,Male,No records,0
5394,58997,Male,Degree,2
5395,59009,Female,Diploma,0
5396,59012,Male,No records,1
5397,59026,Male,Grade 12,0
5398,59029,Male,Diploma,0
5399,59040,Female,Grade 12,0
5400,59045,Female,Grade 12,0
5401,59056,Female,Grade 12,0
5402,59066,Male,Postgrad,2
5403,59075,Male,Degree,0
5404,59076,Male,Grade 12,2
5405,59083,Male,No records,1
5406,59087,Female,Grade 12,0
5407,59099,Male,Diploma,0
5408,59101,Female,Degree,1
5409,59104,Male,Degree,0
5410,59115,Male,Grade 12,0
5411,59118,Female,Diploma,0
5412,59121,Female,No records,2
5413,59130,Male,Degree,2
5414,59135,Male,Grade 12,0
5415,59156,Female,Diploma,0
5416,59165,Male,No records,1
5417,59177,Female,Diploma,2
5418,59193,Female,Postgrad,2
5419,59194,Male,Postgrad,0
5420,59213,Male,Diploma,2
5421,59216,Male,Grade 12,0
5422,59220,Female,No records,0
5423,59241,Female,No records,3
5424,59244,Male,No records,2
5425,59251,Male,Diploma,0
5426,59259,Male,Grade 12,0
5427,59274,Female,Diploma,2
5428,59275,Male,Grade 12,1
5429,59285,Female,No records,2
5430,59292,Male,Grade 12,0
5431,59297,Female,No records,1
5432,59299,Male,No records,1
5433,59301,Male,Diploma,0
5434,59317,Male,Grade 12,0
5435,59319,Female,Degree,0
5436,59320,Male,Diploma,1
5437,59334,Female,Grade 12,2
5438,59359,Male,No records,2
5439,59364,Male,No records,0
5440,59396,Male,Grade 12,2
5441,59403,Female,Grade 12,0
5442,59406,Male,Diploma,0
5443,59410,Male,Grade 12,0
5444,59412,Female,Diploma,4
5445,59419,Male,Diploma,0
5446,59422,Male,Grade 12,0
5447,59437,Male,No records,2
5448,59443,Male,Diploma,1
5449,59449,Male,Diploma,0
5450,59456,Female,Grade 12,0
5451,59488,Male,Grade 12,2
5452,59497,Male,Diploma,1
5453,59518,Male,Grade 12,0
5454,59522,Female,No records,0
5455,59536,Female,Diploma,1
5456,59552,Female,No records,0
5457,59575,Female,Degree,0
5458,59577,Male,Grade 12,0
5459,59615,Female,Grade 12,0
5460,59622,Male,Grade 12,1
5461,59633,Female,Degree,0
5462,59644,Female,Postgrad,1
5463,59649,Female,Grade 12,1
5464,59671,Female,Grade 12,0
5465,59686,Female,Grade 12,2
5466,59696,Female,Grade 12,0
5467,59702,Female,Diploma,0
5468,59736,Male,Diploma,0
5469,59743,Male,No records,0
5470,59746,Male,Diploma,2
5471,59754,Female,Diploma,0
5472,59760,Male,Grade 12,0
5473,59779,Male,Grade 12,1
5474,59791,Male,Grade 12,2
5475,59792,Male,No records,0
5476,59805,Female,Diploma,0
5477,59812,Female,Diploma,0
5478,59817,Male,Grade 12,3
5479,59824,Male,Diploma,0
5480,59837,Male,Grade 12,0
5481,59840,Female,No records,0
5482,59843,Female,No records,0
5483,59844,Female,Postgrad,2
5484,59846,Female,Degree,1
5485,59861,Female,No records,0
5486,59864,Female,Degree,0
5487,59866,Male,Diploma,0
5488,59885,Female,Degree,0
5489,59891,Male,Diploma,3
5490,59895,Female,Diploma,0
5491,59906,Male,Diploma,2
5492,59922,Male,Grade 12,0
5493,59929,Female,Grade 12,0
5494,59951,Female,Grade 12,0
5495,59957,Female,Diploma,2
5496,60000,Female,No records,0
5497,60019,Male,Grade 12,0
5498,60023,Male,Grade 12,0
5499,60040,Female,Diploma,1
5500,60050,Female,No records,1
5501,60059,Male,No records,0
5502,60065,Female,Diploma,0
5503,60071,Female,Diploma,3
5504,60076,Male,Postgrad,0
5505,60117,Female,Grade 12,2
5506,60127,Male,Diploma,1
5507,60131,Male,No records,1
5508,60143,Female,Grade 12,0
5509,60147,Male,No records,1
5510,60149,Male,No records,2
5511,60154,Male,No records,0
5512,60164,Male,Degree,0
5513,60179,Female,Degree,2
5514,60192,Female,Grade 12,4
5515,60196,Male,Grade 12,0
5516,60202,Male,Diploma,2
5517,60207,Female,Grade 12,2
5518,60237,Male,No records,3
5519,60251,Female,No records,1
5520,60265,Female,No records,0
5521,60272,Male,Degree,2
5522,60320,Male,Diploma,0
5523,60323,Male,No records,1
5524,60327,Female,Diploma,1
5525,60333,Female,Diploma,1
5526,60350,Male,Postgrad,0
5527,60356,Male,Degree,0
5528,60384,Male,Degree,0
5529,60392,Female,Grade 12,0
5530,60395,Female,Postgrad,2
5531,60414,Female,No records,0
5532,60416,Female,Grade 12,1
5533,60439,Female,No records,2
5534,60467,Female,Grade 12,1
5535,60468,Female,Grade 12,2
5536,60482,Female,Diploma,0
5537,60488,Female,No records,0
5538,60500,Female,No records,0
5539,60501,Female,Diploma,2
5540,60511,Female,Postgrad,0
5541,60522,Male,Degree,0
5542,60523,Female,No records,0
5543,60530,Female,No records,0
5544,60542,Male,Diploma,0
5545,60558,Female,No records,1
5546,60579,Male,No records,3
5547,60590,Female,Postgrad,3
5548,60595,Male,Diploma,2
5549,60604,Female,No records,0
5550,60612,Male,Diploma,0
5551,60616,Female,Diploma,0
5552,60620,Male,Grade 12,0
5553,60628,Female,Diploma,0
5554,60636,Male,Diploma,0
5555,60638,Male,No records,2
5556,60646,Male,Grade 12,0
5557,60647,Male,Diploma,1
5558,60653,Female,Grade 12,0
5559,60662,Female,Grade 12,2
5560,60675,Female,Diploma,1
5561,60680,Male,Degree,3
5562,60682,Female,No records,0
5563,60711,Female,No records,1
5564,60722,Female,Diploma,1
5565,60724,Male,No records,0
5566,60732,Female,Diploma,1
5567,60734,Female,Diploma,2
5568,60762,Male,Diploma,1
5569,60766,Male,Grade 12,1
5570,60769,Male,Degree,0
5571,60770,Male,Grade 12,0
5572,60790,Female,No records,1
5573,60813,Male,Grade 12,0
5574,60820,Female,Diploma,0
5575,60837,Female,Degree,0
5576,60867,Male,Grade 12,0
5577,60868,Female,No records,0
5578,60872,Female,Diploma,2
5579,60874,Female,Postgrad,0
5580,60904,Male,Grade 12,1
5581,60909,Female,Diploma,1
5582,60918,Female,Degree,2
5583,60929,Male,Grade 12,3
5584,60938,Female,No records,0
5585,60951,Female,No records,0
5586,60956,Female,Degree,0
5587,60957,Male,No records,0
5588,60961,Female,Degree,0
5589,60962,Female,Diploma,0
5590,60968,Female,No records,0
5591,60971,Male,Diploma,2
5592,60972,Male,Grade 12,0
5593,61023,Male,Grade 12,2
5594,61039,Male,Diploma,2
5595,61049,Male,Grade 12,0
5596,61070,Male,Grade 12,1
5597,61083,Male,Grade 12,0
5598,61102,Female,Diploma,0
5599,61149,Male,Grade 12,1
5600,61167,Male,Degree,2
5601,61171,Female,Grade 12,1
5602,61174,Male,Diploma,0
5603,61175,Female,Grade 12,0
5604,61176,Female,Diploma,0
5605,61178,Male,No records,4
5606,61181,Female,Grade 12,0
5607,61184,Female,Grade 12,1
5608,61203,Male,Degree,0
5609,61207,Male,Degree,0
5610,61215,Male,No records,0
5611,61221,Male,Diploma,2
5612,61232,Male,Grade 12,0
5613,61252,Female,Grade 12,0
5614,61264,Female,No records,0
5615,61267,Male,Grade 12,1
5616,61280,Female,Degree,0
5617,61283,Male,Degree,2
5618,61307,Male,Diploma,0
5619,61331,Male,No records,1
5620,61332,Male,Diploma,0
5621,61338,Male,No records,0
5622,61346,Male,Diploma,2
5623,61350,Female,Grade 12,0
5624,61352,Male,Degree,0
5625,61357,Male,Diploma,0
5626,61358,Female,Diploma,0
5627,61359,Female,Postgrad,0
5628,61377,Male,Postgrad,0
5629,61401,Female,Diploma,2
5630,61402,Female,Grade 12,0
5631,61407,Male,Grade 12,1
5632,61411,Female,Diploma,0
5633,61425,Male,Diploma,1
5634,61428,Female,Degree,0
5635,61430,Male,Diploma,0
5636,61446,Male,Diploma,0
5637,61448,Male,Grade 12,0
5638,61454,Male,Postgrad,2
5639,61455,Male,Diploma,3
5640,61469,Female,Diploma,0
5641,61501,Male,Diploma,0
5642,61506,Female,Grade 12,0
5643,61511,Male,Postgrad,0
5644,61526,Female,Grade 12,0
5645,61527,Male,Grade 12,0
5646,61533,Female,Diploma,0
5647,61539,Male,No records,1
5648,61540,Male,Diploma,0
5649,61554,Male,Grade 12,0
5650,61556,Female,Diploma,0
5651,61563,Male,Grade 12,1
5652,61577,Male,Degree,0
5653,61580,Male,Grade 12,0
5654,61584,Male,Grade 12,2
5655,61585,Female,Grade 12,0
5656,61587,Female,Grade 12,2
5657,61606,Female,No records,3
5658,61624,Male,Diploma,0
5659,61647,Female,Grade 12,1
5660,61653,Male,Grade 12,0
5661,61659,Female,Diploma,0
5662,61675,Female,Diploma,0
5663,61710,Male,Diploma,2
5664,61722,Female,No records,1
5665,61729,Female,Grade 12,0
5666,61742,Female,Grade 12,2
5667,61750,Male,Grade 12,0
5668,61759,Female,Grade 12,0
5669,61760,Male,Grade 12,0
5670,61777,Female,Diploma,0
5671,61783,Female,Diploma,0
5672,61787,Male,Grade 12,0
5673,61798,Male,Grade 12,2
5674,61800,Female,No records,0
5675,61816,Male,Degree,0
5676,61823,Female,Grade 12,1
5677,61831,Female,Grade 12,0
5678,61832,Female,Diploma,0
5679,61841,Male,Diploma,0
5680,61853,Male,No records,0
5681,61858,Female,Degree,0
5682,61873,Female,Grade 12,0
5683,61881,Male,No records,1
5684,61887,Male,Degree,0
5685,61888,Male,No records,2
5686,61894,Female,No records,0
5687,61903,Male,Degree,2
5688,61920,Male,Postgrad,0
5689,61933,Female,Grade 12,3
5690,61945,Female,Diploma,0
5691,61949,Male,Grade 12,0
5692,61953,Female,Grade 12,2
5693,61957,Female,Diploma,0
5694,61958,Female,Degree,0
5695,61961,Male,Grade 12,0
5696,61980,Female,Diploma,0
5697,61994,Male,Degree,0
5698,61998,Male,Degree,1
5699,62008,Female,Diploma,1
5700,62012,Female,Grade 12,0
5701,62024,Female,Postgrad,2
5702,62026,Female,Postgrad,0
5703,62032,Male,No records,0
5704,62033,Female,Degree,0
5705,62052,Male,Grade 12,0
5706,62063,Female,Diploma,0
5707,62093,Male,Degree,0
5708,62095,Male,Degree,0
5709,62121,Female,Diploma,0
5710,62123,Male,Diploma,0
5711,62128,Female,Grade 12,3
5712,62139,Male,Postgrad,3
5713,62144,Female,Diploma,2
5714,62159,Male,Grade 12,0
5715,62179,Female,Diploma,3
5716,62198,Male,Diploma,0
5717,62203,Male,Diploma,0
5718,62213,Female,Grade 12,0
5719,62215,Male,Postgrad,2
5720,62224,Male,Diploma,2
5721,62233,Female,Diploma,0
5722,62244,Female,Grade 12,0
5723,62249,Male,Diploma,0
5724,62256,Male,Postgrad,1
5725,62266,Male,Grade 12,1
5726,62273,Female,Diploma,1
5727,62291,Female,Grade 12,2
5728,62298,Female,Grade 12,2
5729,62305,Female,Grade 12,0
5730,62318,Male,Degree,1
5731,62325,Female,Diploma,4
5732,62332,Male,Grade 12,0
5733,62335,Female,Grade 12,1
5734,62336,Female,Degree,0
5735,62337,Male,No records,0
5736,62340,Male,Grade 12,1
5737,62344,Male,Diploma,1
5738,62352,Male,Diploma,0
5739,62353,Male,Diploma,0
5740,62371,Female,Grade 12,0
5741,62401,Female,Grade 12,2
5742,62407,Male,No records,1
5743,62427,Male,Grade 12,0
5744,62431,Male,Degree,0
5745,62435,Male,Diploma,0
5746,62437,Male,No records,0
5747,62438,Male,Grade 12,1
5748,62447,Female,Grade 12,3
5749,62449,Male,Degree,0
5750,62453,Female,No records,0
5751,62457,Female,No records,2
5752,62467,Male,Diploma,0
5753,62472,Female,Grade 12,2
5754,62480,Male,Diploma,3
5755,62483,Male,Grade 12,0
5756,62485,Female,Grade 12,2
5757,62486,Female,Grade 12,1
5758,62488,Female,Postgrad,0
5759,62496,Male,Diploma,0
5760,62509,Male,Grade 12,0
5761,62532,Female,Grade 12,1
5762,62539,Female,No records,0
5763,62542,Male,Postgrad,0
5764,62548,Female,Postgrad,0
5765,62550,Female,Diploma,0
5766,62556,Male,Grade 12,0
5767,62593,Female,Diploma,1
5768,62594,Male,Grade 12,0
5769,62597,Female,Postgrad,1
5770,62604,Male,Grade 12,0
5771,62609,Female,Grade 12,0
5772,62622,Male,Diploma,0
5773,62638,Female,Diploma,2
5774,62667,Female,Degree,0
5775,62673,Female,Postgrad,0
5776,62675,Male,No records,0
5777,62711,Male,Grade 12,0
5778,62715,Female,Diploma,0
5779,62728,Female,Degree,2
5780,62733,Female,Grade 12,0
5781,62741,Male,Postgrad,0
5782,62781,Male,Grade 12,0
5783,62791,Female,Degree,0
5784,62820,Male,Diploma,0
5785,62846,Female,No records,0
5786,62855,Female,Diploma,0
5787,62861,Female,Degree,0
5788,62869,Female,Diploma,0
5789,62871,Male,Grade 12,0
5790,62879,Female,Grade 12,1
5791,62894,Male,Grade 12,0
5792,62899,Male,Diploma,2
5793,62901,Female,No records,0
5794,62910,Male,Diploma,0
5795,62929,Male,Grade 12,1
5796,62942,Male,Grade 12,1
5797,62946,Female,No records,3
5798,62947,Male,Grade 12,0
5799,62951,Male,Grade 12,1
5800,62954,Male,Diploma,0
5801,62967,Male,Degree,0
5802,62974,Male,Grade 12,1
5803,62976,Female,Diploma,0
5804,62977,Male,Grade 12,0
5805,62979,Male,No records,0
5806,62980,Female,Diploma,1
5807,62982,Female,Degree,1
5808,62983,Female,No records,0
5809,63000,Male,Diploma,0
5810,63020,Male,Degree,1
5811,63029,Female,Diploma,0
5812,63043,Female,Grade 12,3
5813,63045,Male,Grade 12,0
5814,63046,Female,Diploma,0
5815,63047,Female,Grade 12,0
5816,63078,Male,Degree,0
5817,63085,Female,No records,1
5818,63091,Female,Grade 12,2
5819,63092,Male,No records,0
5820,63110,Female,Degree,0
5821,63111,Male,Degree,0
5822,63112,Male,Postgrad,1
5823,63121,Female,Grade 12,0
5824,63128,Female,Grade 12,0
5825,63132,Female,Postgrad,2
5826,63154,Male,Diploma,0
5827,63175,Female,Diploma,2
5828,63176,Male,Grade 12,0
5829,63179,Male,Diploma,0
5830,63187,Female,Grade 12,0
5831,63191,Male,Diploma,1
5832,63202,Male,Degree,3
5833,63255,Female,Diploma,1
5834,63276,Female,Grade 12,0
5835,63282,Female,Grade 12,0
5836,63284,Female,Diploma,0
5837,63290,Male,Grade 12,0
5838,63306,Male,Grade 12,1
5839,63313,Female,Diploma,2
5840,63315,Male,Diploma,1
5841,63317,Female,Diploma,2
5842,63321,Male,Grade 12,0
5843,63322,Female,Diploma,0
5844,63349,Male,Diploma,0
5845,63351,Male,Diploma,0
5846,63355,Male,Diploma,2
5847,63362,Female,No records,1
5848,63364,Male,No records,1
5849,63365,Male,Grade 12,0
5850,63377,Female,Diploma,2
5851,63379,Female,Degree,0
5852,63386,Male,Degree,0
5853,63388,Female,Grade 12,1
5854,63422,Male,Grade 12,3
5855,63426,Female,No records,0
5856,63432,Male,Diploma,2
5857,63437,Female,No records,0
5858,63453,Female,Grade 12,0
5859,63461,Female,No records,0
5860,63462,Female,No records,0
5861,63470,Female,Grade 12,0
5862,63477,Female,Diploma,0
5863,63499,Male,Grade 12,1
5864,63500,Female,No records,2
5865,63522,Male,Postgrad,0
5866,63524,Male,Grade 12,1
5867,63526,Male,No records,2
5868,63550,Male,Grade 12,0
5869,63556,Male,Grade 12,0
5870,63565,Male,Grade 12,0
5871,63574,Female,No records,0
5872,63577,Female,Diploma,3
5873,63578,Male,Grade 12,2
5874,63580,Female,Grade 12,2
5875,63581,Male,Diploma,0
5876,63593,Male,Diploma,1
5877,63601,Female,Grade 12,0
5878,63621,Female,Degree,3
5879,63624,Male,Grade 12,2
5880,63631,Female,Postgrad,0
5881,63632,Male,Grade 12,0
5882,63635,Male,Grade 12,0
5883,63652,Female,Grade 12,1
5884,63659,Female,Grade 12,0
5885,63660,Female,Postgrad,0
5886,63663,Female,Degree,0
5887,63678,Female,No records,1
5888,63685,Female,Diploma,0
5889,63688,Male,Grade 12,0
5890,63699,Male,Grade 12,0
5891,63710,Male,Grade 12,0
5892,63728,Male,No records,0
5893,63735,Female,Diploma,2
5894,63757,Female,Grade 12,0
5895,63762,Female,Grade 12,0
5896,63767,Male,Diploma,1
5897,63773,Female,Grade 12,1
5898,63776,Female,No records,0
5899,63783,Female,Degree,0
5900,63805,Female,No records,0
5901,63818,Female,Degree,2
5902,63825,Male,No records,0
5903,63840,Male,Diploma,2
5904,63846,Male,No records,2
5905,63852,Male,No records,3
5906,63856,Male,No records,0
5907,63857,Male,Diploma,0
5908,63858,Female,Degree,2
5909,63859,Female,Degree,1
5910,63863,Female,Diploma,0
5911,63867,Female,Diploma,0
5912,63869,Male,Grade 12,0
5913,63878,Female,Grade 12,2
5914,63900,Male,No records,1
5915,63902,Female,Grade 12,1
5916,63918,Female,No records,2
5917,63921,Female,Diploma,0
5918,63927,Male,Degree,0
5919,63929,Male,Grade 12,2
5920,63932,Male,Grade 12,1
5921,63937,Female,No records,1
5922,63944,Male,No records,0
5923,63945,Male,Grade 12,0
5924,63992,Male,Grade 12,0
5925,63993,Female,No records,2
5926,64005,Male,No records,0
5927,64032,Female,No records,0
5928,64034,Male,Degree,0
5929,64059,Male,Grade 12,0
5930,64066,Female,Degree,0
5931,64084,Female,Grade 12,0
5932,64101,Female,Grade 12,0
5933,64134,Male,Grade 12,1
5934,64140,Female,Grade 12,0
5935,64145,Male,Degree,2
5936,64160,Female,Grade 12,1
5937,64164,Female,Diploma,0
5938,64171,Male,No records,0
5939,64182,Male,Diploma,0
5940,64221,Female,Grade 12,0
5941,64228,Male,Diploma,0
5942,64231,Male,Diploma,0
5943,64235,Female,No records,0
5944,64236,Female,Degree,0
5945,64242,Female,Degree,1
5946,64243,Male,No records,0
5947,64254,Male,Degree,0
5948,64258,Male,Degree,0
5949,64264,Male,No records,1
5950,64290,Female,Diploma,1
5951,64291,Female,Diploma,1
5952,64299,Male,No records,0
5953,64324,Male,Degree,1
5954,64331,Female,Grade 12,0
5955,64336,Male,Diploma,2
5956,64343,Male,No records,1
5957,64344,Male,Grade 12,1
5958,64375,Male,Grade 12,0
5959,64418,Female,No records,0
5960,64421,Female,Grade 12,0
5961,64424,Female,No records,0
5962,64433,Female,No records,0
5963,64440,Female,Grade 12,0
5964,64443,Male,Grade 12,0
5965,64453,Female,Degree,0
5966,64456,Female,No records,2
5967,64463,Male,Diploma,0
5968,64464,Female,Grade 12,0
5969,64473,Male,Diploma,0
5970,64478,Male,Diploma,0
5971,64494,Female,No records,0
5972,64496,Female,Grade 12,2
5973,64502,Male,Degree,2
5974,64504,Male,No records,2
5975,64523,Male,Degree,3
5976,64528,Female,Grade 12,2
5977,64529,Male,No records,0
5978,64531,Female,No records,1
5979,64554,Female,No records,2
5980,64557,Male,Diploma,0
5981,64566,Male,Diploma,3
5982,64576,Male,Degree,1
5983,64606,Male,Diploma,0
5984,64620,Male,Postgrad,0
5985,64638,Female,Degree,2
5986,64651,Male,Grade 12,0
5987,64652,Male,Degree,0
5988,64666,Female,Diploma,0
5989,64673,Male,No records,1
5990,64690,Female,Grade 12,0
5991,64703,Male,No records,1
5992,64710,Male,Grade 12,0
5993,64729,Male,No records,0
5994,64741,Male,Grade 12,0
5995,64749,Male,No records,0
5996,64752,Male,No records,0
5997,64761,Female,Grade 12,2
5998,64765,Female,Diploma,2
5999,64766,Female,Postgrad,0
6000,64775,Male,No records,0
6001,64781,Female,Diploma,0
6002,64786,Female,Postgrad,0
6003,64803,Female,Diploma,3
6004,64806,Female,Grade 12,1
6005,64807,Female,No records,1
6006,64825,Male,No records,0
6007,64852,Female,Diploma,4
6008,64880,Female,Diploma,0
6009,64881,Female,No records,0
6010,64882,Male,Diploma,2
6011,64888,Male,Diploma,0
6012,64920,Female,Grade 12,0
6013,64924,Male,No records,0
6014,64928,Male,Diploma,0
6015,64937,Female,No records,2
6016,64946,Male,Degree,0
6017,64953,Male,No records,0
6018,64964,Male,Grade 12,1
6019,64972,Female,Grade 12,0
6020,64978,Male,Diploma,2
6021,64981,Female,Grade 12,0
6022,64983,Male,No records,2
6023,64989,Male,Postgrad,0
6024,64994,Female,No records,1
6025,65012,Male,Grade 12,0
6026,65014,Male,Postgrad,1
6027,65017,Male,Grade 12,0
6028,65023,Male,Diploma,1
6029,65031,Male,Degree,2
6030,65051,Male,Diploma,2
6031,65052,Female,Diploma,0
6032,65057,Female,Grade 12,0
6033,65064,Female,Degree,1
6034,65065,Female,Degree,1
6035,65072,Female,Diploma,2
6036,65096,Male,No records,0
6037,65105,Female,Grade 12,0
6038,65107,Male,Degree,1
6039,65116,Male,No records,0
6040,65129,Female,Grade 12,2
6041,65131,Male,Diploma,2
6042,65157,Male,Degree,0
6043,65170,Male,Grade 12,2
6044,65191,Male,Grade 12,0
6045,65193,Male,Grade 12,1
6046,65196,Male,Degree,0
6047,65203,Female,Diploma,0
6048,65210,Male,Diploma,0
6049,65238,Female,Grade 12,0
6050,65255,Male,No records,0
6051,65256,Male,No records,0
6052,65263,Male,Diploma,0
6053,65269,Male,Diploma,0
6054,65278,Male,Grade 12,0
6055,65285,Female,Grade 12,0
6056,65292,Female,Diploma,0
6057,65300,Male,Grade 12,0
6058,65309,Male,Grade 12,2
6059,65320,Female,Grade 12,0
6060,65321,Female,Grade 12,2
6061,65323,Female,No records,0
6062,65345,Male,Diploma,0
6063,65347,Male,Grade 12,0
6064,65366,Female,Grade 12,1
6065,65371,Male,No records,1
6066,65376,Female,Diploma,0
6067,65389,Female,Degree,0
6068,65391,Male,Diploma,1
6069,65402,Female,No records,2
6070,65415,Female,No records,0
6071,65418,Male,No records,0
6072,65422,Female,Grade 12,1
6073,65440,Male,Grade 12,0
6074,65450,Female,No records,1
6075,65455,Male,Diploma,3
6076,65475,Female,Diploma,3
6077,65496,Female,Degree,0
6078,65498,Male,Diploma,1
6079,65509,Male,Degree,0
6080,65515,Male,Degree,4
6081,65526,Female,Diploma,0
6082,65536,Male,Diploma,2
6083,65554,Female,No records,0
6084,65558,Female,Grade 12,3
6085,65561,Female,Grade 12,0
6086,65562,Female,Grade 12,1
6087,65570,Female,Diploma,1
6088,65572,Female,No records,0
6089,65579,Female,Grade 12,0
6090,65581,Male,Grade 12,1
6091,65582,Male,Degree,0
6092,65587,Female,Postgrad,2
6093,65591,Male,Grade 12,0
6094,65593,Male,No records,1
6095,65600,Male,Grade 12,1
6096,65603,Female,Grade 12,1
6097,65628,Female,Grade 12,1
6098,65646,Male,Grade 12,0
6099,65647,Female,Diploma,0
6100,65658,Male,Grade 12,0
6101,65672,Female,Diploma,0
6102,65673,Female,Grade 12,1
6103,65684,Female,Grade 12,0
6104,65703,Female,Grade 12,0
6105,65728,Male,Grade 12,1
6106,65782,Male,No records,1
6107,65786,Male,Grade 12,1
6108,65788,Female,No records,2
6109,65795,Female,No records,0
6110,65796,Female,No records,1
6111,65797,Female,Diploma,0
6112,65813,Female,Degree,0
6113,65814,Female,No records,0
6114,65820,Male,Diploma,1
6115,65822,Female,Grade 12,1
6116,65825,Male,Degree,0
6117,65862,Female,Degree,0
6118,65870,Female,Grade 12,2
6119,65889,Female,Diploma,0
6120,65890,Female,Grade 12,0
6121,65896,Male,Diploma,0
6122,65902,Male,Grade 12,3
6123,65905,Male,Diploma,0
6124,65909,Female,Diploma,0
6125,65920,Female,Diploma,1
6126,65923,Male,Grade 12,0
6127,65924,Male,Grade 12,2
6128,65927,Male,No records,1
6129,65937,Male,Grade 12,0
6130,65947,Female,Diploma,3
6131,65949,Female,Diploma,0
6132,65958,Male,Degree,0
6133,65972,Male,Grade 12,0
6134,65986,Female,Grade 12,1
6135,66005,Male,No records,1
6136,66006,Female,Grade 12,0
6137,66020,Male,Grade 12,2
6138,66029,Male,Grade 12,2
6139,66050,Female,Grade 12,0
6140,66057,Female,Grade 12,0
6141,66061,Female,Degree,0
6142,66062,Female,Grade 12,1
6143,66064,Female,No records,0
6144,66084,Male,No records,2
6145,66093,Female,Diploma,2
6146,66107,Female,No records,2
6147,66108,Female,Degree,1
6148,66130,Female,Degree,2
6149,66133,Female,No records,0
6150,66147,Female,No records,0
6151,66151,Female,No records,4
6152,66177,Male,No records,0
6153,66178,Female,Degree,0
6154,66204,Female,Degree,2
6155,66210,Male,Grade 12,0
6156,66217,Female,Grade 12,0
6157,66218,Female,Grade 12,0
6158,66221,Female,Diploma,2
6159,66226,Female,Postgrad,2
6160,66240,Female,No records,0
6161,66242,Female,Postgrad,0
6162,66253,Female,Postgrad,0
6163,66268,Female,Grade 12,0
6164,66270,Female,No records,0
6165,66274,Female,No records,0
6166,66280,Female,Grade 12,0
6167,66292,Female,Degree,0
6168,66293,Female,No records,1
6169,66304,Female,Diploma,0
6170,66312,Male,Grade 12,2
6171,66314,Female,Degree,1
6172,66317,Male,Grade 12,1
6173,66342,Male,Grade 12,0
6174,66346,Female,Degree,1
6175,66360,Male,Grade 12,1
6176,66365,Male,Grade 12,0
6177,66381,Female,No records,2
6178,66383,Male,Grade 12,3
6179,66388,Male,Diploma,0
6180,66392,Male,Grade 12,0
6181,66395,Male,Grade 12,0
6182,66399,Female,Grade 12,2
6183,66408,Male,Diploma,0
6184,66410,Female,No records,2
6185,66416,Female,Grade 12,1
6186,66420,Male,Diploma,2
6187,66429,Male,Degree,0
6188,66435,Male,Postgrad,0
6189,66443,Male,Grade 12,1
6190,66445,Female,Degree,0
6191,66453,Female,No records,2
6192,66469,Female,Grade 12,0
6193,66471,Female,Diploma,0
6194,66476,Female,No records,2
6195,66480,Female,Degree,2
6196,66503,Female,Grade 12,0
6197,66511,Male,Diploma,2
6198,66512,Male,No records,1
6199,66545,Male,Postgrad,0
6200,66558,Female,Grade 12,0
6201,66561,Male,Degree,1
6202,66570,Female,Grade 12,0
6203,66586,Male,Degree,0
6204,66595,Female,Diploma,0
6205,66601,Male,No records,0
6206,66603,Male,No records,0
6207,66607,Female,No records,1
6208,66612,Male,Grade 12,2
6209,66613,Male,Grade 12,1
6210,66617,Female,Grade 12,0
6211,66627,Female,Diploma,0
6212,66628,Male,Grade 12,3
6213,66629,Female,Grade 12,0
6214,66630,Male,No records,2
6215,66638,Male,No records,0
6216,66640,Female,Grade 12,0
6217,66660,Female,No records,0
6218,66673,Male,Degree,0
6219,66680,Male,Diploma,0
6220,66683,Female,Degree,0
6221,66697,Female,No records,1
6222,66710,Female,Grade 12,0
6223,66726,Female,Degree,2
6224,66737,Female,No records,1
6225,66751,Male,Diploma,0
6226,66762,Female,Degree,0
6227,66764,Female,Grade 12,0
6228,66766,Female,No records,0
6229,66773,Male,Degree,0
6230,66788,Female,Grade 12,2
6231,66790,Male,Degree,1
6232,66808,Female,Grade 12,0
6233,66811,Female,Grade 12,0
6234,66819,Female,Diploma,0
6235,66825,Male,Diploma,1
6236,66836,Female,Grade 12,0
6237,66837,Male,Degree,2
6238,66843,Male,Degree,0
6239,66844,Female,Grade 12,1
6240,66846,Male,Grade 12,0
6241,66849,Male,Grade 12,0
6242,66860,Male,No records,0
6243,66863,Female,Diploma,4
6244,66866,Male,Degree,2
6245,66889,Male,Degree,0
6246,66893,Male,No records,0
6247,66898,Female,Grade 12,1
6248,66909,Female,Grade 12,1
6249,66920,Male,Diploma,0
6250,66935,Female,Grade 12,0
6251,66936,Female,Grade 12,0
6252,66938,Male,Grade 12,3
6253,66957,Female,Grade 12,2
6254,66960,Female,Degree,0
6255,66961,Female,No records,0
6256,66966,Female,Degree,1
6257,66968,Male,Diploma,1
6258,66970,Male,Postgrad,0
6259,66975,Female,Degree,0
6260,66980,Male,Grade 12,0
6261,66987,Male,Grade 12,2
6262,66999,Male,Grade 12,0
6263,67009,Male,Degree,0
6264,67013,Male,Diploma,0
6265,67015,Male,Grade 12,0
6266,67024,Male,Degree,2
6267,67031,Male,Grade 12,3
6268,67034,Male,Grade 12,0
6269,67038,Female,Grade 12,0
6270,67042,Male,Grade 12,0
6271,67045,Male,No records,2
6272,67049,Female,Postgrad,1
6273,67055,Male,Postgrad,0
6274,67072,Female,No records,1
6275,67084,Male,Grade 12,0
6276,67092,Male,Grade 12,0
6277,67117,Female,No records,0
6278,67119,Male,Degree,0
6279,67122,Male,No records,2
6280,67126,Male,No records,2
6281,67127,Male,Diploma,0
6282,67136,Female,Grade 12,0
6283,67144,Male,Grade 12,0
6284,67164,Female,Diploma,1
6285,67165,Female,Grade 12,3
6286,67169,Female,No records,2
6287,67176,Male,No records,2
6288,67178,Female,No records,1
6289,67187,Male,Diploma,0
6290,67204,Male,No records,0
6291,67216,Female,Degree,0
6292,67238,Male,Degree,1
6293,67251,Female,Grade 12,3
6294,67253,Male,No records,2
6295,67267,Female,Diploma,0
6296,67270,Female,Grade 12,1
6297,67300,Male,Degree,2
6298,67307,Female,Diploma,0
6299,67308,Male,Grade 12,0
6300,67316,Female,Grade 12,1
6301,67325,Female,Grade 12,0
6302,67327,Female,Diploma,0
6303,67329,Male,Diploma,0
6304,67337,Female,Grade 12,0
6305,67339,Female,No records,1
6306,67352,Male,Grade 12,0
6307,67353,Male,Diploma,0
6308,67354,Male,Grade 12,3
6309,67359,Male,Degree,2
6310,67365,Male,Postgrad,2
6311,67383,Male,No records,0
6312,67390,Female,Grade 12,2
6313,67394,Female,Postgrad,0
6314,67396,Female,Grade 12,0
6315,67407,Female,Grade 12,2
6316,67409,Male,Diploma,1
6317,67414,Female,No records,0
6318,67421,Male,Diploma,0
6319,67430,Female,Grade 12,2
6320,67435,Male,Postgrad,2
6321,67447,Female,Diploma,3
6322,67449,Male,Diploma,1
6323,67450,Female,Grade 12,0
6324,67453,Male,Diploma,1
6325,67454,Female,Grade 12,0
6326,67457,Female,Grade 12,0
6327,67462,Male,Degree,0
6328,67470,Female,Degree,2
6329,67474,Male,Degree,0
6330,67475,Female,Diploma,3
6331,67476,Male,Grade 12,0
6332,67496,Female,No records,0
6333,67500,Male,Diploma,0
6334,67508,Female,Diploma,1
6335,67515,Female,Grade 12,0
6336,67529,Male,Grade 12,1
6337,67531,Male,Diploma,2
6338,67539,Female,Grade 12,0
6339,67542,Female,Diploma,0
6340,67556,Male,Diploma,2
6341,67592,Male,Postgrad,2
6342,67598,Female,Degree,2
6343,67632,Female,No records,2
6344,67635,Female,No records,2
6345,67642,Female,Degree,0
6346,67648,Male,Diploma,1
6347,67651,Female,No records,1
6348,67665,Female,Grade 12,3
6349,67669,Female,No records,1
6350,67679,Female,Degree,1
6351,67680,Female,No records,1
6352,67705,Female,Degree,0
6353,67707,Female,Grade 12,1
6354,67708,Male,Diploma,0
6355,67714,Female,Degree,2
6356,67718,Male,No records,1
6357,67730,Female,No records,0
6358,67739,Female,Diploma,2
6359,67741,Male,No records,1
6360,67747,Male,Diploma,0
6361,67753,Female,Diploma,1
6362,67759,Male,No records,1
6363,67764,Female,Diploma,0
6364,67774,Female,No records,0
6365,67779,Female,Grade 12,1
6366,67793,Female,Grade 12,1
6367,67816,Female,Grade 12,0
6368,67823,Female,No records,0
6369,67837,Male,Grade 12,1
6370,67838,Female,Grade 12,0
6371,67853,Female,Diploma,0
6372,67870,Male,Diploma,0
6373,67872,Male,Grade 12,0
6374,67876,Female,Grade 12,0
6375,67886,Male,Grade 12,1
6376,67895,Male,Diploma,0
6377,67899,Male,No records,0
6378,67902,Female,Degree,0
6379,67910,Female,No records,1
6380,67917,Male,Diploma,0
6381,67919,Female,Diploma,1
6382,67920,Female,No records,3
6383,67922,Female,Degree,3
6384,67934,Female,Diploma,0
6385,67938,Female,No records,0
6386,67947,Male,No records,0
6387,67949,Female,Diploma,1
6388,67951,Male,Grade 12,0
6389,67957,Female,Diploma,3
6390,67968,Male,No records,1
6391,67973,Female,Grade 12,0
6392,67979,Male,Grade 12,1
6393,67984,Female,Diploma,1
6394,67986,Male,Grade 12,1
6395,68007,Male,Grade 12,0
6396,68013,Female,No records,0
6397,68017,Male,Grade 12,4
6398,68023,Male,No records,2
6399,68028,Female,Postgrad,0
6400,68036,Male,Grade 12,0
6401,68044,Female,Diploma,0
6402,68054,Female,Grade 12,0
6403,68061,Male,Diploma,1
6404,68084,Male,Grade 12,0
6405,68100,Male,Degree,0
6406,68101,Female,Grade 12,0
6407,68114,Female,Grade 12,1
6408,68124,Male,Degree,0
6409,68135,Male,Grade 12,0
6410,68147,Male,No records,1
6411,68155,Female,No records,1
6412,68165,Female,Diploma,0
6413,68180,Male,No records,1
6414,68186,Male,Grade 12,0
6415,68202,Male,Grade 12,1
6416,68212,Female,Degree,3
6417,68215,Female,Grade 12,2
6418,68231,Male,Diploma,2
6419,68251,Male,Diploma,0
6420,68277,Male,Grade 12,0
6421,68284,Female,Grade 12,0
6422,68285,Female,Grade 12,0
6423,68289,Male,Degree,1
6424,68290,Female,Diploma,0
6425,68302,Male,No records,0
6426,68306,Female,Diploma,0
6427,68307,Female,Grade 12,0
6428,68310,Female,Diploma,0
6429,68325,Female,Diploma,0
6430,68340,Male,No records,1
6431,68343,Male,Diploma,3
6432,68349,Male,Degree,0
6433,68354,Female,Diploma,0
6434,68356,Female,Diploma,2
6435,68367,Male,Degree,0
6436,68378,Male,Grade 12,2
6437,68379,Male,Degree,0
6438,68382,Male,Grade 12,0
6439,68391,Male,Degree,0
6440,68394,Female,No records,2
6441,68402,Female,Diploma,0
6442,68404,Female,Grade 12,0
6443,68428,Male,Grade 12,0
6444,68479,Male,No records,0
6445,68490,Female,No records,2
6446,68498,Female,Grade 12,2
6447,68510,Male,No records,0
6448,68531,Male,Diploma,0
6449,68546,Male,No records,1
6450,68550,Male,Grade 12,2
6451,68567,Female,Diploma,3
6452,68569,Female,No records,0
6453,68574,Male,Grade 12,0
6454,68579,Female,Diploma,2
6455,68587,Female,Grade 12,2
6456,68600,Male,Postgrad,0
6457,68610,Female,Grade 12,0
6458,68611,Female,Grade 12,1
6459,68652,Male,Degree,0
6460,68663,Male,Grade 12,0
6461,68671,Male,Grade 12,0
6462,68693,Female,Postgrad,2
6463,68710,Female,Degree,1
6464,68713,Female,Postgrad,0
6465,68730,Male,Diploma,0
6466,68733,Male,Degree,1
6467,68749,Male,Grade 12,2
6468,68752,Female,No records,0
6469,68760,Female,Grade 12,2
6470,68785,Male,No records,0
6471,68786,Male,Diploma,1
6472,68788,Female,Degree,0
6473,68799,Female,No records,2
6474,68800,Male,Degree,0
6475,68801,Male,No records,1
6476,68819,Female,Grade 12,0
6477,68836,Male,Grade 12,2
6478,68842,Male,Grade 12,0
6479,68875,Male,Diploma,2
6480,68876,Male,Degree,0
6481,68878,Male,Grade 12,0
6482,68880,Female,Grade 12,4
6483,68884,Female,Grade 12,2
6484,68901,Female,No records,0
6485,68928,Female,Grade 12,0
6486,68929,Female,Grade 12,0
6487,68931,Male,No records,3
6488,68938,Male,Postgrad,0
6489,68942,Male,Postgrad,0
6490,68949,Male,Degree,0
6491,68951,Male,Degree,0
6492,68958,Male,No records,0
6493,68976,Male,Postgrad,2
6494,68979,Male,Diploma,1
6495,68982,Male,Degree,0
6496,68998,Female,Grade 12,1
6497,69013,Female,Postgrad,1
6498,69017,Male,Grade 12,0
6499,69020,Female,Diploma,1
6500,69026,Male,Diploma,1
6501,69035,Male,No records,0
6502,69073,Female,Diploma,0
6503,69078,Male,No records,0
6504,69094,Male,No records,0
6505,69103,Female,No records,0
6506,69117,Female,Grade 12,3
6507,69149,Male,Grade 12,0
6508,69165,Female,No records,1
6509,69183,Male,Grade 12,2
6510,69195,Male,No records,0
6511,69209,Female,No records,1
6512,69216,Male,Degree,1
6513,69228,Male,Grade 12,0
6514,69239,Male,Degree,0
6515,69243,Female,Grade 12,1
6516,69245,Female,Degree,0
6517,69250,Male,Diploma,0
6518,69251,Female,Degree,0
6519,69253,Female,Diploma,0
6520,69255,Male,Grade 12,2
6521,69268,Male,Grade 12,2
6522,69282,Female,Grade 12,0
6523,69310,Male,Grade 12,4
6524,69311,Female,Grade 12,0
6525,69315,Female,Grade 12,0
6526,69356,Female,Degree,0
6527,69366,Male,No records,0
6528,69371,Female,Grade 12,0
6529,69380,Male,Grade 12,2
6530,69404,Female,No records,2
6531,69410,Female,No records,0
6532,69445,Female,Diploma,0
6533,69449,Male,Postgrad,1
6534,69470,Male,No records,0
6535,69475,Female,Grade 12,3
6536,69488,Female,No records,0
6537,69499,Female,Diploma,0
6538,69505,Male,Grade 12,0
6539,69520,Female,Grade 12,0
6540,69536,Female,No records,0
6541,69556,Male,Postgrad,0
6542,69559,Male,No records,2
6543,69570,Female,No records,2
6544,69640,Male,Diploma,0
6545,69643,Male,No records,2
6546,69648,Male,Grade 12,0
6547,69657,Female,Diploma,0
6548,69660,Female,No records,2
6549,69662,Male,Degree,3
6550,69676,Male,Grade 12,0
6551,69680,Male,Degree,0
6552,69682,Female,No records,1
6553,69684,Male,Grade 12,0
6554,69690,Female,Diploma,2
6555,69696,Female,Diploma,0
6556,69699,Male,Grade 12,1
6557,69701,Female,Grade 12,3
6558,69708,Male,Postgrad,0
6559,69716,Female,No records,0
6560,69724,Female,Postgrad,2
6561,69777,Female,No records,0
6562,69780,Male,Degree,0
6563,69797,Male,Grade 12,1
6564,69805,Female,Grade 12,2
6565,69807,Male,Diploma,0
6566,69808,Male,Grade 12,2
6567,69818,Female,No records,0
6568,69834,Female,Degree,0
6569,69841,Female,Diploma,0
6570,69844,Male,Degree,0
6571,69848,Female,Grade 12,0
6572,69851,Female,Degree,1
6573,69859,Male,Diploma,2
6574,69860,Female,Diploma,0
6575,69882,Female,Diploma,1
6576,69906,Female,Degree,0
6577,69907,Female,Degree,0
6578,69930,Male,Postgrad,0
6579,69934,Male,Grade 12,4
6580,69941,Male,Diploma,3
6581,69954,Female,Degree,0
6582,69967,Male,Diploma,1
6583,69977,Male,Diploma,0
6584,69983,Male,Diploma,2
6585,69999,Male,Degree,0
6586,70008,Male,Grade 12,0
6587,70016,Female,No records,0
6588,70020,Male,Grade 12,4
6589,70039,Female,Diploma,0
6590,70040,Female,Grade 12,0
6591,70042,Female,Grade 12,0
6592,70046,Male,No records,2
6593,70048,Female,Grade 12,2
6594,70087,Female,No records,0
6595,70094,Male,No records,0
6596,70100,Male,Degree,0
6597,70102,Female,No records,0
6598,70117,Female,Grade 12,2
6599,70126,Male,No records,0
6600,70133,Female,Diploma,0
6601,70146,Female,No records,0
6602,70147,Female,Grade 12,0
6603,70151,Male,Diploma,0
6604,70172,Female,Diploma,0
6605,70181,Female,Grade 12,2
6606,70186,Female,No records,0
6607,70187,Male,Grade 12,0
6608,70199,Female,Postgrad,1
6609,70217,Male,Diploma,2
6610,70245,Female,Postgrad,3
6611,70248,Male,No records,0
6612,70251,Female,Postgrad,0
6613,70257,Female,Degree,0
6614,70270,Male,No records,0
6615,70280,Male,Grade 12,0
6616,70304,Female,Postgrad,0
6617,70309,Male,Grade 12,2
6618,70311,Female,Grade 12,1
6619,70314,Male,Grade 12,0
6620,70327,Male,Diploma,0
6621,70328,Female,No records,1
6622,70330,Female,Degree,0
6623,70335,Male,Grade 12,1
6624,70387,Male,Diploma,1
6625,70389,Female,Grade 12,0
6626,70391,Male,No records,1
6627,70397,Male,Grade 12,0
6628,70411,Male,No records,0
6629,70413,Male,No records,0
6630,70415,Male,Diploma,0
6631,70425,Male,Grade 12,0
6632,70437,Male,Degree,1
6633,70445,Female,Grade 12,3
6634,70450,Female,No records,0
6635,70463,Female,Diploma,0
6636,70464,Female,Grade 12,0
6637,70467,Female,Grade 12,2
6638,70469,Female,Degree,1
6639,70491,Female,Degree,0
6640,70504,Female,Grade 12,1
6641,70518,Female,Postgrad,0
6642,70522,Female,Degree,0
6643,70526,Female,Grade 12,2
6644,70527,Male,Grade 12,0
6645,70532,Female,Postgrad,3
6646,70534,Male,No records,0
6647,70539,Female,Grade 12,0
6648,70541,Male,No records,0
6649,70544,Male,Diploma,0
6650,70550,Female,Degree,0
6651,70551,Male,Grade 12,0
6652,70567,Female,No records,2
6653,70591,Female,No records,2
6654,70597,Male,Degree,0
6655,70599,Female,Grade 12,0
6656,70609,Female,Grade 12,0
6657,70615,Female,Degree,0
6658,70622,Female,Diploma,0
6659,70627,Female,Diploma,0
6660,70631,Female,Degree,2
6661,70632,Female,Degree,0
6662,70637,Male,Grade 12,3
6663,70639,Male,Degree,2
6664,70642,Male,Grade 12,0
6665,70646,Female,Degree,0
6666,70662,Female,Diploma,0
6667,70667,Female,Degree,0
6668,70676,Male,Diploma,2
6669,70694,Male,Degree,0
6670,70699,Female,Diploma,0
6671,70702,Male,No records,2
6672,70718,Male,Postgrad,0
6673,70728,Male,Diploma,0
6674,70747,Female,Grade 12,0
6675,70752,Male,Degree,2
6676,70763,Male,Grade 12,0
6677,70766,Female,Degree,2
6678,70773,Male,Grade 12,0
6679,70774,Male,No records,0
6680,70776,Female,Degree,1
6681,70777,Male,Degree,1
6682,70778,Male,Degree,1
6683,70793,Female,No records,1
6684,70799,Male,Grade 12,0
6685,70806,Female,Grade 12,0
6686,70812,Male,Grade 12,0
6687,70821,Male,Grade 12,1
6688,70825,Male,Diploma,1
6689,70832,Male,Grade 12,1
6690,70835,Female,Grade 12,0
6691,70836,Male,No records,0
6692,70838,Female,No records,0
6693,70844,Male,Grade 12,2
6694,70845,Female,Diploma,1
6695,70849,Male,No records,2
6696,70851,Female,Grade 12,0
6697,70854,Male,No records,2
6698,70866,Male,Diploma,1
6699,70888,Male,No records,2
6700,70904,Male,Diploma,0
6701,70913,Female,Grade 12,0
6702,70918,Male,No records,1
6703,70924,Male,Degree,0
6704,70937,Female,Diploma,1
6705,70953,Female,Grade 12,1
6706,70958,Female,Grade 12,1
6707,70962,Male,Grade 12,0
6708,70967,Male,Grade 12,0
6709,70980,Female,Grade 12,0
6710,70986,Female,Degree,3
6711,70990,Female,Grade 12,0
6712,70993,Female,Diploma,2
6713,71015,Female,Grade 12,1
6714,71020,Female,No records,0
6715,71025,Male,No records,0
6716,71028,Male,No records,0
6717,71032,Female,Grade 12,0
6718,71045,Male,No records,2
6719,71047,Male,Diploma,0
6720,71062,Female,Grade 12,0
6721,71093,Female,Diploma,0
6722,71098,Female,No records,1
6723,71101,Male,No records,1
6724,71106,Male,Degree,0
6725,71109,Female,Grade 12,2
6726,71124,Male,Postgrad,0
6727,71128,Male,Degree,1
6728,71130,Male,Grade 12,0
6729,71135,Female,No records,0
6730,71145,Male,Grade 12,2
6731,71146,Male,Grade 12,0
6732,71148,Male,No records,0
6733,71153,Male,Grade 12,0
6734,71167,Male,Grade 12,0
6735,71177,Female,Grade 12,0
6736,71178,Male,Degree,1
6737,71211,Female,Diploma,0
6738,71212,Female,Grade 12,2
6739,71230,Male,Diploma,0
6740,71234,Female,No records,0
6741,71258,Male,Degree,0
6742,71262,Female,No records,1
6743,71263,Female,Grade 12,0
6744,71267,Male,Degree,3
6745,71268,Female,No records,0
6746,71274,Male,Degree,1
6747,71291,Female,Diploma,1
6748,71299,Female,Diploma,2
6749,71324,Male,Grade 12,0
6750,71327,Female,Grade 12,0
6751,71332,Female,Grade 12,1
6752,71336,Female,No records,1
6753,71341,Female,Grade 12,2
6754,71344,Female,No records,0
6755,71346,Male,Grade 12,1
6756,71347,Female,Grade 12,0
6757,71351,Male,No records,0
6758,71362,Male,Degree,0
6759,71363,Male,Postgrad,2
6760,71364,Male,Diploma,0
6761,71365,Female,No records,0
6762,71378,Male,Grade 12,2
6763,71389,Female,Diploma,0
6764,71400,Male,No records,0
6765,71414,Male,Grade 12,0
6766,71421,Male,Degree,0
6767,71437,Female,Degree,0
6768,71441,Male,No records,3
6769,71453,Female,Diploma,2
6770,71462,Female,Grade 12,3
6771,71466,Female,Grade 12,0
6772,71495,Female,Postgrad,0
6773,71498,Female,No records,0
6774,71502,Female,Diploma,2
6775,71513,Female,Degree,0
6776,71532,Female,No records,1
6777,71562,Male,Diploma,1
6778,71565,Female,No records,1
6779,71568,Male,No records,1
6780,71572,Male,Degree,1
6781,71575,Male,No records,3
6782,71585,Male,Degree,2
6783,71608,Female,No records,0
6784,71610,Female,Diploma,2
6785,71619,Male,No records,1
6786,71623,Male,Diploma,0
6787,71631,Male,Degree,0
6788,71645,Female,Grade 12,0
6789,71659,Female,Diploma,2
6790,71663,Female,No records,0
6791,71664,Male,No records,1
6792,71678,Female,No records,3
6793,71688,Male,Grade 12,1
6794,71690,Male,Grade 12,1
6795,71692,Female,Degree,0
6796,71707,Male,Degree,0
6797,71717,Female,Degree,0
6798,71722,Female,Diploma,1
6799,71725,Male,Grade 12,0
6800,71728,Male,No records,0
6801,71737,Male,Grade 12,4
6802,71746,Female,Grade 12,1
6803,71747,Female,Diploma,0
6804,71755,Female,Degree,1
6805,71761,Male,Diploma,1
6806,71764,Female,Grade 12,3
6807,71785,Male,No records,0
6808,71788,Female,Postgrad,0
6809,71794,Female,Grade 12,0
6810,71808,Female,Diploma,1
6811,71809,Male,No records,2
6812,71810,Female,Grade 12,1
6813,71830,Male,Diploma,0
6814,71840,Male,Grade 12,0
6815,71841,Female,Grade 12,0
6816,71843,Female,Grade 12,0
6817,71847,Female,Diploma,0
6818,71859,Male,Diploma,0
6819,71862,Male,Grade 12,0
6820,71867,Male,Diploma,1
6821,71877,Male,Grade 12,0
6822,71881,Female,Grade 12,1
6823,71890,Female,Diploma,0
6824,71906,Male,Diploma,0
6825,71916,Male,Degree,0
6826,71947,Male,Grade 12,0
6827,71956,Female,Diploma,0
6828,71962,Female,Degree,0
6829,71970,Male,No records,1
6830,71996,Male,Diploma,0
6831,72000,Female,Postgrad,2
6832,72006,Male,No records,0
6833,72011,Male,No records,2
6834,72021,Female,Postgrad,0
6835,72022,Female,Grade 12,1
6836,72023,Male,Degree,2
6837,72028,Female,No records,3
6838,72034,Female,Grade 12,0
6839,72039,Male,Diploma,1
6840,72046,Male,Degree,2
6841,72050,Male,Postgrad,0
6842,72059,Female,Grade 12,0
6843,72062,Male,Grade 12,2
6844,72064,Female,Postgrad,0
6845,72082,Male,No records,0
6846,72086,Female,Degree,0
6847,72090,Female,Diploma,0
6848,72099,Male,Grade 12,0
6849,72109,Male,Grade 12,0
6850,72131,Male,Grade 12,1
6851,72132,Male,No records,0
6852,72143,Female,Degree,1
6853,72151,Male,Diploma,0
6854,72155,Male,Grade 12,1
6855,72156,Male,Grade 12,1
6856,72159,Female,Postgrad,0
6857,72163,Male,No records,1
6858,72167,Male,Degree,0
6859,72182,Male,Diploma,0
6860,72189,Male,No records,0
6861,72199,Male,Grade 12,2
6862,72200,Female,Grade 12,0
6863,72203,Male,Grade 12,0
6864,72218,Male,Postgrad,0
6865,72226,Male,Degree,0
6866,72227,Male,Diploma,0
6867,72234,Male,Diploma,0
6868,72257,Female,Degree,1
6869,72269,Male,Grade 12,0
6870,72271,Male,Grade 12,0
6871,72272,Female,Grade 12,0
6872,72284,Male,No records,0
6873,72289,Male,No records,0
6874,72298,Female,Grade 12,0
6875,72317,Female,Grade 12,1
6876,72322,Female,Grade 12,1
6877,72333,Male,No records,0
6878,72341,Male,Diploma,0
6879,72342,Male,Grade 12,0
6880,72366,Male,Degree,0
6881,72367,Male,Postgrad,0
6882,72368,Female,Diploma,1
6883,72381,Female,No records,0
6884,72386,Male,Grade 12,0
6885,72387,Male,No records,2
6886,72388,Male,Grade 12,2
6887,72406,Male,No records,0
6888,72413,Female,Grade 12,0
6889,72421,Male,Grade 12,3
6890,72442,Female,No records,1
6891,72443,Male,No records,0
6892,72444,Male,No records,0
6893,72462,Male,Diploma,0
6894,72491,Female,Diploma,0
6895,72495,Male,Diploma,0
6896,72510,Male,Grade 12,2
6897,72529,Male,No records,0
6898,72532,Male,Grade 12,0
6899,72533,Female,Degree,0
6900,72540,Male,No records,2
6901,72541,Male,Diploma,1
6902,72543,Female,Diploma,0
6903,72547,Female,Postgrad,0
6904,72561,Male,Diploma,0
6905,72568,Male,Diploma,1
6906,72573,Male,Diploma,0
6907,72575,Male,Grade 12,2
6908,72581,Female,Grade 12,0
6909,72589,Male,Grade 12,0
6910,72591,Female,Diploma,0
6911,72593,Male,Diploma,1
6912,72610,Female,Postgrad,2
6913,72615,Female,Degree,1
6914,72632,Male,Postgrad,0
6915,72633,Male,No records,0
6916,72637,Female,Grade 12,1
6917,72655,Female,Grade 12,2
6918,72659,Female,Diploma,0
6919,72664,Female,No records,0
6920,72674,Female,Grade 12,0
6921,72687,Female,Postgrad,0
6922,72708,Male,Grade 12,0
6923,72709,Female,No records,3
6924,72722,Male,Postgrad,1
6925,72737,Female,No records,0
6926,72744,Male,No records,2
6927,72745,Male,Diploma,2
6928,72748,Female,Diploma,0
6929,72750,Male,Grade 12,0
6930,72760,Female,Grade 12,1
6931,72771,Female,Diploma,0
6932,72775,Male,Diploma,0
6933,72781,Female,No records,1
6934,72791,Male,Grade 12,2
6935,72804,Female,Degree,1
6936,72805,Female,Diploma,0
6937,72808,Male,No records,0
6938,72818,Male,Grade 12,2
6939,72833,Male,Degree,0
6940,72841,Male,Grade 12,3
6941,72845,Female,Grade 12,2
6942,72873,Male,Grade 12,0
6943,72874,Female,No records,1
6944,72887,Female,Degree,0
6945,72897,Female,Diploma,2
6946,72899,Female,Grade 12,1
6947,72907,Male,No records,2
6948,72908,Male,Grade 12,2
6949,72912,Male,Diploma,0
6950,72915,Female,Grade 12,0
6951,72921,Male,Diploma,0
6952,72922,Male,No records,0
6953,72923,Female,No records,0
6954,72929,Female,Diploma,1
6955,72940,Female,Grade 12,0
6956,72942,Male,Grade 12,1
6957,72962,Female,Degree,0
6958,72963,Male,Degree,0
6959,72980,Female,Degree,1
6960,72987,Male,Diploma,0
6961,72997,Male,Degree,0
6962,73015,Female,No records,3
6963,73024,Female,Degree,1
6964,73028,Female,Grade 12,0
6965,73045,Male,Grade 12,2
6966,73057,Female,Grade 12,0
6967,73070,Male,No records,2
6968,73096,Male,Degree,1
6969,73097,Female,Diploma,0
6970,73112,Male,No records,2
6971,73126,Female,Postgrad,2
6972,73158,Female,Degree,1
6973,73164,Male,Degree,0
6974,73165,Female,No records,1
6975,73169,Female,No records,0
6976,73170,Male,Diploma,0
6977,73173,Male,Grade 12,1
6978,73174,Male,Grade 12,0
6979,73177,Female,Grade 12,0
6980,73179,Female,Postgrad,3
6981,73195,Male,Grade 12,0
6982,73200,Female,Diploma,2
6983,73202,Male,Postgrad,0
6984,73205,Female,Diploma,2
6985,73206,Male,Diploma,0
6986,73225,Male,Postgrad,0
6987,73227,Male,Postgrad,0
6988,73242,Female,Postgrad,0
6989,73245,Female,No records,0
6990,73251,Male,Grade 12,0
6991,73257,Female,Degree,0
6992,73263,Female,Diploma,3
6993,73279,Female,Diploma,0
6994,73294,Male,Diploma,0
6995,73295,Female,Grade 12,1
6996,73303,Male,Degree,0
6997,73317,Male,Grade 12,0
6998,73328,Female,Diploma,0
6999,73348,Male,Postgrad,0
7000,73349,Male,No records,0
7001,73371,Male,Grade 12,0
7002,73379,Male,Diploma,0
7003,73396,Female,No records,0
7004,73408,Female,Diploma,0
7005,73418,Female,No records,2
7006,73420,Male,Grade 12,1
7007,73443,Male,Diploma,0
7008,73449,Female,Diploma,0
7009,73482,Female,Diploma,0
7010,73492,Male,No records,0
7011,73495,Female,Grade 12,0
7012,73496,Male,Diploma,0
7013,73510,Male,Grade 12,1
7014,73517,Female,Diploma,0
7015,73518,Female,No records,2
7016,73526,Male,No records,2
7017,73528,Male,Grade 12,1
7018,73536,Female,Diploma,0
7019,73541,Male,Grade 12,2
7020,73543,Male,No records,2
7021,73544,Female,Grade 12,0
7022,73557,Male,Grade 12,0
7023,73562,Male,Degree,2
7024,73581,Male,Postgrad,0
7025,73596,Male,Degree,2
7026,73605,Female,Grade 12,0
7027,73610,Female,Grade 12,0
7028,73615,Male,Grade 12,1
7029,73617,Male,No records,0
7030,73627,Male,No records,0
7031,73628,Female,Grade 12,0
7032,73645,Female,No records,0
7033,73649,Female,Grade 12,2
7034,73657,Female,Grade 12,0
7035,73681,Male,Grade 12,0
7036,73690,Male,Grade 12,0
7037,73711,Male,Diploma,0
7038,73715,Male,No records,1
7039,73734,Male,Diploma,1
7040,73743,Male,Postgrad,1
7041,73745,Female,Grade 12,1
7042,73749,Female,Postgrad,0
7043,73757,Female,Degree,3
7044,73759,Male,Postgrad,1
7045,73767,Female,No records,0
7046,73771,Female,Degree,1
7047,73775,Female,Diploma,0
7048,73781,Female,No records,1
7049,73782,Male,No records,1
7050,73787,Female,Diploma,2
7051,73789,Male,Grade 12,0
7052,73791,Female,No records,0
7053,73793,Male,Grade 12,0
7054,73822,Male,Grade 12,0
7055,73824,Male,Grade 12,3
7056,73844,Female,Grade 12,1
7057,73872,Male,Postgrad,1
7058,73876,Male,Degree,0
7059,73877,Male,Postgrad,3
7060,73888,Female,Grade 12,0
7061,73892,Female,Grade 12,0
7062,73896,Male,No records,1
7063,73898,Male,Diploma,1
7064,73929,Male,Grade 12,2
7065,73935,Male,No records,0
7066,73941,Male,Grade 12,0
7067,73943,Male,Grade 12,0
7068,73962,Male,Diploma,0
7069,73966,Male,Diploma,0
7070,73971,Male,Grade 12,0
7071,73979,Male,Grade 12,0
7072,73985,Female,Diploma,1
7073,73991,Female,Grade 12,0
7074,74003,Male,No records,0
7075,74006,Male,Diploma,0
7076,74009,Female,Grade 12,1
7077,74014,Female,Grade 12,1
7078,74015,Female,Diploma,0
7079,74017,Female,No records,1
7080,74024,Male,Grade 12,0
7081,74031,Female,Grade 12,0
7082,74037,Male,Grade 12,3
7083,74041,Male,Diploma,1
7084,74043,Male,Diploma,3
7085,74046,Female,Grade 12,1
7086,74064,Male,Degree,0
7087,74071,Male,Diploma,0
7088,74090,Female,Grade 12,0
7089,74104,Male,Postgrad,1
7090,74139,Female,Degree,2
7091,74142,Female,Grade 12,1
7092,74149,Female,Grade 12,0
7093,74184,Female,Grade 12,1
7094,74185,Female,Grade 12,1
7095,74192,Male,No records,1
7096,74194,Female,No records,0
7097,74197,Female,No records,2
7098,74207,Male,No records,3
7099,74218,Male,Diploma,0
7100,74233,Female,Degree,3
7101,74239,Male,Postgrad,0
7102,74240,Female,No records,0
7103,74246,Female,No records,2
7104,74247,Male,Diploma,0
7105,74251,Female,Grade 12,1
7106,74254,Female,Degree,0
7107,74261,Male,Diploma,0
7108,74262,Female,Grade 12,0
7109,74265,Male,No records,1
7110,74270,Female,Diploma,1
7111,74272,Female,Grade 12,0
7112,74276,Male,Diploma,1
7113,74281,Female,Grade 12,3
7114,74291,Female,No records,0
7115,74296,Female,No records,0
7116,74302,Female,Diploma,2
7117,74304,Male,Postgrad,0
7118,74310,Male,No records,1
7119,74311,Female,Grade 12,4
7120,74317,Female,Grade 12,0
7121,74320,Male,No records,1
7122,74331,Male,Grade 12,0
7123,74332,Male,Grade 12,0
7124,74351,Male,No records,0
7125,74353,Male,Degree,0
7126,74363,Male,Diploma,0
7127,74369,Male,Grade 12,1
7128,74372,Female,Grade 12,0
7129,74378,Female,Grade 12,1
7130,74379,Female,Degree,0
7131,74380,Female,Diploma,0
7132,74381,Female,No records,2
7133,74391,Male,No records,3
7134,74398,Male,Diploma,0
7135,74400,Female,Diploma,0
7136,74425,Female,No records,0
7137,74430,Male,Degree,0
7138,74433,Female,Diploma,0
7139,74446,Male,No records,0
7140,74461,Female,Degree,2
7141,74481,Female,Diploma,0
7142,74487,Female,No records,0
7143,74515,Female,No records,0
7144,74524,Male,Grade 12,0
7145,74525,Male,Diploma,3
7146,74530,Male,Diploma,0
7147,74552,Male,Grade 12,4
7148,74555,Female,Diploma,4
7149,74557,Male,No records,0
7150,74568,Female,Grade 12,0
7151,74570,Female,Diploma,0
7152,74581,Female,Diploma,1
7153,74591,Female,Degree,0
7154,74595,Male,Postgrad,0
7155,74599,Male,Diploma,1
7156,74612,Male,Postgrad,0
7157,74624,Male,Grade 12,0
7158,74632,Male,Degree,1
7159,74636,Male,Diploma,2
7160,74638,Male,Grade 12,0
7161,74641,Male,Diploma,0
7162,74642,Female,Degree,0
7163,74654,Female,Degree,2
7164,74662,Female,No records,0
7165,74666,Female,Grade 12,0
7166,74675,Female,Postgrad,2
7167,74683,Male,Grade 12,1
7168,74687,Male,Grade 12,0
7169,74695,Male,Degree,0
7170,74709,Male,Degree,2
7171,74710,Female,No records,0
7172,74728,Male,Postgrad,1
7173,74733,Male,No records,1
7174,74735,Male,Grade 12,0
7175,74744,Female,Degree,0
7176,74747,Female,Degree,2
7177,74748,Female,Grade 12,1
7178,74749,Male,Degree,0
7179,74753,Female,Grade 12,0
7180,74757,Female,No records,1
7181,74769,Male,Diploma,0
7182,74774,Female,No records,0
7183,74777,Female,Grade 12,0
7184,74788,Male,Grade 12,0
7185,74789,Female,Grade 12,1
7186,74790,Male,Grade 12,0
7187,74798,Female,Grade 12,0
7188,74801,Male,Grade 12,0
7189,74805,Female,Degree,0
7190,74817,Female,Grade 12,0
7191,74821,Male,Postgrad,0
7192,74823,Female,No records,0
7193,74824,Female,No records,2
7194,74842,Male,Diploma,1
7195,74843,Female,Grade 12,0
7196,74862,Female,Diploma,1
7197,74873,Female,Grade 12,0
7198,74878,Male,Diploma,3
7199,74886,Male,Degree,1
7200,74901,Male,Grade 12,0
7201,74906,Female,Grade 12,0
7202,74923,Female,Postgrad,1
7203,74943,Male,Grade 12,0
7204,74946,Male,No records,0
7205,74949,Female,No records,0
7206,74952,Male,Diploma,3
7207,74964,Male,Postgrad,2
7208,74966,Female,Grade 12,1
7209,74973,Male,Grade 12,0
7210,74978,Male,Grade 12,2
7211,74984,Female,Degree,0
7212,75015,Male,Grade 12,0
7213,75017,Male,Diploma,0
7214,75055,Male,No records,1
7215,75056,Male,Diploma,0
7216,75057,Male,Degree,0
7217,75069,Male,Degree,2
7218,75080,Female,Grade 12,2
7219,75090,Female,No records,0
7220,75098,Female,Grade 12,0
7221,75101,Female,Grade 12,0
7222,75103,Male,Grade 12,1
7223,75111,Male,Grade 12,1
7224,75117,Male,Grade 12,1
7225,75118,Male,Postgrad,0
7226,75121,Female,Diploma,0
7227,75126,Female,Grade 12,2
7228,75128,Female,Degree,0
7229,75134,Male,Diploma,0
7230,75145,Male,Grade 12,0
7231,75157,Female,No records,2
7232,75158,Female,Diploma,1
7233,75160,Female,Grade 12,0
7234,75171,Male,Degree,0
7235,75184,Female,Diploma,0
7236,75190,Female,Grade 12,0
7237,75194,Female,Grade 12,0
7238,75219,Male,Diploma,1
7239,75241,Female,Degree,0
7240,75247,Female,No records,0
7241,75253,Female,Diploma,2
7242,75257,Female,No records,0
7243,75264,Female,Diploma,0
7244,75279,Female,No records,3
7245,75281,Female,Grade 12,0
7246,75285,Female,Grade 12,0
7247,75294,Female,Degree,0
7248,75307,Male,Grade 12,0
7249,75313,Female,No records,0
7250,75324,Male,Diploma,0
7251,75326,Female,Grade 12,0
7252,75327,Male,Degree,0
7253,75332,Male,Degree,0
7254,75338,Male,No records,0
7255,75339,Female,Diploma,0
7256,75340,Male,No records,0
7257,75341,Male,Diploma,0
7258,75356,Male,Degree,0
7259,75360,Female,Grade 12,0
7260,75363,Male,Grade 12,3
7261,75366,Female,No records,0
7262,75383,Male,No records,0
7263,75394,Female,Diploma,0
7264,75399,Female,No records,0
7265,75403,Male,Diploma,0
7266,75404,Male,Grade 12,2
7267,75420,Female,Postgrad,0
7268,75445,Female,Grade 12,0
7269,75456,Female,No records,0
7270,75458,Male,Diploma,0
7271,75465,Female,Degree,0
7272,75475,Female,No records,0
7273,75476,Male,Grade 12,0
7274,75482,Male,Grade 12,0
7275,75487,Female,Degree,1
7276,75495,Female,Degree,0
7277,75507,Male,Degree,0
7278,75513,Female,Grade 12,0
7279,75520,Female,Grade 12,0
7280,75541,Male,Postgrad,3
7281,75547,Male,Postgrad,0
7282,75555,Male,No records,0
7283,75566,Female,Diploma,1
7284,75570,Female,Degree,1
7285,75572,Female,Postgrad,0
7286,75583,Female,No records,1
7287,75590,Female,Grade 12,0
7288,75597,Female,No records,4
7289,75599,Female,Grade 12,1
7290,75603,Female,No records,0
7291,75606,Female,Diploma,0
7292,75612,Male,Degree,0
7293,75614,Female,No records,0
7294,75616,Male,Degree,0
7295,75630,Female,Diploma,0
7296,75633,Female,Diploma,0
7297,75639,Male,Grade 12,3
7298,75640,Female,Postgrad,0
7299,75645,Male,No records,1
7300,75653,Male,Grade 12,0
7301,75654,Female,Degree,1
7302,75671,Male,Grade 12,3
7303,75686,Female,No records,2
7304,75691,Male,Postgrad,1
7305,75699,Male,Grade 12,0
7306,75705,Male,Grade 12,2
7307,75730,Male,Postgrad,0
7308,75739,Male,Degree,0
7309,75765,Female,Grade 12,0
7310,75766,Female,No records,2
7311,75773,Female,No records,1
7312,75780,Male,Grade 12,0
7313,75789,Female,Grade 12,2
7314,75796,Male,Diploma,0
7315,75804,Male,No records,0
7316,75810,Female,Grade 12,0
7317,75817,Female,Grade 12,2
7318,75834,Male,Diploma,0
7319,75836,Male,No records,0
7320,75843,Male,Grade 12,0
7321,75847,Male,No records,0
7322,75868,Female,Grade 12,0
7323,75872,Male,No records,0
7324,75882,Female,No records,1
7325,75890,Female,No records,2
7326,75905,Female,Diploma,2
7327,75906,Female,Grade 12,0
7328,75908,Male,Diploma,0
7329,75909,Male,No records,1
7330,75920,Female,Diploma,3
7331,75929,Female,Grade 12,0
7332,75931,Male,No records,0
7333,75934,Female,Diploma,0
7334,75937,Male,Grade 12,0
7335,75948,Female,Grade 12,0
7336,75966,Female,No records,1
7337,75985,Female,No records,0
7338,75991,Male,Grade 12,0
7339,76007,Male,Diploma,2
7340,76010,Female,Diploma,0
7341,76024,Male,Grade 12,0
7342,76037,Female,Grade 12,0
7343,76040,Female,Degree,1
7344,76061,Female,Diploma,0
7345,76066,Male,Diploma,0
7346,76075,Male,No records,1
7347,76089,Female,Grade 12,1
7348,76094,Female,Grade 12,0
7349,76101,Male,Diploma,1
7350,76108,Male,Grade 12,0
7351,76109,Female,Diploma,1
7352,76111,Female,Diploma,0
7353,76113,Female,Grade 12,0
7354,76126,Male,Grade 12,0
7355,76139,Male,Grade 12,1
7356,76141,Female,Diploma,0
7357,76144,Male,Grade 12,0
7358,76148,Male,Postgrad,0
7359,76157,Male,No records,0
7360,76158,Male,Diploma,1
7361,76166,Male,Grade 12,0
7362,76176,Female,Diploma,2
7363,76184,Female,Degree,0
7364,76193,Male,Grade 12,1
7365,76197,Female,Grade 12,0
7366,76229,Male,Diploma,1
7367,76237,Male,Grade 12,2
7368,76244,Male,No records,2
7369,76258,Male,Diploma,0
7370,76264,Male,No records,0
7371,76274,Male,Grade 12,0
7372,76278,Male,Diploma,0
7373,76286,Male,Diploma,0
7374,76290,Female,Diploma,0
7375,76295,Female,Grade 12,0
7376,76297,Female,Grade 12,3
7377,76311,Male,No records,0
7378,76314,Male,Diploma,1
7379,76318,Female,No records,0
7380,76338,Female,No records,2
7381,76351,Female,Diploma,0
7382,76360,Male,Diploma,3
7383,76371,Male,Degree,0
7384,76382,Male,Degree,0
7385,76393,Female,No records,1
7386,76402,Male,Diploma,0
7387,76410,Female,Grade 12,0
7388,76425,Male,Grade 12,0
7389,76430,Male,No records,1
7390,76431,Female,Diploma,0
7391,76436,Female,No records,0
7392,76445,Female,Grade 12,0
7393,76446,Male,Diploma,0
7394,76455,Female,Grade 12,1
7395,76458,Male,Postgrad,2
7396,76469,Female,Grade 12,0
7397,76470,Female,Degree,0
7398,76473,Female,Diploma,0
7399,76479,Male,Grade 12,0
7400,76481,Female,Grade 12,0
7401,76487,Female,Grade 12,0
7402,76490,Female,Diploma,2
7403,76499,Male,Diploma,0
7404,76505,Female,Grade 12,3
7405,76531,Female,No records,0
7406,76537,Female,Grade 12,0
7407,76555,Male,Degree,3
7408,76558,Male,Degree,1
7409,76565,Male,Diploma,0
7410,76572,Male,Diploma,0
7411,76591,Male,Degree,2
7412,76600,Male,No records,0
7413,76605,Male,Postgrad,2
7414,76638,Male,No records,1
7415,76647,Male,Diploma,0
7416,76649,Female,Diploma,0
7417,76693,Male,No records,0
7418,76696,Female,Degree,1
7419,76731,Male,No records,1
7420,76733,Female,No records,1
7421,76752,Female,Degree,1
7422,76753,Female,Postgrad,1
7423,76754,Male,Diploma,0
7424,76786,Female,Degree,0
7425,76797,Male,Grade 12,1
7426,76799,Female,Postgrad,0
7427,76805,Male,Grade 12,3
7428,76820,Female,Diploma,0
7429,76831,Female,No records,0
7430,76832,Male,Grade 12,0
7431,76839,Female,Degree,0
7432,76865,Male,Degree,1
7433,76874,Male,No records,2
7434,76878,Female,Diploma,0
7435,76887,Male,Degree,0
7436,76888,Female,No records,0
7437,76901,Male,Grade 12,1
7438,76902,Female,Postgrad,0
7439,76906,Female,Diploma,0
7440,76911,Male,No records,2
7441,76915,Male,Postgrad,0
7442,76933,Male,Grade 12,0
7443,76939,Male,Grade 12,0
7444,76960,Female,Degree,2
7445,76963,Male,Diploma,0
7446,76965,Female,No records,0
7447,76968,Male,No records,1
7448,76975,Male,Diploma,3
7449,76977,Female,Grade 12,0
7450,76988,Female,Grade 12,0
7451,77005,Female,Diploma,2
7452,77015,Female,Diploma,0
7453,77025,Male,Diploma,1
7454,77030,Male,Grade 12,0
7455,77049,Male,Degree,1
7456,77050,Male,Grade 12,0
7457,77060,Male,Grade 12,0
7458,77070,Female,Grade 12,0
7459,77086,Male,No records,0
7460,77098,Male,Diploma,0
7461,77099,Male,Diploma,0
7462,77101,Female,Grade 12,2
7463,77113,Female,No records,0
7464,77126,Male,Grade 12,1
7465,77135,Female,Grade 12,0
7466,77136,Male,No records,0
7467,77137,Male,Degree,0
7468,77144,Male,Grade 12,0
7469,77148,Male,Grade 12,0
7470,77153,Male,Diploma,2
7471,77183,Male,No records,0
7472,77220,Female,Grade 12,1
7473,77229,Female,No records,1
7474,77232,Male,No records,0
7475,77236,Female,Grade 12,0
7476,77247,Female,Grade 12,1
7477,77260,Male,Diploma,0
7478,77266,Male,Degree,1
7479,77277,Female,No records,0
7480,77278,Female,Diploma,0
7481,77282,Female,Diploma,1
7482,77290,Female,Diploma,0
7483,77300,Male,Grade 12,1
7484,77306,Male,No records,1
7485,77309,Female,Diploma,1
7486,77312,Female,Diploma,0
7487,77325,Female,Diploma,1
7488,77334,Male,No records,0
7489,77347,Male,Degree,0
7490,77363,Female,Postgrad,0
7491,77377,Male,Diploma,1
7492,77382,Male,No records,0
7493,77388,Male,Grade 12,0
7494,77394,Male,Diploma,1
7495,77424,Male,Diploma,2
7496,77441,Male,Diploma,0
7497,77468,Female,Grade 12,2
7498,77471,Female,Grade 12,1
7499,77490,Male,Degree,0
7500,77495,Female,Diploma,2
7501,77500,Male,Grade 12,2
7502,77505,Male,Grade 12,2
7503,77507,Male,Diploma,0
7504,77520,Male,Grade 12,0
7505,77536,Male,No records,0
7506,77540,Male,Degree,0
7507,77559,Female,Postgrad,0
7508,77571,Female,Grade 12,0
7509,77573,Female,No records,0
7510,77586,Female,Postgrad,0
7511,77589,Male,Diploma,2
7512,77590,Female,No records,2
7513,77593,Male,Grade 12,4
7514,77598,Female,Postgrad,0
7515,77600,Female,Grade 12,1
7516,77603,Female,No records,0
7517,77608,Female,Grade 12,3
7518,77614,Female,Diploma,0
7519,77617,Male,No records,3
7520,77618,Male,Postgrad,1
7521,77632,Male,Grade 12,0
7522,77641,Male,Diploma,0
7523,77650,Female,No records,1
7524,77661,Male,Grade 12,0
7525,77662,Female,No records,0
7526,77675,Male,Grade 12,2
7527,77680,Female,Diploma,0
7528,77704,Female,Grade 12,0
7529,77710,Male,Grade 12,0
7530,77734,Male,No records,0
7531,77737,Female,Diploma,2
7532,77740,Male,No records,1
7533,77748,Male,Grade 12,1
7534,77754,Male,Diploma,2
7535,77757,Female,Grade 12,2
7536,77760,Female,Grade 12,0
7537,77769,Male,Grade 12,0
7538,77776,Female,Grade 12,0
7539,77777,Female,Postgrad,2
7540,77787,Male,Grade 12,2
7541,77816,Female,Grade 12,0
7542,77822,Female,Grade 12,0
7543,77829,Female,Postgrad,0
7544,77834,Female,Postgrad,0
7545,77839,Female,Grade 12,0
7546,77852,Female,Degree,1
7547,77856,Female,No records,2
7548,77866,Male,Grade 12,2
7549,77869,Female,Grade 12,0
7550,77878,Male,Degree,0
7551,77886,Female,Diploma,0
7552,77892,Male,Diploma,2
7553,77898,Male,No records,1
7554,77907,Female,Diploma,0
7555,77908,Female,No records,0
7556,77913,Female,Degree,0
7557,77918,Male,No records,1
7558,77929,Female,Diploma,2
7559,77936,Female,Diploma,0
7560,77941,Male,Degree,2
7561,77949,Female,Grade 12,0
7562,77958,Female,No records,0
7563,77959,Female,Diploma,0
7564,77964,Male,Grade 12,0
7565,77967,Male,Degree,1
7566,77969,Male,No records,0
7567,78012,Male,Grade 12,3
7568,78022,Female,Diploma,0
7569,78024,Female,No records,0
7570,78034,Female,Grade 12,0
7571,78051,Female,No records,0
7572,78060,Male,Diploma,1
7573,78066,Female,Grade 12,0
7574,78067,Male,Diploma,1
7575,78070,Male,Degree,0
7576,78074,Male,No records,0
7577,78075,Female,Diploma,0
7578,78089,Female,Diploma,0
7579,78124,Female,No records,0
7580,78133,Female,Diploma,2
7581,78144,Male,Degree,0
7582,78154,Male,Grade 12,0
7583,78157,Male,Diploma,0
7584,78158,Female,Diploma,1
7585,78172,Female,Postgrad,0
7586,78176,Male,Diploma,0
7587,78188,Male,Diploma,0
7588,78189,Male,Diploma,0
7589,78200,Female,Diploma,1
7590,78215,Female,Grade 12,1
7591,78232,Male,Degree,1
7592,78242,Female,Diploma,2
7593,78245,Male,Grade 12,2
7594,78268,Female,Diploma,0
7595,78278,Female,Diploma,0
7596,78293,Male,No records,1
7597,78302,Male,Postgrad,0
7598,78305,Male,Degree,0
7599,78336,Male,Degree,2
7600,78344,Male,Diploma,0
7601,78358,Male,Diploma,2
7602,78382,Male,Diploma,0
7603,78386,Male,Grade 12,3
7604,78387,Male,Postgrad,1
7605,78401,Female,Degree,0
7606,78432,Female,Grade 12,3
7607,78439,Male,Grade 12,0
7608,78442,Male,Grade 12,0
7609,78454,Male,Grade 12,2
7610,78458,Male,No records,0
7611,78461,Male,Grade 12,1
7612,78481,Male,Diploma,1
7613,78509,Male,Grade 12,1
7614,78516,Female,No records,0
7615,78520,Male,No records,1
7616,78529,Female,No records,0
7617,78530,Male,Grade 12,0
7618,78540,Female,Postgrad,1
7619,78543,Female,Grade 12,0
7620,78544,Male,Degree,0
7621,78550,Male,No records,0
7622,78555,Female,Degree,2
7623,78559,Male,Postgrad,0
7624,78564,Male,No records,0
7625,78570,Male,No records,0
7626,78577,Female,Grade 12,0
7627,78625,Female,Postgrad,2
7628,78627,Female,Diploma,3
7629,78630,Male,Diploma,0
7630,78631,Male,Grade 12,1
7631,78632,Female,No records,0
7632,78634,Male,No records,3
7633,78653,Female,Grade 12,0
7634,78662,Male,No records,1
7635,78669,Male,Degree,0
7636,78677,Male,Degree,0
7637,78686,Female,No records,3
7638,78704,Male,Grade 12,1
7639,78713,Female,Diploma,0
7640,78717,Male,Diploma,0
7641,78732,Female,Grade 12,0
7642,78734,Male,Grade 12,2
7643,78735,Female,No records,0
7644,78741,Male,Diploma,0
7645,78748,Female,No records,0
7646,78796,Male,Diploma,0
7647,78814,Female,Grade 12,1
7648,78838,Male,No records,0
7649,78840,Female,Postgrad,0
7650,78842,Female,No records,1
7651,78859,Male,No records,1
7652,78872,Female,Grade 12,0
7653,78894,Male,Grade 12,0
7654,78897,Female,Diploma,0
7655,78925,Male,Grade 12,2
7656,78929,Female,Grade 12,0
7657,78933,Female,Grade 12,1
7658,78934,Female,No records,0
7659,78935,Female,Degree,1
7660,78944,Male,No records,1
7661,78949,Female,Diploma,0
7662,78951,Male,Grade 12,2
7663,78952,Male,No records,0
7664,78982,Male,No records,0
7665,78984,Male,Grade 12,2
7666,78992,Male,Degree,0
7667,79006,Male,Diploma,2
7668,79009,Male,No records,3
7669,79024,Female,No records,1
7670,79036,Male,Degree,0
7671,79047,Female,Diploma,1
7672,79077,Male,Grade 12,2
7673,79084,Female,No records,0
7674,79089,Male,Grade 12,0
7675,79095,Female,Degree,0
7676,79097,Male,Degree,1
7677,79108,Male,Diploma,0
7678,79127,Male,No records,0
7679,79132,Female,Grade 12,0
7680,79135,Female,Diploma,0
7681,79153,Male,No records,1
7682,79160,Female,No records,0
7683,79162,Female,Grade 12,0
7684,79172,Female,Postgrad,0
7685,79173,Female,Diploma,3
7686,79187,Female,Diploma,0
7687,79188,Female,Grade 12,0
7688,79212,Female,Grade 12,1
7689,79217,Female,Diploma,0
7690,79242,Female,Grade 12,1
7691,79252,Female,Diploma,0
7692,79273,Male,Grade 12,0
7693,79277,Male,Degree,0
7694,79279,Male,Diploma,0
7695,79283,Male,Diploma,1
7696,79312,Female,No records,1
7697,79316,Male,Diploma,1
7698,79318,Male,Diploma,0
7699,79341,Female,Diploma,0
7700,79343,Female,No records,0
7701,79344,Male,Diploma,0
7702,79358,Male,Diploma,2
7703,79360,Male,Grade 12,0
7704,79377,Male,No records,0
7705,79381,Female,Degree,2
7706,79402,Male,Grade 12,0
7707,79408,Female,No records,1
7708,79409,Male,Diploma,3
7709,79411,Female,Grade 12,0
7710,79412,Male,Diploma,0
7711,79435,Female,No records,2
7712,79468,Female,Degree,0
7713,79470,Female,Diploma,0
7714,79483,Male,Grade 12,1
7715,79484,Female,Diploma,1
7716,79494,Male,Postgrad,2
7717,79503,Male,Grade 12,1
7718,79517,Female,Grade 12,0
7719,79536,Female,Grade 12,1
7720,79540,Female,Degree,2
7721,79543,Female,No records,3
7722,79556,Male,Diploma,0
7723,79573,Male,Grade 12,0
7724,79578,Female,Diploma,0
7725,79609,Female,Diploma,0
7726,79618,Male,Diploma,1
7727,79623,Female,No records,0
7728,79634,Male,Grade 12,1
7729,79645,Male,Grade 12,0
7730,79659,Female,Postgrad,1
7731,79684,Male,Grade 12,0
7732,79698,Female,No records,0
7733,79702,Female,Grade 12,0
7734,79718,Male,No records,2
7735,79723,Male,Grade 12,0
7736,79738,Male,Grade 12,1
7737,79753,Male,Degree,1
7738,79755,Female,Grade 12,3
7739,79756,Male,No records,0
7740,79785,Female,Degree,0
7741,79788,Male,Grade 12,2
7742,79803,Male,No records,3
7743,79835,Male,Degree,1
7744,79842,Male,Degree,0
7745,79857,Male,Degree,0
7746,79877,Male,Diploma,3
7747,79910,Female,Degree,0
7748,79912,Female,Grade 12,0
7749,79914,Male,Degree,0
7750,79918,Female,Grade 12,0
7751,79921,Male,Diploma,0
7752,79922,Female,Postgrad,0
7753,79942,Female,Grade 12,2
7754,79961,Male,Grade 12,0
7755,79963,Female,No records,1
7756,79970,Female,Postgrad,0
7757,79979,Female,No records,0
7758,80016,Male,Grade 12,2
7759,80022,Male,Degree,0
7760,80031,Male,Grade 12,0
7761,80035,Female,Grade 12,0
7762,80043,Female,Grade 12,3
7763,80050,Female,Degree,2
7764,80055,Female,No records,0
7765,80066,Female,Grade 12,0
7766,80075,Male,Diploma,0
7767,80077,Male,Diploma,2
7768,80079,Male,Grade 12,0
7769,80090,Female,Grade 12,2
7770,80091,Male,Diploma,0
7771,80099,Female,Diploma,1
7772,80102,Female,Degree,0
7773,80122,Female,No records,1
7774,80125,Male,Diploma,4
7775,80128,Male,No records,2
7776,80129,Female,Degree,0
7777,80131,Male,No records,0
7778,80145,Male,Grade 12,1
7779,80147,Female,Grade 12,0
7780,80152,Female,No records,0
7781,80169,Male,Grade 12,0
7782,80174,Male,Diploma,1
7783,80183,Male,Degree,0
7784,80189,Female,Degree,0
7785,80192,Female,No records,1
7786,80198,Male,Grade 12,0
7787,80201,Male,Grade 12,0
7788,80207,Male,Diploma,2
7789,80209,Male,Grade 12,1
7790,80217,Male,Degree,1
7791,80242,Male,No records,0
7792,80244,Female,Grade 12,3
7793,80260,Female,Diploma,1
7794,80270,Female,Postgrad,1
7795,80272,Female,Degree,2
7796,80275,Female,Grade 12,2
7797,80281,Female,Grade 12,0
7798,80285,Male,Grade 12,2
7799,80289,Female,Grade 12,2
7800,80291,Female,Grade 12,2
7801,80297,Female,Diploma,0
7802,80319,Female,No records,1
7803,80335,Female,Degree,2
7804,80344,Male,Grade 12,0
7805,80349,Female,Grade 12,2
7806,80359,Male,Grade 12,0
7807,80372,Female,Diploma,1
7808,80380,Male,Diploma,1
7809,80385,Male,No records,3
7810,80399,Female,Grade 12,1
7811,80414,Male,Grade 12,0
7812,80423,Female,Grade 12,0
7813,80434,Male,Diploma,2
7814,80438,Male,Postgrad,0
7815,80457,Female,Diploma,2
7816,80484,Male,Diploma,1
7817,80540,Male,Grade 12,0
7818,80546,Female,Degree,0
7819,80548,Male,Diploma,1
7820,80550,Female,Grade 12,0
7821,80553,Male,Degree,0
7822,80554,Male,Grade 12,1
7823,80558,Female,Degree,0
7824,80579,Male,Degree,0
7825,80580,Male,Degree,0
7826,80592,Male,Diploma,2
7827,80594,Male,Grade 12,3
7828,80597,Male,Degree,0
7829,80608,Female,Grade 12,1
7830,80609,Male,Degree,0
7831,80614,Male,No records,2
7832,80619,Female,Grade 12,3
7833,80628,Female,Degree,0
7834,80661,Female,Degree,1
7835,80663,Male,Degree,2
7836,80664,Male,Grade 12,0
7837,80666,Female,No records,1
7838,80672,Female,Diploma,0
7839,80681,Female,Degree,2
7840,80684,Male,No records,0
7841,80690,Female,No records,0
7842,80698,Male,Grade 12,0
7843,80700,Female,Grade 12,2
7844,80701,Female,Grade 12,0
7845,80704,Female,Grade 12,0
7846,80715,Male,Diploma,2
7847,80721,Male,No records,2
7848,80729,Female,No records,0
7849,80746,Female,Diploma,1
7850,80749,Female,Grade 12,0
7851,80751,Female,Grade 12,0
7852,80754,Male,Postgrad,0
7853,80760,Female,No records,0
7854,80769,Female,Degree,2
7855,80771,Male,Postgrad,2
7856,80775,Female,Diploma,0
7857,80783,Female,No records,1
7858,80794,Female,Grade 12,1
7859,80795,Male,Grade 12,0
7860,80797,Male,Degree,2
7861,80818,Female,No records,2
7862,80829,Male,Postgrad,1
7863,80836,Female,Grade 12,2
7864,80848,Female,Grade 12,1
7865,80863,Female,Diploma,2
7866,80866,Male,Diploma,0
7867,80868,Male,Degree,2
7868,80879,Female,Grade 12,1
7869,80896,Female,No records,0
7870,80922,Female,Grade 12,0
7871,80948,Male,No records,0
7872,80949,Female,No records,1
7873,80961,Female,No records,0
7874,80972,Male,Grade 12,1
7875,80977,Female,Grade 12,0
7876,80981,Male,Grade 12,1
7877,80997,Male,Diploma,0
7878,80999,Female,Diploma,2
7879,81004,Female,Diploma,0
7880,81013,Female,Grade 12,2
7881,81036,Female,Grade 12,0
7882,81039,Male,Diploma,2
7883,81043,Male,Postgrad,2
7884,81056,Male,Diploma,0
7885,81081,Female,Diploma,0
7886,81082,Female,Grade 12,0
7887,81085,Female,Grade 12,0
7888,81090,Female,Grade 12,1
7889,81111,Male,No records,0
7890,81125,Female,Diploma,2
7891,81136,Male,Degree,0
7892,81150,Male,No records,0
7893,81153,Male,No records,1
7894,81155,Male,Degree,0
7895,81157,Female,Degree,1
7896,81183,Female,No records,0
7897,81185,Male,Diploma,2
7898,81197,Female,Diploma,0
7899,81200,Female,Diploma,0
7900,81204,Male,No records,2
7901,81210,Female,Postgrad,2
7902,81225,Male,Grade 12,0
7903,81247,Male,Grade 12,0
7904,81248,Female,Grade 12,0
7905,81257,Male,Grade 12,0
7906,81265,Female,Diploma,0
7907,81271,Male,No records,0
7908,81274,Female,Diploma,3
7909,81277,Male,No records,3
7910,81294,Male,Grade 12,0
7911,81295,Female,Diploma,0
7912,81296,Female,Grade 12,0
7913,81338,Male,No records,0
7914,81342,Female,Grade 12,0
7915,81348,Male,No records,2
7916,81357,Female,Degree,0
7917,81360,Male,Degree,0
7918,81367,Male,Grade 12,0
7919,81368,Female,Diploma,0
7920,81370,Female,Diploma,0
7921,81381,Female,Grade 12,0
7922,81390,Female,Diploma,1
7923,81399,Male,No records,0
7924,81401,Female,Postgrad,2
7925,81402,Female,Diploma,0
7926,81403,Male,Diploma,0
7927,81417,Female,Grade 12,0
7928,81434,Female,Postgrad,1
7929,81442,Female,Grade 12,0
7930,81460,Female,Degree,0
7931,81468,Female,Degree,1
7932,81476,Male,Grade 12,0
7933,81484,Male,Grade 12,2
7934,81490,Female,Diploma,0
7935,81504,Male,No records,0
7936,81505,Male,No records,0
7937,81543,Male,Grade 12,0
7938,81565,Female,Grade 12,0
7939,81566,Male,Grade 12,1
7940,81570,Male,Grade 12,3
7941,81573,Male,Grade 12,2
7942,81575,Female,Diploma,0
7943,81581,Female,Grade 12,0
7944,81591,Male,Grade 12,0
7945,81614,Female,Diploma,1
7946,81618,Female,Grade 12,2
7947,81619,Male,Diploma,1
7948,81627,Male,Grade 12,0
7949,81633,Female,No records,0
7950,81640,Female,No records,0
7951,81645,Female,Grade 12,0
7952,81648,Female,Degree,0
7953,81657,Male,Diploma,0
7954,81673,Female,Grade 12,0
7955,81676,Male,No records,2
7956,81677,Female,Diploma,0
7957,81689,Female,No records,0
7958,81713,Female,Grade 12,0
7959,81718,Female,Degree,2
7960,81722,Female,Grade 12,0
7961,81736,Male,Diploma,1
7962,81757,Male,Degree,0
7963,81760,Female,Grade 12,0
7964,81764,Male,Postgrad,0
7965,81771,Male,No records,0
7966,81782,Female,Diploma,1
7967,81783,Male,No records,1
7968,81810,Female,Diploma,0
7969,81821,Male,No records,0
7970,81837,Male,Grade 12,3
7971,81840,Female,Diploma,0
7972,81843,Female,Postgrad,2
7973,81855,Female,Diploma,0
7974,81869,Male,Diploma,0
7975,81889,Male,Grade 12,0
7976,81892,Male,No records,0
7977,81896,Male,Diploma,2
7978,81920,Female,No records,0
7979,81926,Male,Grade 12,0
7980,81936,Female,Grade 12,4
7981,81955,Female,Diploma,0
7982,81963,Female,Diploma,0
7983,81968,Female,Degree,0
7984,81970,Female,Grade 12,1
7985,81980,Male,Degree,1
7986,81985,Female,Diploma,0
7987,81987,Male,No records,0
7988,81988,Male,No records,0
7989,81994,Female,Degree,0
7990,82000,Male,Grade 12,1
7991,82009,Male,Diploma,1
7992,82044,Female,Grade 12,2
7993,82057,Female,Diploma,0
7994,82062,Female,Diploma,0
7995,82064,Female,Grade 12,0
7996,82071,Male,Diploma,1
7997,82075,Male,Degree,1
7998,82078,Female,Diploma,0
7999,82079,Male,Degree,0
8000,82084,Female,Postgrad,0
8001,82092,Male,Grade 12,1
8002,82110,Male,Grade 12,1
8003,82113,Female,Grade 12,0
8004,82129,Female,Grade 12,0
8005,82136,Male,Grade 12,1
8006,82137,Female,Grade 12,1
8007,82149,Female,No records,1
8008,82174,Male,Postgrad,1
8009,82179,Female,Diploma,2
8010,82182,Female,Grade 12,1
8011,82189,Male,Diploma,1
8012,82199,Male,Degree,3
8013,82202,Female,Grade 12,2
8014,82209,Female,Grade 12,0
8015,82218,Male,Grade 12,0
8016,82220,Female,Degree,0
8017,82224,Male,Degree,0
8018,82226,Female,No records,0
8019,82230,Male,Grade 12,0
8020,82240,Male,Grade 12,1
8021,82241,Female,Grade 12,0
8022,82245,Female,No records,0
8023,82252,Female,Diploma,0
8024,82253,Female,Degree,0
8025,82275,Male,Grade 12,0
8026,82290,Male,Degree,3
8027,82295,Female,Degree,4
8028,82302,Male,Diploma,0
8029,82323,Male,Grade 12,0
8030,82334,Female,Grade 12,0
8031,82344,Female,Grade 12,2
8032,82354,Female,Grade 12,0
8033,82360,Male,Diploma,0
8034,82362,Male,Grade 12,3
8035,82371,Male,Grade 12,0
8036,82378,Female,Grade 12,1
8037,82379,Female,No records,2
8038,82402,Female,No records,1
8039,82441,Female,Diploma,1
8040,82449,Male,Grade 12,2
8041,82505,Female,No records,1
8042,82507,Female,No records,0
8043,82513,Male,Grade 12,1
8044,82546,Male,No records,0
8045,82569,Male,Postgrad,0
8046,82580,Female,Degree,1
8047,82582,Female,Grade 12,0
8048,82593,Female,Postgrad,2
8049,82599,Female,Diploma,4
8050,82623,Female,Grade 12,0
8051,82637,Male,Diploma,0
8052,82647,Male,Diploma,2
8053,82655,Female,Degree,2
8054,82660,Female,Grade 12,0
8055,82662,Female,Degree,1
8056,82684,Male,Degree,0
8057,82725,Male,Diploma,0
8058,82735,Male,Grade 12,1
8059,82739,Male,Grade 12,0
8060,82749,Male,Diploma,1
8061,82762,Male,Diploma,0
8062,82763,Male,Grade 12,2
8063,82777,Male,Diploma,1
8064,82779,Male,Diploma,1
8065,82806,Female,Grade 12,2
8066,82826,Male,No records,2
8067,82844,Male,No records,0
8068,82860,Male,Grade 12,1
8069,82891,Female,Grade 12,0
8070,82895,Female,Degree,1
8071,82901,Male,Grade 12,1
8072,82903,Male,Grade 12,1
8073,82904,Female,Diploma,0
8074,82912,Female,Degree,0
8075,82931,Male,Grade 12,0
8076,82933,Male,Grade 12,0
8077,82949,Male,Grade 12,2
8078,82964,Male,Grade 12,0
8079,82965,Male,Degree,0
8080,82967,Female,Degree,0
8081,82982,Male,No records,1
8082,82984,Male,Diploma,1
8083,82986,Female,Grade 12,0
8084,82989,Male,Diploma,1
8085,82992,Male,Postgrad,1
8086,82994,Female,Degree,1
8087,82998,Male,No records,1
8088,83001,Female,No records,1
8089,83003,Female,Diploma,0
8090,83007,Male,Diploma,1
8091,83011,Male,No records,0
8092,83015,Male,Grade 12,0
8093,83017,Male,No records,0
8094,83026,Female,No records,0
8095,83027,Male,No records,0
8096,83031,Female,Diploma,1
8097,83066,Female,No records,0
8098,83070,Male,No records,0
8099,83071,Female,Grade 12,2
8100,83075,Male,Grade 12,1
8101,83079,Female,Grade 12,0
8102,83103,Female,Grade 12,1
8103,83105,Female,Grade 12,1
8104,83123,Male,Postgrad,0
8105,83124,Female,Grade 12,0
8106,83131,Female,Degree,1
8107,83135,Female,Grade 12,0
8108,83137,Male,Grade 12,1
8109,83163,Male,Degree,1
8110,83174,Female,Grade 12,2
8111,83178,Male,No records,0
8112,83191,Male,Diploma,0
8113,83208,Male,Diploma,0
8114,83209,Male,Grade 12,0
8115,83214,Male,Postgrad,3
8116,83215,Male,Degree,0
8117,83216,Male,Degree,3
8118,83218,Male,Diploma,1
8119,83244,Male,No records,0
8120,83251,Female,Degree,1
8121,83252,Male,Diploma,0
8122,83263,Male,Diploma,0
8123,83280,Male,Diploma,0
8124,83294,Female,Degree,0
8125,83300,Female,No records,0
8126,83310,Female,No records,0
8127,83312,Male,Grade 12,0
8128,83336,Male,Grade 12,1
8129,83338,Male,No records,1
8130,83344,Male,Grade 12,0
8131,83352,Female,No records,0
8132,83361,Female,Diploma,2
8133,83366,Female,No records,0
8134,83367,Male,Grade 12,1
8135,83379,Male,Diploma,0
8136,83383,Male,Grade 12,0
8137,83390,Female,Grade 12,1
8138,83399,Female,No records,0
8139,83408,Female,Grade 12,1
8140,83427,Male,No records,4
8141,83431,Female,Grade 12,0
8142,83436,Male,Grade 12,0
8143,83446,Male,Grade 12,1
8144,83457,Male,Diploma,0
8145,83460,Male,Degree,0
8146,83480,Male,Grade 12,0
8147,83490,Female,No records,0
8148,83520,Male,Diploma,0
8149,83523,Female,Degree,0
8150,83553,Male,Degree,0
8151,83562,Male,Grade 12,2
8152,83568,Male,Degree,0
8153,83593,Male,Grade 12,0
8154,83594,Male,Grade 12,1
8155,83606,Male,No records,1
8156,83626,Female,Diploma,0
8157,83633,Male,Grade 12,0
8158,83642,Female,Diploma,0
8159,83648,Female,No records,3
8160,83655,Female,Diploma,1
8161,83663,Male,Grade 12,0
8162,83666,Female,Grade 12,0
8163,83693,Male,Diploma,0
8164,83697,Male,Diploma,0
8165,83713,Male,Degree,2
8166,83717,Male,No records,0
8167,83723,Female,No records,0
8168,83725,Female,Degree,3
8169,83728,Male,Diploma,0
8170,83733,Male,Grade 12,0
8171,83738,Male,Grade 12,0
8172,83745,Male,No records,3
8173,83750,Female,Grade 12,0
8174,83757,Male,Diploma,0
8175,83760,Female,No records,1
8176,83761,Female,Grade 12,1
8177,83776,Female,Grade 12,0
8178,83791,Male,Postgrad,1
8179,83817,Female,Grade 12,0
8180,83835,Female,Grade 12,0
8181,83844,Male,Postgrad,0
8182,83847,Female,Grade 12,0
8183,83860,Male,Grade 12,0
8184,83861,Female,Diploma,2
8185,83862,Female,Grade 12,2
8186,83867,Female,No records,0
8187,83871,Female,Degree,2
8188,83880,Male,Diploma,3
8189,83893,Male,Grade 12,2
8190,83905,Male,Grade 12,2
8191,83907,Male,Grade 12,0
8192,83921,Female,Grade 12,2
8193,83923,Female,Diploma,2
8194,83927,Female,No records,2
8195,83933,Female,No records,3
8196,83943,Male,Grade 12,4
8197,83948,Female,No records,1
8198,83951,Female,Diploma,0
8199,83962,Male,Degree,0
8200,83970,Female,Diploma,2
8201,83986,Male,Diploma,0
8202,84013,Male,Degree,0
8203,84023,Female,Diploma,0
8204,84035,Male,No records,0
8205,84043,Male,No records,1
8206,84046,Female,No records,0
8207,84047,Male,No records,0
8208,84061,Male,Degree,0
8209,84068,Female,No records,2
8210,84083,Male,No records,2
8211,84088,Male,Grade 12,0
8212,84091,Female,Grade 12,2
8213,84097,Male,Grade 12,0
8214,84099,Female,Diploma,2
8215,84117,Female,Degree,1
8216,84134,Male,Grade 12,3
8217,84154,Male,Diploma,0
8218,84158,Female,Grade 12,0
8219,84163,Male,Grade 12,0
8220,84168,Male,Degree,2
8221,84170,Male,Diploma,1
8222,84178,Female,Degree,0
8223,84217,Male,Grade 12,0
8224,84224,Male,No records,0
8225,84232,Male,Degree,0
8226,84239,Male,Diploma,0
8227,84241,Female,Diploma,0
8228,84252,Male,Diploma,0
8229,84261,Female,Diploma,1
8230,84309,Female,Grade 12,1
8231,84311,Female,No records,2
8232,84322,Male,No records,0
8233,84325,Male,Diploma,0
8234,84355,Male,Grade 12,1
8235,84410,Female,Grade 12,0
8236,84417,Male,Grade 12,0
8237,84419,Female,Grade 12,0
8238,84420,Male,No records,2
8239,84429,Female,Grade 12,1
8240,84439,Male,Grade 12,1
8241,84444,Male,Grade 12,0
8242,84448,Male,No records,0
8243,84449,Female,Diploma,3
8244,84462,Female,Diploma,0
8245,84464,Female,No records,0
8246,84480,Female,Diploma,0
8247,84503,Male,Grade 12,2
8248,84509,Female,Diploma,0
8249,84510,Male,Grade 12,0
8250,84523,Male,Grade 12,2
8251,84526,Female,Degree,0
8252,84545,Male,Postgrad,2
8253,84546,Female,Diploma,0
8254,84555,Female,Grade 12,0
8255,84559,Female,No records,0
8256,84560,Female,Postgrad,0
8257,84574,Male,Grade 12,3
8258,84581,Female,Diploma,0
8259,84599,Female,Postgrad,0
8260,84604,Male,Diploma,1
8261,84606,Male,Diploma,0
8262,84609,Female,No records,3
8263,84619,Male,Postgrad,1
8264,84622,Male,No records,0
8265,84634,Male,No records,0
8266,84638,Male,Grade 12,3
8267,84651,Male,Grade 12,0
8268,84671,Female,Diploma,2
8269,84700,Female,No records,0
8270,84702,Male,Diploma,0
8271,84710,Female,No records,0
8272,84714,Female,Grade 12,0
8273,84715,Female,Degree,0
8274,84717,Female,Grade 12,1
8275,84723,Female,No records,0
8276,84736,Female,Grade 12,2
8277,84745,Female,Grade 12,3
8278,84748,Female,No records,1
8279,84761,Male,Grade 12,0
8280,84772,Male,Grade 12,1
8281,84773,Male,Diploma,0
8282,84793,Female,Grade 12,0
8283,84820,Male,Degree,0
8284,84822,Male,Grade 12,0
8285,84829,Female,Diploma,0
8286,84836,Female,Grade 12,2
8287,84849,Female,Postgrad,0
8288,84864,Male,No records,0
8289,84865,Female,Diploma,0
8290,84880,Male,No records,0
8291,84883,Male,Grade 12,0
8292,84911,Female,Grade 12,2
8293,84915,Female,Postgrad,1
8294,84923,Male,Grade 12,0
8295,84926,Male,Grade 12,2
8296,84937,Male,Diploma,1
8297,84946,Male,Degree,0
8298,84949,Female,Postgrad,0
8299,84956,Male,Degree,2
8300,84964,Male,Postgrad,0
8301,84969,Male,Grade 12,0
8302,84982,Female,Diploma,0
8303,84999,Male,No records,0
8304,85032,Male,Grade 12,0
8305,85034,Male,Degree,1
8306,85053,Female,Postgrad,0
8307,85064,Female,No records,0
8308,85074,Male,Degree,0
8309,85077,Male,Grade 12,0
8310,85081,Female,Grade 12,1
8311,85089,Female,Diploma,0
8312,85120,Male,Grade 12,3
8313,85125,Male,Grade 12,1
8314,85128,Male,No records,0
8315,85137,Male,Diploma,0
8316,85141,Male,Diploma,0
8317,85142,Female,No records,0
8318,85144,Female,Grade 12,0
8319,85152,Female,Grade 12,1
8320,85158,Male,Diploma,2
8321,85203,Male,Diploma,0
8322,85204,Female,Degree,0
8323,85209,Male,Diploma,1
8324,85217,Female,Diploma,0
8325,85221,Male,Grade 12,0
8326,85225,Female,Degree,0
8327,85227,Male,No records,0
8328,85240,Male,Grade 12,0
8329,85243,Male,Diploma,0
8330,85245,Female,Diploma,0
8331,85246,Male,Diploma,0
8332,85248,Female,Degree,0
8333,85250,Male,Diploma,0
8334,85256,Male,Diploma,0
8335,85257,Female,Postgrad,0
8336,85262,Female,Diploma,0
8337,85264,Male,Degree,3
8338,85282,Male,Diploma,0
8339,85288,Female,No records,2
8340,85289,Male,Grade 12,0
8341,85305,Male,No records,0
8342,85317,Male,Grade 12,0
8343,85318,Female,Diploma,3
8344,85331,Female,Grade 12,0
8345,85332,Male,Diploma,0
8346,85350,Female,Grade 12,1
8347,85364,Male,No records,0
8348,85376,Male,Degree,0
8349,85386,Female,Degree,0
8350,85392,Male,Grade 12,1
8351,85416,Female,No records,0
8352,85422,Female,Diploma,0
8353,85423,Male,Grade 12,0
8354,85432,Female,Degree,0
8355,85440,Female,Grade 12,2
8356,85453,Male,Grade 12,2
8357,85468,Female,Diploma,0
8358,85481,Male,Grade 12,2
8359,85499,Female,Postgrad,0
8360,85514,Male,Diploma,2
8361,85520,Male,Grade 12,0
8362,85521,Female,Diploma,0
8363,85522,Male,Diploma,0
8364,85530,Male,Diploma,0
8365,85535,Female,Grade 12,0
8366,85547,Male,Grade 12,0
8367,85558,Female,Grade 12,0
8368,85562,Female,Grade 12,0
8369,85573,Male,Diploma,0
8370,85582,Male,No records,0
8371,85588,Male,Grade 12,0
8372,85601,Male,Grade 12,1
8373,85606,Male,Grade 12,2
8374,85607,Male,Degree,2
8375,85635,Male,Diploma,0
8376,85645,Male,No records,2
8377,85649,Female,Grade 12,0
8378,85656,Female,Grade 12,0
8379,85658,Female,No records,0
8380,85663,Female,Grade 12,2
8381,85671,Female,Postgrad,3
8382,85678,Male,Grade 12,2
8383,85679,Female,Postgrad,0
8384,85681,Male,Degree,2
8385,85697,Female,No records,2
8386,85704,Female,No records,1
8387,85726,Male,Diploma,0
8388,85734,Female,Diploma,0
8389,85740,Female,No records,0
8390,85760,Male,Diploma,0
8391,85768,Male,Grade 12,0
8392,85774,Female,Degree,2
8393,85780,Male,Grade 12,0
8394,85788,Male,Diploma,0
8395,85797,Male,Grade 12,0
8396,85805,Female,Diploma,2
8397,85809,Male,Grade 12,0
8398,85811,Female,Diploma,0
8399,85816,Female,No records,0
8400,85820,Male,Diploma,0
8401,85823,Male,Grade 12,1
8402,85834,Female,Grade 12,0
8403,85838,Male,Degree,0
8404,85840,Female,Diploma,0
8405,85879,Female,Grade 12,2
8406,85895,Female,Postgrad,0
8407,85897,Female,Grade 12,0
8408,85903,Male,Diploma,0
8409,85909,Female,Degree,2
8410,85911,Female,No records,1
8411,85916,Female,No records,0
8412,85920,Female,Diploma,0
8413,85927,Male,Diploma,0
8414,85929,Female,Degree,2
8415,85943,Male,Grade 12,0
8416,85951,Female,No records,3
8417,85961,Male,Diploma,2
8418,85971,Female,Diploma,0
8419,85973,Male,Diploma,0
8420,85977,Female,Diploma,1
8421,86013,Female,Diploma,1
8422,86031,Female,Grade 12,1
8423,86032,Male,No records,0
8424,86036,Male,Grade 12,0
8425,86046,Female,Postgrad,2
8426,86049,Male,No records,0
8427,86061,Male,Grade 12,2
8428,86067,Male,Diploma,0
8429,86075,Male,Diploma,0
8430,86094,Male,Degree,0
8431,86096,Female,Grade 12,0
8432,86100,Male,Grade 12,1
8433,86111,Male,Grade 12,0
8434,86115,Female,Grade 12,0
8435,86118,Male,Degree,2
8436,86120,Male,Grade 12,0
8437,86146,Female,Diploma,0
8438,86152,Male,Grade 12,1
8439,86155,Female,Grade 12,1
8440,86159,Female,No records,1
8441,86164,Male,Diploma,0
8442,86168,Female,Diploma,0
8443,86173,Male,Grade 12,0
8444,86175,Female,No records,0
8445,86191,Male,Postgrad,2
8446,86198,Female,Degree,0
8447,86202,Female,Diploma,1
8448,86203,Female,Grade 12,0
8449,86205,Male,Postgrad,0
8450,86217,Female,Degree,0
8451,86228,Female,Grade 12,0
8452,86229,Female,Postgrad,0
8453,86233,Male,Grade 12,1
8454,86244,Male,Diploma,0
8455,86248,Male,Grade 12,3
8456,86252,Male,Diploma,0
8457,86260,Male,Grade 12,0
8458,86265,Female,No records,1
8459,86309,Female,Diploma,2
8460,86318,Male,Degree,3
8461,86342,Male,Grade 12,0
8462,86347,Female,Degree,3
8463,86354,Female,No records,3
8464,86362,Male,No records,1
8465,86371,Male,Diploma,0
8466,86385,Female,Diploma,2
8467,86387,Male,Grade 12,0
8468,86402,Male,No records,0
8469,86404,Female,Grade 12,0
8470,86409,Male,Grade 12,0
8471,86424,Male,Degree,3
8472,86431,Male,Grade 12,2
8473,86435,Male,Grade 12,0
8474,86436,Female,Grade 12,0
8475,86437,Male,Diploma,0
8476,86441,Female,Grade 12,0
8477,86445,Female,Grade 12,1
8478,86448,Male,Grade 12,0
8479,86457,Female,Diploma,0
8480,86464,Male,No records,1
8481,86468,Male,No records,1
8482,86474,Male,Degree,0
8483,86491,Female,Degree,2
8484,86493,Male,Diploma,0
8485,86494,Male,No records,2
8486,86497,Female,Diploma,0
8487,86512,Male,Grade 12,1
8488,86518,Male,Grade 12,0
8489,86526,Female,Diploma,0
8490,86531,Female,Diploma,0
8491,86539,Male,Diploma,1
8492,86544,Male,Grade 12,4
8493,86549,Male,Grade 12,0
8494,86556,Female,Grade 12,0
8495,86563,Male,Degree,3
8496,86566,Female,Grade 12,0
8497,86574,Female,Diploma,0
8498,86592,Female,Grade 12,0
8499,86597,Male,Grade 12,0
8500,86608,Male,Diploma,0
8501,86627,Male,No records,0
8502,86638,Male,Degree,1
8503,86640,Male,Grade 12,1
8504,86652,Male,Postgrad,1
8505,86665,Male,Grade 12,0
8506,86672,Female,No records,0
8507,86674,Female,Diploma,1
8508,86690,Male,Diploma,2
8509,86691,Female,Grade 12,0
8510,86707,Male,Postgrad,0
8511,86721,Male,Diploma,3
8512,86739,Male,No records,0
8513,86741,Female,Grade 12,0
8514,86747,Male,Diploma,0
8515,86754,Female,Grade 12,0
8516,86755,Male,Degree,0
8517,86759,Male,Grade 12,1
8518,86768,Male,Grade 12,1
8519,86779,Female,Diploma,3
8520,86806,Male,No records,0
8521,86816,Male,Grade 12,2
8522,86831,Female,Diploma,2
8523,86845,Male,Diploma,1
8524,86854,Female,Degree,0
8525,86855,Male,Grade 12,2
8526,86867,Female,Grade 12,0
8527,86882,Male,Postgrad,0
8528,86889,Male,Grade 12,0
8529,86896,Male,Diploma,0
8530,86930,Male,Degree,1
8531,86931,Female,Grade 12,0
8532,86933,Male,No records,1
8533,86944,Male,Grade 12,1
8534,86955,Male,Grade 12,1
8535,86956,Female,Grade 12,0
8536,86966,Male,Grade 12,1
8537,86970,Male,Grade 12,0
8538,86989,Female,Grade 12,0
8539,86995,Male,Grade 12,2
8540,87000,Female,No records,0
8541,87010,Male,Diploma,0
8542,87019,Female,No records,1
8543,87020,Male,Grade 12,0
8544,87024,Male,Grade 12,2
8545,87028,Female,Grade 12,0
8546,87033,Female,No records,2
8547,87036,Female,Diploma,0
8548,87038,Female,No records,1
8549,87043,Male,Diploma,0
8550,87067,Female,Diploma,0
8551,87070,Male,No records,0
8552,87081,Female,Diploma,0
8553,87090,Female,No records,2
8554,87093,Male,Grade 12,0
8555,87119,Female,Degree,0
8556,87130,Male,Grade 12,0
8557,87131,Female,Diploma,0
8558,87150,Male,Grade 12,0
8559,87153,Male,Diploma,0
8560,87160,Female,Grade 12,1
8561,87162,Male,No records,0
8562,87176,Male,Diploma,0
8563,87182,Female,Diploma,0
8564,87201,Female,Grade 12,2
8565,87220,Male,Degree,0
8566,87222,Male,Diploma,0
8567,87240,Female,Diploma,0
8568,87249,Male,Postgrad,0
8569,87261,Male,Postgrad,0
8570,87273,Male,Degree,0
8571,87277,Male,No records,0
8572,87278,Male,Degree,0
8573,87292,Male,Grade 12,1
8574,87297,Male,Diploma,3
8575,87305,Male,No records,0
8576,87312,Male,Grade 12,0
8577,87353,Female,Grade 12,0
8578,87355,Male,Grade 12,1
8579,87357,Male,Diploma,0
8580,87366,Female,No records,1
8581,87383,Male,Degree,1
8582,87386,Male,No records,2
8583,87399,Female,Degree,0
8584,87402,Male,No records,0
8585,87405,Female,Grade 12,0
8586,87412,Female,Grade 12,0
8587,87415,Female,Diploma,1
8588,87421,Male,Diploma,0
8589,87428,Male,Degree,0
8590,87440,Female,Grade 12,2
8591,87444,Male,No records,1
8592,87464,Male,Diploma,0
8593,87467,Male,Grade 12,0
8594,87469,Male,Grade 12,0
8595,87498,Female,Grade 12,0
8596,87504,Male,Grade 12,0
8597,87506,Female,No records,0
8598,87507,Female,Grade 12,1
8599,87516,Female,Grade 12,2
8600,87524,Female,Diploma,0
8601,87530,Female,Grade 12,0
8602,87532,Male,Diploma,2
8603,87552,Female,Grade 12,1
8604,87555,Female,Degree,0
8605,87558,Male,Degree,0
8606,87567,Female,Grade 12,0
8607,87570,Female,Grade 12,0
8608,87581,Female,Degree,2
8609,87583,Female,No records,1
8610,87592,Male,Grade 12,2
8611,87608,Female,Grade 12,1
8612,87615,Female,No records,0
8613,87621,Female,Diploma,0
8614,87628,Female,Degree,1
8615,87637,Female,Diploma,0
8616,87644,Female,Grade 12,0
8617,87646,Female,Degree,0
8618,87660,Female,Grade 12,4
8619,87662,Female,Grade 12,0
8620,87665,Female,Diploma,0
8621,87674,Female,Diploma,1
8622,87679,Female,Grade 12,0
8623,87693,Male,No records,0
8624,87705,Male,Grade 12,0
8625,87715,Male,Diploma,0
8626,87745,Male,Grade 12,1
8627,87746,Male,Degree,2
8628,87753,Female,No records,1
8629,87760,Male,Grade 12,0
8630,87784,Male,No records,0
8631,87799,Male,Diploma,0
8632,87801,Female,Degree,0
8633,87828,Male,Diploma,1
8634,87831,Female,Diploma,0
8635,87833,Female,Diploma,0
8636,87840,Female,Diploma,0
8637,87854,Female,Grade 12,0
8638,87877,Male,Diploma,0
8639,87899,Male,Grade 12,0
8640,87905,Male,Diploma,0
8641,87907,Female,Grade 12,0
8642,87920,Female,Diploma,0
8643,87929,Male,Degree,1
8644,87933,Female,Grade 12,0
8645,87947,Male,Diploma,0
8646,87957,Female,Diploma,0
8647,87965,Female,Grade 12,1
8648,87972,Male,Grade 12,1
8649,87977,Female,Grade 12,1
8650,88006,Female,Diploma,0
8651,88011,Female,Postgrad,0
8652,88012,Male,Diploma,2
8653,88013,Female,Diploma,2
8654,88014,Female,Grade 12,4
8655,88032,Female,Grade 12,2
8656,88062,Female,Degree,2
8657,88065,Female,Diploma,1
8658,88070,Female,Diploma,2
8659,88072,Male,Diploma,0
8660,88077,Male,Diploma,0
8661,88089,Male,Diploma,0
8662,88101,Male,No records,0
8663,88123,Male,Grade 12,0
8664,88124,Male,Grade 12,0
8665,88128,Female,No records,0
8666,88130,Female,Postgrad,1
8667,88135,Male,Diploma,1
8668,88141,Female,No records,0
8669,88146,Male,No records,0
8670,88157,Male,Diploma,0
8671,88166,Female,Grade 12,0
8672,88170,Male,Degree,0
8673,88171,Female,Diploma,0
8674,88181,Female,Diploma,2
8675,88192,Female,Grade 12,0
8676,88201,Female,Grade 12,3
8677,88206,Female,Grade 12,0
8678,88213,Male,Grade 12,1
8679,88226,Female,Grade 12,0
8680,88251,Male,Diploma,0
8681,88253,Female,Diploma,0
8682,88256,Male,No records,0
8683,88262,Male,Diploma,1
8684,88271,Male,No records,0
8685,88272,Male,Diploma,0
8686,88281,Male,Grade 12,3
8687,88282,Female,Degree,0
8688,88286,Female,No records,0
8689,88304,Male,Diploma,0
8690,88310,Female,Grade 12,0
8691,88323,Male,Diploma,0
8692,88339,Male,Diploma,0
8693,88344,Female,Grade 12,0
8694,88348,Female,Degree,0
8695,88363,Female,Diploma,0
8696,88408,Female,No records,4
8697,88424,Male,No records,1
8698,88425,Male,No records,0
8699,88428,Male,Grade 12,0
8700,88441,Female,Grade 12,2
8701,88444,Female,Grade 12,0
8702,88463,Female,Diploma,0
8703,88472,Male,Diploma,2
8704,88476,Male,Grade 12,0
8705,88482,Female,Diploma,0
8706,88487,Male,Degree,0
8707,88495,Female,Diploma,0
8708,88497,Male,Grade 12,0
8709,88509,Female,Diploma,1
8710,88511,Male,Grade 12,1
8711,88515,Male,Diploma,0
8712,88519,Female,Grade 12,0
8713,88527,Female,Diploma,0
8714,88542,Female,No records,0
8715,88543,Male,Diploma,0
8716,88549,Female,Diploma,0
8717,88552,Female,No records,0
8718,88562,Male,Grade 12,0
8719,88582,Male,Grade 12,0
8720,88594,Male,Grade 12,1
8721,88595,Male,Grade 12,2
8722,88602,Male,Grade 12,1
8723,88609,Male,Degree,0
8724,88612,Female,Grade 12,2
8725,88621,Female,Grade 12,1
8726,88639,Female,Diploma,0
8727,88647,Male,Degree,0
8728,88662,Female,Grade 12,0
8729,88672,Male,Grade 12,0
8730,88686,Female,Grade 12,1
8731,88690,Male,Grade 12,0
8732,88693,Male,No records,0
8733,88696,Male,Grade 12,0
8734,88718,Male,No records,3
8735,88723,Male,Grade 12,1
8736,88738,Male,Grade 12,0
8737,88751,Male,Grade 12,0
8738,88763,Male,No records,0
8739,88765,Male,Grade 12,0
8740,88767,Female,Grade 12,0
8741,88777,Female,Grade 12,1
8742,88781,Male,Grade 12,1
8743,88789,Male,Degree,2
8744,88805,Female,No records,0
8745,88812,Female,Grade 12,0
8746,88821,Male,Diploma,0
8747,88826,Female,No records,0
8748,88834,Male,No records,0
8749,88840,Female,Grade 12,0
8750,88845,Male,Grade 12,0
8751,88849,Male,Diploma,0
8752,88855,Female,No records,0
8753,88875,Male,Grade 12,0
8754,88877,Male,No records,2
8755,88899,Male,No records,0
8756,88911,Male,Diploma,0
8757,88912,Male,Degree,0
8758,88921,Female,Diploma,0
8759,88925,Female,No records,0
8760,88929,Female,Degree,0
8761,88940,Female,No records,0
8762,88944,Male,Diploma,0
8763,88963,Male,Diploma,0
8764,88967,Female,No records,1
8765,88981,Male,Grade 12,0
8766,88982,Female,Grade 12,0
8767,88983,Male,Grade 12,0
8768,88989,Female,Grade 12,3
8769,88992,Female,No records,1
8770,88993,Female,No records,0
8771,89000,Male,No records,0
8772,89017,Female,Grade 12,2
8773,89023,Male,Diploma,0
8774,89033,Male,Diploma,1
8775,89042,Male,Diploma,0
8776,89043,Female,Degree,0
8777,89046,Male,Diploma,0
8778,89057,Male,Diploma,0
8779,89063,Male,Postgrad,0
8780,89064,Male,No records,2
8781,89069,Male,Degree,2
8782,89076,Female,Degree,0
8783,89094,Female,Diploma,0
8784,89098,Female,Diploma,2
8785,89100,Female,Grade 12,0
8786,89104,Female,Diploma,0
8787,89114,Male,Diploma,1
8788,89126,Female,Degree,0
8789,89130,Female,No records,0
8790,89145,Female,Grade 12,0
8791,89152,Female,Diploma,2
8792,89156,Male,No records,4
8793,89184,Female,No records,0
8794,89212,Male,Diploma,4
8795,89242,Male,Grade 12,0
8796,89247,Male,Degree,2
8797,89248,Male,Degree,0
8798,89254,Male,Diploma,0
8799,89256,Female,Grade 12,0
8800,89271,Male,Diploma,0
8801,89277,Male,Diploma,0
8802,89292,Male,Grade 12,0
8803,89308,Male,No records,0
8804,89313,Male,Diploma,0
8805,89326,Male,Grade 12,0
8806,89343,Female,Grade 12,1
8807,89344,Male,Degree,0
8808,89363,Female,No records,0
8809,89370,Female,Postgrad,1
8810,89378,Male,Diploma,0
8811,89403,Female,No records,0
8812,89412,Male,Diploma,3
8813,89424,Male,Diploma,0
8814,89438,Female,No records,0
8815,89441,Male,No records,2
8816,89461,Female,Degree,2
8817,89467,Male,No records,1
8818,89470,Male,Grade 12,1
8819,89477,Male,No records,2
8820,89480,Female,No records,0
8821,89481,Male,Grade 12,0
8822,89494,Male,Diploma,0
8823,89499,Male,Diploma,0
8824,89505,Female,Grade 12,3
8825,89521,Male,Degree,2
8826,89543,Male,Grade 12,0
8827,89572,Female,Grade 12,0
8828,89598,Female,Degree,2
8829,89600,Female,Grade 12,0
8830,89603,Male,Degree,1
8831,89604,Female,Degree,3
8832,89606,Female,Degree,0
8833,89607,Female,Diploma,0
8834,89608,Male,Grade 12,0
8835,89610,Male,Degree,0
8836,89616,Male,Diploma,0
8837,89636,Female,Grade 12,1
8838,89640,Male,Postgrad,0
8839,89641,Female,Degree,0
8840,89644,Female,No records,0
8841,89646,Female,Grade 12,1
8842,89650,Male,No records,3
8843,89662,Female,Diploma,0
8844,89663,Female,Postgrad,1
8845,89681,Female,No records,3
8846,89691,Male,Grade 12,1
8847,89702,Female,Postgrad,0
8848,89706,Male,Grade 12,2
8849,89714,Female,Diploma,2
8850,89725,Male,Grade 12,2
8851,89727,Female,Degree,2
8852,89747,Female,Grade 12,0
8853,89749,Female,No records,0
8854,89763,Female,Grade 12,0
8855,89768,Male,Degree,0
8856,89777,Female,Diploma,0
8857,89785,Male,No records,2
8858,89793,Male,Diploma,0
8859,89797,Male,Degree,0
8860,89816,Male,Grade 12,2
8861,89817,Male,Diploma,0
8862,89828,Male,Postgrad,1
8863,89830,Male,Postgrad,3
8864,89833,Female,Diploma,0
8865,89843,Male,Postgrad,0
8866,89850,Male,Grade 12,0
8867,89866,Female,Degree,0
8868,89875,Male,Diploma,0
8869,89878,Male,Grade 12,0
8870,89898,Male,Grade 12,0
8871,89901,Female,Degree,0
8872,89932,Male,Diploma,0
8873,89933,Female,Grade 12,1
8874,89939,Female,No records,1
8875,89940,Female,Grade 12,0
8876,89955,Female,Grade 12,2
8877,89964,Female,Grade 12,0
8878,89966,Male,Diploma,2
8879,89968,Male,Grade 12,3
8880,89970,Female,No records,0
8881,89984,Male,No records,4
8882,89996,Female,Diploma,1
8883,90003,Male,Diploma,0
8884,90006,Male,Degree,1
8885,90007,Male,Grade 12,0
8886,90015,Female,Postgrad,0
8887,90016,Male,Grade 12,1
8888,90019,Female,No records,2
8889,90021,Male,Degree,0
8890,90025,Male,Degree,1
8891,90035,Female,Grade 12,0
8892,90039,Male,Postgrad,2
8893,90041,Male,Grade 12,1
8894,90043,Male,Diploma,1
8895,90053,Male,No records,0
8896,90062,Male,Diploma,1
8897,90084,Male,No records,2
8898,90095,Male,Grade 12,0
8899,90099,Female,No records,3
8900,90100,Female,Diploma,1
8901,90128,Male,Grade 12,1
8902,90132,Female,Grade 12,0
8903,90136,Female,Grade 12,0
8904,90140,Male,Diploma,0
8905,90141,Male,Diploma,2
8906,90155,Male,Diploma,2
8907,90156,Female,Grade 12,0
8908,90157,Male,Diploma,0
8909,90159,Female,Grade 12,0
8910,90173,Female,Diploma,2
8911,90182,Male,Grade 12,1
8912,90186,Female,Grade 12,0
8913,90189,Female,Postgrad,2
8914,90199,Female,Degree,0
8915,90210,Female,Diploma,0
8916,90241,Female,No records,1
8917,90266,Male,Diploma,0
8918,90280,Female,Grade 12,0
8919,90291,Female,Diploma,1
8920,90295,Male,Diploma,1
8921,90307,Male,No records,1
8922,90315,Male,Degree,2
8923,90318,Female,No records,0
8924,90322,Male,Postgrad,0
8925,90326,Female,Grade 12,4
8926,90328,Male,Postgrad,1
8927,90329,Male,Grade 12,0
8928,90330,Female,Grade 12,3
8929,90348,Female,Grade 12,1
8930,90366,Male,Degree,0
8931,90378,Female,No records,0
8932,90384,Female,Degree,1
8933,90389,Male,Diploma,1
8934,90398,Female,Grade 12,2
8935,90413,Female,Degree,1
8936,90422,Male,No records,1
8937,90433,Male,No records,0
8938,90436,Female,No records,0
8939,90457,Female,Degree,0
8940,90461,Male,Degree,0
8941,90464,Male,Grade 12,1
8942,90465,Male,No records,0
8943,90468,Male,No records,0
8944,90477,Female,Diploma,0
8945,90482,Male,Grade 12,0
8946,90493,Female,No records,2
8947,90494,Female,Grade 12,0
8948,90495,Female,Grade 12,1
8949,90512,Male,No records,2
8950,90513,Female,No records,2
8951,90516,Male,Grade 12,0
8952,90519,Male,Diploma,0
8953,90529,Male,Diploma,0
8954,90534,Female,No records,0
8955,90537,Male,Diploma,2
8956,90541,Female,Diploma,1
8957,90551,Female,No records,0
8958,90566,Female,No records,1
8959,90575,Female,Grade 12,0
8960,90591,Female,Grade 12,0
8961,90594,Male,No records,0
8962,90610,Female,Diploma,1
8963,90627,Male,Grade 12,0
8964,90631,Female,Grade 12,0
8965,90649,Male,No records,2
8966,90659,Female,No records,0
8967,90660,Female,Degree,2
8968,90666,Female,Postgrad,0
8969,90705,Female,Grade 12,0
8970,90729,Male,No records,0
8971,90744,Male,Degree,0
8972,90745,Male,Grade 12,0
8973,90750,Female,No records,0
8974,90757,Female,Grade 12,0
8975,90780,Female,Diploma,0
8976,90796,Male,Diploma,2
8977,90805,Male,Grade 12,0
8978,90807,Male,Degree,1
8979,90821,Male,No records,0
8980,90834,Male,Degree,0
8981,90841,Male,Grade 12,0
8982,90855,Female,Grade 12,0
8983,90909,Male,Diploma,4
8984,90918,Male,Diploma,2
8985,90925,Female,Degree,0
8986,90948,Female,Diploma,0
8987,90949,Male,Grade 12,0
8988,90951,Female,Diploma,0
8989,90963,Male,Grade 12,0
8990,90964,Female,Grade 12,0
8991,90973,Male,No records,1
8992,90991,Male,No records,0
8993,91007,Male,Grade 12,0
8994,91014,Male,Grade 12,1
8995,91016,Female,Grade 12,0
8996,91020,Male,No records,0
8997,91032,Female,Grade 12,0
8998,91040,Male,Grade 12,0
8999,91049,Male,Grade 12,0
9000,91054,Female,Diploma,0
9001,91077,Female,Diploma,0
9002,91088,Male,Diploma,1
9003,91098,Female,Degree,1
9004,91108,Female,Grade 12,0
9005,91114,Female,Grade 12,0
9006,91125,Female,Grade 12,1
9007,91126,Male,Diploma,0
9008,91137,Female,No records,0
9009,91145,Male,Grade 12,1
9010,91149,Female,Degree,2
9011,91152,Female,No records,0
9012,91162,Female,Diploma,0
9013,91170,Female,Diploma,0
9014,91176,Female,Grade 12,2
9015,91178,Male,Degree,0
9016,91182,Male,Grade 12,1
9017,91183,Male,Grade 12,0
9018,91186,Male,No records,0
9019,91213,Male,Grade 12,0
9020,91215,Female,Grade 12,3
9021,91229,Male,Grade 12,0
9022,91230,Male,Grade 12,1
9023,91233,Male,Diploma,0
9024,91242,Male,Diploma,2
9025,91252,Female,Grade 12,1
9026,91265,Female,Degree,0
9027,91268,Male,Postgrad,2
9028,91279,Female,No records,1
9029,91299,Male,No records,0
9030,91302,Female,Postgrad,1
9031,91309,Male,Postgrad,0
9032,91310,Male,Postgrad,0
9033,91319,Male,Grade 12,0
9034,91333,Male,No records,1
9035,91334,Male,Diploma,1
9036,91335,Female,Diploma,0
9037,91346,Male,Grade 12,0
9038,91349,Male,Degree,0
9039,91358,Female,Diploma,2
9040,91362,Female,No records,1
9041,91378,Male,Grade 12,0
9042,91382,Male,Postgrad,0
9043,91383,Female,No records,1
9044,91398,Male,No records,1
9045,91410,Female,Grade 12,0
9046,91426,Female,Diploma,0
9047,91436,Female,Grade 12,1
9048,91446,Male,Degree,0
9049,91449,Male,No records,1
9050,91450,Female,Diploma,0
9051,91459,Female,Diploma,2
9052,91469,Female,No records,0
9053,91470,Female,Degree,1
9054,91490,Male,Degree,1
9055,91497,Male,Degree,3
9056,91503,Male,Grade 12,0
9057,91505,Female,Grade 12,0
9058,91506,Male,Grade 12,3
9059,91509,Female,Grade 12,1
9060,91514,Female,Grade 12,0
9061,91519,Male,Diploma,0
9062,91522,Male,Grade 12,2
9063,91535,Female,Diploma,3
9064,91539,Male,Diploma,0
9065,91542,Female,No records,0
9066,91543,Male,Grade 12,1
9067,91544,Female,Grade 12,2
9068,91572,Female,No records,0
9069,91587,Female,No records,0
9070,91612,Female,Degree,2
9071,91622,Male,No records,2
9072,91626,Male,Grade 12,0
9073,91644,Male,Grade 12,0
9074,91646,Male,No records,0
9075,91652,Male,Diploma,0
9076,91661,Female,No records,1
9077,91676,Male,Grade 12,0
9078,91677,Male,Grade 12,0
9079,91679,Male,Degree,0
9080,91695,Female,No records,0
9081,91701,Male,Diploma,0
9082,91704,Male,Grade 12,0
9083,91751,Female,Postgrad,1
9084,91755,Male,Grade 12,0
9085,91761,Male,Grade 12,0
9086,91763,Female,Grade 12,1
9087,91772,Female,Grade 12,0
9088,91779,Female,Postgrad,0
9089,91786,Female,Degree,2
9090,91795,Male,Diploma,0
9091,91804,Female,Diploma,0
9092,91815,Male,Diploma,3
9093,91821,Male,Degree,2
9094,91858,Female,Degree,0
9095,91869,Male,No records,0
9096,91880,Female,Postgrad,0
9097,91885,Male,No records,0
9098,91897,Female,Grade 12,0
9099,91900,Female,Postgrad,0
9100,91902,Female,Grade 12,2
9101,91903,Female,Degree,0
9102,91922,Male,Diploma,1
9103,91925,Female,Grade 12,0
9104,91929,Female,Grade 12,0
9105,91935,Male,Diploma,1
9106,91941,Male,Grade 12,2
9107,91946,Female,Postgrad,0
9108,91949,Female,Diploma,0
9109,91957,Female,No records,1
9110,91962,Female,Grade 12,0
9111,91963,Male,Diploma,0
9112,91968,Female,Postgrad,0
9113,91970,Male,Degree,0
9114,91976,Male,Diploma,1
9115,91979,Male,Grade 12,1
9116,91982,Female,Diploma,1
9117,91988,Male,No records,0
9118,91991,Female,Postgrad,1
9119,91996,Male,Grade 12,0
9120,92003,Female,Degree,1
9121,92004,Female,No records,0
9122,92043,Male,Diploma,2
9123,92044,Male,Grade 12,0
9124,92046,Female,Diploma,1
9125,92054,Female,Diploma,0
9126,92062,Male,Grade 12,1
9127,92066,Male,No records,1
9128,92079,Female,Grade 12,1
9129,92081,Female,No records,2
9130,92086,Female,Grade 12,0
9131,92106,Male,Degree,0
9132,92125,Female,No records,0
9133,92140,Female,Diploma,0
9134,92146,Female,Diploma,0
9135,92157,Female,Diploma,0
9136,92180,Male,No records,0
9137,92182,Female,Diploma,0
9138,92186,Male,Diploma,2
9139,92191,Male,Grade 12,0
9140,92196,Female,Grade 12,1
9141,92220,Male,Grade 12,0
9142,92221,Male,Grade 12,2
9143,92262,Male,Grade 12,0
9144,92282,Male,No records,2
9145,92296,Female,Degree,2
9146,92299,Female,Grade 12,0
9147,92304,Male,Diploma,0
9148,92309,Male,Grade 12,0
9149,92314,Female,Diploma,2
9150,92320,Female,Grade 12,0
9151,92334,Female,Diploma,0
9152,92341,Male,Grade 12,1
9153,92369,Male,Grade 12,0
9154,92371,Female,No records,0
9155,92381,Male,Diploma,0
9156,92392,Male,Diploma,0
9157,92411,Female,No records,1
9158,92414,Male,Grade 12,3
9159,92415,Female,Degree,0
9160,92440,Male,Diploma,0
9161,92443,Male,Diploma,2
9162,92450,Female,Diploma,3
9163,92458,Male,Grade 12,1
9164,92464,Female,Degree,0
9165,92483,Male,Postgrad,0
9166,92484,Male,Diploma,0
9167,92496,Female,Degree,0
9168,92514,Female,Diploma,0
9169,92515,Female,Diploma,2
9170,92529,Female,Diploma,2
9171,92530,Male,No records,0
9172,92565,Female,Grade 12,1
9173,92567,Male,Grade 12,0
9174,92578,Male,Diploma,2
9175,92580,Male,Grade 12,0
9176,92581,Male,Grade 12,1
9177,92595,Female,Diploma,1
9178,92613,Male,Degree,2
9179,92618,Female,Grade 12,1
9180,92623,Female,Diploma,0
9181,92624,Male,Grade 12,0
9182,92626,Male,Grade 12,0
9183,92642,Male,Grade 12,0
9184,92649,Female,Grade 12,0
9185,92650,Male,Grade 12,0
9186,92672,Female,No records,0
9187,92681,Female,Diploma,0
9188,92683,Female,Grade 12,0
9189,92684,Female,No records,2
9190,92722,Female,No records,0
9191,92723,Female,No records,2
9192,92729,Male,No records,0
9193,92733,Male,Degree,0
9194,92739,Male,Grade 12,0
9195,92753,Male,Diploma,0
9196,92757,Male,Grade 12,3
9197,92765,Female,Postgrad,0
9198,92767,Male,Grade 12,1
9199,92773,Male,Diploma,3
9200,92779,Female,Grade 12,0
9201,92795,Male,Grade 12,0
9202,92796,Female,Diploma,0
9203,92810,Male,No records,0
9204,92814,Female,Grade 12,0
9205,92818,Female,Grade 12,0
9206,92823,Female,Diploma,0
9207,92839,Female,No records,2
9208,92863,Female,Grade 12,0
9209,92867,Female,Grade 12,3
9210,92872,Male,Diploma,0
9211,92884,Female,No records,1
9212,92886,Male,No records,1
9213,92888,Female,No records,0
9214,92889,Female,No records,1
9215,92891,Female,Degree,0
9216,92909,Male,No records,0
9217,92923,Male,Grade 12,1
9218,92957,Male,Diploma,0
9219,92960,Male,Diploma,3
9220,92961,Female,Grade 12,1
9221,92979,Male,Diploma,0
9222,92984,Male,Diploma,0
9223,92994,Male,Diploma,0
9224,93006,Female,Degree,0
9225,93007,Female,Diploma,1
9226,93021,Female,Degree,0
9227,93025,Male,No records,0
9228,93029,Female,No records,0
9229,93039,Male,Grade 12,1
9230,93045,Male,Grade 12,0
9231,93057,Female,Postgrad,0
9232,93065,Female,No records,2
9233,93142,Female,Grade 12,0
9234,93151,Female,Degree,0
9235,93152,Male,Diploma,0
9236,93153,Female,Grade 12,0
9237,93162,Female,No records,0
9238,93176,Male,Degree,0
9239,93235,Male,No records,2
9240,93248,Female,Grade 12,0
9241,93251,Female,No records,0
9242,93264,Male,Diploma,0
9243,93283,Female,No records,0
9244,93286,Male,Degree,1
9245,93288,Male,No records,2
9246,93295,Female,Diploma,2
9247,93305,Male,Grade 12,4
9248,93307,Female,No records,0
9249,93325,Male,Degree,0
9250,93329,Female,Diploma,0
9251,93339,Female,Grade 12,0
9252,93342,Female,Grade 12,0
9253,93343,Male,Diploma,0
9254,93345,Male,Degree,2
9255,93374,Male,No records,0
9256,93377,Female,No records,0
9257,93380,Female,No records,0
9258,93383,Female,Grade 12,0
9259,93401,Male,Postgrad,1
9260,93403,Female,Grade 12,0
9261,93408,Male,Diploma,1
9262,93414,Male,No records,1
9263,93415,Female,Grade 12,0
9264,93438,Female,Grade 12,1
9265,93443,Male,Degree,2
9266,93471,Male,No records,0
9267,93490,Female,No records,0
9268,93506,Male,Degree,0
9269,93508,Male,Grade 12,1
9270,93521,Male,Postgrad,0
9271,93523,Male,Grade 12,0
9272,93540,Male,Diploma,2
9273,93553,Female,No records,0
9274,93558,Male,Diploma,2
9275,93580,Male,Degree,1
9276,93582,Female,Grade 12,3
9277,93588,Male,Diploma,0
9278,93590,Male,Grade 12,1
9279,93594,Female,No records,0
9280,93615,Female,Grade 12,0
9281,93618,Female,Diploma,2
9282,93634,Male,Grade 12,0
9283,93640,Male,Grade 12,2
9284,93648,Female,No records,0
9285,93657,Male,Grade 12,0
9286,93671,Female,Postgrad,0
9287,93700,Female,Degree,0
9288,93723,Male,Grade 12,0
9289,93727,Female,Diploma,0
9290,93731,Female,No records,0
9291,93741,Female,Grade 12,0
9292,93743,Female,Grade 12,2
9293,93755,Male,Diploma,0
9294,93756,Male,No records,0
9295,93764,Male,Grade 12,0
9296,93767,Female,Postgrad,0
9297,93768,Female,Grade 12,1
9298,93769,Female,Grade 12,1
9299,93784,Male,Postgrad,0
9300,93785,Female,Grade 12,1
9301,93788,Male,Grade 12,2
9302,93806,Female,Diploma,1
9303,93814,Male,Degree,2
9304,93829,Female,No records,0
9305,93835,Male,Grade 12,0
9306,93851,Male,Degree,0
9307,93854,Male,No records,0
9308,93858,Female,No records,0
9309,93860,Male,Degree,1
9310,93863,Female,Diploma,0
9311,93864,Male,Grade 12,0
9312,93868,Male,Postgrad,1
9313,93895,Male,Degree,1
9314,93903,Female,Degree,0
9315,93910,Female,No records,0
9316,93914,Male,Diploma,3
9317,93922,Male,Degree,1
9318,93936,Female,Diploma,0
9319,93938,Male,Degree,0
9320,93945,Female,No records,1
9321,93948,Female,Diploma,0
9322,93959,Female,No records,0
9323,93970,Male,Grade 12,2
9324,93971,Female,Diploma,0
9325,93975,Female,Grade 12,1
9326,93979,Male,Diploma,0
9327,93983,Male,Grade 12,0
9328,93989,Male,No records,2
9329,93997,Male,No records,0
9330,94003,Female,Grade 12,0
9331,94004,Male,No records,0
9332,94006,Male,Diploma,0
9333,94009,Female,Grade 12,0
9334,94012,Male,No records,0
9335,94015,Female,Diploma,0
9336,94035,Male,Grade 12,0
9337,94038,Male,Grade 12,0
9338,94039,Female,No records,0
9339,94041,Male,Degree,0
9340,94050,Female,Grade 12,0
9341,94051,Male,Diploma,0
9342,94062,Male,Degree,2
9343,94066,Male,Grade 12,0
9344,94073,Female,Degree,0
9345,94079,Female,No records,0
9346,94086,Female,Grade 12,0
9347,94088,Male,Grade 12,2
9348,94092,Male,Grade 12,2
9349,94095,Female,Diploma,0
9350,94120,Male,No records,0
9351,94133,Male,Grade 12,0
9352,94137,Female,Diploma,1
9353,94147,Female,Degree,0
9354,94155,Female,Grade 12,0
9355,94164,Male,Degree,1
9356,94170,Female,No records,1
9357,94171,Male,Degree,0
9358,94201,Female,Grade 12,0
9359,94208,Female,Grade 12,0
9360,94211,Female,Grade 12,2
9361,94212,Female,Grade 12,0
9362,94213,Male,Postgrad,2
9363,94215,Female,Grade 12,1
9364,94217,Male,No records,3
9365,94226,Female,Degree,2
9366,94229,Female,Diploma,0
9367,94231,Male,No records,2
9368,94244,Female,Grade 12,1
9369,94245,Female,No records,1
9370,94247,Male,Diploma,0
9371,94248,Female,No records,0
9372,94254,Female,Grade 12,3
9373,94256,Male,No records,3
9374,94257,Female,Diploma,0
9375,94271,Male,Diploma,3
9376,94280,Female,Diploma,0
9377,94285,Female,Diploma,0
9378,94312,Female,No records,0
9379,94323,Male,Grade 12,0
9380,94326,Female,Diploma,0
9381,94328,Female,Degree,0
9382,94331,Male,Diploma,0
9383,94333,Female,Degree,0
9384,94334,Female,Grade 12,0
9385,94336,Male,Grade 12,1
9386,94348,Male,Diploma,2
9387,94351,Male,Grade 12,0
9388,94361,Male,Grade 12,2
9389,94364,Female,Diploma,0
9390,94366,Female,No records,0
9391,94383,Female,Diploma,0
9392,94385,Female,Grade 12,2
9393,94389,Male,Grade 12,1
9394,94391,Male,Grade 12,0
9395,94400,Female,Diploma,0
9396,94403,Male,Diploma,2
9397,94406,Male,Degree,0
9398,94429,Female,Grade 12,0
9399,94458,Female,No records,3
9400,94465,Male,No records,1
9401,94477,Male,No records,2
9402,94490,Male,Grade 12,0
9403,94496,Female,Grade 12,0
9404,94532,Male,No records,1
9405,94538,Male,Degree,0
9406,94540,Female,Degree,0
9407,94542,Female,Grade 12,1
9408,94547,Male,Grade 12,0
9409,94556,Male,Diploma,0
9410,94559,Female,No records,2
9411,94565,Female,Diploma,0
9412,94571,Male,No records,0
9413,94574,Male,Grade 12,3
9414,94580,Female,No records,0
9415,94589,Male,Grade 12,0
9416,94593,Male,Grade 12,0
9417,94602,Female,Grade 12,1
9418,94603,Female,Diploma,0
9419,94615,Female,Grade 12,2
9420,94637,Female,No records,0
9421,94645,Female,Degree,0
9422,94654,Female,Grade 12,2
9423,94672,Male,Diploma,1
9424,94699,Female,Grade 12,0
9425,94723,Female,Diploma,0
9426,94727,Female,No records,0
9427,94745,Male,No records,0
9428,94753,Female,Degree,0
9429,94757,Male,Grade 12,0
9430,94760,Female,No records,0
9431,94762,Female,Diploma,0
9432,94795,Male,Grade 12,1
9433,94806,Female,Diploma,0
9434,94812,Male,Grade 12,0
9435,94835,Female,Grade 12,4
9436,94842,Female,Postgrad,2
9437,94858,Female,No records,0
9438,94861,Female,Diploma,0
9439,94872,Male,Grade 12,0
9440,94875,Male,No records,0
9441,94891,Female,Diploma,0
9442,94898,Male,Grade 12,0
9443,94901,Male,Diploma,1
9444,94905,Female,Grade 12,0
9445,94925,Female,No records,0
9446,94931,Male,Grade 12,0
9447,94936,Male,Degree,2
9448,94959,Female,No records,0
9449,94967,Male,No records,0
9450,94971,Female,Degree,0
9451,95021,Female,Degree,0
9452,95032,Female,Diploma,3
9453,95075,Male,No records,0
9454,95079,Male,No records,0
9455,95080,Male,Degree,0
9456,95086,Male,Diploma,2
9457,95111,Male,No records,2
9458,95112,Female,No records,1
9459,95121,Female,Grade 12,0
9460,95122,Male,Grade 12,0
9461,95128,Male,No records,0
9462,95134,Male,Diploma,0
9463,95150,Male,Grade 12,0
9464,95163,Male,Diploma,1
9465,95171,Female,Degree,0
9466,95190,Female,Diploma,1
9467,95191,Male,Diploma,3
9468,95221,Female,Grade 12,0
9469,95238,Male,Diploma,0
9470,95239,Male,Postgrad,0
9471,95243,Female,Grade 12,1
9472,95251,Female,Grade 12,1
9473,95253,Male,Degree,0
9474,95257,Female,Diploma,0
9475,95260,Male,Degree,1
9476,95269,Male,Grade 12,1
9477,95271,Female,Diploma,1
9478,95291,Female,Diploma,2
9479,95311,Male,Postgrad,2
9480,95321,Male,No records,0
9481,95323,Female,No records,0
9482,95326,Female,Grade 12,1
9483,95346,Female,Diploma,3
9484,95358,Male,Diploma,1
9485,95385,Female,Postgrad,0
9486,95387,Female,Diploma,0
9487,95391,Male,Grade 12,0
9488,95392,Female,Grade 12,2
9489,95394,Female,Diploma,2
9490,95397,Female,Diploma,0
9491,95401,Male,Grade 12,1
9492,95402,Male,No records,2
9493,95411,Female,Grade 12,0
9494,95417,Female,No records,0
9495,95428,Female,Grade 12,0
9496,95434,Male,Grade 12,0
9497,95437,Female,Diploma,0
9498,95455,Male,Postgrad,2
9499,95463,Male,Grade 12,3
9500,95469,Male,Diploma,0
9501,95482,Female,Grade 12,0
9502,95484,Male,Grade 12,0
9503,95494,Male,No records,0
9504,95535,Female,Grade 12,0
9505,95564,Female,Grade 12,0
9506,95571,Female,Degree,3
9507,95582,Female,Diploma,0
9508,95592,Male,Grade 12,0
9509,95603,Female,No records,0
9510,95626,Male,Diploma,1
9511,95646,Male,Grade 12,0
9512,95689,Male,Grade 12,0
9513,95694,Male,Grade 12,1
9514,95708,Male,Grade 12,1
9515,95717,Female,Grade 12,0
9516,95720,Male,Degree,1
9517,95747,Male,Grade 12,0
9518,95751,Female,Grade 12,1
9519,95753,Male,Degree,0
9520,95758,Female,Diploma,0
9521,95759,Male,Degree,0
9522,95770,Male,Diploma,0
9523,95774,Female,Grade 12,2
9524,95776,Female,Degree,1
9525,95779,Male,Grade 12,0
9526,95780,Female,Diploma,1
9527,95784,Female,Grade 12,0
9528,95788,Female,Degree,1
9529,95794,Male,Grade 12,1
9530,95802,Male,Diploma,1
9531,95815,Female,Diploma,0
9532,95816,Male,Grade 12,2
9533,95817,Female,No records,1
9534,95820,Male,No records,2
9535,95841,Male,Degree,0
9536,95851,Male,Grade 12,0
9537,95880,Female,Diploma,2
9538,95915,Male,Grade 12,0
9539,95922,Female,Grade 12,0
9540,95923,Male,Degree,0
9541,95950,Male,No records,0
9542,95961,Male,Diploma,0
9543,95962,Male,Grade 12,2
9544,95972,Female,Grade 12,1
9545,95978,Male,Diploma,0
9546,95994,Male,Grade 12,0
9547,95997,Female,Diploma,0
9548,96011,Female,No records,1
9549,96032,Female,Grade 12,0
9550,96034,Female,No records,2
9551,96038,Male,Diploma,0
9552,96041,Male,Grade 12,2
9553,96048,Male,No records,0
9554,96054,Male,Grade 12,3
9555,96060,Female,Degree,1
9556,96069,Female,Diploma,1
9557,96087,Female,Degree,0
9558,96133,Female,Degree,0
9559,96139,Male,Grade 12,0
9560,96182,Female,Grade 12,0
9561,96188,Female,Grade 12,1
9562,96192,Female,Degree,2
9563,96202,Male,No records,1
9564,96215,Male,No records,0
9565,96235,Male,Diploma,0
9566,96258,Male,Diploma,2
9567,96269,Male,No records,0
9568,96328,Female,Grade 12,0
9569,96336,Female,Grade 12,0
9570,96342,Female,Grade 12,0
9571,96350,Male,Diploma,0
9572,96352,Female,No records,1
9573,96362,Female,Diploma,0
9574,96371,Male,Postgrad,0
9575,96379,Female,Grade 12,1
9576,96384,Female,No records,0
9577,96387,Male,Degree,1
9578,96393,Female,Grade 12,0
9579,96398,Female,Diploma,0
9580,96414,Male,Diploma,2
9581,96417,Male,Grade 12,0
9582,96426,Female,Grade 12,0
9583,96432,Male,Diploma,2
9584,96435,Female,Grade 12,0
9585,96442,Female,Grade 12,0
9586,96450,Female,Grade 12,1
9587,96459,Female,No records,0
9588,96460,Male,Grade 12,0
9589,96475,Female,Diploma,0
9590,96479,Male,No records,0
9591,96497,Male,Degree,0
9592,96500,Male,Postgrad,0
9593,96522,Male,No records,0
9594,96534,Female,No records,0
9595,96538,Male,Grade 12,0
9596,96547,Female,Grade 12,1
9597,96559,Female,Grade 12,0
9598,96564,Female,Grade 12,1
9599,96575,Female,Grade 12,0
9600,96577,Male,Postgrad,1
9601,96584,Female,Grade 12,0
9602,96590,Male,Grade 12,0
9603,96591,Male,Grade 12,2
9604,96602,Female,Grade 12,3
9605,96603,Male,No records,0
9606,96605,Male,Grade 12,0
9607,96612,Male,No records,2
9608,96614,Male,Postgrad,1
9609,96615,Male,No records,0
9610,96617,Male,No records,0
9611,96620,Male,No records,3
9612,96633,Female,Diploma,0
9613,96641,Female,Grade 12,1
9614,96643,Female,Degree,1
9615,96646,Female,Postgrad,2
9616,96652,Female,Grade 12,0
9617,96659,Female,Diploma,3
9618,96672,Female,Diploma,0
9619,96673,Male,No records,2
9620,96680,Male,No records,0
9621,96688,Male,Grade 12,0
9622,96713,Male,Grade 12,1
9623,96732,Female,Diploma,1
9624,96737,Female,Grade 12,1
9625,96743,Male,Diploma,1
9626,96754,Male,No records,0
9627,96761,Female,Grade 12,0
9628,96768,Male,Grade 12,1
9629,96770,Male,Diploma,1
9630,96790,Female,Grade 12,1
9631,96806,Female,No records,0
9632,96809,Male,Diploma,0
9633,96812,Male,Grade 12,1
9634,96813,Female,Postgrad,0
9635,96814,Female,No records,0
9636,96815,Female,Grade 12,0
9637,96817,Female,No records,0
9638,96829,Male,Grade 12,2
9639,96846,Female,Degree,0
9640,96861,Female,Diploma,2
9641,96871,Female,Grade 12,0
9642,96875,Female,Degree,2
9643,96876,Male,Degree,0
9644,96896,Female,Grade 12,0
9645,96900,Female,Postgrad,0
9646,96910,Female,No records,1
9647,96917,Female,Grade 12,2
9648,96921,Male,Diploma,2
9649,96958,Male,Grade 12,0
9650,96961,Male,Grade 12,0
9651,96967,Male,Grade 12,0
9652,96970,Male,Diploma,0
9653,96972,Female,Grade 12,0
9654,96976,Female,No records,2
9655,96978,Female,Grade 12,1
9656,96999,Female,Diploma,0
9657,97015,Male,Diploma,0
9658,97021,Female,Diploma,0
9659,97041,Female,Grade 12,0
9660,97042,Male,Grade 12,1
9661,97045,Female,Grade 12,0
9662,97055,Female,Grade 12,0
9663,97067,Male,Grade 12,0
9664,97071,Female,Diploma,2
9665,97084,Female,Grade 12,2
9666,97127,Male,Degree,4
9667,97142,Male,Grade 12,0
9668,97146,Male,Grade 12,2
9669,97155,Male,Diploma,3
9670,97186,Female,Grade 12,1
9671,97215,Male,Grade 12,0
9672,97222,Male,Diploma,0
9673,97230,Male,Diploma,1
9674,97232,Male,Grade 12,0
9675,97236,Male,Diploma,0
9676,97245,Female,Grade 12,1
9677,97251,Male,Degree,2
9678,97259,Male,Diploma,0
9679,97267,Female,Diploma,0
9680,97272,Male,Grade 12,0
9681,97278,Female,Degree,0
9682,97283,Male,No records,1
9683,97292,Female,Postgrad,1
9684,97308,Male,Grade 12,1
9685,97309,Male,Grade 12,0
9686,97337,Male,Grade 12,0
9687,97342,Male,Grade 12,2
9688,97352,Male,Postgrad,1
9689,97358,Male,Degree,0
9690,97366,Female,Grade 12,3
9691,97371,Male,Grade 12,1
9692,97377,Female,Postgrad,0
9693,97385,Female,Grade 12,0
9694,97387,Male,Grade 12,0
9695,97396,Male,Degree,0
9696,97401,Female,No records,0
9697,97409,Male,Diploma,0
9698,97412,Male,Grade 12,0
9699,97413,Male,Degree,0
9700,97433,Female,Degree,1
9701,97438,Female,Grade 12,1
9702,97439,Female,Grade 12,1
9703,97447,Female,Grade 12,0
9704,97450,Male,Diploma,0
9705,97451,Female,No records,0
9706,97463,Female,No records,0
9707,97470,Male,No records,0
9708,97474,Female,Diploma,0
9709,97491,Female,Grade 12,3
9710,97499,Male,Grade 12,0
9711,97505,Male,No records,2
9712,97507,Female,Diploma,0
9713,97518,Female,Grade 12,1
9714,97526,Male,Grade 12,1
9715,97528,Female,Grade 12,0
9716,97536,Female,Diploma,2
9717,97545,Male,Degree,1
9718,97549,Female,Grade 12,1
9719,97553,Male,No records,0
9720,97563,Female,Diploma,0
9721,97602,Female,Diploma,0
9722,97633,Female,Grade 12,0
9723,97638,Male,Diploma,1
9724,97658,Male,No records,2
9725,97659,Male,Degree,0
9726,97662,Male,Diploma,4
9727,97678,Female,Grade 12,0
9728,97679,Male,Grade 12,1
9729,97689,Male,No records,2
9730,97694,Female,Degree,0
9731,97696,Female,Diploma,1
9732,97702,Male,Diploma,1
9733,97705,Male,Grade 12,0
9734,97716,Male,Grade 12,0
9735,97728,Male,Grade 12,1
9736,97732,Male,Degree,0
9737,97737,Female,Grade 12,0
9738,97745,Female,Grade 12,0
9739,97747,Male,Grade 12,3
9740,97750,Male,Diploma,0
9741,97774,Female,Diploma,1
9742,97787,Male,Degree,1
9743,97792,Female,Grade 12,0
9744,97793,Male,No records,2
9745,97807,Female,Grade 12,0
9746,97817,Female,Diploma,1
9747,97821,Female,Grade 12,2
9748,97831,Male,No records,1
9749,97839,Female,Grade 12,0
9750,97841,Female,Grade 12,0
9751,97843,Female,Postgrad,0
9752,97854,Female,Degree,0
9753,97856,Female,Diploma,2
9754,97864,Female,Diploma,1
9755,97865,Female,Postgrad,1
9756,97867,Male,Grade 12,0
9757,97872,Female,Diploma,1
9758,97882,Female,Grade 12,2
9759,97889,Male,Degree,2
9760,97910,Female,No records,0
9761,97911,Female,Grade 12,1
9762,97935,Male,Grade 12,0
9763,97937,Female,Grade 12,0
9764,97939,Female,No records,0
9765,97940,Male,Grade 12,4
9766,97943,Male,No records,0
9767,97947,Female,Postgrad,0
9768,97952,Male,Grade 12,0
9769,97963,Male,Grade 12,0
9770,97970,Female,Degree,0
9771,97976,Male,No records,0
9772,97980,Male,Diploma,1
9773,97985,Male,Grade 12,1
9774,98021,Male,Degree,2
9775,98024,Male,Degree,0
9776,98025,Female,No records,0
9777,98036,Male,Grade 12,0
9778,98099,Male,Grade 12,0
9779,98103,Male,Degree,1
9780,98113,Male,No records,0
9781,98119,Female,Degree,0
9782,98144,Male,Grade 12,1
9783,98148,Female,No records,2
9784,98149,Male,Grade 12,0
9785,98150,Female,Degree,1
9786,98164,Female,No records,0
9787,98166,Male,Diploma,0
9788,98203,Female,Degree,2
9789,98236,Male,Diploma,0
9790,98249,Male,Grade 12,0
9791,98253,Male,Grade 12,1
9792,98261,Male,Diploma,1
9793,98263,Female,Degree,0
9794,98273,Female,Grade 12,0
9795,98280,Female,Postgrad,1
9796,98283,Male,Grade 12,2
9797,98295,Female,Grade 12,0
9798,98298,Female,Grade 12,0
9799,98306,Female,Degree,0
9800,98316,Female,Grade 12,0
9801,98317,Male,Postgrad,1
9802,98325,Female,Degree,0
9803,98339,Female,Diploma,0
9804,98342,Female,Grade 12,0
9805,98343,Male,Diploma,2
9806,98351,Female,Grade 12,3
9807,98360,Male,Degree,0
9808,98362,Female,Diploma,2
9809,98366,Male,Grade 12,1
9810,98372,Female,Grade 12,2
9811,98379,Male,Diploma,0
9812,98384,Female,No records,0
9813,98390,Female,Diploma,0
9814,98391,Female,Diploma,0
9815,98392,Male,Degree,0
9816,98394,Female,No records,0
9817,98405,Female,Diploma,2
9818,98418,Female,Grade 12,2
9819,98422,Female,Diploma,1
9820,98423,Male,Diploma,1
9821,98433,Female,Diploma,0
9822,98434,Male,Diploma,0
9823,98436,Male,No records,1
9824,98444,Male,No records,1
9825,98446,Male,No records,1
9826,98455,Female,Diploma,1
9827,98459,Female,Grade 12,3
9828,98462,Male,Grade 12,0
9829,98467,Female,Degree,0
9830,98468,Female,No records,0
9831,98478,Male,Grade 12,2
9832,98485,Female,No records,0
9833,98505,Male,Diploma,0
9834,98517,Male,Diploma,2
9835,98519,Female,Diploma,0
9836,98536,Male,Grade 12,2
9837,98545,Female,No records,0
9838,98554,Male,No records,0
9839,98559,Female,Degree,0
9840,98563,Female,Postgrad,2
9841,98568,Male,Grade 12,0
9842,98569,Female,Degree,0
9843,98574,Female,Diploma,0
9844,98576,Male,Grade 12,0
9845,98595,Male,No records,0
9846,98599,Male,Diploma,0
9847,98602,Male,Grade 12,0
9848,98625,Female,Grade 12,0
9849,98635,Female,No records,0
9850,98639,Female,Diploma,2
9851,98640,Male,Diploma,1
9852,98648,Male,Diploma,1
9853,98669,Male,Degree,0
9854,98678,Male,Postgrad,0
9855,98679,Male,Postgrad,1
9856,98689,Male,Diploma,2
9857,98706,Male,Diploma,0
9858,98710,Female,Grade 12,1
9859,98714,Male,Grade 12,0
9860,98718,Male,Diploma,1
9861,98721,Female,Grade 12,0
9862,98724,Female,Diploma,2
9863,98730,Female,Diploma,0
9864,98736,Female,No records,0
9865,98739,Female,Diploma,1
9866,98768,Male,No records,1
9867,98776,Male,Grade 12,4
9868,98785,Female,Grade 12,0
9869,98786,Male,Postgrad,0
9870,98796,Male,Grade 12,0
9871,98797,Male,Diploma,0
9872,98809,Female,Grade 12,2
9873,98810,Male,Diploma,0
9874,98817,Female,Degree,3
9875,98835,Male,Grade 12,0
9876,98840,Male,Diploma,2
9877,98860,Female,Diploma,0
9878,98908,Male,No records,0
9879,98931,Male,Grade 12,0
9880,98937,Male,Diploma,0
9881,98938,Female,No records,0
9882,98947,Female,Grade 12,1
9883,98956,Male,No records,2
9884,98993,Male,No records,3
9885,99004,Female,Diploma,0
9886,99012,Female,Postgrad,0
9887,99021,Male,Grade 12,2
9888,99023,Male,Diploma,1
9889,99033,Female,Diploma,2
9890,99041,Male,Grade 12,2
9891,99044,Female,Grade 12,3
9892,99052,Female,Grade 12,2
9893,99057,Male,No records,2
9894,99070,Male,Diploma,3
9895,99074,Male,No records,3
9896,99075,Female,Grade 12,0
9897,99085,Female,Diploma,2
9898,99093,Male,No records,0
9899,99100,Female,Diploma,1
9900,99103,Male,Grade 12,0
9901,99111,Female,No records,0
9902,99121,Male,No records,0
9903,99140,Female,Diploma,1
9904,99142,Male,Degree,0
9905,99145,Male,Degree,0
9906,99152,Female,Grade 12,0
9907,99158,Female,Grade 12,2
9908,99162,Female,No records,0
9909,99163,Male,Grade 12,0
9910,99164,Female,Degree,0
9911,99177,Male,Grade 12,0
9912,99186,Female,Grade 12,0
9913,99190,Male,Grade 12,0
9914,99193,Female,Grade 12,1
9915,99198,Male,Diploma,0
9916,99199,Male,Grade 12,0
9917,99206,Male,Diploma,1
9918,99238,Female,Degree,0
9919,99245,Female,Grade 12,2
9920,99248,Male,Postgrad,0
9921,99256,Female,No records,0
9922,99260,Male,Diploma,3
9923,99281,Male,Postgrad,0
9924,99303,Female,Degree,0
9925,99315,Male,No records,0
9926,99349,Female,Degree,2
9927,99353,Male,No records,2
9928,99362,Male,Diploma,0
9929,99367,Male,Postgrad,3
9930,99395,Male,Diploma,0
9931,99401,Female,Diploma,0
9932,99406,Male,Postgrad,0
9933,99411,Female,No records,1
9934,99417,Male,Grade 12,3
9935,99429,Male,No records,0
9936,99434,Male,Grade 12,1
9937,99436,Male,Grade 12,0
9938,99441,Male,Degree,0
9939,99442,Female,Degree,0
9940,99443,Female,Grade 12,2
9941,99458,Female,No records,2
9942,99463,Female,Grade 12,2
9943,99474,Female,No records,1
9944,99484,Female,Diploma,0
9945,99492,Female,Grade 12,0
9946,99511,Female,Grade 12,0
9947,99520,Male,Diploma,0
9948,99534,Female,Grade 12,0
9949,99538,Male,Grade 12,0
9950,99545,Male,Postgrad,0
9951,99561,Female,No records,1
9952,99563,Female,Diploma,3
9953,99568,Male,Grade 12,0
9954,99573,Male,No records,0
9955,99586,Female,Diploma,1
9956,99587,Female,Grade 12,0
9957,99596,Male,Grade 12,0
9958,99605,Male,Diploma,1
9959,99607,Female,Grade 12,0
9960,99637,Male,Grade 12,1
9961,99646,Female,Grade 12,0
9962,99662,Female,No records,1
9963,99666,Male,Grade 12,1
9964,99667,Female,No records,2
9965,99692,Female,Diploma,0
9966,99699,Female,Grade 12,0
9967,99726,Male,Diploma,0
9968,99735,Female,Grade 12,1
9969,99747,Male,No records,2
9970,99752,Female,Degree,1
9971,99756,Female,Grade 12,2
9972,99759,Male,Grade 12,0
9973,99760,Male,No records,0
9974,99782,Male,No records,0
9975,99783,Female,No records,0
9976,99784,Male,No records,0
9977,99785,Male,Diploma,0
9978,99812,Male,No records,0
9979,99826,Male,Degree,0
9980,99828,Male,Diploma,1
9981,99833,Female,Degree,1
9982,99834,Female,Diploma,0
9983,99842,Female,Diploma,2
9984,99853,Female,Grade 12,0
9985,99860,Male,No records,2
9986,99865,Male,Degree,0
9987,99888,Female,Grade 12,0
9988,99896,Male,Grade 12,1
9989,99914,Male,No records,1
9990,99915,Male,Grade 12,0
9991,99944,Female,Diploma,0
9992,99957,Female,Diploma,2
9993,99973,Female,Diploma,2
9994,99981,Female,Grade 12,0
9995,99983,Male,Grade 12,0
9996,99984,Female,Degree,2
9997,99990,Male,Grade 12,0
9998,99995,Female,Grade 12,0
9999,99997,Male,No records,0
