"ID","IntRate","Income","DTI","LoanAmt","HistLen","Utilisation","Age","EmpStatus","HomeOwn","Purpose","default"
10005,17.75,180437,1.75,"537093",7.02,35.28,32.4,"Salaried","Mortgage","Vehicle",1
10026,33.75,7701,0.51,"25785",24.24,82.92,50.8,"Unemployed","Rent","Vehicle",0
10031,18.75,331021,1.72,"974609",23,76.17,54,"Salaried","Rent","Vehicle",0
10034,18.75,1141777,1.27,"3939620",28.03,91.63,52.8,"Self-employed","Mortgage","Home_improvement",0
10057,35,2188,0.52,"4568",4.46,22.91,31.2,"Unemployed","Rent","Debt_consolidation",0
10060,19.25,216599,1.27,"222022",19.04,74.38,48.2,"Salaried","Own","Debt_consolidation",1
10062,17.75,508186,1.44,"1482142",35.69,114.58,59.8,"Salaried","Mortgage","Vehicle",1
10072,18.25,551978,1.23,"599773",38.01,121.81,72.2,"Salaried","Mortgage","Home_improvement",1
10074,35,5552,0.47,"4820",11.06,48.85,39.6,"Unemployed","Rent","Debt_consolidation",1
10079,20.75,279544,1.66,"293855",6.21,29.92,29.6,"Salaried","Own","Debt_consolidation",0
10085,16.75,374953,0.93,"476904",11.27,45.28,42.5,"Salaried","Mortgage","Home_improvement",0
10087,23.25,1076872,1.91,"3290525",34.87,113.89,67.7,"Self-employed","Mortgage","Debt_consolidation",1
10091,16.75,230877,1.81,"315432",21.37,78,43.8,"Salaried","Mortgage","Home_improvement",1
10100,19.25,327330,1.7,"885411",36.76,118.08,64.2,"Salaried","Mortgage","Vehicle",1
10104,17.75,453576,1.34,"1242525",30.46,109.16,53.2,"Salaried","Mortgage","Vehicle",0
10110,22.25,282845,1.26,"420529",1.46,16.47,35.1,"Salaried","Rent","Vehicle",0
10113,17.75,391867,1.3,"262191",14.55,49.24,49,"Salaried","Mortgage","Vehicle",0
10125,14.25,214972,1.59,"73649",22.84,76.69,57.1,"Salaried","Mortgage","Home_improvement",1
10131,20.25,99211,1.49,"172550",37.61,125.48,64.1,"Salaried","Rent","Vehicle",0
10133,21.25,264602,1.17,"447607",2.91,21.03,35.7,"Salaried","Mortgage","Vehicle",1
10134,22.75,1163432,1.5,"1165731",35.01,115.03,68.3,"Contract","Mortgage","Vehicle",1
10157,18.75,338218,1.32,"580411",25.97,85.64,53.6,"Salaried","Rent","Vehicle",0
10163,17.75,593623,1.96,"1065988",20.15,69.14,50.4,"Salaried","Mortgage","Vehicle",0
10166,23.25,300825,1.13,"723432",37.62,123.7,64.7,"Salaried","Rent","Other",1
10169,26.75,775467,1.61,"2850574",39.15,124.26,70,"Contract","Rent","Other",0
10175,21.75,373922,1.34,"1027922",8.19,30.12,43,"Salaried","Rent","Other",1
10192,20.75,676362,1.55,"2061168",5.75,30.28,34.1,"Salaried","Own","Debt_consolidation",0
10194,19.25,705746,1.71,"714150",23.32,78.86,53.6,"Salaried","Own","Debt_consolidation",0
10201,33.75,7082,0.42,"14793",36.05,121.09,63.9,"Unemployed","Rent","Debt_consolidation",1
10229,16.75,754173,1.11,"860750",12.22,49.07,37.8,"Salaried","Mortgage","Home_improvement",0
10239,22.75,1018912,1.26,"1950656",26.57,90.14,61.4,"Contract","Mortgage","Vehicle",1
10251,19.25,322862,1.4,"340262",25.33,86.42,52.5,"Salaried","Own","Debt_consolidation",0
10255,22.25,80506,1.38,"238877",0.9,5.92,31.9,"Salaried","Rent","Vehicle",0
10265,16.75,537837,1.16,"963193",24.2,82.26,51.5,"Salaried","Mortgage","Home_improvement",1
10276,22.25,1161563,1.59,"508947",34.45,110.59,64.4,"Contract","Mortgage","Debt_consolidation",1
10284,17.75,368626,1.05,"200009",1.14,15.8,35.5,"Salaried","Mortgage","Home_improvement",0
10292,18.75,459626,1.56,"1483387",11.73,45.38,34.1,"Salaried","Rent","Vehicle",0
10314,18.75,427361,1.9,"1043085",21.69,79.03,51.7,"Salaried","Rent","Vehicle",0
10322,18.75,147688,1.54,"196145",28.35,99.76,52.7,"Salaried","Rent","Vehicle",0
10323,18.75,332222,1.61,"1172108",7.96,29.68,39.8,"Salaried","Rent","Vehicle",0
10335,25.25,2090140,2.38,"1719495",36.39,118.28,66.5,"Self-employed","Rent","Other",1
10339,18.75,291899,1.85,"738973",27.64,92.55,52.5,"Salaried","Rent","Vehicle",0
10346,17.25,1939571,1.31,"810542",10.55,39.85,38.7,"Self-employed","Mortgage","Vehicle",0
10359,18.25,368224,1.5,"426152",33.58,107.09,61.6,"Salaried","Mortgage","Home_improvement",0
10361,18.75,175158,1.37,"604447",25.47,88.47,48,"Salaried","Rent","Vehicle",0
10392,22.75,471882,1.35,"1757497",5.38,27.52,38.3,"Contract","Mortgage","Vehicle",0
10401,19.25,267212,1.46,"765885",38.43,124.89,62.3,"Salaried","Mortgage","Vehicle",1
10417,17.75,214604,1.25,"98082",38.55,121.54,60.8,"Salaried","Rent","Vehicle",0
10434,25.25,2047306,2.08,"6733907",37.22,120.41,64.7,"Self-employed","Rent","Other",1
10447,22.25,190190,1.95,"208176",10.8,42.63,44.8,"Contract","Rent","Vehicle",0
10453,23.25,131987,1.1,"226123",37.91,127.56,69.1,"Salaried","Rent","Other",1
10456,16.75,411287,1.64,"1461376",21.81,75.01,56.3,"Salaried","Mortgage","Home_improvement",0
10467,25.25,227964,1.65,"423009",23.56,82.64,49.1,"Contract","Rent","Other",0
10487,18.25,558008,1.59,"1410077",31.22,102.53,63.8,"Salaried","Mortgage","Home_improvement",1
10499,33.75,3533,0.45,"9553",35.6,114.68,60.8,"Unemployed","Rent","Debt_consolidation",0
10503,19.25,248993,1.71,"528583",24.58,81.87,56.8,"Salaried","Own","Debt_consolidation",1
10530,23.25,122165,1.42,"156852",34.41,108.23,63.2,"Salaried","Rent","Other",0
10538,19.25,418378,1.21,"1323292",24.63,81.19,54.9,"Salaried","Own","Debt_consolidation",0
10546,18.75,197467,1.44,"731608",9.77,34.61,39,"Salaried","Rent","Vehicle",0
10547,18.75,522002,2.06,"1227422",22.17,71.59,44.5,"Salaried","Rent","Vehicle",1
10556,16.75,529644,0.81,"1013284",22.37,75.16,56.7,"Salaried","Mortgage","Home_improvement",0
10571,19.25,623984,1.78,"1663527",5.25,22.93,27.4,"Salaried","Mortgage","Vehicle",0
10576,23.75,460900,1.62,"749895",35.84,114.21,60.5,"Contract","Rent","Vehicle",1
10580,18.75,2296946,1.22,"3903252",10.23,41.07,44.3,"Self-employed","Mortgage","Home_improvement",0
10587,29.75,7196,0.36,"17622",18.02,58.06,49.4,"Unemployed","Rent","Debt_consolidation",0
10598,25.25,565434,2.01,"1346767",4.34,23.18,26.6,"Self-employed","Rent","Other",1
10601,20.25,1118478,2.12,"1763653",39.48,124.64,71,"Self-employed","Mortgage","Home_improvement",1
10606,21.75,292978,1.46,"1098237",22.4,73.76,50.8,"Self-employed","Mortgage","Debt_consolidation",1
10632,16.75,365449,1.74,"859240",16.25,63.48,46.3,"Salaried","Mortgage","Home_improvement",0
10679,18.25,281719,2.16,"784787",30.17,100,61.4,"Salaried","Mortgage","Home_improvement",1
10680,19.25,434152,1.65,"1546796",5.05,26.56,36.3,"Salaried","Mortgage","Vehicle",0
10692,21.25,345896,1.87,"735940",23.54,83.27,45.8,"Contract","Mortgage","Vehicle",1
10696,20.25,593121,2.17,"1893076",30.13,100.59,58,"Contract","Mortgage","Home_improvement",0
10705,22.75,855123,2.34,"1827948",7.3,30.94,35.8,"Contract","Own","Debt_consolidation",1
10732,20.25,342955,1.9,"196298",17.4,59.04,47.2,"Contract","Own","Debt_consolidation",0
10737,14.25,394294,1.86,"172193",14.22,53.86,42.5,"Salaried","Mortgage","Home_improvement",0
10743,18.75,490067,1.65,"1026511",24.64,88.46,46.9,"Salaried","Rent","Vehicle",0
10751,21.25,287290,1.66,"389189",1.66,11.93,33.2,"Salaried","Mortgage","Vehicle",1
10760,17.75,175855,1.02,"288059",16.56,57.33,41.8,"Salaried","Mortgage","Vehicle",0
10762,19.75,2549861,2.39,"4477553",21.07,76,55.8,"Self-employed","Mortgage","Vehicle",0
10768,18.75,318501,1.89,"748910",25.81,84.83,56.4,"Salaried","Rent","Vehicle",0
10769,19.25,226413,1.9,"412372",10.46,39.7,39.8,"Salaried","Own","Debt_consolidation",0
10776,19.25,688276,1.09,"829727",38.17,122.04,70,"Salaried","Mortgage","Vehicle",1
10811,21.75,166487,1.29,"212737",0.46,5.96,24.8,"Salaried","Mortgage","Home_improvement",0
10819,23.25,647150,1.55,"716963",33.65,111.44,66.5,"Salaried","Rent","Other",0
10828,20.25,452076,1.1,"1531794",30.8,100.83,60.2,"Salaried","Rent","Vehicle",0
10837,19.75,541596,1.53,"360980",0.66,9.9,29.3,"Salaried","Rent","Vehicle",1
10838,23.25,950578,1.17,"2011038",37.8,119.87,67,"Self-employed","Mortgage","Debt_consolidation",1
10851,20.25,133168,1.46,"196327",2.38,20.15,30.3,"Salaried","Mortgage","Home_improvement",0
10855,19.25,596196,1.53,"580980",25.66,86.24,49.9,"Salaried","Own","Debt_consolidation",0
10856,19.25,400504,1.53,"1206011",3.74,14.75,27.9,"Salaried","Mortgage","Vehicle",1
10877,17.25,582829,1.34,"303630",26.5,90.7,59.2,"Self-employed","Mortgage","Vehicle",1
10881,32.25,5906,0.39,"4700",8.21,37.11,36.9,"Unemployed","Rent","Debt_consolidation",0
10891,17.75,372104,1.83,"391748",30.1,97.57,55,"Salaried","Mortgage","Vehicle",1
10897,21.75,357207,1.76,"639551",23.85,82.16,48.9,"Salaried","Rent","Other",0
10902,15.25,414377,1.63,"172978",25.06,83.35,53.6,"Salaried","Mortgage","Vehicle",0
10906,19.25,457453,2.02,"624141",36,122.19,69.9,"Salaried","Mortgage","Vehicle",1
10908,18.25,442147,1.55,"1453881",3.98,26.55,33.7,"Salaried","Mortgage","Home_improvement",0
10909,16.75,220963,1.73,"428727",25.71,86.47,55.2,"Salaried","Mortgage","Home_improvement",1
10910,23.25,153080,1.68,"140415",6.05,30.25,30.8,"Salaried","Rent","Other",0
10915,18.75,367475,1.66,"771825",35.05,117.58,59.1,"Salaried","Rent","Vehicle",1
10917,16.75,107520,1.51,"44754",4.14,19.15,35.3,"Salaried","Mortgage","Vehicle",1
10918,34.75,1885,0.57,"1398",12.05,43.62,38.5,"Unemployed","Mortgage","Debt_consolidation",1
10930,18.25,410278,1.93,"1504193",4.12,25.99,29.8,"Salaried","Mortgage","Home_improvement",0
10940,30.25,6730,0.39,"9928",24.81,88.22,47.7,"Unemployed","Rent","Vehicle",1
10941,17.75,575523,1.87,"1475157",15.78,56.83,49.8,"Salaried","Mortgage","Vehicle",1
10945,20.25,1191428,1.83,"1220184",39.1,128.08,68.4,"Self-employed","Mortgage","Home_improvement",1
10957,19.25,262622,1.27,"256644",32.82,109.91,67.2,"Salaried","Mortgage","Vehicle",0
10989,18.75,685171,1.69,"1152130",27.13,90.78,58.8,"Salaried","Rent","Vehicle",1
10995,16.75,533493,1.84,"717252",15.19,53.56,38.4,"Salaried","Mortgage","Home_improvement",1
11016,21.75,646860,1.73,"2227295",14.85,52.49,41.8,"Salaried","Rent","Other",0
11029,16.75,155713,1.53,"460682",12.59,46.65,41.9,"Salaried","Mortgage","Home_improvement",0
11041,18.75,372378,1.33,"987329",30.73,105.09,57.6,"Salaried","Rent","Vehicle",1
11062,24.75,505987,1.36,"1792273",0.83,12.06,35.7,"Contract","Mortgage","Vehicle",1
11070,23.75,980224,0.69,"871817",6.38,29,30.8,"Contract","Rent","Vehicle",0
11072,17.75,404216,1.12,"484808",21.83,76.37,48.4,"Salaried","Mortgage","Vehicle",0
11088,22.75,293515,2.45,"137160",27.82,97.84,51.9,"Contract","Rent","Other",1
11107,19.25,437172,1.25,"418905",32.99,109.61,66.7,"Salaried","Mortgage","Vehicle",0
11109,16.75,332048,1.65,"569155",11.12,43.63,43.2,"Salaried","Mortgage","Home_improvement",1
11116,18.75,185037,1.81,"126011",21.32,70.34,52,"Salaried","Rent","Vehicle",0
11121,18.75,292526,1.4,"269506",22.11,79.11,56.7,"Salaried","Rent","Vehicle",0
11140,34.75,3165,0.63,"1353",31.1,107.18,64.6,"Unemployed","Rent","Debt_consolidation",1
11157,19.75,285280,1.74,"870005",12.52,45.9,38.7,"Self-employed","Mortgage","Vehicle",1
11162,19.25,433738,1.57,"384941",34.64,114.93,67.2,"Salaried","Mortgage","Vehicle",0
11172,20.25,599581,1.94,"1172271",32.6,115.65,65.2,"Salaried","Rent","Vehicle",0
11175,23.25,2616242,2.23,"7941320",32.23,114.25,61.3,"Self-employed","Mortgage","Debt_consolidation",1
11184,18.75,609527,1.28,"488974",15.79,57.02,49.2,"Self-employed","Mortgage","Home_improvement",0
11194,18.75,452431,1.57,"1610728",10.06,40.56,43.2,"Salaried","Rent","Vehicle",0
11196,22.25,1336179,2.22,"1553490",22.54,78.53,52.7,"Contract","Rent","Vehicle",1
11220,19.25,527723,2.02,"895500",20.84,74.28,52.2,"Salaried","Own","Debt_consolidation",1
11246,16.75,723563,1.78,"1505104",24.85,88.19,56.1,"Salaried","Mortgage","Home_improvement",1
11249,23.75,3604993,2.14,"2971385",22.1,72.26,45.5,"Self-employed","Rent","Other",1
11251,19.25,295420,1.16,"941821",14.04,53.09,47.5,"Salaried","Own","Debt_consolidation",0
11257,17.75,147038,1.69,"522584",26.41,89.21,57.5,"Salaried","Mortgage","Vehicle",0
11258,18.75,278480,1.5,"511482",31.41,103.66,57,"Salaried","Rent","Vehicle",0
11263,23.25,262110,1.72,"291654",33.93,107.47,60.2,"Salaried","Rent","Other",1
11281,16.75,419913,1.26,"1139411",19.35,64.9,43.9,"Salaried","Mortgage","Home_improvement",1
11315,18.75,170441,1.47,"466887",15.99,56.01,46.6,"Salaried","Rent","Vehicle",0
11318,20.25,647369,1.35,"1852367",0.77,13.61,34.5,"Salaried","Mortgage","Home_improvement",1
11361,23.75,2350131,1.76,"1920170",27.42,94.33,51.7,"Self-employed","Rent","Other",1
11391,23.75,2063074,1.59,"4223323",33.11,113.9,58,"Self-employed","Rent","Other",1
11395,18.75,298678,1.24,"646308",18.56,65.59,45.2,"Salaried","Rent","Vehicle",1
11397,18.75,506059,1.51,"1203118",35.02,112.23,57.3,"Salaried","Rent","Vehicle",0
11398,16.75,165570,1.09,"339621",10.2,41.56,42.9,"Salaried","Mortgage","Home_improvement",0
11412,25.25,2420709,2,"1699510",38.84,128.38,62.2,"Self-employed","Rent","Other",1
11416,17.75,235724,1.45,"743803",9.63,40.43,38.3,"Salaried","Mortgage","Vehicle",1
11424,32.75,9068,0.67,"7018",29.18,96.99,56.7,"Unemployed","Rent","Home_improvement",0
11437,16.75,303688,1.66,"177230",29.55,97.53,59.5,"Salaried","Own","Debt_consolidation",1
11460,21.25,368694,1.79,"996950",7.14,26.38,36,"Self-employed","Own","Debt_consolidation",0
11471,19.75,3238769,2.05,"2743953",24,74.95,53,"Self-employed","Mortgage","Vehicle",0
11472,19.25,599902,2.06,"475987",36.8,120.94,65.7,"Salaried","Mortgage","Vehicle",1
11478,18.75,216540,1.11,"161756",14.64,53.53,43.9,"Salaried","Rent","Vehicle",0
11479,25.25,197272,2.02,"726758",1.63,14.25,31.5,"Salaried","Rent","Other",1
11480,23.25,1727482,1.79,"1784488",0.42,10.91,35,"Self-employed","Mortgage","Vehicle",1
11483,31.25,6459,0.34,"22521",5.71,29.21,35.5,"Unemployed","Rent","Debt_consolidation",0
11486,20.25,227525,0.87,"306386",38.97,124.24,68.2,"Salaried","Rent","Vehicle",1
11509,35,3222,0.49,"7737",31.73,103.08,64.6,"Unemployed","Rent","Debt_consolidation",1
11512,18.25,257998,1.63,"674538",4.95,25.7,29.1,"Salaried","Mortgage","Home_improvement",1
11519,18.75,454683,1.09,"1215858",14.39,54.65,40.9,"Salaried","Rent","Vehicle",0
11525,25.25,594602,1.54,"943333",39.54,135.14,70.2,"Self-employed","Rent","Other",1
11532,19.25,212211,1.64,"779603",38.05,125.23,68,"Salaried","Mortgage","Vehicle",1
11544,19.25,571741,1.28,"536142",9.36,39.79,31.7,"Salaried","Own","Debt_consolidation",1
11567,17.75,441612,1.96,"302166",23.84,80.13,53.5,"Salaried","Mortgage","Vehicle",1
11571,18.25,517186,1.69,"1034498",35.82,113.25,69.8,"Salaried","Mortgage","Home_improvement",1
11603,34.75,4929,0.74,"18217",28.45,90.85,53.7,"Unemployed","Mortgage","Debt_consolidation",1
11610,19.25,90857,1.13,"249344",35.84,123.68,62.4,"Salaried","Mortgage","Vehicle",1
11617,15.25,154817,1.59,"79561",12.18,50.82,38.8,"Salaried","Mortgage","Vehicle",0
11619,16.75,300197,1.63,"365462",13.59,52.59,37.6,"Salaried","Mortgage","Home_improvement",0
11625,22.75,1176251,2.03,"2976252",5.45,21.31,37.3,"Contract","Mortgage","Vehicle",1
11642,16.25,501349,1.95,"322122",22.99,77.96,51,"Salaried","Rent","Vehicle",1
11648,23.25,412029,2.22,"287388",25.31,84.31,55.2,"Contract","Mortgage","Debt_consolidation",1
11651,19.25,122328,1.78,"66464",8.57,41.07,38.2,"Salaried","Rent","Other",1
11664,17.75,1065856,1.63,"355991",33.94,109.83,57.8,"Contract","Mortgage","Home_improvement",1
11671,22.75,1833785,2.31,"2750176",6.46,29.4,31.5,"Self-employed","Own","Debt_consolidation",1
11684,25.25,2266440,1.39,"4261158",30.48,101.71,61.8,"Self-employed","Rent","Other",1
11685,17.75,217563,1.67,"291520",27.57,90.05,51.2,"Salaried","Mortgage","Vehicle",0
11690,20.25,524730,1.81,"509365",30.78,106.52,62.4,"Salaried","Rent","Vehicle",1
11692,23.75,1700475,2.19,"5056478",9.15,39.95,39,"Self-employed","Rent","Other",1
11706,16.75,285335,1.06,"638789",11.28,47.48,34.3,"Salaried","Mortgage","Home_improvement",0
11718,21.75,649316,1.4,"1411930",21.61,74.23,49.4,"Salaried","Rent","Other",0
11730,25.25,1872851,1.67,"4351568",31.13,96.39,64.4,"Self-employed","Rent","Other",0
11739,17.75,895450,1.52,"3124076",22.02,80.1,54.2,"Salaried","Mortgage","Vehicle",0
11744,19.75,1154874,1.74,"2421513",11.58,44.18,46,"Self-employed","Mortgage","Vehicle",1
11755,17.75,232389,1.65,"844677",16.07,56.25,46.5,"Salaried","Mortgage","Vehicle",0
11764,20.25,1052132,2.13,"2019355",37.78,124.13,61.2,"Self-employed","Mortgage","Home_improvement",1
11768,19.25,271320,1.89,"981515",28.21,103.34,58.5,"Salaried","Own","Debt_consolidation",0
11774,22.75,577689,2.2,"974059",39.96,127.32,74.9,"Contract","Mortgage","Vehicle",0
11775,21.75,1137345,1.25,"1461832",17.83,65.21,52.5,"Self-employed","Mortgage","Debt_consolidation",1
11778,16.75,346922,1.71,"452729",11.85,51.95,41.8,"Salaried","Mortgage","Home_improvement",0
11782,35,6565,0.55,"10598",29.1,99.61,62.8,"Unemployed","Rent","Other",1
11787,16.75,236405,1.7,"85488",20.64,71.36,47,"Salaried","Own","Debt_consolidation",0
11811,35,9243,0.48,"17309",10.21,39.29,39,"Unemployed","Rent","Debt_consolidation",0
11826,16.75,255209,1.91,"696462",23.12,77.07,56,"Salaried","Mortgage","Home_improvement",0
11828,19.75,915247,2.15,"781241",24.63,85.05,54,"Self-employed","Mortgage","Vehicle",0
11834,18.25,768923,1.33,"2133469",36.55,118.06,70.2,"Salaried","Mortgage","Home_improvement",1
11835,23.75,2186686,1.6,"6744040",13.19,56.62,45.5,"Self-employed","Rent","Other",1
11844,20.75,126350,1.36,"159770",32.92,105.97,66.5,"Salaried","Own","Debt_consolidation",0
11845,18.75,446247,1.7,"926763",32.61,111.93,60,"Salaried","Rent","Vehicle",0
11850,18.75,261196,1.9,"191121",14.61,57.22,37.4,"Salaried","Rent","Vehicle",0
11865,19.25,553581,1.38,"1378342",17.71,63.06,40.3,"Salaried","Own","Debt_consolidation",0
11896,17.75,145859,1.21,"380289",19.76,73.54,43.3,"Salaried","Mortgage","Vehicle",1
11899,35,3276,0.65,"6741",5.54,35.1,33.3,"Unemployed","Rent","Other",1
11909,20.25,200667,1.71,"735254",38.47,126.99,60.6,"Salaried","Rent","Vehicle",1
11915,19.75,3224305,1.87,"6454623",16.84,59.24,45.8,"Self-employed","Mortgage","Vehicle",0
11916,17.75,458336,1.43,"786658",12.46,49.47,46.1,"Salaried","Mortgage","Vehicle",1
11922,19.75,1612822,2.1,"1239049",15.2,55.79,38.5,"Self-employed","Mortgage","Vehicle",1
11955,21.75,335594,1.27,"929031",23.08,71.81,57.3,"Salaried","Rent","Other",1
11957,30.75,5823,0.34,"20114",16.07,56.31,39.9,"Unemployed","Rent","Other",0
11961,17.75,334727,1.78,"704759",8.16,40.97,31.9,"Salaried","Mortgage","Vehicle",1
11969,35,4238,0.56,"7584",39.55,127.04,66.9,"Unemployed","Mortgage","Debt_consolidation",0
11980,25.25,3065705,1.34,"2575372",37.84,113.96,69.6,"Self-employed","Rent","Other",1
11999,23.25,547749,1.75,"526482",35.05,110.18,67.5,"Salaried","Rent","Other",1
12016,18.75,343443,1.17,"475077",17.43,65.13,50.3,"Salaried","Rent","Vehicle",0
12034,23.25,298186,2.02,"997223",21.36,73.84,53.6,"Contract","Mortgage","Debt_consolidation",1
12035,33.25,8416,0.69,"5586",12.78,47.1,36.7,"Unemployed","Rent","Debt_consolidation",1
12043,20.25,3347840,1.95,"9369926",5.85,23.35,34.3,"Self-employed","Mortgage","Home_improvement",0
12044,21.25,866332,1.6,"371613",2.18,19.4,29.8,"Contract","Mortgage","Home_improvement",1
12050,22.25,526520,1.32,"1397166",2.21,17.81,27,"Salaried","Rent","Vehicle",0
12062,17.75,294992,1.53,"893410",8.77,30.53,41.8,"Salaried","Mortgage","Vehicle",0
12072,16.75,521004,2.16,"895619",15.27,57.54,38.9,"Salaried","Mortgage","Home_improvement",1
12078,18.75,1980808,1.53,"6357382",8.99,38.09,40.2,"Self-employed","Mortgage","Home_improvement",1
12086,34.75,5021,0.5,"17801",31.86,103.76,57.9,"Unemployed","Mortgage","Debt_consolidation",1
12091,35,4872,0.58,"17610",26.52,89.29,52.9,"Unemployed","Rent","Debt_consolidation",1
12093,16.25,227106,2.11,"102098",22.75,78.84,55.2,"Salaried","Rent","Vehicle",1
12103,24.75,602356,2.14,"1533891",39.09,128.75,68.2,"Contract","Mortgage","Debt_consolidation",1
12113,17.75,231009,1.58,"607731",25.9,86.9,48.1,"Salaried","Mortgage","Vehicle",0
12114,22.75,81577,1.93,"203375",0.81,9.83,25.5,"Salaried","Own","Debt_consolidation",1
12118,18.75,1692824,1.26,"1367101",21.39,74.8,44.7,"Self-employed","Mortgage","Home_improvement",0
12127,23.75,1924295,2.42,"4006437",22.19,73.76,47.4,"Self-employed","Rent","Other",1
12131,19.25,402657,1.03,"1188191",23.48,81.77,50.5,"Salaried","Own","Debt_consolidation",0
12157,19.25,541310,1.76,"1411486",31.48,105.17,63.9,"Salaried","Mortgage","Vehicle",1
12163,16.75,260374,1.44,"795465",25.21,83.36,53.7,"Salaried","Mortgage","Home_improvement",0
12168,19.25,200222,1.53,"121268",33.4,114.42,57.2,"Salaried","Rent","Other",0
12199,32.25,1775,0.45,"2596",22.17,77.17,56.9,"Unemployed","Rent","Debt_consolidation",0
12200,31.75,5350,0.56,"1693",23.77,86.25,56.9,"Unemployed","Rent","Debt_consolidation",1
12211,23.25,544988,1.71,"893521",4.38,29.61,33.8,"Salaried","Rent","Other",1
12234,17.75,402943,1.63,"983906",14.43,54.14,42,"Salaried","Mortgage","Vehicle",0
12242,16.75,225145,1.34,"298707",28.35,88.89,57.8,"Salaried","Mortgage","Home_improvement",0
12249,29.25,5470,0.41,"2379",3.08,16.9,36.2,"Unemployed","Rent","Vehicle",0
12258,23.25,1860356,1.81,"5684502",35.4,116.31,60.6,"Self-employed","Mortgage","Debt_consolidation",1
12266,21.25,682535,1.9,"2196260",39.91,128.53,73.2,"Self-employed","Mortgage","Vehicle",0
12287,20.25,208481,2.27,"596114",6.24,30.98,34,"Salaried","Rent","Vehicle",1
12291,20.25,345606,1.17,"707957",26.97,91.24,60.2,"Self-employed","Mortgage","Home_improvement",1
12301,20.25,169294,1.95,"513370",3.75,16.88,28,"Salaried","Rent","Vehicle",1
12307,23.25,720934,1.5,"1892708",5.97,24.5,32.2,"Salaried","Rent","Other",0
12333,16.75,212150,1.22,"259022",26.27,87.77,54.5,"Salaried","Mortgage","Home_improvement",0
12341,18.25,687630,1.7,"1278095",37.38,119.78,64.9,"Salaried","Mortgage","Home_improvement",1
12342,17.75,520271,1.86,"1530633",35.77,122.43,59.5,"Salaried","Mortgage","Vehicle",1
12353,18.75,426096,1.93,"1261461",16.7,58.28,46,"Salaried","Rent","Vehicle",0
12366,19.25,310054,1.4,"859572",22.49,76.29,54.4,"Salaried","Own","Debt_consolidation",1
12370,18.25,189707,1.4,"589297",6.96,27.83,41.4,"Salaried","Mortgage","Home_improvement",0
12372,14.25,395116,1.78,"240908",9.35,38.03,43.1,"Salaried","Mortgage","Home_improvement",0
12378,16.75,328476,1.48,"1208218",28.1,92.38,54.1,"Salaried","Mortgage","Home_improvement",0
12381,20.25,371406,1.46,"357271",34.05,114.94,68.5,"Salaried","Rent","Vehicle",0
12396,20.25,350093,1.3,"413165",39.4,125.28,62.1,"Salaried","Rent","Vehicle",0
12412,17.75,100289,1.14,"367918",10.09,46.03,43.3,"Salaried","Mortgage","Vehicle",0
12413,17.75,326586,1.64,"1094620",9.93,39.38,44,"Salaried","Mortgage","Vehicle",0
12417,19.25,280796,1.35,"946869",38.55,123.05,65.9,"Salaried","Mortgage","Vehicle",1
12424,17.75,232855,1.53,"795576",16.21,55.64,50.7,"Salaried","Mortgage","Vehicle",0
12430,19.25,203911,1.65,"348319",9,39.64,34.7,"Salaried","Own","Debt_consolidation",1
12442,24.25,289145,1.01,"982536",0.19,11.91,22.7,"Salaried","Own","Debt_consolidation",1
12466,23.25,177971,1.52,"328530",31.96,108.17,60.8,"Salaried","Rent","Other",1
12468,18.75,240559,1.72,"871609",29.22,97.67,55.6,"Salaried","Rent","Vehicle",0
12487,34.75,6336,0.58,"13309",22.24,74.46,45.2,"Unemployed","Mortgage","Debt_consolidation",1
12490,23.75,3491270,2.55,"5908479",32.76,110.99,54.8,"Self-employed","Rent","Other",1
12502,21.75,226836,1.25,"624343",31.26,103.78,58.3,"Salaried","Rent","Other",1
12505,20.75,454414,2.04,"1534277",37.76,127.38,63.4,"Salaried","Own","Debt_consolidation",1
12507,29.25,6623,0.43,"13342",24.79,90.75,54.2,"Unemployed","Rent","Home_improvement",1
12508,17.75,479443,1.4,"1151953",9.98,35.52,39,"Salaried","Mortgage","Vehicle",0
12512,21.25,2392079,1.67,"2765816",17.88,58.54,44.4,"Self-employed","Own","Debt_consolidation",1
12517,17.75,235943,1.04,"534795",8.76,29.55,36.1,"Salaried","Mortgage","Vehicle",0
12519,33.25,4947,0.69,"3023",34.87,112.97,58.3,"Unemployed","Rent","Debt_consolidation",0
12523,20.25,549811,1.33,"817072",38.59,124.22,61.6,"Salaried","Rent","Vehicle",1
12525,16.75,391392,1.28,"666521",8.73,33.9,42.2,"Salaried","Mortgage","Home_improvement",0
12537,16.75,487736,1.73,"1023315",25.38,91.94,51.3,"Salaried","Mortgage","Home_improvement",0
12551,21.25,214960,1.77,"467922",10.21,40.63,36.6,"Contract","Mortgage","Vehicle",1
12553,17.75,167010,1.85,"366135",23.22,79.43,54.5,"Salaried","Mortgage","Vehicle",0
12560,35,1402,0.61,"2107",7.37,32.12,34.4,"Unemployed","Rent","Debt_consolidation",0
12564,19.25,470202,1.31,"431588",38.84,128.64,73.2,"Salaried","Mortgage","Vehicle",0
12568,23.25,511103,1.34,"566698",5.67,32.61,29,"Salaried","Rent","Other",0
12589,18.75,564546,1.89,"1425642",8.3,32.5,37,"Salaried","Rent","Vehicle",1
12605,19.75,1473383,1.09,"5547767",14.9,52.4,38.8,"Self-employed","Mortgage","Vehicle",0
12617,21.75,306650,1.53,"598400",11.5,48.62,35.1,"Salaried","Rent","Other",0
12622,18.75,921809,1.54,"2566093",11.29,40.33,40.3,"Self-employed","Mortgage","Home_improvement",1
12631,18.75,143701,1.23,"513464",29.88,95.33,55.7,"Salaried","Rent","Vehicle",0
12632,23.25,159091,1.52,"466343",39.63,125.44,64.4,"Salaried","Rent","Other",1
12657,16.75,535483,1.33,"1032000",25.56,83.34,58.4,"Salaried","Mortgage","Home_improvement",0
12660,23.75,612367,1.95,"516555",37.3,119.66,60.8,"Contract","Rent","Vehicle",1
12674,17.75,91198,1.58,"104007",23.18,79.6,55,"Salaried","Mortgage","Vehicle",0
12690,18.75,286684,1.69,"847627",30.53,98.81,59.9,"Salaried","Rent","Vehicle",0
12707,21.25,616277,1.84,"257636",33.7,112.6,63.5,"Contract","Rent","Vehicle",0
12708,16.75,201256,1.38,"634738",10.58,35.12,39.4,"Salaried","Mortgage","Home_improvement",0
12739,21.25,2323721,1.71,"3620253",22.09,77.3,44.2,"Self-employed","Own","Debt_consolidation",1
12741,17.75,372409,1.43,"853144",25.88,89.58,52.3,"Salaried","Mortgage","Vehicle",0
12742,20.25,126488,1.31,"415921",38.2,123.72,66.2,"Salaried","Rent","Vehicle",1
12743,32.25,4900,0.39,"13233",24.6,86.83,57.4,"Unemployed","Rent","Debt_consolidation",1
12744,19.25,189660,1.5,"503314",31.31,101.73,54.2,"Salaried","Own","Debt_consolidation",0
12754,35,1977,0.6,"5708",36.56,121.4,66.8,"Unemployed","Mortgage","Debt_consolidation",1
12772,16.75,227954,1.14,"120799",37.27,123.88,71.9,"Salaried","Mortgage","Vehicle",1
12773,18.75,397853,1.96,"1253866",28.89,101.39,50.9,"Salaried","Rent","Vehicle",1
12784,22.75,2249875,2.04,"6045442",36.48,114.41,60.1,"Self-employed","Own","Debt_consolidation",1
12795,22.75,485254,1.33,"1703911",24.22,82.52,55.8,"Contract","Own","Debt_consolidation",0
12796,33.75,2479,0.42,"9051",26.61,97.07,60.9,"Unemployed","Rent","Debt_consolidation",1
12798,15.25,361193,0.95,"214228",20.17,70.36,44.6,"Salaried","Mortgage","Vehicle",0
12813,22.75,2422820,2.15,"8636246",33.99,112.91,66.9,"Self-employed","Own","Debt_consolidation",1
12822,19.25,254868,1.19,"281545",13.82,53.82,45.1,"Salaried","Own","Debt_consolidation",1
12832,18.25,455052,1.58,"924562",32.49,111.42,66.5,"Salaried","Mortgage","Home_improvement",1
12837,20.75,403883,1.01,"787196",36.08,112.29,68.8,"Salaried","Own","Debt_consolidation",1
12840,17.75,313260,1.35,"117900",26.96,87.41,60.1,"Salaried","Rent","Vehicle",1
12847,18.75,302251,1.56,"663635",14.9,58.62,46.4,"Salaried","Rent","Vehicle",1
12872,18.25,377313,1.38,"1269070",35.29,118.13,61.4,"Salaried","Mortgage","Home_improvement",0
12887,23.25,348218,1.16,"477861",30.92,104.08,60.5,"Salaried","Rent","Other",1
12897,17.75,440977,1.82,"538098",23.63,80.42,55.8,"Salaried","Mortgage","Vehicle",0
12900,17.75,391125,1.5,"1389627",24.31,82.75,58.6,"Salaried","Mortgage","Vehicle",0
12911,21.25,2204947,1.9,"8256259",34.89,114.19,60.3,"Self-employed","Mortgage","Vehicle",1
12915,21.75,247416,1,"906928",16.31,62.5,45.7,"Salaried","Rent","Other",1
12924,21.25,416726,1.39,"1570805",1.9,16.06,25.4,"Salaried","Mortgage","Vehicle",0
12936,20.25,149922,1.6,"462050",36.66,120.78,68.7,"Salaried","Rent","Vehicle",1
12942,16.75,249509,1.82,"303959",20.11,69.16,52.9,"Salaried","Mortgage","Home_improvement",0
12954,16.75,264381,1.94,"633705",19.49,68.87,49.6,"Salaried","Mortgage","Home_improvement",0
12960,21.75,311136,1.39,"923690",10.51,40.41,32.8,"Salaried","Rent","Other",0
12961,22.25,413259,1.68,"1133980",2.02,15.02,30.9,"Salaried","Rent","Vehicle",0
12967,28.75,4465,0.36,"10639",17.13,58.96,45.2,"Unemployed","Mortgage","Debt_consolidation",1
12971,21.75,416686,1.64,"781974",22.43,77.13,51.7,"Salaried","Rent","Other",1
12979,17.75,153563,1.71,"187116",12.19,49.74,37,"Salaried","Mortgage","Vehicle",0
12984,17.75,212323,1.55,"305898",15.37,60.57,43.6,"Salaried","Mortgage","Vehicle",1
13000,20.25,321090,0.84,"1036494",33.8,113.41,64.4,"Salaried","Rent","Vehicle",0
13041,25.25,651674,2,"1629160",6.53,27.91,41.1,"Self-employed","Rent","Other",1
13047,17.75,411485,1.58,"484314",13.89,54.26,41.5,"Salaried","Mortgage","Vehicle",0
13059,16.75,323449,1.8,"267045",22.05,78.08,50.5,"Salaried","Mortgage","Home_improvement",0
13068,19.75,1196424,1.8,"879160",26.93,91.49,56.8,"Self-employed","Mortgage","Vehicle",0
13069,21.25,638131,1.47,"238890",0.67,12.55,24.7,"Salaried","Rent","Vehicle",1
13081,21.25,2201397,2.28,"4163658",23.83,85.98,47.8,"Self-employed","Own","Debt_consolidation",1
13089,20.25,762533,2.43,"2837611",9.28,36.46,43.4,"Contract","Mortgage","Home_improvement",1
13108,31.25,5649,0.26,"6188",38.36,122.53,67.3,"Unemployed","Rent","Debt_consolidation",1
13111,20.25,438903,1.62,"994483",6.81,31.06,29.1,"Salaried","Rent","Vehicle",0
13117,19.25,359532,1.53,"928572",39.65,127.53,69.1,"Salaried","Mortgage","Vehicle",0
13150,21.75,436130,1.28,"478540",32.25,103.59,54.4,"Salaried","Rent","Other",1
13173,18.25,153518,1.76,"153379",38.79,128.42,66.5,"Salaried","Mortgage","Home_improvement",1
13174,21.25,2031443,1.81,"3737044",30.92,100.04,61.1,"Self-employed","Mortgage","Vehicle",1
13190,19.75,201290,2.48,"516548",27.08,93.52,57.1,"Self-employed","Mortgage","Vehicle",1
13191,18.25,329769,1.35,"838976",6.01,28.64,29.7,"Salaried","Mortgage","Home_improvement",1
13194,15.25,181785,1.73,"81572",22.06,77.47,51.2,"Salaried","Mortgage","Vehicle",0
13196,19.75,1610538,3.06,"3086007",25.81,88.32,57.6,"Self-employed","Mortgage","Vehicle",1
13198,17.75,363002,1.5,"416211",19.68,66.22,51.4,"Salaried","Mortgage","Vehicle",0
13202,16.75,591989,1.24,"2174861",24.33,83.43,47.1,"Salaried","Mortgage","Home_improvement",0
13206,21.75,256443,1.94,"555844",29.58,106.02,54.8,"Salaried","Rent","Other",1
13216,18.75,648302,1.72,"2225860",24.82,83.58,48.3,"Salaried","Rent","Vehicle",1
13225,18.75,584870,1.66,"732318",19.26,66.14,53.7,"Salaried","Rent","Vehicle",0
13230,22.75,989943,1.25,"1894299",39.64,127.06,68.4,"Contract","Mortgage","Vehicle",1
13273,19.25,356754,1.43,"981759",20.88,69.78,44.1,"Salaried","Own","Debt_consolidation",1
13290,34.75,3345,0.43,"8442",0.61,4.71,32.1,"Unemployed","Mortgage","Debt_consolidation",0
13306,23.75,3215832,2.6,"9451122",14.97,49.15,39.3,"Self-employed","Rent","Other",1
13319,16.75,590110,1.51,"1825964",13.68,53.86,46.9,"Salaried","Mortgage","Home_improvement",0
13322,18.75,357903,1.56,"935477",16.1,62.93,43,"Salaried","Rent","Vehicle",1
13324,23.75,2127471,2.62,"5088215",25.85,85.38,55.6,"Self-employed","Rent","Other",1
13328,28.75,1406155,1.92,"1927572",1.39,15.28,33.2,"Contract","Rent","Other",0
13335,30.75,6226,0.33,"19975",17.3,61.03,52.2,"Unemployed","Rent","Other",0
13338,16.75,430368,1.29,"1560090",19.52,69.48,47,"Salaried","Mortgage","Home_improvement",0
13347,23.75,360234,1.72,"659933",22.52,76.81,50.2,"Self-employed","Rent","Other",1
13363,16.75,272727,1.62,"764664",34.11,113.91,59.9,"Salaried","Mortgage","Home_improvement",0
13390,19.25,218109,1.39,"246831",24.67,84.65,50.3,"Salaried","Own","Debt_consolidation",0
13397,21.75,252971,1.52,"531460",24.73,85.91,52.3,"Salaried","Rent","Other",1
13416,16.75,653324,1.15,"1117976",29.68,99.06,53.4,"Salaried","Mortgage","Home_improvement",0
13424,21.25,754623,2.36,"757101",16.99,65.22,44.1,"Self-employed","Own","Debt_consolidation",1
13426,23.75,936095,2.13,"3176448",13.31,51.42,46.8,"Self-employed","Rent","Other",1
13441,23.75,2062943,1.61,"4418321",31.1,95.26,57.5,"Self-employed","Rent","Other",1
13449,18.75,395073,1.82,"953496",27.75,92.58,51.4,"Salaried","Rent","Vehicle",0
13451,18.75,318183,1.57,"772721",13.47,45.16,47.3,"Salaried","Rent","Vehicle",0
13458,16.75,245318,1.26,"245227",16.57,59.23,45.4,"Salaried","Mortgage","Home_improvement",1
13462,19.75,948737,1.42,"2186609",7.76,40.1,32.2,"Self-employed","Mortgage","Vehicle",1
13473,20.75,542961,1.74,"710076",6.79,31.71,41.7,"Salaried","Own","Debt_consolidation",1
13487,19.25,276265,1.61,"351501",10.81,45.3,42.2,"Salaried","Own","Debt_consolidation",1
13497,29.25,2774,0.21,"5705",36.21,117.24,69.2,"Unemployed","Rent","Vehicle",0
13501,16.75,469391,2.48,"815784",28.45,95.79,50.6,"Salaried","Mortgage","Home_improvement",1
13502,18.75,732635,1.36,"2753775",19.78,68.82,49.2,"Salaried","Rent","Vehicle",0
13505,34.25,3718,0.54,"9662",33.87,113.54,65.6,"Unemployed","Rent","Home_improvement",1
13513,23.75,955866,2.22,"1513688",29.67,97.22,54.9,"Self-employed","Rent","Other",0
13518,20.25,399115,1.57,"292243",0.45,13.97,30,"Salaried","Mortgage","Home_improvement",0
13529,18.75,573450,1.47,"1259760",21.55,76.61,50.2,"Salaried","Rent","Vehicle",0
13533,26.25,1205079,1.4,"3843658",2.99,19.03,25.1,"Contract","Own","Debt_consolidation",0
13552,16.75,342702,1.66,"258104",26.44,89.73,58.7,"Salaried","Mortgage","Home_improvement",0
13564,24.25,613215,1.81,"1157237",38.39,127.33,72.2,"Contract","Own","Debt_consolidation",1
13567,17.75,256235,1.42,"709501",21.04,73.75,46.2,"Salaried","Mortgage","Vehicle",0
13587,21.75,150837,1.11,"391490",9.25,36.57,40.8,"Salaried","Rent","Other",0
13602,19.25,305239,1.7,"971846",25.91,86.6,60.2,"Salaried","Mortgage","Vehicle",1
13603,17.75,489940,1.65,"942626",14.47,56.21,48.4,"Salaried","Mortgage","Vehicle",1
13606,18.75,255839,1.3,"725508",18.43,64.87,44.6,"Salaried","Rent","Vehicle",0
13619,21.75,849019,1.92,"798704",34.99,113.1,62.5,"Contract","Mortgage","Home_improvement",1
13639,17.75,421397,2,"795280",31.31,101.83,60,"Salaried","Mortgage","Vehicle",1
13643,17.75,110344,1.41,"388799",16.67,62.52,46.7,"Salaried","Mortgage","Vehicle",0
13646,19.75,1782529,1.13,"5999159",22.15,75.88,46,"Self-employed","Mortgage","Vehicle",1
13647,16.75,256708,1.62,"969172",15.61,56.59,48,"Salaried","Mortgage","Home_improvement",0
13659,16.75,370599,1.82,"1193379",18.56,63.81,47.2,"Salaried","Mortgage","Home_improvement",0
13673,25.25,3633351,1.89,"4599862",36.28,118.13,67.1,"Self-employed","Rent","Other",1
13702,16.25,395294,1.6,"191733",16.39,56.09,42.3,"Salaried","Rent","Vehicle",0
13705,19.25,659067,1.49,"446533",30.09,99.81,58,"Salaried","Own","Debt_consolidation",1
13708,21.25,1304949,1.9,"884796",27.99,91.39,51.5,"Contract","Mortgage","Vehicle",0
13712,16.75,164597,1.31,"411940",7.93,29.59,35.2,"Salaried","Mortgage","Home_improvement",0
13724,21.25,1259973,1.73,"1663942",14.78,57.58,45.6,"Contract","Mortgage","Vehicle",1
13732,21.75,244802,1.25,"591453",17.9,66.44,52.5,"Salaried","Rent","Other",0
13735,35,5665,0.58,"11042",21.8,76.99,47.5,"Unemployed","Rent","Debt_consolidation",0
13770,20.25,236995,1.42,"370801",30.32,99.58,64.6,"Salaried","Rent","Vehicle",0
13774,23.25,2055116,1.69,"1426162",36.97,119.51,69.3,"Self-employed","Mortgage","Debt_consolidation",1
13798,25.75,516863,2.25,"455271",0.66,14.05,33.7,"Contract","Rent","Vehicle",1
13820,18.25,197432,1.38,"344644",28.42,94.86,60.1,"Salaried","Mortgage","Home_improvement",1
13828,23.75,2879385,2.23,"2054553",15.86,55.78,47.7,"Self-employed","Rent","Other",1
13833,25.25,980240,0.9,"3408412",21.47,71.2,55.2,"Contract","Rent","Other",0
13854,34.75,2210,0.54,"2346",23.75,82.81,52.6,"Unemployed","Mortgage","Debt_consolidation",1
13859,23.75,2036996,1.4,"7524354",20.9,75.34,55.9,"Self-employed","Rent","Other",1
13870,18.75,165672,1.61,"204197",7.89,29.89,34.8,"Salaried","Rent","Vehicle",0
13901,16.75,470653,2.01,"171011",33.4,118.31,59.9,"Salaried","Own","Debt_consolidation",1
13908,16.75,213354,1.52,"516093",20.9,67.3,47.7,"Salaried","Mortgage","Home_improvement",0
13910,16.75,336295,1.1,"645244",15.23,52.24,41,"Salaried","Mortgage","Home_improvement",0
13922,18.75,142041,1.34,"142520",25.62,87.92,56.8,"Salaried","Rent","Vehicle",0
13924,18.75,479902,1.27,"798635",16.27,55.44,42.2,"Salaried","Rent","Vehicle",1
13930,18.75,1624025,2.18,"5558127",15.4,60.48,43.9,"Self-employed","Mortgage","Home_improvement",0
13947,17.75,190500,1.1,"692438",8.74,35.84,38.6,"Salaried","Mortgage","Vehicle",1
13950,18.75,555160,1.22,"2084232",30.72,102.16,55.9,"Salaried","Rent","Vehicle",1
13963,21.75,464602,1.93,"1710681",10.97,43.84,44.7,"Salaried","Rent","Other",1
13976,20.25,3095918,1.97,"4226321",6.96,28.27,41.7,"Self-employed","Mortgage","Home_improvement",0
13982,18.75,668088,1.55,"1520803",21.61,75.1,48.1,"Salaried","Rent","Vehicle",1
13983,35,2849,0.49,"7522",39.39,126.65,68.7,"Unemployed","Rent","Debt_consolidation",1
13987,23.75,1173585,1.51,"865137",21.86,73.75,56.3,"Self-employed","Rent","Other",0
13997,18.25,345363,1.67,"732006",35.44,114.46,69.2,"Salaried","Mortgage","Home_improvement",1
14006,20.25,615438,1.69,"1328071",5.31,24.98,28,"Salaried","Rent","Vehicle",0
14022,16.75,443683,1.37,"633577",15.7,56.97,46.7,"Salaried","Mortgage","Home_improvement",1
14024,17.75,291083,1.17,"742956",20.76,72.65,45.2,"Salaried","Mortgage","Vehicle",1
14026,19.25,204126,2.05,"449934",32.2,105.94,66.5,"Salaried","Mortgage","Vehicle",1
14034,16.75,433167,1.46,"396059",7.58,29.68,31,"Salaried","Mortgage","Home_improvement",1
14036,18.75,1915760,1.28,"974026",3.55,21.15,30.9,"Self-employed","Mortgage","Vehicle",1
14037,20.25,366424,1.47,"359389",35.12,115.55,61.2,"Salaried","Rent","Vehicle",1
14041,21.75,1822913,1.45,"3659632",21.58,74.32,47.4,"Self-employed","Mortgage","Debt_consolidation",0
14054,19.25,262461,1.89,"997220",13.4,49.58,38.9,"Salaried","Own","Debt_consolidation",1
14066,16.75,186267,2.18,"295675",24.94,83.77,53.9,"Salaried","Mortgage","Home_improvement",0
14078,20.75,153200,1.34,"192618",34.87,111.84,63.8,"Salaried","Own","Debt_consolidation",0
14081,16.75,515199,1.41,"654178",16.36,56.75,49.2,"Salaried","Mortgage","Home_improvement",1
14086,14.25,149905,1.43,"60087",13.99,49.5,36.7,"Salaried","Mortgage","Home_improvement",1
14090,19.75,380167,1.64,"221362",1.02,7.34,35.3,"Salaried","Rent","Vehicle",0
14105,16.75,662699,2.06,"2165959",15.87,54.24,44.8,"Salaried","Mortgage","Home_improvement",0
14110,23.25,158890,0.91,"413671",13.5,53.15,38.5,"Contract","Mortgage","Debt_consolidation",1
14118,17.75,191751,0.95,"231615",19.46,69.08,52.7,"Salaried","Mortgage","Vehicle",1
14123,20.75,184376,1.59,"249021",34.02,109.36,62.2,"Salaried","Own","Debt_consolidation",1
14124,16.75,103857,1.26,"52474",28.98,98.44,60.6,"Salaried","Mortgage","Vehicle",0
14130,20.75,585629,1.36,"938586",34.6,113.57,67.9,"Salaried","Own","Debt_consolidation",0
14137,33.25,5770,0.54,"2954",18.58,66.95,50.2,"Unemployed","Rent","Debt_consolidation",1
14140,23.75,2520033,1.97,"9355957",20.34,74.35,50.2,"Self-employed","Rent","Other",0
14145,19.25,129417,1.8,"376429",26.12,85.23,55.8,"Salaried","Own","Debt_consolidation",1
14152,14.25,189404,1.42,"72106",35.58,120.83,58.2,"Salaried","Mortgage","Home_improvement",1
14165,17.75,762027,1.59,"412720",37.4,123.42,68.6,"Salaried","Rent","Vehicle",0
14199,25.25,269938,1.03,"812603",0.01,9.84,25.9,"Salaried","Rent","Other",0
14211,18.75,592028,2.3,"1758481",20.05,74.17,44.5,"Salaried","Rent","Vehicle",0
14222,17.75,235996,0.98,"440358",7.68,34.92,31.5,"Salaried","Mortgage","Vehicle",0
14232,19.25,313918,1.09,"1136106",34.26,111.49,68.6,"Salaried","Mortgage","Vehicle",0
14234,19.25,444175,2.11,"632455",38.37,125.97,63.1,"Salaried","Mortgage","Vehicle",1
14239,20.25,745329,1.64,"2335985",0.18,13.26,25,"Salaried","Mortgage","Home_improvement",0
14242,21.25,3170858,1.74,"5079141",18.57,65.69,52.7,"Self-employed","Own","Debt_consolidation",1
14248,20.75,334930,1.31,"112483",3.68,23.18,26.6,"Self-employed","Mortgage","Debt_consolidation",1
14263,25.25,2711402,1.92,"2030872",38.64,127.23,62.8,"Self-employed","Rent","Other",1
14265,33.25,6741,0.45,"13156",25.21,88.72,58.9,"Unemployed","Rent","Other",0
14271,16.75,202317,1.51,"369113",17.32,60.47,45.3,"Salaried","Mortgage","Home_improvement",0
14278,20.25,463050,1.49,"606833",39.45,126.46,66.4,"Salaried","Rent","Vehicle",1
14282,18.75,311154,1.26,"589823",29.51,96.27,52,"Salaried","Rent","Vehicle",0
14289,23.25,319027,1.56,"779137",4.29,25.98,34.5,"Salaried","Rent","Other",1
14312,19.75,1474244,1.8,"5405053",17.44,61.18,49.3,"Self-employed","Mortgage","Vehicle",1
14318,23.25,2283570,2.14,"1914841",38.26,123.6,67.7,"Self-employed","Mortgage","Debt_consolidation",1
14321,33.75,4947,0.42,"4065",33.14,113.53,61.3,"Unemployed","Rent","Debt_consolidation",1
14322,14.25,582993,1.09,"350984",21.7,74.2,52.8,"Salaried","Mortgage","Home_improvement",0
14338,23.75,1335471,2.02,"2092341",20.7,67.36,49.5,"Self-employed","Rent","Other",1
14363,18.25,473383,1.83,"1225133",29.06,93.61,61,"Salaried","Mortgage","Home_improvement",0
14377,19.25,197739,1.42,"693574",5.54,20.99,27.9,"Salaried","Mortgage","Vehicle",0
14383,16.75,477684,1.66,"1439400",19.18,71.17,44.5,"Salaried","Mortgage","Home_improvement",1
14401,18.75,369989,1.25,"529940",14.82,56.77,38.2,"Salaried","Rent","Vehicle",1
14404,15.75,126928,1.34,"57255",5.58,26.5,30.9,"Salaried","Mortgage","Home_improvement",0
14428,22.75,452669,2.44,"450510",17.46,61.44,41.5,"Contract","Own","Debt_consolidation",1
14438,17.75,352697,1.81,"477750",23.34,86.15,48.6,"Salaried","Mortgage","Vehicle",1
14453,18.75,394328,2.05,"1147903",15.91,54.52,47,"Salaried","Rent","Vehicle",1
14456,18.75,317638,1.4,"564660",11.19,42.36,38.3,"Salaried","Rent","Vehicle",0
14473,15.25,306257,1.52,"127911",28.93,102.77,56.5,"Salaried","Mortgage","Vehicle",1
14483,25.25,1692217,2.27,"5537333",22.13,79.63,50.1,"Contract","Rent","Other",1
14485,35,6847,0.47,"14235",1.25,14.88,29.3,"Unemployed","Rent","Debt_consolidation",1
14493,20.25,240198,1.46,"263329",37.59,124.43,64,"Salaried","Rent","Vehicle",1
14497,35,3133,0.55,"11857",6.38,30.69,36.1,"Unemployed","Rent","Other",1
14498,18.25,606038,1.45,"2191599",28.76,92.51,62.3,"Salaried","Mortgage","Home_improvement",0
14509,22.25,1828955,1.13,"2790788",1.27,15.72,29.2,"Self-employed","Mortgage","Home_improvement",1
14521,22.75,141660,1.06,"518879",0.56,13.54,31.2,"Salaried","Own","Debt_consolidation",0
14527,21.25,439117,1.69,"1118447",1.83,11.55,28.5,"Salaried","Mortgage","Vehicle",0
14537,16.75,341657,1.63,"566075",24.72,87.19,50.2,"Salaried","Mortgage","Home_improvement",0
14562,18.25,500788,1.38,"1376008",6.69,33.52,34.6,"Salaried","Mortgage","Home_improvement",0
14571,22.25,441366,1.29,"742033",1.95,18.18,28.1,"Salaried","Rent","Vehicle",0
14585,20.25,653654,1.83,"864406",2.84,21.94,35.1,"Salaried","Mortgage","Home_improvement",0
14590,34.25,4918,0.48,"10011",3.83,19.4,33.3,"Unemployed","Rent","Home_improvement",0
14603,23.25,268984,1.27,"712552",3.2,21.5,25.5,"Salaried","Rent","Other",0
14608,16.75,524472,1.34,"1902145",27.6,93.39,56.9,"Salaried","Mortgage","Home_improvement",0
14615,23.75,3069733,1.84,"8086854",13.41,48.42,35.8,"Self-employed","Rent","Other",1
14617,17.75,493469,1.08,"386956",13,49.02,47.6,"Salaried","Mortgage","Vehicle",1
14624,20.25,514925,1.74,"389964",4.63,23.71,39.1,"Salaried","Rent","Vehicle",0
14639,23.25,1089640,2.27,"3984986",27.38,91.44,61.5,"Self-employed","Mortgage","Debt_consolidation",1
14645,16.75,448207,1.6,"290691",34.01,107.96,62.9,"Salaried","Mortgage","Vehicle",0
14647,17.75,304414,1.43,"711457",13.8,47.77,47.7,"Salaried","Mortgage","Vehicle",0
14651,19.75,2892541,1.9,"5200945",11.81,47.93,46.2,"Self-employed","Mortgage","Vehicle",1
14652,17.75,505982,1.3,"540447",20.26,70.2,54.4,"Salaried","Mortgage","Vehicle",0
14667,17.75,620290,1.21,"1788974",28.09,91.17,59.4,"Salaried","Mortgage","Vehicle",1
14673,21.25,1369449,1.67,"5004656",23,76.57,51.9,"Self-employed","Own","Debt_consolidation",0
14674,14.25,150689,1.53,"83090",26.03,86.04,50.4,"Salaried","Mortgage","Home_improvement",0
14685,19.25,392661,1.24,"1477362",29.19,91.19,61,"Salaried","Mortgage","Vehicle",1
14718,23.25,479926,2.07,"1178807",31.81,107.76,63.3,"Salaried","Rent","Other",1
14725,21.75,168451,1.47,"117231",24.87,80.3,51.4,"Salaried","Rent","Other",0
14735,17.75,497510,1.56,"1782588",19.66,71.96,47.9,"Salaried","Mortgage","Vehicle",0
14752,20.75,356558,1.25,"1169818",35.78,117.92,64.2,"Salaried","Own","Debt_consolidation",1
14761,23.75,1693500,1.97,"5836966",29.87,95.23,58,"Self-employed","Rent","Other",1
14767,18.75,749488,1.96,"1850215",33.43,110.66,59.5,"Self-employed","Mortgage","Home_improvement",0
14787,31.25,2982,0.4,"1943",5.37,25.93,27.4,"Unemployed","Rent","Debt_consolidation",0
14809,21.25,580543,2,"905268",31.72,103.58,66.7,"Self-employed","Mortgage","Vehicle",0
14818,16.75,291015,1.54,"373811",24.3,84.4,59,"Salaried","Mortgage","Home_improvement",0
14821,16.75,562585,1.49,"1066177",9.44,38.95,33.1,"Salaried","Mortgage","Home_improvement",0
14829,27.25,736254,2.19,"1628456",2.85,22.17,37.7,"Self-employed","Rent","Other",1
14830,18.25,205895,1.13,"372304",5.11,28.33,29.2,"Salaried","Mortgage","Home_improvement",1
14832,21.75,840584,1.49,"3015121",32.5,105.23,54.9,"Salaried","Rent","Other",0
14843,23.75,4368577,2.09,"5559658",12.6,46.31,38.8,"Self-employed","Rent","Other",1
14863,20.25,685884,1.4,"2389332",35.42,116.57,69.4,"Salaried","Rent","Vehicle",0
14870,21.75,1130380,1.77,"1258732",28.33,99.41,53,"Self-employed","Mortgage","Debt_consolidation",0
14872,15.75,162966,1.39,"61729",37.2,127.04,70.2,"Salaried","Mortgage","Home_improvement",0
14876,20.25,488753,1.89,"345124",37.5,122.28,64.1,"Salaried","Rent","Vehicle",1
14877,17.25,1451794,1.83,"895648",12.57,42.08,36.2,"Self-employed","Mortgage","Vehicle",0
14927,23.75,2220695,1.46,"4608610",23.24,75,55.4,"Self-employed","Rent","Other",0
14930,22.75,939985,2.22,"2404272",22.72,78.59,48.6,"Contract","Own","Debt_consolidation",0
14932,30.25,3131,0.36,"10767",38.12,129.84,65,"Unemployed","Mortgage","Debt_consolidation",1
14948,21.75,600441,1.54,"2129920",7.11,29.08,37.5,"Salaried","Rent","Other",1
14966,17.25,4135570,1.54,"2409752",25.44,83.52,58.8,"Self-employed","Mortgage","Vehicle",1
14974,23.25,2280911,1.48,"4067487",35.71,117.17,67.8,"Self-employed","Mortgage","Debt_consolidation",1
14986,19.25,421345,1.54,"333958",5.32,21.52,36.9,"Salaried","Mortgage","Vehicle",0
14987,18.75,328209,1.73,"736433",8.44,30.97,42.3,"Salaried","Rent","Vehicle",0
14989,20.25,410306,1.43,"1234683",38.02,126.01,66.2,"Salaried","Rent","Vehicle",1
15011,18.75,246284,1.43,"732167",27.74,93.1,50.4,"Salaried","Rent","Vehicle",0
15017,19.25,321035,1.72,"799252",18.94,67.77,52.1,"Salaried","Own","Debt_consolidation",1
15023,23.75,946760,1.68,"2350109",15.21,59.69,45.1,"Self-employed","Rent","Other",1
15043,18.25,164025,1.61,"549903",28.33,99.02,61.3,"Salaried","Mortgage","Home_improvement",1
15048,19.25,372360,1.63,"1367627",12.1,45.48,36.6,"Salaried","Own","Debt_consolidation",0
15060,21.25,3053650,2.15,"5259225",19.1,62.41,48.3,"Self-employed","Own","Debt_consolidation",1
15062,35,2058,0.56,"2297",23.11,87.84,47.5,"Unemployed","Rent","Other",0
15065,23.25,546605,1.4,"1780179",3.7,26.4,33.9,"Salaried","Rent","Other",1
15071,25.25,2059968,2.12,"1650614",36.25,112.3,69.8,"Self-employed","Rent","Other",1
15086,35,5821,0.48,"9280",23.3,80.64,53.5,"Unemployed","Rent","Debt_consolidation",0
15095,21.75,174529,1.71,"501507",29.54,102.17,54.4,"Salaried","Rent","Other",1
15096,25.25,1190686,1.27,"4379473",32.34,106.12,62.7,"Self-employed","Rent","Other",0
15099,17.75,253836,1.88,"501927",26.1,91.9,56,"Salaried","Mortgage","Vehicle",0
15105,22.25,338148,1.79,"405938",2.87,13.33,25.6,"Salaried","Rent","Vehicle",0
15111,18.25,462828,1.62,"1483617",37.6,116.17,71.8,"Salaried","Mortgage","Home_improvement",0
15112,32.75,5074,0.47,"10964",16.53,61.69,44.9,"Unemployed","Rent","Home_improvement",1
15115,17.75,305260,2.1,"811217",19.42,63.22,44.8,"Salaried","Mortgage","Vehicle",1
15120,20.25,401028,1.67,"446215",32.67,103.78,64,"Salaried","Rent","Vehicle",0
15127,17.75,608895,1.65,"2132767",28.45,99.14,52.4,"Salaried","Mortgage","Vehicle",0
15135,23.25,1280690,1.38,"4813649",12.38,42.66,45.6,"Contract","Mortgage","Debt_consolidation",0
15147,23.75,1013255,1.74,"1907513",13.41,50.04,39.2,"Self-employed","Rent","Other",1
15155,17.75,360960,1.4,"1239874",29.58,98.88,57.7,"Salaried","Mortgage","Vehicle",0
15156,18.75,203048,1.28,"547919",31.26,97.8,58.4,"Salaried","Rent","Vehicle",1
15162,23.25,280221,1.58,"479521",5.18,24.18,31.7,"Salaried","Rent","Other",1
15178,25.25,1087575,2.19,"1503953",29.49,98.11,56.2,"Contract","Rent","Other",1
15203,18.75,626670,0.94,"885593",10.69,40.52,37.7,"Salaried","Rent","Vehicle",0
15205,18.75,356842,1.88,"529462",16.66,55.86,49.9,"Salaried","Rent","Vehicle",1
15215,22.75,605132,1.64,"1897835",36.84,125.84,71.1,"Contract","Mortgage","Vehicle",0
15220,18.75,217792,1.26,"474314",18.99,68.64,53.7,"Salaried","Rent","Vehicle",0
15226,18.75,185580,1.39,"198017",8.47,38.27,30.9,"Salaried","Rent","Vehicle",0
15230,35,4997,0.58,"18726",19.86,69.49,46.3,"Unemployed","Rent","Debt_consolidation",0
15233,18.75,306892,1.35,"1022130",7.78,31.84,36.5,"Salaried","Rent","Vehicle",1
15234,19.75,676958,1.97,"1932417",8.37,40.38,38.2,"Self-employed","Mortgage","Vehicle",1
15242,21.75,854379,1.8,"1999078",26.58,93.81,54.2,"Self-employed","Mortgage","Debt_consolidation",1
15253,20.25,2009029,1.75,"1932245",6.2,28.11,37.9,"Self-employed","Mortgage","Home_improvement",0
15265,21.25,653489,1.45,"2351002",6.7,41.73,40,"Self-employed","Mortgage","Vehicle",0
15272,25.75,307579,2.02,"792569",2.03,13.46,26.6,"Contract","Rent","Vehicle",1
15296,21.25,818772,1.77,"3008240",25.42,86.37,59,"Self-employed","Own","Debt_consolidation",0
15298,19.25,561109,1.7,"1709842",35.32,112.5,68.6,"Salaried","Mortgage","Vehicle",1
15309,15.75,170883,1.71,"88184",3.86,23.25,31.8,"Salaried","Mortgage","Home_improvement",0
15314,15.25,581936,1.74,"304425",16.12,60.14,46.8,"Salaried","Mortgage","Vehicle",1
15326,23.25,1512483,2.5,"4764515",5.03,23.83,36.4,"Self-employed","Mortgage","Debt_consolidation",1
15332,21.25,546958,1.99,"2052920",0.27,9.23,32.7,"Salaried","Mortgage","Vehicle",1
15341,18.75,372087,1.47,"1138938",7.74,35.9,41.7,"Salaried","Rent","Vehicle",1
15352,18.75,269522,1.96,"732084",15.8,54.39,39.4,"Salaried","Rent","Vehicle",0
15358,25.25,423616,1.78,"1165118",19.06,66.08,42.4,"Contract","Rent","Other",0
15365,22.25,442705,1.07,"421378",11.44,40.03,42.9,"Contract","Rent","Vehicle",1
15370,17.75,343627,1.59,"395007",7.96,40.05,40.7,"Salaried","Mortgage","Vehicle",0
15378,15.75,2172372,2.09,"700115",8.24,40.94,37,"Self-employed","Mortgage","Vehicle",0
15394,24.25,847708,1.91,"295081",30.84,100.18,62.3,"Contract","Rent","Other",1
15395,25.25,2056564,1.92,"3605811",28.82,99.16,60.6,"Self-employed","Rent","Other",0
15398,22.25,247911,0.98,"483086",1.72,17.47,33.7,"Salaried","Rent","Vehicle",0
15400,19.75,1540071,1.08,"5193129",11.82,43.7,41.8,"Self-employed","Mortgage","Vehicle",0
15408,16.75,376284,1.9,"1093225",32.26,105.25,57.9,"Salaried","Mortgage","Home_improvement",1
15410,23.25,597007,1.95,"686430",35,114.43,65.1,"Salaried","Rent","Other",1
15437,18.25,161610,1.55,"97395",36.81,123.13,66.3,"Salaried","Own","Debt_consolidation",1
15456,19.75,1399369,1.61,"4039010",9.56,41.29,42.6,"Self-employed","Mortgage","Vehicle",1
15457,19.75,754001,1.32,"2694996",21.17,73.38,46.3,"Self-employed","Mortgage","Vehicle",0
15490,17.75,587974,1.7,"1505131",19.37,65.54,47,"Salaried","Mortgage","Vehicle",0
15491,18.75,129912,1.4,"264271",7.64,27.28,37,"Salaried","Rent","Vehicle",0
15492,17.75,235351,1.58,"645188",16.22,55.84,45.7,"Salaried","Mortgage","Vehicle",0
15493,15.25,172650,1.6,"113574",24.08,85.75,53.5,"Salaried","Mortgage","Vehicle",1
15498,19.75,761973,2.21,"1040820",16.99,59.74,43,"Self-employed","Mortgage","Vehicle",1
15509,20.75,289117,1.26,"966281",38.8,125.5,67.5,"Salaried","Own","Debt_consolidation",1
15510,28.75,3548,0.23,"6873",26.36,91.87,51.8,"Unemployed","Mortgage","Debt_consolidation",1
15511,21.75,972891,1.96,"1212744",21.55,75.21,55.9,"Self-employed","Mortgage","Debt_consolidation",1
15512,18.75,703473,1.74,"521241",31.02,103.49,57.2,"Salaried","Rent","Vehicle",0
15525,23.75,371792,2.54,"484823",9.45,36.33,41.2,"Self-employed","Rent","Other",0
15563,16.75,341142,1.83,"398988",19.15,62.82,45.8,"Salaried","Mortgage","Home_improvement",1
15565,19.25,824931,1.67,"3067436",4.45,19.69,28,"Salaried","Mortgage","Vehicle",0
15589,21.25,2730255,2.28,"4191468",28.42,90.68,62,"Self-employed","Mortgage","Vehicle",1
15595,19.75,3612365,1.37,"9833388",24.61,84.91,50.7,"Self-employed","Mortgage","Vehicle",1
15597,23.25,511323,1.89,"500985",26.65,86.6,54.2,"Contract","Mortgage","Debt_consolidation",1
15609,16.75,245752,1.48,"932824",8.65,36.53,34.1,"Salaried","Mortgage","Home_improvement",0
15611,21.75,2317259,0.66,"5637311",22.02,79.21,56.9,"Self-employed","Mortgage","Debt_consolidation",1
15619,17.75,642579,1.31,"1659661",18.31,67.02,42.2,"Salaried","Mortgage","Vehicle",0
15624,23.75,1074561,1.88,"2543884",27.91,93.15,54.6,"Self-employed","Rent","Other",1
15626,35,3826,0.51,"4270",1.88,11.06,35,"Unemployed","Rent","Home_improvement",0
15636,23.25,1790789,2.65,"1762779",37.78,129.81,67.4,"Self-employed","Mortgage","Debt_consolidation",1
15647,18.75,353897,1.91,"1017295",16.78,62.77,39.4,"Salaried","Rent","Vehicle",1
15653,16.75,283639,2.13,"99210",39.83,130.83,63.8,"Salaried","Mortgage","Vehicle",1
15660,25.25,373193,1.35,"602355",35.09,114.31,59.1,"Contract","Rent","Other",1
15665,20.25,595038,1.81,"567390",4.73,18.16,27.4,"Salaried","Rent","Vehicle",0
15667,23.25,1052143,1.51,"1142891",1.2,11.44,29.5,"Self-employed","Mortgage","Vehicle",0
15686,23.25,583512,1.68,"868489",25.29,82.85,59.4,"Contract","Mortgage","Debt_consolidation",1
15703,18.25,346205,2.19,"684542",30.72,103.36,61.7,"Salaried","Mortgage","Home_improvement",0
15711,20.75,347294,1.66,"1228583",30.73,95.23,61.2,"Salaried","Own","Debt_consolidation",1
15713,22.75,389457,1.62,"928606",4.28,19.51,26.5,"Contract","Mortgage","Vehicle",0
15716,18.25,556673,1.3,"454435",33.1,109.94,63.3,"Salaried","Mortgage","Home_improvement",0
15736,18.25,174822,1.64,"244803",4.26,16.95,33.5,"Salaried","Mortgage","Home_improvement",0
15739,19.25,175931,1.33,"124510",9.05,35.33,32.3,"Salaried","Own","Debt_consolidation",0
15752,17.75,284011,1.43,"458444",33.67,104.82,56.3,"Salaried","Mortgage","Vehicle",1
15776,19.75,2289376,1.88,"2032952",16.38,60.72,40.4,"Self-employed","Mortgage","Vehicle",1
15778,21.25,375702,1.9,"866952",35.43,118.43,69.7,"Self-employed","Mortgage","Vehicle",0
15783,26.75,714279,2.4,"584607",35.59,117.45,68.3,"Contract","Rent","Other",0
15791,17.75,432179,1.02,"514327",28.6,95.5,54,"Salaried","Mortgage","Vehicle",0
15793,19.75,412559,1.75,"1222926",9.42,41.03,37.3,"Self-employed","Mortgage","Vehicle",0
15800,20.25,312652,1.13,"566814",6.71,32.2,32.2,"Salaried","Rent","Vehicle",1
15801,20.25,1084472,1.83,"2506820",37.93,120.59,67.4,"Self-employed","Mortgage","Home_improvement",1
15802,34.75,4081,0.49,"2192",5.8,28.77,28.5,"Unemployed","Rent","Debt_consolidation",0
15803,21.75,427678,1.55,"1525817",33.68,104.57,56.3,"Salaried","Rent","Other",1
15804,18.75,625372,1.4,"2338056",21.81,69.4,45.8,"Salaried","Rent","Vehicle",0
15808,26.75,698643,2.08,"884358",5.17,29.26,37,"Contract","Rent","Other",0
15817,23.75,469975,1.77,"1301061",1.5,17.54,23.7,"Salaried","Rent","Vehicle",0
15820,17.75,474733,1.45,"1270016",13.99,50.45,49,"Salaried","Mortgage","Vehicle",0
15823,21.75,795342,1.92,"2005585",8.42,33.65,32.2,"Salaried","Rent","Other",0
15834,19.75,4241755,1.39,"15452583",19.05,63.57,53.7,"Self-employed","Mortgage","Vehicle",1
15840,20.75,269025,1.34,"168216",34.75,115.25,63.2,"Self-employed","Mortgage","Debt_consolidation",1
15851,35,4600,0.57,"16915",4.42,22.36,27.4,"Unemployed","Rent","Other",1
15865,19.25,692971,1.6,"1569452",13.81,50.26,42.2,"Salaried","Own","Debt_consolidation",0
15871,18.25,242480,1.48,"921197",35.01,117.24,69.4,"Salaried","Mortgage","Home_improvement",1
15874,21.25,936377,1.47,"2895580",28.37,95.98,57.8,"Self-employed","Own","Debt_consolidation",1
15894,17.75,593084,1.01,"1381872",10.48,40.49,45.5,"Salaried","Mortgage","Vehicle",0
15896,18.75,485867,1.53,"1571682",17.9,59.61,52.9,"Salaried","Rent","Vehicle",0
15899,23.25,540556,1.62,"1143620",12.46,53.98,47.3,"Contract","Mortgage","Debt_consolidation",0
15917,21.25,750967,1.04,"2649219",21.68,75.02,45,"Contract","Mortgage","Vehicle",0
15923,22.75,1774095,1.68,"1820832",38.91,126.32,61,"Self-employed","Own","Debt_consolidation",1
15925,18.25,169335,1.56,"157863",36.55,123.1,65,"Salaried","Mortgage","Home_improvement",1
15933,21.25,3818312,1.14,"10646493",37.99,123.83,69.5,"Self-employed","Mortgage","Vehicle",1
15946,21.25,313263,1.32,"281023",1.04,15.62,33.3,"Salaried","Mortgage","Vehicle",0
15950,23.25,458088,2.09,"1357813",4.15,21.68,26.3,"Self-employed","Mortgage","Debt_consolidation",1
15952,21.75,410816,1.77,"1523737",11.21,37.15,42.1,"Salaried","Rent","Other",0
15954,15.25,536244,1.83,"257564",24.36,78.13,53.3,"Salaried","Mortgage","Vehicle",0
15965,23.25,276941,1.7,"708049",35.99,114.7,62.5,"Salaried","Rent","Other",1
15969,17.75,266680,1.16,"494194",18.22,62.51,46.7,"Salaried","Mortgage","Vehicle",1
15979,23.25,360383,2.04,"1131491",4.81,20.57,31.3,"Salaried","Rent","Other",1
15980,17.75,450537,1.41,"1120787",19.56,71.76,43.2,"Salaried","Mortgage","Vehicle",0
16008,18.25,678002,1.54,"703853",39.12,129.97,70.8,"Salaried","Mortgage","Home_improvement",1
16011,22.25,541929,1.91,"1352879",28.1,94.32,58.5,"Contract","Rent","Vehicle",1
16014,17.75,397785,1.24,"992088",24.25,82.06,49.5,"Salaried","Mortgage","Vehicle",0
16018,34.25,4095,0.65,"7482",4.98,24.11,38.3,"Unemployed","Rent","Home_improvement",0
16020,34.75,1381,0.63,"1864",10.18,40.7,35,"Unemployed","Mortgage","Debt_consolidation",1
16034,16.75,705895,1.68,"1825739",21.6,74.02,56,"Salaried","Mortgage","Home_improvement",1
16054,14.25,494421,1.58,"282126",28.95,97.26,59.3,"Salaried","Mortgage","Home_improvement",1
16093,17.75,968977,2.25,"526171",34.06,114.19,63.9,"Self-employed","Mortgage","Home_improvement",0
16097,23.25,676779,1.29,"1896949",34.32,109.33,58.5,"Contract","Mortgage","Debt_consolidation",1
16100,23.75,1708668,1.9,"4722081",20.04,72.5,47.9,"Self-employed","Rent","Other",0
16112,19.25,193759,1.14,"435905",5.9,25.74,31.1,"Salaried","Mortgage","Vehicle",0
16134,20.25,738954,1.39,"1283220",2.6,15.65,26.2,"Salaried","Mortgage","Home_improvement",0
16143,25.25,1936599,1.67,"2599564",2.48,16.12,29.8,"Self-employed","Mortgage","Debt_consolidation",0
16157,35,3254,0.44,"11645",0.52,12.32,31.5,"Unemployed","Rent","Debt_consolidation",1
16167,18.75,385936,1.18,"531532",21.37,68.49,44,"Salaried","Rent","Vehicle",1
16183,20.25,719815,2.25,"939357",29.05,97.59,61.6,"Salaried","Rent","Vehicle",1
16197,19.75,2015346,1.93,"7281730",13.03,54.02,45.8,"Self-employed","Mortgage","Vehicle",1
16198,21.25,1433812,1.94,"810337",25.18,85.73,47.9,"Self-employed","Rent","Other",1
16219,16.75,288857,1.46,"946711",7.09,36.84,35.6,"Salaried","Mortgage","Home_improvement",0
16222,17.75,734200,1.16,"2265153",35.04,114.86,58.1,"Salaried","Mortgage","Vehicle",0
16225,16.75,99491,1.54,"171856",28.69,95.6,51.2,"Salaried","Mortgage","Home_improvement",1
16231,18.25,390703,1.56,"1386681",29.44,101.87,63.5,"Salaried","Mortgage","Home_improvement",0
16232,25.25,1325036,1.63,"1237298",5.39,28.88,37.6,"Self-employed","Rent","Other",1
16240,19.25,281372,1.52,"386054",19.42,67.14,53.5,"Salaried","Own","Debt_consolidation",0
16242,19.25,323080,1.41,"875665",37.05,123.13,66.7,"Salaried","Mortgage","Vehicle",1
16263,19.25,420371,1.25,"335490",31.64,107.44,64.3,"Salaried","Mortgage","Vehicle",1
16274,17.75,417772,1.57,"876696",29.93,102.58,54.6,"Salaried","Mortgage","Vehicle",0
16281,18.75,278663,1.35,"584010",13.77,55.64,39.8,"Salaried","Rent","Vehicle",0
16286,25.25,248953,1.4,"724212",6.79,22.95,31.2,"Self-employed","Rent","Other",0
16299,23.75,1360687,0.98,"2192846",7,31.64,41.2,"Self-employed","Rent","Other",0
16365,19.25,145070,1.8,"236298",14.64,58.44,39.9,"Salaried","Own","Debt_consolidation",1
16368,23.75,610929,1.37,"739526",10.44,46.95,38.4,"Self-employed","Rent","Other",0
16382,21.25,834322,2.33,"2083816",8.48,36.78,32.7,"Contract","Mortgage","Vehicle",0
16389,22.25,469555,1.57,"1168865",1.06,13.61,28.4,"Salaried","Rent","Vehicle",0
16404,22.25,800159,1.76,"967325",16.27,55.73,47.5,"Contract","Rent","Vehicle",1
16407,25.25,2219724,2.01,"7994065",38.8,130.69,63.5,"Self-employed","Rent","Other",1
16411,21.75,363237,1.33,"1363110",29.73,101.08,54.8,"Salaried","Rent","Other",0
16424,19.25,388932,1.42,"815473",35.59,119.82,67.3,"Salaried","Mortgage","Vehicle",0
16427,15.25,269720,1.56,"141595",12.95,46.22,41.8,"Salaried","Mortgage","Vehicle",0
16441,18.25,291610,1.59,"426760",34.72,111.98,69.6,"Salaried","Mortgage","Home_improvement",1
16447,25.25,473642,1.15,"1700058",23.34,81.38,51.4,"Contract","Rent","Other",1
16448,25.25,441145,1.54,"312361",2.48,17.39,25,"Salaried","Rent","Other",0
16453,20.75,618545,1.42,"1266707",36.92,118.78,68.9,"Salaried","Own","Debt_consolidation",1
16455,19.25,198238,1.49,"442613",16.66,58.36,39.9,"Salaried","Own","Debt_consolidation",0
16461,23.75,1672306,1.46,"3378370",17.54,59.45,50.3,"Self-employed","Rent","Other",1
16467,18.75,164959,1.62,"113447",22.05,77.95,52.5,"Salaried","Rent","Vehicle",0
16474,27.25,2516878,2.01,"8964249",1.49,14.57,30.1,"Self-employed","Rent","Other",1
16483,14.25,295006,1.69,"128221",15.53,56.44,41.1,"Salaried","Mortgage","Home_improvement",1
16485,19.25,513762,1.63,"825991",35.7,113.53,65.5,"Salaried","Mortgage","Vehicle",1
16490,23.75,2699361,1.21,"8759062",11.42,44.94,46.3,"Self-employed","Rent","Other",1
16492,21.75,1189410,1.25,"2640758",18.28,67.08,48.1,"Self-employed","Mortgage","Debt_consolidation",0
16501,16.75,765820,1.46,"1757161",11.25,47.09,41.1,"Salaried","Mortgage","Home_improvement",1
16519,18.75,296462,1.68,"352624",22.23,73.2,53,"Salaried","Rent","Vehicle",1
16545,23.75,1254594,2.01,"1252277",35.87,118.31,69.5,"Contract","Rent","Vehicle",1
16547,35,1838,0.61,"4785",27.16,94.22,61.5,"Unemployed","Rent","Debt_consolidation",1
16559,19.25,368552,1.22,"591482",15.09,55.61,38.8,"Salaried","Own","Debt_consolidation",1
16564,20.75,562479,1.05,"288262",38.02,125.12,72.9,"Salaried","Rent","Other",1
16593,18.75,233559,1.72,"372064",19.76,69.55,45.2,"Salaried","Rent","Vehicle",0
16604,35,2300,0.53,"7550",27.15,94.6,50.1,"Unemployed","Rent","Debt_consolidation",1
16627,18.75,591318,1.8,"2166562",19.3,68.76,47.1,"Salaried","Rent","Vehicle",1
16632,21.75,1722952,2.41,"3794886",12.36,45.48,45.9,"Self-employed","Mortgage","Debt_consolidation",0
16637,21.75,312025,1.7,"806827",37.36,123.28,60,"Salaried","Rent","Other",1
16642,16.75,367465,1.5,"1056936",16.24,58.79,40.9,"Salaried","Mortgage","Home_improvement",0
16653,19.75,312090,1.12,"1135116",9.24,42.54,34.2,"Self-employed","Mortgage","Vehicle",0
16698,35,8630,0.54,"15620",37.11,116.77,61,"Unemployed","Rent","Other",1
16699,23.75,1575305,1.62,"1925334",13.99,50.23,40.1,"Self-employed","Rent","Other",1
16710,22.25,896624,1.71,"879922",9.68,37.1,32.2,"Contract","Rent","Vehicle",1
16749,18.75,183906,0.78,"277938",16.42,60.96,45.2,"Salaried","Rent","Vehicle",1
16756,22.25,396425,1.8,"752807",0.93,13.01,25.1,"Salaried","Rent","Vehicle",0
16763,19.75,1437077,1.53,"2762861",35.06,123.75,59.2,"Self-employed","Mortgage","Vehicle",0
16765,20.25,104998,1.67,"229410",31.99,109.63,64.9,"Salaried","Rent","Vehicle",1
16771,20.25,1215388,2.29,"3885900",5.18,27.46,33.1,"Self-employed","Mortgage","Home_improvement",1
16793,21.75,409890,1.89,"689466",15.41,48.18,50,"Salaried","Rent","Other",0
16799,22.75,770658,1,"1657784",31.65,103.57,65.6,"Self-employed","Own","Debt_consolidation",1
16820,34.75,3988,0.6,"14528",31.06,100.64,55.5,"Unemployed","Mortgage","Debt_consolidation",1
16829,22.75,323039,1.82,"865147",6.56,28.83,30.9,"Self-employed","Own","Debt_consolidation",0
16835,26.75,9268,0.35,"33671",8.88,33.89,37.2,"Unemployed","Rent","Home_improvement",0
16853,35,3055,0.58,"5242",2.48,16.79,29.1,"Unemployed","Rent","Home_improvement",0
16865,20.75,826275,1.82,"753007",34.11,111.74,63.5,"Salaried","Own","Debt_consolidation",1
16866,25.25,644751,1.71,"1865458",2.66,20.14,35.6,"Salaried","Rent","Other",1
16877,18.75,316551,1.29,"628658",25.61,86.95,51.7,"Salaried","Rent","Vehicle",0
16909,22.75,434612,1.39,"316106",21.01,73.91,47.7,"Contract","Own","Debt_consolidation",1
16917,18.75,501580,1.56,"1161332",19.3,66.78,45.8,"Salaried","Rent","Vehicle",1
16921,18.75,454269,1.51,"431336",31.58,104.72,55.3,"Salaried","Rent","Vehicle",0
16923,17.75,271945,2,"927679",11.52,46.62,46.1,"Salaried","Mortgage","Vehicle",1
16925,17.75,359153,1.53,"1319800",21.76,79.47,48.6,"Salaried","Mortgage","Vehicle",1
16926,17.75,139162,1.42,"96246",9.34,36.88,42.9,"Salaried","Mortgage","Vehicle",1
16942,17.75,193858,1.04,"231684",13.53,49.22,44.1,"Salaried","Mortgage","Vehicle",0
16949,21.75,523429,1.17,"1858917",32.52,112.57,56.1,"Salaried","Rent","Other",0
16955,21.75,167534,1.19,"525823",30.47,106.11,56.5,"Salaried","Rent","Other",0
16965,32.25,2652,0.47,"1414",24.75,86.31,57.2,"Unemployed","Mortgage","Debt_consolidation",1
16967,19.25,281970,1.8,"570212",27.54,97.5,61.9,"Salaried","Mortgage","Vehicle",0
16970,19.25,193575,1.6,"727986",11.41,45.75,45.4,"Salaried","Own","Debt_consolidation",1
16971,17.75,308073,1.54,"953151",18.7,66.78,41.6,"Salaried","Mortgage","Vehicle",0
16975,23.75,1237247,2,"1648868",30.34,103.24,54.2,"Self-employed","Rent","Other",1
16997,22.25,131344,1.89,"180853",0.46,14.24,27.5,"Salaried","Rent","Vehicle",0
17007,35,2627,0.55,"5467",35.77,117.45,67,"Unemployed","Rent","Debt_consolidation",1
17012,25.25,2268955,2.44,"2716277",33.56,111.75,60.2,"Self-employed","Rent","Other",0
17019,35,1708,0.41,"4988",0.9,13.39,25.9,"Unemployed","Rent","Debt_consolidation",0
17038,17.75,92617,1.68,"123149",25.36,83.95,60,"Salaried","Mortgage","Vehicle",0
17044,20.25,519977,1.77,"360293",4.15,23.98,28.6,"Salaried","Rent","Vehicle",0
17045,21.25,2031521,1.64,"676579",6.24,24.06,37.1,"Self-employed","Rent","Other",0
17054,18.75,2732748,1.9,"1392283",36.35,121.25,66,"Self-employed","Mortgage","Vehicle",1
17067,16.75,381098,1.1,"353388",7.41,36.82,35.5,"Salaried","Mortgage","Home_improvement",0
17069,17.75,224073,1.1,"324158",31.14,104.37,58.1,"Salaried","Mortgage","Vehicle",1
17071,21.25,900891,1.46,"2604106",15.33,55.7,49.5,"Self-employed","Own","Debt_consolidation",0
17074,16.25,2180539,1.46,"989683",8.61,31.88,42.5,"Self-employed","Mortgage","Home_improvement",0
17082,17.75,131538,1.23,"146871",23.1,74.74,54.8,"Salaried","Mortgage","Vehicle",0
17085,21.25,1917827,2.05,"4505354",32.97,107.69,61.7,"Self-employed","Mortgage","Vehicle",0
17124,18.75,236529,1.29,"232432",23.16,77.59,51.7,"Salaried","Rent","Vehicle",1
17133,18.25,487883,1.91,"1135826",5.73,25.79,33.3,"Salaried","Mortgage","Home_improvement",0
17136,20.25,604613,1.58,"2136561",15.75,59.97,46,"Contract","Mortgage","Home_improvement",1
17141,20.25,385359,1.37,"451751",0.53,8.97,32.7,"Salaried","Mortgage","Home_improvement",0
17153,25.25,2601513,2.31,"8973358",1.69,14.08,34.7,"Self-employed","Mortgage","Debt_consolidation",0
17154,20.25,1011145,2.24,"1359720",26.43,89.22,53.5,"Contract","Mortgage","Home_improvement",1
17156,21.75,423132,1.58,"1502826",21.21,77.91,54.6,"Salaried","Rent","Other",0
17184,22.25,867983,2.24,"578678",15.91,58.34,38.8,"Contract","Rent","Vehicle",1
17188,20.25,2529976,1.29,"6560229",6.17,27.83,33.6,"Self-employed","Mortgage","Home_improvement",0
17193,35,5984,0.68,"13076",37.66,120.06,68.5,"Unemployed","Mortgage","Debt_consolidation",1
17224,35,7097,0.5,"24779",0.96,14.54,27.7,"Unemployed","Rent","Debt_consolidation",0
17230,21.25,1468163,1.7,"2663503",23.08,79.83,51.6,"Contract","Mortgage","Vehicle",0
17265,19.75,1267293,2.03,"3093641",25.26,90.18,57.2,"Self-employed","Mortgage","Vehicle",0
17270,19.75,348637,1.84,"878994",19.11,66.56,44.7,"Self-employed","Mortgage","Vehicle",1
17276,21.75,2164833,2.25,"7424760",7.58,30.6,39.3,"Self-employed","Mortgage","Debt_consolidation",0
17280,19.25,91052,1.76,"252093",19.11,69.27,44.3,"Salaried","Own","Debt_consolidation",0
17295,35,7350,0.55,"9524",16.93,63.93,42.7,"Unemployed","Rent","Debt_consolidation",1
17303,17.75,336970,1.58,"198129",39.64,126.31,69.7,"Salaried","Rent","Vehicle",1
17311,33.75,1896,0.44,"6024",3.38,23.41,30.2,"Unemployed","Rent","Debt_consolidation",1
17320,21.75,459964,1.68,"925450",13.98,59.19,39.1,"Salaried","Rent","Other",0
17344,16.75,420615,1.89,"1434564",22.83,75.39,50.7,"Salaried","Mortgage","Home_improvement",0
17356,18.75,309814,2.09,"1041904",12.7,50.6,43.2,"Salaried","Rent","Vehicle",0
17357,16.75,586260,1.74,"1702099",22.84,79.67,57.1,"Salaried","Mortgage","Home_improvement",0
17364,16.25,190404,1.69,"106080",13.9,49.47,40.1,"Salaried","Rent","Vehicle",0
17369,16.75,255096,1.38,"319954",24.92,82.83,51.3,"Salaried","Mortgage","Home_improvement",0
17370,23.25,584847,1.29,"438324",39.39,132.13,69.6,"Salaried","Rent","Other",0
17380,21.75,2378522,2.26,"5722186",25.43,87.08,49.9,"Self-employed","Mortgage","Debt_consolidation",1
17382,19.25,1151383,2.98,"709121",26.1,86.07,51.7,"Self-employed","Mortgage","Debt_consolidation",1
17390,23.75,1401900,1.7,"2538704",15.2,54.54,47.2,"Self-employed","Rent","Other",1
17391,32.25,1595,0.45,"3018",21.1,77.18,44.7,"Unemployed","Rent","Debt_consolidation",0
17403,31.25,1313,0.43,"705",6.91,33,30.5,"Unemployed","Rent","Debt_consolidation",1
17416,21.75,412456,1.43,"617728",9.12,37.74,32.9,"Salaried","Rent","Other",0
17429,20.25,259572,0.58,"743262",38.15,127.33,67.6,"Salaried","Rent","Vehicle",1
17438,35,1470,0.62,"2654",30,100.66,54.8,"Unemployed","Rent","Debt_consolidation",1
17441,20.25,289989,1.46,"411268",0.53,14.35,26.9,"Salaried","Mortgage","Home_improvement",0
17451,30.75,6877,0.28,"10089",18.21,66.28,41.9,"Unemployed","Rent","Other",1
17463,19.75,2530927,2.4,"2045064",21.96,77.3,53.9,"Self-employed","Mortgage","Vehicle",0
17466,19.25,360252,0.9,"472570",8.69,29.2,38.6,"Salaried","Own","Debt_consolidation",1
17471,22.25,972001,0.9,"668026",14.06,52.74,37.4,"Contract","Rent","Vehicle",1
17473,21.25,783806,1.72,"1962256",34.27,110.85,57.5,"Self-employed","Own","Debt_consolidation",1
17474,34.75,6679,0.41,"6575",39.38,125.81,71.1,"Unemployed","Rent","Other",1
17480,16.75,429123,1.36,"630285",12.56,50.26,46.4,"Salaried","Mortgage","Home_improvement",1
17482,21.75,2236533,1.91,"6927900",8.43,38.14,37.8,"Self-employed","Mortgage","Debt_consolidation",1
17483,19.25,781301,2.04,"2726148",38.03,121.39,67.1,"Salaried","Mortgage","Vehicle",1
17484,20.75,366785,1.04,"985395",33.74,110.12,64.5,"Salaried","Own","Debt_consolidation",1
17490,19.25,292108,0.93,"468081",10.69,35.94,35.4,"Salaried","Own","Debt_consolidation",0
17505,18.25,230497,1.17,"129736",36.38,114.94,63.1,"Salaried","Own","Debt_consolidation",1
17513,20.25,1323478,1.85,"4522374",26.42,93.77,51.3,"Contract","Mortgage","Home_improvement",1
17543,21.25,524208,1.59,"1091792",2.77,18.59,26.7,"Salaried","Mortgage","Vehicle",0
17558,16.75,311931,2.05,"646051",29.66,97.87,52.2,"Salaried","Mortgage","Home_improvement",0
17564,18.75,168729,1.36,"621872",24.62,85.26,59.3,"Salaried","Rent","Vehicle",0
17588,35,4287,0.49,"7282",32.28,107.15,66.4,"Unemployed","Rent","Debt_consolidation",1
17593,25.25,1400582,1.99,"4424108",27.13,91,60.8,"Self-employed","Rent","Other",1
17595,19.75,1317252,1.54,"4558974",13.37,44.2,41.2,"Self-employed","Mortgage","Vehicle",1
17602,33.75,6282,0.65,"10572",28.26,93.62,57.6,"Unemployed","Rent","Vehicle",1
17614,22.75,216252,2.11,"655475",32.61,110.37,60.3,"Contract","Mortgage","Vehicle",1
17617,18.75,379067,1.3,"915475",29.68,100.01,59.7,"Salaried","Rent","Vehicle",0
17622,22.25,1298769,1.44,"1180736",26.3,83.71,56.7,"Contract","Rent","Vehicle",1
17625,20.75,198251,1.54,"106362",38.88,126.14,63.8,"Salaried","Rent","Other",1
17636,18.75,244057,1.72,"669057",32.11,105.65,60,"Salaried","Rent","Vehicle",0
17650,17.75,504670,1.56,"1909147",33.45,110.72,59.1,"Salaried","Mortgage","Vehicle",1
17654,19.25,293335,1.36,"560593",35.83,117.36,63,"Salaried","Mortgage","Vehicle",0
17663,34.75,3733,0.41,"10013",33.02,103.35,61.7,"Unemployed","Rent","Other",1
17692,18.75,602238,2.04,"1866278",8,32.09,43,"Salaried","Rent","Vehicle",0
17701,19.25,446186,1.6,"198695",12.88,49.94,40.7,"Salaried","Rent","Other",0
17706,20.25,785301,0.8,"733012",17.44,57.35,47,"Contract","Mortgage","Home_improvement",0
17708,21.75,281076,1.48,"694160",18.67,65.16,48.4,"Salaried","Rent","Other",0
17714,26.75,779016,2.49,"1775212",4.32,21.07,33.7,"Contract","Rent","Other",1
17748,20.75,747476,1.29,"1116581",34.51,111.43,61.3,"Salaried","Own","Debt_consolidation",0
17753,16.75,384260,2.04,"806566",18.85,59.4,42.5,"Salaried","Mortgage","Home_improvement",1
17762,21.75,615569,1.36,"1684035",7.84,28.32,33.7,"Salaried","Rent","Other",1
17763,18.25,346074,1.79,"872951",36.92,124.36,61.3,"Salaried","Mortgage","Home_improvement",1
17768,18.25,508488,1.22,"467100",37.54,126.55,65.4,"Salaried","Mortgage","Home_improvement",1
17769,23.25,628823,1.98,"2354917",32.89,106.52,60.5,"Salaried","Rent","Other",0
17780,14.25,472255,1.18,"250380",31.11,104.25,60,"Salaried","Mortgage","Home_improvement",0
17801,21.25,1795093,1.17,"3787667",30.33,103.52,57.4,"Self-employed","Own","Debt_consolidation",0
17814,16.75,470005,1.16,"336950",11.98,42.63,35,"Salaried","Mortgage","Home_improvement",0
17831,19.25,256537,0.93,"344746",38.32,126.35,62.5,"Salaried","Mortgage","Vehicle",1
17843,19.25,505771,1.63,"1022108",38.91,126.65,71.6,"Salaried","Mortgage","Vehicle",1
17849,35,5744,0.63,"5915",2.25,18.45,31.9,"Unemployed","Rent","Debt_consolidation",1
17866,33.25,2336,0.42,"1483",0.71,11.68,35.6,"Unemployed","Rent","Debt_consolidation",1
17884,21.25,1807502,1.77,"3587417",10.09,36.95,39.3,"Self-employed","Own","Debt_consolidation",1
17886,20.75,593508,1.23,"1350739",4.33,23.51,29.9,"Salaried","Own","Debt_consolidation",0
17895,16.75,228035,1.82,"296640",26.58,86.04,48.9,"Salaried","Mortgage","Home_improvement",1
17898,16.75,209927,1.09,"502472",8.99,35.45,42,"Salaried","Mortgage","Home_improvement",0
17904,19.25,802989,1.35,"2368916",5.5,24.56,35.9,"Salaried","Mortgage","Vehicle",1
17905,23.75,1703107,1.69,"5844123",24.3,81.61,59.2,"Self-employed","Rent","Other",1
17910,17.75,230650,1.57,"663374",23.75,80.73,46.4,"Salaried","Mortgage","Vehicle",0
17914,35,4928,0.56,"14082",39.31,125.83,69.6,"Unemployed","Rent","Debt_consolidation",1
17924,16.75,184438,1.62,"286082",34.79,112.36,59.8,"Salaried","Mortgage","Home_improvement",1
17930,18.25,100996,1.35,"114608",32.1,112.6,66.4,"Salaried","Mortgage","Home_improvement",0
17940,20.75,239048,1.25,"350738",30.24,107.43,62.5,"Salaried","Own","Debt_consolidation",1
17967,16.75,285566,2,"767583",18.8,68.72,41.7,"Salaried","Mortgage","Home_improvement",1
17983,24.75,2011559,1.68,"1045373",0.92,13.62,32,"Self-employed","Rent","Other",1
17984,21.75,216468,1.96,"239333",26.9,85.16,56.4,"Salaried","Rent","Other",1
17998,20.25,483480,1.6,"1162202",33.75,106.02,63,"Salaried","Rent","Vehicle",0
18004,16.75,217088,1.06,"545513",13.48,55.29,41.5,"Salaried","Mortgage","Home_improvement",0
18014,19.75,2258254,1.04,"4646517",10.54,44.43,41.7,"Self-employed","Mortgage","Vehicle",0
18031,23.75,401149,1.62,"929641",26.45,91.12,56.2,"Self-employed","Rent","Other",1
18032,35,2557,0.53,"3094",37.45,120.2,68.5,"Unemployed","Rent","Debt_consolidation",0
18065,18.75,241556,1.03,"460956",27.34,93.84,50.9,"Salaried","Rent","Vehicle",0
18066,20.25,293951,1.97,"529031",0.28,14.72,34.8,"Salaried","Mortgage","Home_improvement",0
18079,21.75,512010,1.39,"1485466",17.54,58.93,46.9,"Salaried","Rent","Other",1
18090,19.25,336878,1.7,"895095",12.83,50.2,45.1,"Salaried","Own","Debt_consolidation",1
18095,35,2344,0.51,"6253",16.32,58.17,41.8,"Unemployed","Rent","Debt_consolidation",1
18096,23.75,3492569,1.99,"4204235",14.75,49.95,43,"Self-employed","Rent","Other",1
18108,25.25,893166,1.7,"1531371",38.62,125.93,61.8,"Self-employed","Rent","Other",1
18111,20.25,392153,2.02,"443355",38.33,122.16,71.8,"Salaried","Rent","Vehicle",0
18123,18.75,616721,1.14,"1405272",13.57,54.07,43.7,"Salaried","Rent","Vehicle",0
18130,19.25,246486,1.39,"185348",32.14,105.91,61.8,"Salaried","Mortgage","Vehicle",1
18134,21.25,598545,1.85,"1545544",20.4,72.29,54.7,"Contract","Mortgage","Vehicle",1
18139,21.75,514280,0.96,"1655506",10.6,42.21,42.2,"Salaried","Rent","Other",0
18153,31.25,7164,0.41,"20280",15.65,53.05,44.1,"Unemployed","Mortgage","Debt_consolidation",0
18167,27.25,1084257,1.73,"1140163",0.01,9.84,33.7,"Self-employed","Rent","Other",0
18171,21.75,877790,1.87,"1941901",9.16,32.85,35.8,"Salaried","Rent","Other",0
18176,19.25,428806,1.45,"1484988",23.93,81.89,52.6,"Salaried","Own","Debt_consolidation",0
18177,16.75,450778,1.37,"980783",22.55,76.27,47.3,"Salaried","Mortgage","Home_improvement",0
18194,20.25,207172,1.57,"458771",38.52,125.45,68.3,"Salaried","Rent","Vehicle",1
18208,21.75,543008,1.87,"1212050",13.73,48.79,39.2,"Salaried","Rent","Other",1
18215,20.25,247120,2.11,"754036",5.19,28.2,39,"Salaried","Rent","Vehicle",1
18222,35,5240,0.66,"10869",26.12,88.32,48.3,"Unemployed","Rent","Debt_consolidation",0
18243,23.75,436678,2.26,"805908",3.86,18.96,35,"Contract","Rent","Vehicle",0
18246,17.25,353120,1.72,"183138",16.27,64.4,48.9,"Self-employed","Mortgage","Vehicle",1
18259,17.75,468175,1.61,"269161",0.96,15.2,35.3,"Salaried","Mortgage","Home_improvement",0
18268,20.25,429566,2.12,"974622",33.33,108.68,62.3,"Salaried","Rent","Vehicle",1
18271,23.75,2861828,1.82,"10295550",29.84,101.39,54.7,"Self-employed","Rent","Other",1
18277,21.75,402953,1.62,"1150232",34.07,111.77,58.5,"Salaried","Rent","Other",0
18278,22.75,1270670,1.99,"4494294",4.44,24.45,26.9,"Contract","Mortgage","Vehicle",1
18279,20.25,270786,1.74,"1007239",4.56,27.31,28.1,"Salaried","Rent","Vehicle",0
18283,20.25,632168,1.2,"1622084",38.23,126.94,65.6,"Salaried","Rent","Vehicle",0
18288,18.75,642094,1.22,"1132713",12.75,45.42,44,"Salaried","Rent","Vehicle",1
18289,20.25,292034,1.42,"425359",2.93,20.97,36.7,"Salaried","Mortgage","Home_improvement",1
18297,20.25,1482681,1.57,"2952048",29.37,98.35,60.3,"Self-employed","Mortgage","Home_improvement",0
18303,16.25,522201,1.37,"162292",8.2,34.71,38,"Contract","Mortgage","Home_improvement",1
18328,35,3652,0.46,"3784",7.34,31.27,29.4,"Unemployed","Rent","Debt_consolidation",1
18343,22.75,1043018,1.75,"1325762",3.92,23.4,31.3,"Self-employed","Own","Debt_consolidation",1
18360,23.75,721793,1.78,"1258257",28.81,91.04,53.8,"Self-employed","Rent","Other",1
18372,21.75,651631,1.5,"1820084",31.11,110.56,53.3,"Salaried","Rent","Other",1
18382,16.75,454493,1.45,"1308090",8.3,36.52,43,"Salaried","Mortgage","Home_improvement",0
18390,19.75,1407197,2.53,"4023937",18.31,63.1,45,"Self-employed","Mortgage","Vehicle",0
18391,19.25,572566,1.49,"256612",8.32,36.89,32.5,"Salaried","Rent","Other",1
18394,16.75,364739,1.71,"556216",27.84,91.81,54.1,"Salaried","Mortgage","Home_improvement",0
18430,35,2484,0.54,"9049",5.37,35.23,34.5,"Unemployed","Rent","Other",0
18433,35,4060,0.55,"11372",36.77,117.45,66.7,"Unemployed","Rent","Debt_consolidation",1
18437,21.25,1118657,1.59,"2049187",34.13,112.18,57.1,"Self-employed","Own","Debt_consolidation",1
18444,14.25,364228,1.74,"124145",28.51,95.03,57.9,"Salaried","Mortgage","Home_improvement",1
18446,14.75,597280,1.29,"193998",28.31,100.36,54.1,"Salaried","Rent","Vehicle",1
18449,17.75,225048,0.91,"183693",23.77,80.06,54.8,"Salaried","Mortgage","Vehicle",0
18451,21.25,3034681,1.58,"9225449",4.31,17.69,29.7,"Self-employed","Mortgage","Vehicle",0
18463,25.25,475023,1.71,"1145645",2.92,19.57,29.9,"Salaried","Rent","Other",0
18470,18.75,1200141,2.07,"1139255",11.52,46.94,37.8,"Self-employed","Mortgage","Home_improvement",1
18471,27.25,1707378,2.45,"5944239",0.93,10.73,28.8,"Self-employed","Rent","Other",1
18482,17.75,446320,1.5,"186007",29.29,98.15,60.7,"Salaried","Rent","Vehicle",0
18503,23.25,723331,1.64,"2039982",39.83,126.92,68.8,"Salaried","Rent","Other",1
18508,19.25,510496,1.28,"755255",20.51,71.87,52.5,"Salaried","Own","Debt_consolidation",0
18510,16.75,598263,1.16,"1329444",18.14,61.16,43.4,"Salaried","Mortgage","Home_improvement",1
18526,16.75,514412,1.61,"1951101",8.36,31.44,42.5,"Salaried","Mortgage","Home_improvement",1
18528,18.25,282395,1.46,"680861",3.93,22.03,29.9,"Salaried","Mortgage","Home_improvement",0
18544,15.75,67779,2.18,"35875",36.25,119.79,64.5,"Salaried","Mortgage","Home_improvement",0
18545,23.25,1078076,2.29,"1640730",13.15,53.01,47.7,"Contract","Mortgage","Debt_consolidation",1
18550,21.75,208859,1.9,"516580",22.93,74.35,46.2,"Salaried","Rent","Other",1
18571,18.75,1699307,1.56,"919800",33.95,110.93,59.5,"Self-employed","Own","Debt_consolidation",1
18587,19.75,2339460,0.84,"6570401",12.58,46.56,37,"Self-employed","Mortgage","Vehicle",1
18597,16.25,188386,1.03,"68234",7.72,25.7,37.6,"Salaried","Rent","Vehicle",0
18606,23.25,692882,1.75,"1610428",36.32,117.42,59.1,"Contract","Mortgage","Debt_consolidation",1
18615,25.25,967998,1.56,"2224598",36.31,114.93,59.4,"Contract","Rent","Other",1
18629,18.25,410290,1.08,"420498",36.79,120.02,60.8,"Salaried","Mortgage","Home_improvement",1
18652,17.75,469774,1.6,"334435",23.63,77.91,50,"Salaried","Mortgage","Vehicle",0
18654,22.25,571029,2.68,"1023291",20.18,68.39,43.1,"Contract","Rent","Vehicle",1
18676,20.75,515061,1.67,"1905647",32.7,108.83,63.4,"Salaried","Own","Debt_consolidation",0
18679,16.75,867576,1.71,"3191908",21.38,74.28,43.8,"Salaried","Mortgage","Home_improvement",0
18683,19.25,708709,1.38,"413964",0.62,8.29,22.8,"Salaried","Mortgage","Home_improvement",1
18697,17.75,270339,1,"958312",16.97,61.53,45,"Salaried","Mortgage","Vehicle",1
18698,20.25,743553,1.82,"2004256",38.75,120.39,69.8,"Salaried","Rent","Vehicle",0
18705,22.25,846332,1.22,"1073771",12.65,49.51,43.5,"Contract","Rent","Vehicle",1
18713,18.75,726956,1.73,"922131",20.44,76.78,44.1,"Self-employed","Mortgage","Home_improvement",1
18725,22.75,1103640,2.17,"3206092",39.61,129.08,64.2,"Contract","Mortgage","Vehicle",1
18746,21.75,285461,1.38,"812625",11.34,49.78,38.4,"Salaried","Rent","Other",0
18747,29.75,5182,0.36,"4072",27.32,95.82,51.7,"Unemployed","Rent","Debt_consolidation",0
18754,22.75,1147112,2.21,"2151666",17.57,60.72,46,"Contract","Own","Debt_consolidation",1
18755,18.25,797376,1.58,"2424245",37.35,127.31,69,"Salaried","Mortgage","Home_improvement",1
18759,23.75,851815,1.97,"3217339",39.81,127.81,70.7,"Contract","Rent","Vehicle",1
18773,22.25,411130,2.16,"922880",2.38,17.7,31.9,"Salaried","Rent","Vehicle",1
18794,20.75,328174,1.62,"148216",38.04,122.31,70.4,"Salaried","Rent","Other",0
18799,19.25,122950,1.88,"348840",35.38,120.63,64.1,"Salaried","Mortgage","Vehicle",0
18833,17.75,703425,1.31,"1562385",7.91,32.17,38.2,"Salaried","Mortgage","Vehicle",0
18852,21.75,265635,1.25,"987165",17.92,67.58,50.1,"Salaried","Rent","Other",0
18866,16.75,586313,1.42,"857429",31.83,110.21,58.9,"Salaried","Mortgage","Home_improvement",0
18883,20.75,249544,1.35,"625540",31.12,100.78,61.7,"Salaried","Own","Debt_consolidation",1
18891,22.25,615226,1.51,"1510340",0.34,10.66,30.6,"Salaried","Rent","Vehicle",0
18907,21.75,536544,1.02,"1701753",15.95,62.1,46.3,"Salaried","Rent","Other",0
18909,19.25,302856,1.51,"257399",12.87,48.54,47.8,"Salaried","Own","Debt_consolidation",1
18916,18.75,278958,1.56,"293050",35.27,112.5,59.1,"Salaried","Rent","Vehicle",1
18942,15.25,672379,1.28,"306344",12.03,48.15,36,"Salaried","Mortgage","Vehicle",0
18949,20.25,289644,1.51,"218209",17.85,66.15,43.7,"Contract","Mortgage","Home_improvement",1
18955,16.75,393927,1.75,"1347116",11.26,42.35,33.7,"Salaried","Mortgage","Home_improvement",0
18959,20.25,336979,1.15,"749023",34.8,115.21,67.6,"Salaried","Rent","Vehicle",1
18966,23.25,678448,1.39,"653300",31.73,105.24,60.1,"Salaried","Rent","Other",0
18976,18.75,623274,1.74,"1696785",7.65,32.17,34.5,"Salaried","Rent","Vehicle",1
18977,21.25,828225,2.14,"312775",5.53,26.27,38.2,"Contract","Rent","Vehicle",0
18992,25.75,1219564,1.81,"1744782",1.43,11.91,28.9,"Contract","Rent","Vehicle",1
18995,21.75,2151632,1.73,"4794261",18.36,64.68,41,"Self-employed","Mortgage","Debt_consolidation",0
18997,16.75,192559,1.31,"457088",7.34,31.68,30.1,"Salaried","Mortgage","Home_improvement",0
19004,20.25,527973,1.46,"822498",35.15,116.02,66.3,"Salaried","Rent","Vehicle",1
19006,35,8239,0.49,"20531",31.96,102.07,64.1,"Unemployed","Rent","Debt_consolidation",1
19008,35,5314,0.61,"17751",7.73,34.56,39.9,"Unemployed","Rent","Debt_consolidation",1
19012,25.25,585157,1.28,"1555962",0.39,8.55,31,"Salaried","Rent","Other",0
19015,16.75,322139,1.36,"365116",31.82,98.35,58.5,"Salaried","Mortgage","Home_improvement",1
19025,20.25,592174,2,"694415",1.39,12.37,25.8,"Salaried","Mortgage","Home_improvement",0
19026,16.75,562964,1.42,"1599710",27.51,97.29,59.3,"Salaried","Mortgage","Home_improvement",1
19033,20.75,162141,0.92,"84330",38.64,126.39,72.5,"Salaried","Rent","Other",0
19037,18.75,155377,1.55,"347609",15,51.71,37.3,"Salaried","Rent","Vehicle",0
19053,16.75,332462,1.84,"1188597",26.03,89.13,52.7,"Salaried","Mortgage","Home_improvement",0
19055,18.75,245107,1.61,"842673",17.66,59.07,44.9,"Salaried","Rent","Vehicle",1
19066,35,2985,0.53,"2024",29.44,100.36,54.1,"Unemployed","Rent","Debt_consolidation",0
19075,21.25,497717,1.86,"959503",23.3,75.14,46.5,"Self-employed","Own","Debt_consolidation",1
19076,23.25,366253,2.08,"323816",33.77,110.67,68.7,"Salaried","Rent","Other",0
19091,17.75,347725,1.37,"367447",10.14,40.31,44.4,"Salaried","Mortgage","Vehicle",1
19112,16.75,296389,1.83,"950125",23.85,84.32,57.3,"Salaried","Mortgage","Home_improvement",0
19113,20.75,444551,1.1,"478905",6.94,31.73,41.4,"Salaried","Own","Debt_consolidation",0
19116,21.75,223953,1.23,"849827",16.59,63.47,44.1,"Salaried","Rent","Other",0
19117,17.75,341911,1.27,"134332",28.19,92.85,60.7,"Salaried","Rent","Vehicle",0
19123,23.25,715870,1.41,"719817",30.22,97.2,58.7,"Contract","Mortgage","Debt_consolidation",0
19140,20.25,394770,1.44,"1351779",35.56,116.99,66.9,"Salaried","Rent","Vehicle",0
19159,25.25,188607,2.28,"273102",30.03,95.43,57.5,"Contract","Rent","Other",1
19182,31.25,7899,0.39,"21759",30.09,100.4,55.5,"Unemployed","Mortgage","Debt_consolidation",1
19197,19.25,331957,1.68,"1014878",35.53,115.77,67.8,"Salaried","Mortgage","Vehicle",0
19207,20.25,622261,1.7,"678295",6.74,40.74,39.2,"Salaried","Rent","Vehicle",1
19210,20.25,411778,1.18,"358695",5.99,26.37,39.8,"Salaried","Rent","Vehicle",0
19211,17.75,445159,1.87,"1284511",17.62,62.44,47.9,"Salaried","Mortgage","Vehicle",1
19223,20.25,157866,2.6,"155720",36.57,113.04,60.6,"Self-employed","Mortgage","Home_improvement",1
19228,16.75,258133,1.52,"567012",21.05,73.9,50.6,"Salaried","Mortgage","Home_improvement",0
19233,21.25,1933654,1.43,"3670372",3.65,30.58,37,"Self-employed","Mortgage","Vehicle",0
19244,23.25,295819,0.94,"456705",28.93,93.16,60.3,"Salaried","Rent","Other",1
19260,19.75,2665449,2.1,"9636131",17.84,61.47,42.4,"Self-employed","Mortgage","Vehicle",1
19266,19.25,158925,1.54,"443444",37.61,124.74,70.3,"Salaried","Mortgage","Vehicle",1
19279,23.25,840537,1.87,"2358043",2.24,17.07,27.6,"Self-employed","Mortgage","Vehicle",1
19295,35,5754,0.64,"11745",25.01,86.95,48.5,"Unemployed","Rent","Debt_consolidation",1
19296,23.75,2239042,1.34,"8383063",16.76,53.96,41.3,"Self-employed","Rent","Other",1
19313,23.25,257207,1.91,"834112",37.84,122.01,67.7,"Salaried","Rent","Other",0
19349,19.75,1195964,2.67,"2845910",8.75,36.36,36,"Self-employed","Mortgage","Vehicle",0
19355,33.25,7401,0.57,"3714",10.61,44.31,37.1,"Unemployed","Rent","Debt_consolidation",1
19364,23.25,425861,1.49,"1066676",35.8,121.15,63.3,"Salaried","Rent","Other",1
19369,32.25,6788,0.38,"10828",31.74,110.41,58.6,"Unemployed","Rent","Debt_consolidation",0
19381,20.25,529948,1.22,"1953559",3.66,18.77,28.3,"Salaried","Rent","Vehicle",0
19386,17.75,295265,1.54,"425610",17.22,61.61,51.5,"Salaried","Mortgage","Vehicle",1
19404,19.75,305510,1.86,"680538",27.67,93.54,51.8,"Self-employed","Mortgage","Vehicle",0
19413,20.25,702033,1.06,"1387043",26.16,84.81,61,"Salaried","Rent","Vehicle",0
19416,18.75,1996072,1.92,"1745210",18.83,63.9,47.8,"Self-employed","Mortgage","Home_improvement",0
19420,16.25,217439,1.59,"135699",29.31,98.17,53.3,"Salaried","Rent","Vehicle",1
19426,19.75,1152928,2.75,"4128560",14.72,52.03,37.9,"Self-employed","Mortgage","Vehicle",1
19429,23.75,1587009,2.26,"3633174",29.03,98.78,56,"Self-employed","Rent","Other",0
19445,19.25,247884,1.6,"328718",4.73,25.92,39.2,"Salaried","Mortgage","Vehicle",0
19449,17.75,435323,1.89,"653574",7.72,33.35,30.9,"Salaried","Mortgage","Vehicle",1
19451,17.75,344156,2.1,"1056204",18.21,67.7,48.5,"Salaried","Mortgage","Vehicle",1
19458,16.75,166278,1.7,"541051",7.78,32.18,37.6,"Salaried","Mortgage","Home_improvement",0
19466,29.25,2515,0.41,"4462",26.85,89.48,51.3,"Unemployed","Rent","Home_improvement",1
19468,21.75,385694,2.17,"882716",7.89,36.71,35.4,"Salaried","Rent","Other",1
19473,22.75,2114497,1.48,"6319422",6.15,31.21,36.3,"Self-employed","Own","Debt_consolidation",1
19478,20.25,422057,1.9,"353276",3.87,16.03,37.1,"Salaried","Rent","Vehicle",0
19484,35,4393,0.65,"7437",7.86,31.54,40,"Unemployed","Rent","Other",0
19489,21.25,1709222,1.89,"1899299",24.21,81.51,50.6,"Self-employed","Own","Debt_consolidation",1
19502,15.25,494292,1.63,"253322",10.19,41.18,34.9,"Salaried","Mortgage","Vehicle",0
19510,19.25,469888,2.05,"616115",10.12,40.24,42.9,"Salaried","Own","Debt_consolidation",0
19511,29.75,3289,0.29,"9292",9.48,37.65,43.1,"Unemployed","Rent","Debt_consolidation",1
19519,22.25,179855,0.87,"190162",2.54,13.98,27.9,"Salaried","Rent","Vehicle",0
19534,18.25,117145,1.46,"388610",34.74,112.12,66.1,"Salaried","Mortgage","Home_improvement",1
19551,23.25,365561,1.88,"920441",25.23,85.64,47.4,"Contract","Mortgage","Debt_consolidation",0
19569,20.25,155077,1.68,"567197",37.65,122.78,69.5,"Salaried","Rent","Vehicle",1
19581,33.75,2909,0.37,"6995",30.62,107.65,61.6,"Unemployed","Rent","Debt_consolidation",0
19587,18.75,105442,1.57,"72654",12.85,44.89,40.3,"Salaried","Rent","Vehicle",0
19595,17.75,398073,1.44,"1388826",17.53,61.85,50.7,"Salaried","Mortgage","Vehicle",0
19611,20.25,250720,1.79,"421936",2.76,19.67,37.4,"Salaried","Mortgage","Home_improvement",0
19613,16.75,553607,0.81,"1922161",8.55,33.46,37.1,"Salaried","Mortgage","Home_improvement",1
19629,16.75,360499,1.33,"443585",28.44,97.32,53.7,"Salaried","Mortgage","Home_improvement",1
19635,35,5967,0.52,"7358",37.76,125.6,68.2,"Unemployed","Rent","Debt_consolidation",1
19643,18.75,454901,1.05,"560064",33.11,105.9,57.5,"Salaried","Rent","Vehicle",1
19645,22.75,201166,2,"600900",2.51,16.64,24.7,"Salaried","Mortgage","Vehicle",1
19669,19.25,317014,1.81,"187793",23.64,74.59,52.5,"Salaried","Rent","Other",1
19671,23.25,712427,1.63,"1678653",6.19,28.42,30.3,"Salaried","Rent","Other",1
19676,19.25,459751,1.38,"229650",18.81,68.04,43.1,"Salaried","Rent","Other",0
19687,16.75,257752,1.57,"745707",25.24,87.18,58.3,"Salaried","Mortgage","Home_improvement",0
19696,15.75,378154,1.39,"141688",33.86,111.9,65,"Salaried","Mortgage","Home_improvement",1
19725,19.75,1614569,1.45,"1559676",16.27,59.61,47.9,"Self-employed","Mortgage","Vehicle",0
19743,17.75,599838,1.94,"1529090",22.97,72.85,49,"Salaried","Mortgage","Vehicle",1
19751,18.25,450792,1.19,"1073861",6.34,28.64,31.3,"Salaried","Mortgage","Home_improvement",0
19752,19.25,502989,1.5,"1658831",3.54,24.03,34.7,"Salaried","Mortgage","Vehicle",0
19753,17.75,253509,1.44,"484718",24.12,83.89,58.8,"Salaried","Mortgage","Vehicle",0
19778,25.25,121603,1.67,"265129",0.01,10.96,25,"Salaried","Rent","Other",1
19791,35,2251,0.47,"8145",32.5,108.39,57.2,"Unemployed","Rent","Other",1
19793,33.75,2661,0.58,"4037",22.66,84.04,56.7,"Unemployed","Rent","Vehicle",1
19815,31.25,4504,0.27,"6361",32.01,104.04,65.8,"Unemployed","Rent","Debt_consolidation",1
19816,18.75,539304,1.82,"1432648",19.22,69.98,46.8,"Salaried","Rent","Vehicle",1
19819,14.25,317254,1.71,"117024",11.32,44.76,42.8,"Salaried","Mortgage","Home_improvement",0
19821,19.25,283972,1.51,"730170",34.97,116.52,63,"Salaried","Mortgage","Vehicle",1
19825,33.25,5884,0.64,"3861",27.61,92.3,51.4,"Unemployed","Rent","Debt_consolidation",1
19828,16.75,223027,1.02,"191751",7.13,25.36,37.9,"Salaried","Mortgage","Home_improvement",0
19834,34.75,1815,0.47,"4674",22.7,79.92,53.9,"Unemployed","Mortgage","Debt_consolidation",1
19841,15.75,302036,1.42,"150044",32.54,102.15,66.7,"Salaried","Mortgage","Home_improvement",0
19853,21.25,199136,1.77,"601702",1.48,17.46,31.5,"Salaried","Mortgage","Vehicle",0
19854,18.75,200215,1.55,"561249",36.64,113.57,58.9,"Salaried","Rent","Vehicle",1
19865,16.75,109802,0.9,"113753",10.99,44.88,40.4,"Salaried","Mortgage","Home_improvement",0
19869,21.75,844625,1.77,"2166739",15.79,57.82,40.8,"Self-employed","Mortgage","Debt_consolidation",1
19874,18.25,288672,1.51,"543640",5.34,27.2,35.4,"Salaried","Mortgage","Home_improvement",0
19877,32.25,6262,0.39,"21365",19.57,72.21,45.3,"Unemployed","Rent","Debt_consolidation",1
19879,23.75,1188175,1.02,"1579586",12.7,48.08,35.4,"Self-employed","Rent","Other",1
19895,19.25,530806,1.26,"1551747",36.28,120.17,58.3,"Salaried","Own","Debt_consolidation",0
19912,18.75,387954,1.92,"357865",9.22,37.14,35.5,"Salaried","Rent","Vehicle",0
19914,21.25,901176,1.43,"1185098",6.89,28.37,31.9,"Self-employed","Mortgage","Vehicle",1
19934,25.25,3457789,1.65,"8515558",4.17,25.84,37.9,"Self-employed","Rent","Other",0
19941,20.25,428392,2.36,"899747",18.66,65.01,50.6,"Contract","Mortgage","Home_improvement",0
19954,21.25,503213,1.46,"1148863",37.6,123.9,60.2,"Self-employed","Mortgage","Vehicle",1
19958,19.25,253262,1.98,"949037",39.59,123.59,62.3,"Salaried","Mortgage","Vehicle",1
19959,19.25,392557,1.48,"824363",35.32,119.95,61.6,"Salaried","Mortgage","Vehicle",1
19968,28.25,395713,2.09,"298565",1.42,13.71,23.4,"Contract","Mortgage","Debt_consolidation",1
19970,20.25,414059,2.21,"1352665",39.81,130.53,72.4,"Salaried","Rent","Vehicle",1
19980,23.75,1861502,2.37,"4987149",34.09,114.86,58.3,"Self-employed","Rent","Other",1
19985,16.75,547094,1.35,"1044499",9.29,33.97,32.9,"Salaried","Mortgage","Home_improvement",0
19989,21.25,925908,2.09,"3512928",21.73,77.22,44.2,"Contract","Mortgage","Vehicle",1
19995,20.25,1170181,1.58,"920007",39.24,128.35,71,"Self-employed","Mortgage","Home_improvement",1
19996,19.25,390421,1.3,"1204522",7.52,37.85,38.4,"Salaried","Own","Debt_consolidation",1
90003,18.75,205127,1.43,"716055",22.54,75.08,52.8,"Salaried","Rent","Vehicle",0
90006,17.75,350150,1.31,"1034110",19.93,67.03,53.4,"Salaried","Mortgage","Vehicle",0
90007,34.75,5215,0.54,"19525",19.69,71.6,52.5,"Unemployed","Mortgage","Debt_consolidation",1
90015,32.25,2890,0.45,"7806",31.13,105.99,55,"Unemployed","Rent","Debt_consolidation",0
90016,18.75,324719,0.87,"449911",9.34,42.05,33.3,"Salaried","Rent","Vehicle",0
90019,16.75,390408,1.52,"902110",27.21,89.55,54.1,"Salaried","Mortgage","Home_improvement",0
90021,14.25,489764,1.74,"300640",22.14,78.8,56.2,"Salaried","Mortgage","Home_improvement",0
90025,22.75,1426910,2.22,"3570464",34.37,114.94,68.1,"Self-employed","Own","Debt_consolidation",0
90035,23.25,436553,0.9,"1589856",38.98,126.14,67.8,"Salaried","Rent","Other",0
90039,18.25,556184,1.4,"1544634",5.87,27.54,31.7,"Salaried","Mortgage","Home_improvement",0
90041,33.25,4138,0.45,"3555",13.15,49.51,40,"Unemployed","Rent","Other",0
90043,19.25,398954,1.45,"1187624",18.18,60.8,52,"Salaried","Own","Debt_consolidation",0
90053,19.25,223243,1.36,"184539",11.42,44.67,39.8,"Salaried","Own","Debt_consolidation",0
90062,17.75,430067,1.39,"655662",19.44,69.36,43.8,"Salaried","Mortgage","Vehicle",0
90084,16.75,469278,1.57,"470294",7.39,36.27,32,"Salaried","Mortgage","Home_improvement",1
90095,19.25,578437,1.99,"1537593",15.96,63.01,41.9,"Salaried","Own","Debt_consolidation",1
90099,16.75,379738,1.09,"665987",13.61,54.06,43.1,"Salaried","Mortgage","Home_improvement",0
90100,17.75,306618,1.45,"742943",14.72,54.55,49.6,"Salaried","Mortgage","Vehicle",0
90128,18.25,293173,1.55,"1017950",3.95,21.14,31.3,"Salaried","Mortgage","Home_improvement",0
90132,25.25,2323307,1.64,"8709853",33.44,108.99,68.3,"Self-employed","Rent","Other",1
90136,18.25,463720,1.57,"1292740",3.45,19.53,34.1,"Salaried","Mortgage","Home_improvement",1
90140,17.75,187944,1.06,"518766",13.76,54.75,38,"Salaried","Mortgage","Vehicle",0
90141,18.75,573702,2.43,"368397",38.83,128.61,62.2,"Self-employed","Mortgage","Vehicle",1
90155,18.75,442052,0.96,"1315611",23.37,83.32,52.5,"Salaried","Rent","Vehicle",0
90156,25.25,3043681,2.24,"10475612",36.37,116.59,66.1,"Self-employed","Rent","Other",1
90157,15.25,305706,0.97,"120220",11.51,43.21,35.1,"Salaried","Mortgage","Vehicle",0
90159,17.75,272556,1.39,"630197",32.42,108.54,55,"Salaried","Mortgage","Vehicle",0
90173,34.75,6005,0.57,"10777",15.62,51.4,49.6,"Unemployed","Mortgage","Debt_consolidation",1
90182,16.75,283755,0.92,"468380",29.99,101.1,53.3,"Salaried","Mortgage","Home_improvement",1
90186,18.25,291425,1.46,"652660",30.39,104.53,65.2,"Salaried","Mortgage","Home_improvement",1
90189,18.75,412903,1.99,"316855",12.1,45.55,46.3,"Salaried","Rent","Vehicle",0
90199,18.25,181915,1.28,"628804",3.46,18.92,26.8,"Salaried","Mortgage","Home_improvement",1
90210,16.75,552238,1.2,"283628",36.6,119.62,63.8,"Salaried","Mortgage","Vehicle",1
90241,22.75,519029,1.19,"956042",0.64,7.43,24.9,"Salaried","Mortgage","Vehicle",0
90266,23.25,397886,1.54,"1043837",5.1,21.41,27.3,"Salaried","Rent","Other",1
90280,17.75,302746,1.67,"410426",25.25,85.78,58.2,"Salaried","Mortgage","Vehicle",0
90291,20.25,516206,1.67,"277345",28.25,96.54,60.9,"Self-employed","Own","Debt_consolidation",1
90295,17.75,458392,1.6,"1203033",29.08,94.18,59.6,"Salaried","Mortgage","Vehicle",0
90307,25.25,2672592,2.08,"4477423",39.45,127.69,73.7,"Self-employed","Rent","Other",1
90315,15.75,463792,0.69,"287468",39.85,130.56,67,"Salaried","Mortgage","Home_improvement",1
90318,21.75,345653,1.42,"359606",25.05,83.33,54.4,"Salaried","Rent","Other",0
90322,17.75,130519,1.52,"155956",18.51,68.35,48.6,"Salaried","Mortgage","Vehicle",0
90326,17.75,176049,1.55,"328187",10.97,48.11,39.3,"Salaried","Mortgage","Vehicle",0
90328,18.75,647261,2.34,"466282",29.21,95.45,54.5,"Self-employed","Mortgage","Home_improvement",1
90329,22.75,249767,1.12,"620440",0.61,10.35,35.1,"Salaried","Own","Debt_consolidation",1
90330,23.75,564678,1.52,"1225348",18.49,60.52,45.5,"Self-employed","Rent","Other",1
90348,17.25,1762965,1.67,"1004702",26.4,95.44,52.4,"Self-employed","Mortgage","Vehicle",1
90366,25.25,948900,1.83,"1832393",13.44,51.48,40.1,"Contract","Rent","Other",1
90378,25.25,582082,1.97,"1153449",10.07,43.65,43.4,"Contract","Rent","Other",0
90384,18.75,3217720,1.93,"5626485",15.75,57.8,50.2,"Self-employed","Mortgage","Home_improvement",0
90389,23.75,965868,1.92,"2137705",25.27,90.43,52.6,"Self-employed","Rent","Other",1
90398,16.75,110657,1,"330191",8.4,39.27,32.4,"Salaried","Mortgage","Home_improvement",0
90413,21.25,310106,2.05,"550930",13.56,52.21,40.8,"Contract","Mortgage","Vehicle",1
90422,16.75,292462,2.27,"592582",18.04,62.59,52.1,"Salaried","Mortgage","Home_improvement",1
90433,16.75,265296,1.48,"902957",16.61,61.57,51.3,"Salaried","Mortgage","Home_improvement",0
90436,20.75,227992,1.18,"400380",34.17,116.31,64.2,"Salaried","Own","Debt_consolidation",1
90457,25.25,1573002,2.33,"4540291",21.55,78.02,45,"Contract","Rent","Other",1
90461,19.25,174998,1.45,"222533",20.83,75.1,45.8,"Salaried","Own","Debt_consolidation",0
90464,35,7098,0.49,"9574",29.94,106.77,57,"Unemployed","Rent","Debt_consolidation",1
90465,25.25,2018849,2.13,"1796669",30.41,101.74,63.4,"Self-employed","Rent","Other",1
90468,35,5726,0.51,"18658",16.36,56.09,39.4,"Unemployed","Rent","Debt_consolidation",1
90477,22.75,383963,1.79,"729436",36.66,121.62,70.4,"Contract","Mortgage","Vehicle",1
90482,20.25,526058,1.63,"1441736",37.67,113.86,61.5,"Salaried","Rent","Vehicle",0
90493,35,5144,0.58,"10372",24.81,90.6,47,"Unemployed","Rent","Debt_consolidation",1
90494,20.25,266195,1.24,"522366",3.17,13.68,30.9,"Salaried","Rent","Vehicle",0
90495,18.75,865920,1.83,"451590",16.1,59.86,40.3,"Contract","Mortgage","Vehicle",0
90512,20.25,301775,1.55,"963058",30.77,98.43,62.6,"Salaried","Rent","Vehicle",1
90513,21.25,141237,1.38,"44034",16.65,59.34,46.1,"Contract","Rent","Other",1
90516,17.75,291993,1.88,"399502",19.63,65.27,46.2,"Salaried","Mortgage","Vehicle",1
90519,16.75,415382,1.03,"358885",16.06,56.35,49.8,"Salaried","Mortgage","Home_improvement",0
90529,21.25,551335,1.37,"1398583",31.89,103.11,64.2,"Self-employed","Mortgage","Vehicle",1
90534,18.75,118717,1.97,"236299",7.34,31.69,42.2,"Salaried","Rent","Vehicle",0
90537,18.25,307200,1.71,"1163335",39.42,127.02,73.8,"Salaried","Mortgage","Home_improvement",1
90541,35,2995,0.56,"9814",14.13,53.38,42.8,"Unemployed","Rent","Other",1
90551,16.75,195994,1.53,"695243",17.04,62.32,46.3,"Salaried","Mortgage","Home_improvement",0
90566,19.25,199616,1.54,"467034",6.69,26.72,35.4,"Salaried","Mortgage","Vehicle",0
90575,18.75,683844,1.17,"1026998",34.08,115.79,57.8,"Salaried","Rent","Vehicle",0
90591,18.25,243295,0.95,"431637",3.08,17.9,30.6,"Salaried","Mortgage","Home_improvement",0
90594,35,4023,0.52,"6877",4.53,24.48,35,"Unemployed","Rent","Debt_consolidation",0
90610,21.25,717548,1.6,"322607",32.1,111.14,61.3,"Contract","Rent","Vehicle",0
90627,17.75,384764,0.67,"264650",11.66,42.18,38.6,"Salaried","Mortgage","Vehicle",0
90631,23.75,1354487,1.79,"2705963",31.1,105.06,61.5,"Contract","Rent","Vehicle",1
90649,23.75,301242,1.37,"784083",1.6,14.74,24.4,"Salaried","Rent","Vehicle",1
90659,21.75,349995,0.82,"1160269",17.45,62.17,51.4,"Salaried","Rent","Other",0
90660,16.25,392955,2.01,"136899",30.88,106.55,56.5,"Salaried","Rent","Vehicle",1
90666,19.25,588218,1.49,"1699681",31.33,108.73,62.6,"Salaried","Mortgage","Vehicle",0
90705,22.25,784170,1.66,"1938497",18.3,63.56,44.9,"Contract","Rent","Vehicle",0
90729,27.25,6288,0.34,"2591",10.79,43.31,41.7,"Unemployed","Rent","Debt_consolidation",1
90744,17.75,285074,1.8,"360363",15.08,55.52,48.2,"Salaried","Mortgage","Vehicle",1
90745,19.25,278541,1.6,"488028",12.62,47.41,35.2,"Salaried","Own","Debt_consolidation",1
90750,35,5165,0.46,"11129",35.54,117.06,59.6,"Unemployed","Rent","Debt_consolidation",0
90757,19.25,338148,1.56,"478003",15.65,61.24,42.6,"Salaried","Own","Debt_consolidation",0
90780,19.25,362370,1.78,"1177280",22.29,76.36,55.7,"Salaried","Own","Debt_consolidation",0
90796,19.25,318232,1.19,"849875",13.76,47.32,38.6,"Salaried","Own","Debt_consolidation",0
90805,23.75,3270128,1.41,"3696447",22.29,75.09,55.6,"Self-employed","Rent","Other",0
90807,18.75,683117,1.44,"2507726",19.25,67.14,52,"Salaried","Rent","Vehicle",0
90821,34.75,2717,0.56,"9070",22.62,75.01,46.5,"Unemployed","Mortgage","Debt_consolidation",1
90834,19.25,211011,1.28,"168655",13.66,47.71,36.4,"Salaried","Own","Debt_consolidation",0
90841,16.25,575401,1.74,"237587",27.4,95.18,51.6,"Salaried","Rent","Vehicle",0
90855,16.75,374068,1.46,"418559",8.01,31.25,33,"Salaried","Mortgage","Home_improvement",0
90909,21.25,788079,1.52,"1875998",25.88,84.72,52.3,"Contract","Mortgage","Vehicle",0
90918,23.75,3083801,2.35,"10148983",25.54,84.63,56.7,"Self-employed","Rent","Other",1
90925,18.75,456833,1.22,"486897",28.68,98.73,59.2,"Salaried","Rent","Vehicle",1
90948,21.75,314054,1.45,"794589",22.86,77.51,52.6,"Salaried","Rent","Other",0
90949,21.25,905570,1.39,"1056175",4.36,20.64,31.4,"Self-employed","Mortgage","Vehicle",0
90951,16.75,391963,1.59,"427559",15.66,62.59,43,"Salaried","Mortgage","Home_improvement",0
90963,21.75,107769,1.3,"73139",2.33,14.31,24.4,"Salaried","Mortgage","Home_improvement",0
90964,17.75,333526,1.52,"732707",17.64,62.68,51.2,"Salaried","Mortgage","Vehicle",0
90973,17.75,383153,1.56,"608303",8.97,42.32,40.5,"Salaried","Mortgage","Vehicle",0
90991,25.25,1829556,2.05,"5864096",3.87,13.83,27.3,"Self-employed","Rent","Other",1
91007,18.75,834831,1.42,"2041861",14.76,50.42,43.8,"Salaried","Rent","Vehicle",0
91014,16.25,3012826,2.36,"1666978",22.78,77.15,51.9,"Self-employed","Mortgage","Home_improvement",1
91016,21.25,1160314,1.7,"1091831",7.13,33.63,36.9,"Contract","Mortgage","Vehicle",1
91020,25.25,3256916,1.78,"8175536",6.85,31.93,41.8,"Self-employed","Rent","Other",0
91032,20.75,314991,2.05,"453419",32.65,105.47,62.6,"Salaried","Own","Debt_consolidation",1
91040,19.25,691295,1.4,"503330",6.84,27.9,37.6,"Salaried","Mortgage","Vehicle",0
91049,22.25,212409,1.8,"377896",14.03,50.44,46.3,"Contract","Rent","Vehicle",0
91054,24.75,499744,1.46,"1889280",5.79,28.5,37.3,"Contract","Mortgage","Debt_consolidation",0
91077,16.75,463041,1.17,"1006495",18.94,64.37,52.1,"Salaried","Mortgage","Home_improvement",0
91088,18.75,357102,1.31,"358509",24.37,81.04,54.6,"Salaried","Rent","Vehicle",1
91098,16.75,285097,1.21,"147757",3.93,27.66,31.4,"Salaried","Mortgage","Vehicle",0
91108,17.75,319436,1.5,"585705",13.38,52.1,40.6,"Salaried","Mortgage","Vehicle",0
91114,16.75,71348,1.18,"193550",30.07,96.97,58.5,"Salaried","Mortgage","Home_improvement",0
91125,35,5793,0.65,"6341",5.47,23.44,40.4,"Unemployed","Rent","Debt_consolidation",0
91126,33.25,2156,0.35,"4285",0.59,12.03,30.9,"Unemployed","Rent","Debt_consolidation",1
91137,33.75,8726,0.68,"15420",10.75,44.83,35.7,"Unemployed","Rent","Vehicle",1
91145,23.75,2060561,2,"2801013",19.99,70.9,42.9,"Self-employed","Rent","Other",0
91149,25.75,1108021,1.69,"2445841",2.63,11.49,25.8,"Contract","Rent","Vehicle",1
91152,21.75,318332,1.65,"1078233",18.73,67.34,49.3,"Salaried","Rent","Other",0
91162,20.25,364558,1.25,"1354589",28.25,95.85,60.2,"Salaried","Rent","Vehicle",0
91170,23.75,3873622,2.52,"6697379",30.06,97.1,53,"Self-employed","Rent","Other",1
91176,17.25,3107052,1.4,"1590711",30.78,108.98,54.3,"Self-employed","Mortgage","Vehicle",0
91178,20.75,504487,1.59,"225983",5.11,26.98,35.7,"Salaried","Rent","Other",0
91182,22.75,427911,1.29,"766131",11.8,48.91,40.2,"Contract","Own","Debt_consolidation",0
91183,18.75,695714,1.24,"882971",23.08,81.04,57.6,"Salaried","Rent","Vehicle",0
91186,12.75,203412,0.98,"63120",12.62,45.45,46.2,"Salaried","Mortgage","Home_improvement",0
91213,21.75,969790,2.12,"1828179",15.68,51.17,42.7,"Self-employed","Mortgage","Debt_consolidation",0
91215,16.75,314482,1.51,"1108412",23.92,85.86,47.8,"Salaried","Mortgage","Home_improvement",1
91229,35,2824,0.61,"2756",27.99,91.37,62.8,"Unemployed","Rent","Debt_consolidation",1
91230,16.75,400023,1.54,"997166",22.74,78.45,44.9,"Salaried","Mortgage","Home_improvement",1
91233,21.75,278250,1.43,"916884",15.21,55.94,40.5,"Salaried","Rent","Other",1
91242,29.75,4418,0.35,"6698",16.53,60.7,45.2,"Unemployed","Rent","Debt_consolidation",0
91252,21.75,657801,1.38,"2219136",22.03,70.72,50.6,"Salaried","Rent","Other",0
91265,18.25,493731,1.38,"1529428",5.34,25.93,34.8,"Salaried","Mortgage","Home_improvement",0
91268,17.75,540944,1.12,"790553",19.23,61.38,50.9,"Salaried","Mortgage","Vehicle",0
91279,17.75,409394,1.61,"1368240",34.27,115,57.9,"Salaried","Mortgage","Vehicle",1
91299,19.75,449041,1.08,"1280786",28.05,92.11,53.1,"Self-employed","Mortgage","Vehicle",0
91302,19.25,188333,1.77,"484814",25.74,87.23,56.8,"Salaried","Own","Debt_consolidation",0
91309,23.75,1080493,1.85,"924940",29.32,104.23,59.2,"Self-employed","Rent","Other",0
91310,19.25,356840,1.72,"543051",37.27,117.92,69.6,"Salaried","Mortgage","Vehicle",0
91319,20.75,129649,1.74,"104021",30.12,103.65,61.1,"Salaried","Own","Debt_consolidation",0
91333,20.75,590909,0.88,"1581397",34.08,112.84,61,"Salaried","Own","Debt_consolidation",1
91334,18.75,223679,2.18,"799788",32.04,105.56,59.4,"Salaried","Rent","Vehicle",1
91335,35,6141,0.5,"10186",31.8,103.23,65.3,"Unemployed","Rent","Other",1
91346,19.25,358326,1.56,"623850",10.2,40,35.3,"Salaried","Own","Debt_consolidation",1
91349,25.25,924624,2.28,"1992315",24.52,83.11,47.6,"Contract","Rent","Other",1
91358,18.75,2600082,1.18,"4092660",15.14,53.97,40.5,"Self-employed","Mortgage","Home_improvement",0
91362,22.75,278603,1.64,"456867",1.79,15.67,24,"Salaried","Mortgage","Vehicle",0
91378,18.25,284357,1.39,"903012",33.17,113.41,64.2,"Salaried","Mortgage","Home_improvement",0
91382,17.75,493062,1.26,"1750522",19.77,66.75,52.2,"Salaried","Mortgage","Vehicle",0
91383,14.25,248492,2.28,"124013",7.87,37.45,31.1,"Salaried","Mortgage","Home_improvement",1
91398,22.75,2583886,1.58,"1382758",36.88,118.59,65.1,"Self-employed","Rent","Other",0
91410,21.75,508821,1.76,"788636",13.04,48.41,44.1,"Salaried","Rent","Other",1
91426,24.75,538327,1.24,"769994",2.31,16.64,29.5,"Contract","Mortgage","Vehicle",1
91436,22.75,1914451,1.78,"6485747",34.44,111.89,63.1,"Self-employed","Own","Debt_consolidation",1
91446,16.75,562048,1.1,"1897299",13.01,48.6,42.6,"Salaried","Mortgage","Home_improvement",0
91449,19.25,1281269,2.43,"516916",31.58,100.32,57.2,"Self-employed","Mortgage","Debt_consolidation",1
91450,16.75,182692,1.52,"347404",23.46,78.99,50.3,"Salaried","Mortgage","Home_improvement",1
91459,21.75,488685,1.44,"412632",19.49,67.34,42.3,"Salaried","Rent","Other",0
91469,26.75,378025,1.71,"632830",31.63,104.52,62.4,"Contract","Rent","Other",0
91470,17.75,638756,1.58,"1088080",15.91,53.78,48.6,"Salaried","Mortgage","Vehicle",0
91490,16.75,243558,1.82,"330650",15.13,55.03,44.5,"Salaried","Mortgage","Home_improvement",0
91497,18.75,781411,1.14,"1974555",7.28,30.99,33.4,"Salaried","Rent","Vehicle",0
91503,18.75,452288,1.73,"1462731",18.47,63.02,42.6,"Salaried","Rent","Vehicle",1
91505,19.25,424191,1.29,"1506032",5.97,26.59,39.9,"Salaried","Mortgage","Vehicle",1
91506,21.75,387395,1.15,"258152",6.49,28.22,35.2,"Contract","Own","Debt_consolidation",0
91509,22.75,886794,1.85,"3214221",28.02,90.77,62.4,"Contract","Mortgage","Vehicle",0
91514,19.25,237604,1.37,"598849",14.87,59.33,37.9,"Salaried","Own","Debt_consolidation",0
91519,18.75,193346,1.18,"434927",19.58,68.1,50.1,"Salaried","Rent","Vehicle",0
91522,25.25,358558,2.3,"885258",9.61,42.56,39.6,"Contract","Rent","Other",1
91535,16.75,578183,1.48,"1781294",9.04,34.98,41.4,"Salaried","Mortgage","Home_improvement",0
91539,32.75,6623,0.59,"9801",18.65,67.74,46.4,"Unemployed","Rent","Home_improvement",1
91542,17.25,1944689,1.83,"788265",11.67,47.96,44.2,"Self-employed","Mortgage","Vehicle",0
91543,18.75,368966,1.31,"1037210",17.2,58.15,39.9,"Salaried","Rent","Vehicle",0
91544,25.25,417296,1.68,"877321",16.94,59.13,47.2,"Contract","Rent","Other",0
91572,18.75,334535,1.19,"333146",9.66,40.02,41.5,"Salaried","Rent","Vehicle",0
91587,21.25,232037,0.96,"554262",1.47,16.67,36,"Salaried","Mortgage","Vehicle",0
91612,16.75,205225,1.63,"646138",25.69,85.64,48.7,"Salaried","Mortgage","Home_improvement",0
91622,19.75,716429,1.67,"860699",32.04,111.33,56.9,"Self-employed","Mortgage","Vehicle",1
91626,21.75,437308,1.14,"1230184",23.79,78.74,50.5,"Salaried","Rent","Other",1
91644,21.75,102743,2.11,"369137",10.3,37.15,41.1,"Salaried","Rent","Other",1
91646,23.25,717369,1.48,"2283053",4.65,18.48,37.3,"Self-employed","Mortgage","Debt_consolidation",0
91652,21.75,272121,1.24,"221035",20.64,74.82,49.1,"Salaried","Rent","Other",1
91661,17.75,322492,1.66,"605642",31.4,97.69,57.1,"Salaried","Mortgage","Vehicle",1
91676,17.75,251868,1.29,"577103",19.07,63.45,42.9,"Salaried","Mortgage","Vehicle",0
91677,19.25,122184,1.22,"116094",37.42,124.73,62.4,"Salaried","Mortgage","Vehicle",0
91679,17.75,349687,1.51,"758257",26.12,93.38,51.4,"Salaried","Mortgage","Vehicle",0
91695,22.25,1416832,1.89,"5185421",23.62,80.19,52.6,"Contract","Rent","Vehicle",1
91701,23.25,422273,1.81,"420333",32.06,111.55,60.5,"Salaried","Rent","Other",1
91704,25.25,2829675,1.46,"7297706",36.85,119.6,62.3,"Self-employed","Rent","Other",1
91751,17.75,455531,1.81,"479898",9.01,41.38,35.5,"Salaried","Mortgage","Vehicle",1
91755,20.25,2236231,1.7,"1329671",36.26,121.59,66.7,"Self-employed","Own","Debt_consolidation",1
91761,19.25,503131,1.3,"849266",38.4,125.87,61.8,"Salaried","Mortgage","Vehicle",0
91763,20.75,472290,2.09,"535804",32.45,107.08,60.9,"Salaried","Own","Debt_consolidation",0
91772,19.25,448269,1.34,"255342",7.05,32.45,30.1,"Salaried","Rent","Other",0
91779,16.75,525499,1.59,"1266112",18.83,72.18,50.2,"Salaried","Mortgage","Home_improvement",1
91786,21.25,440336,1.1,"796648",11.17,41.58,39.4,"Contract","Mortgage","Vehicle",0
91795,20.25,390987,1.22,"590481",38.72,127.49,70.1,"Salaried","Rent","Vehicle",1
91804,16.75,604108,1.99,"1267387",26.67,90.1,55.6,"Salaried","Mortgage","Home_improvement",1
91815,18.75,388590,1.01,"1237828",33.11,109.5,58.5,"Salaried","Rent","Vehicle",1
91821,19.25,169332,1.29,"277850",14.26,50.74,46.4,"Salaried","Own","Debt_consolidation",0
91858,26.75,782931,1.37,"2862311",38.42,121.02,61.6,"Contract","Rent","Other",1
91869,19.25,448382,1.39,"1139052",33.41,109,64.2,"Salaried","Mortgage","Vehicle",0
91880,18.75,434370,1.6,"395847",31.13,104.87,59.6,"Salaried","Rent","Vehicle",0
91885,34.75,4947,0.46,"12278",24.59,83.58,56.6,"Unemployed","Mortgage","Debt_consolidation",0
91897,22.75,1754767,1.39,"612052",34.62,106.55,60.2,"Self-employed","Rent","Other",1
91900,18.25,177808,0.89,"506267",39.08,128.69,64.7,"Salaried","Mortgage","Home_improvement",0
91902,22.25,626312,1.59,"1903121",11.23,44.42,37,"Contract","Rent","Vehicle",1
91903,35,2075,0.49,"4250",35.68,116.46,58.2,"Unemployed","Rent","Debt_consolidation",1
91922,22.25,446885,1.68,"890564",34.1,114.18,58.1,"Contract","Rent","Vehicle",1
91925,22.75,1354004,1.69,"452776",35.68,114.14,65.7,"Self-employed","Rent","Other",0
91929,17.75,121954,1.57,"149947",7.92,39.53,35.9,"Salaried","Mortgage","Vehicle",0
91935,16.75,160079,1.56,"361036",7.95,31.88,40,"Salaried","Mortgage","Home_improvement",0
91941,35,6142,0.55,"8303",8.47,35.84,31.8,"Unemployed","Rent","Debt_consolidation",0
91946,18.25,227291,1.26,"641261",34.76,113.1,64.5,"Salaried","Mortgage","Home_improvement",1
91949,22.75,233835,1.84,"224943",26.51,94.5,53.8,"Contract","Own","Debt_consolidation",1
91957,18.75,246747,1.39,"203682",18.87,65.86,53.4,"Salaried","Rent","Vehicle",1
91962,19.25,766020,0.74,"2881486",22.87,80.36,50,"Salaried","Own","Debt_consolidation",0
91963,16.75,535441,1.33,"657448",28.42,95.11,58,"Salaried","Mortgage","Home_improvement",0
91968,25.25,315845,1.77,"968507",36.63,123.43,70.8,"Self-employed","Rent","Other",1
91970,18.25,252929,1.7,"455635",38.45,124.57,61.4,"Salaried","Mortgage","Home_improvement",0
91976,22.25,422102,1.3,"1406761",2,16.68,34.3,"Salaried","Rent","Vehicle",0
91979,25.25,2354538,1.98,"8072493",4.44,19.32,32.2,"Self-employed","Rent","Other",1
91982,23.25,279975,0.93,"342618",5.81,24.62,29.2,"Salaried","Rent","Other",0
91988,32.25,2014,0.42,"2524",19.24,72.07,41.5,"Unemployed","Rent","Debt_consolidation",1
91991,18.75,338983,2.05,"684565",20.86,68.29,51.5,"Salaried","Rent","Vehicle",1
91996,21.25,474383,1.24,"1470886",20.65,71.37,42.7,"Contract","Mortgage","Vehicle",1
92003,18.75,113626,1.33,"371892",23.58,81.14,46.7,"Salaried","Rent","Vehicle",0
92004,22.25,197194,1.17,"184901",0.9,15.01,31.7,"Salaried","Rent","Vehicle",0
92043,23.25,1893767,2.22,"5236188",26.7,86.08,61.4,"Self-employed","Mortgage","Debt_consolidation",1
92044,18.25,107729,2,"353764",4.66,20.92,32.7,"Salaried","Mortgage","Home_improvement",0
92046,19.75,3339891,1.53,"3244873",18.14,67.06,40.7,"Self-employed","Mortgage","Vehicle",1
92054,18.75,512289,2.23,"1496815",15.24,55.48,42.5,"Salaried","Rent","Vehicle",0
92062,23.75,897220,2.18,"3208313",32.43,105.87,58.4,"Self-employed","Rent","Other",1
92066,17.75,746488,0.96,"1999031",18.8,64.69,52.3,"Salaried","Mortgage","Vehicle",0
92079,27.25,1379754,1.77,"1275573",1.71,20.9,25.7,"Self-employed","Rent","Other",1
92081,16.75,301613,1.6,"174612",22.77,83.64,56.7,"Salaried","Own","Debt_consolidation",0
92086,33.25,4812,0.61,"1858",12.8,51.06,44.9,"Unemployed","Rent","Debt_consolidation",1
92106,23.75,2499006,2.27,"2653905",15.59,58.88,44.7,"Self-employed","Rent","Other",1
92125,18.75,164211,1.38,"273680",28.73,96.97,51.5,"Salaried","Rent","Vehicle",0
92140,16.75,641906,1.46,"1976104",21.5,75.51,48.8,"Salaried","Mortgage","Home_improvement",1
92146,32.25,7297,0.45,"27644",17.8,64.96,46.9,"Unemployed","Rent","Debt_consolidation",1
92157,35,6340,0.49,"17428",34.32,116.15,61.3,"Unemployed","Rent","Debt_consolidation",1
92180,18.75,608823,1.51,"1162071",10.5,43.05,33.4,"Salaried","Rent","Vehicle",0
92182,33.25,5390,0.32,"20357",2.45,20.4,31.3,"Unemployed","Rent","Debt_consolidation",0
92186,18.75,501944,1.49,"1140090",36.41,116.4,59.1,"Salaried","Rent","Vehicle",1
92191,18.75,521488,1.55,"1015665",26.59,86.45,51.7,"Salaried","Rent","Vehicle",0
92196,19.25,531089,1.73,"1779733",30.63,106.06,65.5,"Salaried","Mortgage","Vehicle",1
92220,25.25,452776,2.22,"1175201",13.49,55.11,46.1,"Contract","Rent","Other",0
92221,19.25,127768,1.74,"313534",20.95,74.4,44.3,"Salaried","Own","Debt_consolidation",1
92262,14.25,296390,1.4,"153651",11.76,43.76,34.2,"Salaried","Mortgage","Home_improvement",0
92282,21.25,1071343,1.62,"2808285",30.81,101.7,60.7,"Self-employed","Mortgage","Vehicle",1
92296,18.75,238054,1.61,"553391",26.29,86.64,57.8,"Salaried","Rent","Vehicle",1
92299,21.75,108845,1.83,"238373",9.39,37.67,31.9,"Salaried","Rent","Other",0
92304,19.75,1460132,2.15,"5447955",36.52,121.63,59.2,"Self-employed","Mortgage","Vehicle",1
92309,35,4636,0.6,"12009",24.79,88.73,53.4,"Unemployed","Rent","Other",1
92314,21.75,154529,1.71,"416195",7.42,32.5,33.6,"Salaried","Rent","Other",1
92320,21.75,3436982,2,"12582743",32.77,110.49,59.5,"Self-employed","Mortgage","Debt_consolidation",1
92334,21.25,2505411,2.19,"2635112",20.82,69.57,47.5,"Self-employed","Own","Debt_consolidation",1
92341,34.75,6122,0.56,"6148",33.66,107.09,58,"Unemployed","Mortgage","Debt_consolidation",1
92369,16.75,228910,0.71,"820052",14.47,52.12,39.3,"Salaried","Mortgage","Home_improvement",0
92371,19.25,459731,1.24,"1299195",7.14,32.15,37.9,"Salaried","Own","Debt_consolidation",0
92381,19.25,511386,1.45,"790460",23.37,82.16,58,"Salaried","Own","Debt_consolidation",1
92392,23.75,702072,2.13,"1675572",16.01,61.85,38.7,"Self-employed","Rent","Other",1
92411,18.75,139158,1.48,"185389",14.9,52.95,38.3,"Salaried","Rent","Vehicle",0
92414,16.75,539186,1.84,"252244",3.99,23.49,31.1,"Salaried","Mortgage","Vehicle",0
92415,20.25,483242,1.76,"1548142",5,28.37,33.4,"Salaried","Rent","Vehicle",0
92440,20.25,2156798,2.04,"2573317",38.15,125.87,70.2,"Self-employed","Mortgage","Home_improvement",0
92443,35,4060,0.67,"14543",27.58,91.62,56.8,"Unemployed","Rent","Debt_consolidation",1
92450,35,6963,0.48,"12072",39.89,130.43,70,"Unemployed","Rent","Debt_consolidation",1
92458,23.75,1008550,1.58,"1656973",32.79,106.82,60.1,"Contract","Rent","Vehicle",0
92464,23.25,217934,1.65,"498709",39.21,128.61,62.5,"Salaried","Rent","Other",1
92483,25.25,2701742,1.4,"6378018",36.58,117.74,69.9,"Self-employed","Rent","Other",1
92484,35,3433,0.54,"11493",31.73,100.48,59.7,"Unemployed","Rent","Debt_consolidation",1
92496,21.75,3574427,2.39,"9760045",15.42,57.27,45.2,"Self-employed","Mortgage","Debt_consolidation",1
92514,18.25,304358,1.9,"927954",34.65,111.12,66.7,"Salaried","Mortgage","Home_improvement",1
92515,20.25,567216,1.89,"698192",38.11,124.57,64.9,"Salaried","Rent","Vehicle",0
92529,16.75,567735,1.38,"1759545",22.43,76.29,52,"Salaried","Mortgage","Home_improvement",1
92530,21.25,1128611,1.78,"2015502",18.24,62.9,47.8,"Contract","Mortgage","Vehicle",1
92565,16.25,359412,1.21,"235229",15.78,59.89,49.6,"Salaried","Rent","Vehicle",0
92567,18.75,414759,1.05,"1437903",23.34,83.26,50,"Salaried","Rent","Vehicle",0
92578,16.75,524159,1.48,"1133014",17.45,63.92,50.5,"Salaried","Mortgage","Home_improvement",1
92580,23.75,237454,1.99,"689300",30.67,103.13,65.6,"Contract","Rent","Vehicle",0
92581,19.25,501423,0.79,"841404",3.81,16.03,37.6,"Salaried","Mortgage","Vehicle",0
92595,17.75,404797,1.55,"600741",19.36,66.4,46.5,"Salaried","Mortgage","Vehicle",0
92613,17.75,259419,1.15,"629326",12.02,49.89,38.8,"Salaried","Mortgage","Vehicle",0
92618,18.75,408905,1.73,"1520890",24.22,84.2,56.2,"Salaried","Rent","Vehicle",1
92623,18.75,355208,0.86,"493086",8.33,40.15,34.7,"Salaried","Rent","Vehicle",0
92624,23.75,794016,1.66,"2260508",25.62,86.15,59.6,"Self-employed","Rent","Other",1
92626,35,2085,0.5,"6293",39.05,125.51,73.2,"Unemployed","Rent","Vehicle",0
92642,16.75,573073,1.53,"708456",16.65,59.33,45.8,"Salaried","Mortgage","Home_improvement",0
92649,20.75,139907,1.45,"506689",3.71,20.97,29.3,"Salaried","Own","Debt_consolidation",0
92650,18.75,124344,1.36,"377755",14.91,57.7,41.3,"Salaried","Rent","Vehicle",0
92672,35,3228,0.51,"11835",19.36,69.78,51.8,"Unemployed","Rent","Other",1
92681,21.75,345441,1.59,"739331",14.98,52.16,42.9,"Salaried","Rent","Other",1
92683,17.75,454277,1.38,"1141939",21.97,74.73,50.1,"Salaried","Mortgage","Vehicle",0
92684,35,8885,0.53,"10444",12.19,47.35,35.9,"Unemployed","Rent","Debt_consolidation",1
92722,19.25,520830,1.55,"1785569",26.87,90.89,60.7,"Salaried","Mortgage","Vehicle",0
92723,18.25,291504,1.64,"1075409",5.83,27.09,28.7,"Salaried","Mortgage","Home_improvement",1
92729,19.75,749402,1.61,"1168764",22.86,76.66,57,"Self-employed","Mortgage","Vehicle",1
92733,35,7711,0.56,"11759",0.82,11.42,32.9,"Unemployed","Rent","Debt_consolidation",0
92739,23.25,1948937,1.31,"7316655",2.29,19.37,33.7,"Self-employed","Mortgage","Vehicle",1
92753,25.25,1480169,1.71,"3727146",3.96,20.87,32.9,"Self-employed","Rent","Other",0
92757,18.25,501204,1.87,"1610812",32.13,106.22,65.5,"Salaried","Mortgage","Home_improvement",0
92765,23.25,2716023,1.78,"9289310",6.42,25.75,39.7,"Self-employed","Mortgage","Debt_consolidation",1
92767,16.75,675621,1.42,"769676",20.84,76.36,55.6,"Salaried","Mortgage","Home_improvement",1
92773,16.75,305925,1.62,"975662",9.78,39.4,42.5,"Salaried","Mortgage","Home_improvement",1
92779,17.75,208068,1.23,"560280",24.55,83.26,51,"Salaried","Mortgage","Vehicle",0
92795,20.25,776357,1.39,"782704",33.37,106.25,66.7,"Salaried","Rent","Vehicle",0
92796,17.75,281443,1.32,"576368",30.02,103.16,52.7,"Salaried","Mortgage","Vehicle",1
92810,25.25,2103663,2.07,"4146203",35.68,117.56,62.4,"Self-employed","Rent","Other",1
92814,18.25,464934,1.35,"523772",5.02,21.55,29.8,"Salaried","Mortgage","Home_improvement",0
92818,20.25,659334,1.35,"632836",34.4,111.66,59.5,"Contract","Mortgage","Home_improvement",1
92823,21.75,3302254,1.9,"11383338",11.26,44.7,37.7,"Self-employed","Mortgage","Debt_consolidation",1
92839,16.75,140964,1.24,"412031",13.67,50.18,39.5,"Salaried","Mortgage","Home_improvement",0
92863,23.75,1423320,2.63,"4593712",25.87,84.25,53.8,"Self-employed","Rent","Other",1
92867,18.75,303342,1.42,"196873",0.48,9.67,33,"Salaried","Mortgage","Vehicle",0
92872,16.75,718781,1.07,"2578061",15.09,56.78,40.4,"Salaried","Mortgage","Home_improvement",0
92884,18.25,415040,1.99,"1087446",6.81,34.1,40.3,"Salaried","Mortgage","Home_improvement",1
92886,29.75,7836,0.4,"3112",20.15,73.94,44,"Unemployed","Rent","Debt_consolidation",0
92888,19.25,452024,1.17,"1387396",17.63,63.31,49.6,"Salaried","Own","Debt_consolidation",1
92889,20.25,545669,2.06,"643230",3.39,19.48,30.6,"Salaried","Rent","Vehicle",1
92891,17.75,349772,1.79,"766186",30,103.64,55.5,"Salaried","Mortgage","Vehicle",1
92909,19.75,1169125,1.68,"1828386",28.11,92.85,57.2,"Self-employed","Mortgage","Vehicle",1
92923,25.25,1688857,1.41,"2609135",39.17,130.86,72.4,"Self-employed","Rent","Other",1
92957,25.25,495958,2.13,"1589114",7.57,29.56,39.9,"Contract","Rent","Other",0
92960,25.25,186731,1.46,"390010",0.35,9.99,33.3,"Salaried","Rent","Other",0
92961,17.75,138592,1.73,"397470",15.19,52.74,43.1,"Salaried","Mortgage","Vehicle",0
92979,16.75,317811,1.37,"808073",28.1,96.94,50.8,"Salaried","Mortgage","Home_improvement",0
92984,25.25,317233,1.25,"570985",0.75,12.55,27.5,"Salaried","Rent","Other",1
92994,35,4363,0.53,"6174",17.44,65.07,45,"Unemployed","Rent","Debt_consolidation",1
93006,17.75,158527,1.45,"68828",28.72,94.89,60.9,"Salaried","Rent","Vehicle",1
93007,17.75,750008,1.62,"2018570",12.52,43.13,36.4,"Salaried","Mortgage","Vehicle",0
93021,22.75,1949375,2.47,"5015371",36.81,117.71,66.3,"Self-employed","Own","Debt_consolidation",1
93025,16.75,194241,1.39,"370575",22.75,77.79,48.1,"Salaried","Mortgage","Home_improvement",0
93029,17.75,466882,1.21,"795702",36.66,122.15,59.9,"Salaried","Mortgage","Vehicle",1
93039,34.75,6282,0.46,"9275",16.23,61.28,48.4,"Unemployed","Mortgage","Debt_consolidation",1
93045,21.75,1324491,1.32,"1622571",12.55,43.24,46.2,"Self-employed","Mortgage","Debt_consolidation",1
93057,18.75,314914,1.43,"566542",26.99,88.5,52.2,"Salaried","Rent","Vehicle",1
93065,18.25,175456,1.76,"477339",4.11,24.44,33.3,"Salaried","Mortgage","Home_improvement",0
93142,20.25,339099,2.06,"539336",39.59,130.65,64.1,"Salaried","Rent","Vehicle",1
93151,25.25,3422757,1.87,"6235116",3.58,21.41,34.6,"Self-employed","Rent","Other",0
93152,23.75,2007017,2.31,"6048437",21.4,75.03,54.1,"Self-employed","Rent","Other",0
93153,18.75,340898,1.46,"798979",17.22,65.86,44.2,"Salaried","Rent","Vehicle",0
93162,31.25,9802,0.33,"17972",3.46,23.45,35.8,"Unemployed","Rent","Debt_consolidation",1
93176,25.25,615726,1.18,"1947443",0.24,11.25,27.1,"Salaried","Rent","Other",1
93235,33.75,3727,0.44,"3357",29.7,101.09,64.5,"Unemployed","Rent","Debt_consolidation",0
93248,18.25,545830,1.53,"809931",32.58,103.88,63.1,"Salaried","Mortgage","Home_improvement",0
93251,18.25,408009,1.95,"634143",35.11,114.91,65.3,"Salaried","Mortgage","Home_improvement",0
93264,21.25,918386,1.53,"819564",29.69,98.78,55.4,"Self-employed","Own","Debt_consolidation",0
93283,22.75,582740,2.19,"796885",29.56,101.2,56.2,"Contract","Own","Debt_consolidation",1
93286,30.75,4584,0.36,"11323",18.29,67.71,42.6,"Unemployed","Rent","Other",1
93288,20.25,493680,1.7,"1015551",2.25,17.19,37,"Salaried","Mortgage","Home_improvement",0
93295,17.75,165074,1.7,"601331",21.76,78.3,48.6,"Salaried","Mortgage","Vehicle",0
93305,16.75,168196,1.45,"86230",31.79,109.57,54.8,"Salaried","Own","Debt_consolidation",0
93307,16.75,894294,1.47,"2225863",10,41.42,38.6,"Salaried","Mortgage","Home_improvement",0
93325,24.75,1132445,1.72,"4241657",5,26.64,39.1,"Contract","Mortgage","Debt_consolidation",0
93329,22.75,2085775,2.46,"5633331",32.68,111.36,61.8,"Self-employed","Own","Debt_consolidation",0
93339,17.25,1289843,1.47,"531832",23.11,77.27,56.1,"Self-employed","Mortgage","Vehicle",0
93342,19.25,447538,1.76,"867972",29.56,98.1,59.1,"Salaried","Own","Debt_consolidation",0
93343,18.75,442391,1.64,"408202",18.86,62.11,41.3,"Salaried","Rent","Vehicle",0
93345,18.25,81757,1.72,"277257",36.52,122.46,62.4,"Salaried","Mortgage","Home_improvement",1
93374,22.25,1627065,2.36,"2648561",21.96,73.53,55.9,"Contract","Rent","Vehicle",1
93377,17.75,371809,1.48,"556979",18.2,63.42,41.2,"Salaried","Mortgage","Vehicle",1
93380,22.75,1191067,1.61,"4341155",34.79,113.53,68.2,"Self-employed","Own","Debt_consolidation",1
93383,23.25,118848,1.68,"203836",35.28,117.52,66.2,"Salaried","Rent","Other",1
93401,19.25,180992,1.46,"517114",39.11,128.4,65.9,"Salaried","Mortgage","Vehicle",0
93403,23.75,1018080,1.64,"1868584",23.44,84.03,53.7,"Self-employed","Rent","Other",1
93408,20.25,349742,1.25,"369635",33.18,105.66,66.8,"Salaried","Rent","Vehicle",1
93414,18.75,840813,1.97,"2327037",27.21,87.77,56.6,"Self-employed","Mortgage","Home_improvement",1
93415,17.75,744356,1.65,"2827517",17.86,63.57,45.2,"Salaried","Mortgage","Vehicle",1
93438,20.25,707285,2.85,"1718934",5.17,30.3,32.4,"Self-employed","Mortgage","Home_improvement",1
93443,25.25,271299,1.11,"250650",0.15,11.28,27.8,"Salaried","Rent","Other",0
93471,20.25,1528388,1.79,"578200",29.88,98.24,62,"Contract","Mortgage","Vehicle",0
93490,18.75,81549,1.32,"308622",16.68,59.2,45.5,"Salaried","Rent","Vehicle",0
93506,20.25,404498,1.24,"577169",36.67,119.01,65.1,"Salaried","Rent","Vehicle",1
93508,16.75,219504,1.41,"152362",30.28,102.73,52.5,"Salaried","Mortgage","Home_improvement",1
93521,22.25,1419775,1.26,"1529406",22.91,83.31,54,"Contract","Rent","Vehicle",0
93523,30.25,6120,0.44,"19316",21.34,76.54,54.1,"Unemployed","Rent","Vehicle",1
93540,32.25,6728,0.4,"10134",19.62,69.14,49.4,"Unemployed","Rent","Debt_consolidation",0
93553,17.75,457928,1.69,"384239",18.47,65.86,43.3,"Salaried","Mortgage","Vehicle",0
93558,16.75,289087,1.28,"823586",29.76,100.71,56.3,"Salaried","Mortgage","Home_improvement",0
93580,20.75,298867,1.78,"273797",36.52,121.12,67.6,"Salaried","Own","Debt_consolidation",1
93582,17.75,553788,1.35,"395118",29.56,97.85,52,"Salaried","Mortgage","Vehicle",0
93588,18.25,91527,1.4,"74730",35.08,114.28,66.6,"Salaried","Mortgage","Home_improvement",1
93590,18.25,364225,1.33,"607067",38.62,123.98,73.2,"Salaried","Mortgage","Home_improvement",1
93594,15.25,263975,1.63,"144453",35.6,117.77,59.7,"Salaried","Mortgage","Vehicle",1
93615,18.75,437894,1.48,"699617",13.89,54.21,42.3,"Salaried","Rent","Vehicle",1
93618,16.75,553060,1.45,"1217931",13.37,50.3,41.6,"Salaried","Mortgage","Home_improvement",1
93634,19.25,186346,1.42,"375640",31.73,105.04,61.6,"Salaried","Mortgage","Vehicle",1
93640,17.75,202641,1.98,"88848",34.08,110.85,62.9,"Salaried","Rent","Vehicle",1
93648,19.25,123846,1.18,"46007",29.62,106.07,59.4,"Salaried","Rent","Other",1
93657,20.75,503737,1.75,"786728",37.86,119.66,67,"Salaried","Own","Debt_consolidation",1
93671,35,6633,0.63,"10770",29.18,91.43,51.4,"Unemployed","Rent","Debt_consolidation",1
93700,18.75,474287,1.08,"528702",19.12,64.33,46.6,"Salaried","Rent","Vehicle",1
93723,32.25,3420,0.41,"4245",18.54,68.62,48.5,"Unemployed","Rent","Debt_consolidation",1
93727,35,4832,0.54,"14840",3.88,22.39,27.6,"Unemployed","Rent","Debt_consolidation",0
93731,21.75,394278,1.24,"1296163",26.21,88.19,51.7,"Salaried","Rent","Other",0
93741,17.75,330135,1.4,"677190",8.73,35.65,40.2,"Salaried","Mortgage","Vehicle",0
93743,35,6469,0.57,"22766",4.24,23.01,30,"Unemployed","Rent","Debt_consolidation",0
93755,18.75,652210,1.74,"2102935",24.51,86.8,53.3,"Salaried","Rent","Vehicle",0
93756,18.25,483752,1.77,"229935",35.03,111.07,60.7,"Salaried","Own","Debt_consolidation",0
93764,20.75,586979,2.06,"2228346",6.75,31.48,31.3,"Salaried","Own","Debt_consolidation",1
93767,35,2174,0.58,"4559",20.44,68.49,43.8,"Unemployed","Rent","Other",1
93768,22.25,980700,2.05,"1215871",13.58,58.22,36.3,"Contract","Rent","Vehicle",1
93769,23.75,548776,1.45,"1935426",35.69,114.56,70,"Contract","Rent","Vehicle",1
93784,18.75,405887,0.91,"1467443",7.84,33.42,39.9,"Salaried","Rent","Vehicle",0
93785,35,3831,0.54,"4188",1.91,15.01,31.1,"Unemployed","Rent","Debt_consolidation",0
93788,17.75,257783,1.2,"366394",28.79,97.42,51.3,"Salaried","Mortgage","Vehicle",0
93806,22.25,811733,1.47,"922984",22.77,76.92,54.9,"Contract","Rent","Vehicle",0
93814,23.25,727402,1.45,"2318504",4.93,27.38,28.4,"Salaried","Rent","Other",0
93829,20.25,1672242,0.99,"5834744",36.37,121.79,67.3,"Self-employed","Mortgage","Home_improvement",0
93835,22.75,235851,1.34,"267159",31.95,104.39,62,"Contract","Mortgage","Vehicle",0
93851,23.75,2697539,1.98,"7043965",16.22,59.7,41.6,"Self-employed","Rent","Other",1
93854,18.75,335097,1.1,"518322",21.33,73.4,48.2,"Salaried","Rent","Vehicle",1
93858,17.75,436197,1.36,"1577046",21.13,77.99,53,"Salaried","Mortgage","Vehicle",0
93860,19.25,382540,0.98,"322850",3.18,19.97,36.1,"Salaried","Mortgage","Vehicle",0
93863,20.75,302690,1.67,"612112",32.44,104.92,62.3,"Salaried","Own","Debt_consolidation",1
93864,16.75,563048,1.4,"1227883",22.35,73.71,55.2,"Salaried","Mortgage","Home_improvement",0
93868,14.25,884381,1.56,"383752",11.41,46.81,33.9,"Salaried","Mortgage","Home_improvement",0
93895,19.25,339272,1.35,"543562",17.13,60.81,44.9,"Salaried","Own","Debt_consolidation",0
93903,22.75,1012335,1.83,"3034534",39.83,129.35,64.1,"Contract","Mortgage","Vehicle",1
93910,25.25,617312,1.75,"955806",0.59,9.34,23.7,"Contract","Mortgage","Home_improvement",1
93914,35,4895,0.54,"6421",38.93,127.62,70.5,"Unemployed","Rent","Debt_consolidation",1
93922,21.25,1745432,1.72,"4748451",27.69,94.57,60.3,"Self-employed","Mortgage","Vehicle",1
93936,20.25,1913576,1.83,"5759944",36.1,123.03,63,"Self-employed","Mortgage","Home_improvement",1
93938,18.25,490733,1.92,"1429591",29.02,94.1,62.3,"Salaried","Mortgage","Home_improvement",1
93945,21.75,549228,1.77,"1199131",3.34,24.75,37.7,"Contract","Mortgage","Home_improvement",1
93948,15.75,204402,1.57,"94043",39.83,129.49,73,"Salaried","Mortgage","Home_improvement",0
93959,21.75,212378,0.72,"744048",10.88,38.62,39.8,"Salaried","Rent","Other",0
93970,17.25,844903,1.71,"368230",28.28,95.47,50.9,"Self-employed","Mortgage","Vehicle",1
93971,16.75,130414,1.71,"245238",14.81,54.63,44.6,"Salaried","Mortgage","Home_improvement",0
93975,18.75,526954,1.52,"1159610",9.93,38.84,33.1,"Salaried","Rent","Vehicle",1
93979,20.25,697456,1.59,"458761",38.07,125.88,67.1,"Contract","Mortgage","Vehicle",1
93983,18.75,217379,0.87,"344118",26.34,91.58,53.9,"Salaried","Rent","Vehicle",1
93989,16.75,322871,1.85,"474551",13.61,54.07,44.1,"Salaried","Mortgage","Home_improvement",0
93997,21.25,1027281,1.31,"1597251",18.74,65.86,52.7,"Contract","Mortgage","Vehicle",0
94003,20.25,258571,1.78,"382519",34.71,112.96,66.9,"Salaried","Rent","Vehicle",1
94004,16.75,564205,1.15,"546606",26.11,93.76,53.4,"Salaried","Mortgage","Home_improvement",1
94006,18.25,526723,1.5,"158970",2.61,17.24,28,"Salaried","Rent","Vehicle",0
94009,23.75,1615911,1.76,"2837776",19.29,68.4,48,"Self-employed","Rent","Other",0
94012,15.75,350489,1.75,"156244",35.09,114.12,68.2,"Salaried","Mortgage","Home_improvement",0
94015,17.75,363236,1.79,"1005374",16.54,55.77,48.9,"Salaried","Mortgage","Vehicle",1
94035,16.75,350653,1.7,"903633",22.78,78.52,52.1,"Salaried","Mortgage","Home_improvement",0
94038,16.75,263819,1.5,"597497",18.79,62.58,43.4,"Salaried","Mortgage","Home_improvement",0
94039,17.75,457956,1.54,"798555",19.19,61.83,51.3,"Salaried","Mortgage","Vehicle",0
94041,23.25,265090,1.51,"487440",3.72,18.05,29.3,"Salaried","Rent","Other",0
94050,16.75,365467,1.13,"444098",22.11,79.27,50.1,"Salaried","Mortgage","Home_improvement",1
94051,16.75,571971,1.16,"1894162",8.2,35.85,40.2,"Salaried","Mortgage","Home_improvement",1
94062,35,5262,0.4,"6655",2.83,23.62,32.7,"Unemployed","Rent","Debt_consolidation",1
94066,18.75,612132,1.16,"494614",10.69,38.48,38.9,"Salaried","Rent","Vehicle",0
94073,35,5021,0.66,"14340",32.11,104.87,65.3,"Unemployed","Rent","Debt_consolidation",0
94079,22.75,186644,1.52,"677766",1.94,16.7,26.3,"Salaried","Own","Debt_consolidation",0
94086,19.25,929397,1.15,"525984",6.39,28.48,28.5,"Contract","Mortgage","Home_improvement",1
94088,21.25,1297918,1.49,"2145962",15.79,57.54,45,"Contract","Mortgage","Vehicle",1
94092,21.75,633027,1.39,"770739",17.32,57.91,45.8,"Salaried","Rent","Other",0
94095,21.25,455809,2.33,"1162878",28.92,93.36,63,"Self-employed","Mortgage","Vehicle",1
94120,34.25,6942,0.61,"3102",16.27,62.39,50.1,"Unemployed","Rent","Other",1
94133,17.75,311490,1.76,"215300",21.87,74.26,54.8,"Salaried","Mortgage","Vehicle",1
94137,19.25,614434,1.51,"1189267",26.16,87.9,54.9,"Salaried","Own","Debt_consolidation",0
94147,21.25,868496,1.38,"642784",28.69,98.79,56.9,"Contract","Mortgage","Vehicle",1
94155,18.75,258905,1.71,"221519",24.07,86.23,48.1,"Salaried","Rent","Vehicle",1
94164,18.75,145247,1.32,"176518",11.07,45.39,36.2,"Salaried","Rent","Vehicle",0
94170,21.25,743437,1.75,"579861",0.77,13,30.3,"Salaried","Mortgage","Vehicle",0
94171,21.25,316418,2.21,"874381",21.36,70.43,51.5,"Contract","Mortgage","Vehicle",1
94201,17.75,210573,1.6,"234929",27.54,92.03,56.7,"Salaried","Mortgage","Vehicle",0
94208,21.25,387232,1.69,"731887",22.85,81.29,54.2,"Contract","Mortgage","Vehicle",1
94211,20.25,436459,0.85,"724483",1,18.1,33,"Salaried","Mortgage","Home_improvement",1
94212,17.75,306315,1.25,"890633",15.11,54.67,39.9,"Salaried","Mortgage","Vehicle",0
94213,19.25,170391,1.69,"196049",6.01,28.19,40.8,"Salaried","Mortgage","Vehicle",0
94215,19.75,1418572,2.29,"5181561",9.43,35.95,43,"Self-employed","Mortgage","Vehicle",1
94217,19.25,262613,1.37,"331465",15.05,58.47,40.4,"Salaried","Own","Debt_consolidation",0
94226,26.75,154587,2.44,"367298",4.04,19.95,28.6,"Contract","Rent","Other",1
94229,18.75,2755873,1.54,"2887777",24.44,82.83,50,"Self-employed","Mortgage","Home_improvement",1
94231,21.75,298662,0.92,"1081782",21.63,77.8,53.2,"Salaried","Rent","Other",1
94244,35,7326,0.5,"23298",16.18,56.52,45.2,"Unemployed","Rent","Debt_consolidation",1
94245,19.75,1175751,1.36,"2111763",14.19,52.3,44.1,"Self-employed","Mortgage","Vehicle",0
94247,15.25,76639,1.78,"28671",9.2,33.73,34.3,"Salaried","Mortgage","Vehicle",0
94248,17.75,181033,1.41,"614155",24.75,84.27,52.1,"Salaried","Mortgage","Vehicle",0
94254,22.75,437296,1.44,"1327577",1.53,12.47,25.6,"Salaried","Own","Debt_consolidation",0
94256,35,4697,0.52,"5788",1.18,14.22,26.5,"Unemployed","Mortgage","Debt_consolidation",1
94257,21.25,318797,1.29,"655152",19.35,64.22,43,"Contract","Mortgage","Vehicle",1
94271,19.25,373283,0.86,"307136",27.96,97.18,57.3,"Salaried","Own","Debt_consolidation",0
94280,18.75,663110,1.33,"814052",9.5,43.41,36.9,"Salaried","Rent","Vehicle",0
94285,20.25,249630,1.7,"746543",36.13,117.06,64.1,"Salaried","Rent","Vehicle",0
94312,20.25,206458,1.41,"310628",6.76,30.6,39.4,"Salaried","Rent","Vehicle",0
94323,20.25,348616,1.31,"983255",28.66,93.35,61.5,"Salaried","Rent","Vehicle",0
94326,21.25,2163447,1.17,"1914513",21.79,71.61,49.8,"Self-employed","Own","Debt_consolidation",1
94328,31.75,8125,0.51,"2568",24.18,82.1,55.2,"Unemployed","Rent","Debt_consolidation",0
94331,18.75,176507,2.04,"133593",26.81,93.06,50.6,"Salaried","Rent","Vehicle",1
94333,18.75,293622,1.43,"392112",9.91,38,34.1,"Salaried","Rent","Vehicle",0
94334,18.75,350941,1.96,"530410",20.85,72.3,50.8,"Salaried","Rent","Vehicle",0
94336,18.75,186225,1.52,"566370",14.59,53.82,40.4,"Salaried","Rent","Vehicle",0
94348,19.25,1890419,1.83,"579848",1.64,18.19,34.6,"Self-employed","Mortgage","Vehicle",0
94351,20.25,438628,1.72,"1443291",2.03,11.24,30.9,"Salaried","Mortgage","Home_improvement",0
94361,17.75,206916,1.02,"469683",29.97,100.92,59.1,"Salaried","Mortgage","Vehicle",0
94364,35,6205,0.64,"14337",35.66,115.7,62.3,"Unemployed","Rent","Debt_consolidation",1
94366,21.25,1499992,2.29,"4232584",9.79,40.89,32.7,"Self-employed","Own","Debt_consolidation",1
94383,35,5255,0.53,"10497",26.3,78.3,57.6,"Unemployed","Rent","Other",1
94385,18.75,285612,1.83,"272183",24.91,83.09,55.1,"Salaried","Rent","Vehicle",1
94389,18.25,228883,1.44,"684375",4.76,21.39,28.5,"Salaried","Mortgage","Home_improvement",0
94391,19.25,434035,1.68,"1002424",19.13,72.84,46.8,"Salaried","Own","Debt_consolidation",1
94400,17.75,212292,1.56,"723170",24.72,84.88,54.3,"Salaried","Mortgage","Vehicle",1
94403,18.75,526380,1.64,"1548836",14.62,52.04,40.7,"Salaried","Rent","Vehicle",1
94406,19.25,369204,0.92,"755782",34.93,112.97,61.9,"Salaried","Mortgage","Vehicle",0
94429,25.25,1304671,1.52,"4748013",4.03,20.76,27.3,"Self-employed","Rent","Other",0
94458,17.75,402664,0.96,"486001",26.27,84.46,49.5,"Salaried","Mortgage","Vehicle",1
94465,23.75,1464518,2.05,"3015875",22.04,78.81,47.9,"Self-employed","Rent","Other",0
94477,17.75,754248,1.75,"1737735",12.6,40.51,44.1,"Salaried","Mortgage","Vehicle",1
94490,20.25,223636,1.32,"614113",1.76,14.71,32.6,"Salaried","Mortgage","Home_improvement",0
94496,21.25,299151,1.42,"627012",0.42,11.64,30.5,"Salaried","Mortgage","Vehicle",0
94532,33.25,3437,0.39,"7997",20.25,69.82,48.8,"Unemployed","Rent","Other",0
94538,16.75,309666,1.51,"1107777",22.05,78.82,44.8,"Salaried","Mortgage","Home_improvement",0
94540,18.75,477497,1.82,"1165267",7.42,32.37,36.6,"Salaried","Rent","Vehicle",0
94542,19.25,146099,1.54,"476079",21.81,77.79,55.4,"Salaried","Own","Debt_consolidation",0
94547,19.25,452410,1.67,"454889",34.46,111.83,64.5,"Salaried","Mortgage","Vehicle",1
94556,17.75,294788,1.12,"913997",16.78,63.42,51.1,"Salaried","Mortgage","Vehicle",1
94559,18.75,178332,1.94,"256025",7.43,27.63,40.1,"Salaried","Rent","Vehicle",0
94565,16.75,361249,1.6,"128545",8.74,36.74,31.4,"Salaried","Own","Debt_consolidation",0
94571,22.75,862611,1.72,"364060",15.44,53.89,40.9,"Contract","Rent","Other",1
94574,15.25,478670,1.18,"273067",19.39,67.98,45,"Salaried","Mortgage","Vehicle",0
94580,18.25,317806,1.67,"130374",32.86,106.02,63,"Salaried","Own","Debt_consolidation",1
94589,23.25,3456079,1.84,"6131397",0.17,9.76,30.3,"Self-employed","Mortgage","Vehicle",0
94593,19.25,227576,1.27,"704177",36.77,119.52,67,"Salaried","Mortgage","Vehicle",1
94602,21.75,614803,0.96,"709835",24.13,80.02,47.5,"Salaried","Rent","Other",1
94603,20.25,1331634,1.17,"2599135",5.84,29,40,"Self-employed","Mortgage","Home_improvement",0
94615,16.75,339650,0.6,"1211607",30.68,108.35,58.3,"Salaried","Mortgage","Home_improvement",1
94637,18.75,508372,1.87,"703070",17.69,64.29,40.5,"Salaried","Rent","Vehicle",1
94645,21.75,596574,1.59,"708294",12.29,47.18,45.7,"Salaried","Rent","Other",0
94654,20.25,368042,1.18,"832962",33.76,108.99,62.3,"Salaried","Rent","Vehicle",1
94672,22.25,602056,1.53,"476426",33.13,108.24,57.1,"Contract","Rent","Vehicle",1
94699,17.75,553218,1.26,"1426791",14.41,59.24,37.8,"Salaried","Mortgage","Vehicle",0
94723,35,7623,0.49,"16096",24.68,86.63,58.1,"Unemployed","Rent","Debt_consolidation",0
94727,21.75,328509,1.14,"329151",11.77,48.4,39.1,"Salaried","Rent","Other",1
94745,16.75,334232,1.97,"587324",10.32,43.86,37.6,"Salaried","Mortgage","Home_improvement",1
94753,16.75,787956,1.11,"489297",32.5,104.43,60.8,"Salaried","Mortgage","Vehicle",1
94757,19.75,1598318,1.91,"1540349",33.62,111.32,56.4,"Self-employed","Mortgage","Vehicle",1
94760,23.25,307417,1.11,"550345",33.67,107.96,60.5,"Salaried","Rent","Other",1
94762,20.25,583244,1.3,"1750287",22.2,78,51.9,"Contract","Mortgage","Home_improvement",1
94795,24.25,231584,1.3,"178625",0.85,10.14,23.2,"Salaried","Own","Debt_consolidation",0
94806,23.25,745193,1.66,"1513017",28.73,90.63,52.5,"Contract","Mortgage","Debt_consolidation",1
94812,24.25,1118917,1.78,"1296149",39.24,129.65,72.7,"Contract","Own","Debt_consolidation",1
94835,18.75,308380,1.41,"742765",24.36,80.53,49.4,"Salaried","Rent","Vehicle",1
94842,18.75,659029,1.38,"1989418",28.86,97.47,57,"Salaried","Rent","Vehicle",0
94858,35,4737,0.52,"15397",27.01,89,55.8,"Unemployed","Rent","Debt_consolidation",1
94861,18.75,309684,1.57,"349770",9.26,41.02,39.2,"Salaried","Rent","Vehicle",0
94872,17.75,700223,1.41,"493301",16.87,65.65,43.1,"Salaried","Mortgage","Vehicle",1
94875,20.75,537023,1.4,"1954389",39.76,136.38,70.6,"Salaried","Own","Debt_consolidation",0
94891,16.75,264673,1.48,"1005443",25.09,85.13,49.4,"Salaried","Mortgage","Home_improvement",0
94898,20.25,562062,1.05,"1143823",38.99,125.39,73.6,"Salaried","Rent","Vehicle",0
94901,16.75,107529,1.21,"318853",23.62,78.01,52.9,"Salaried","Mortgage","Home_improvement",0
94905,21.75,362180,1.64,"300532",29.19,99.59,53.3,"Salaried","Rent","Other",1
94925,21.25,1009472,1.65,"2790126",30.95,100.34,58.5,"Contract","Mortgage","Vehicle",1
94931,23.25,2001441,1.27,"3513241",5.67,22.94,28.9,"Self-employed","Mortgage","Debt_consolidation",0
94936,16.75,226110,1.55,"124725",29.55,99.66,61.3,"Salaried","Mortgage","Vehicle",0
94959,35,2785,0.61,"7578",38.06,123.17,63,"Unemployed","Rent","Debt_consolidation",1
94967,23.75,429753,1.61,"336403",7.13,27.98,29.4,"Self-employed","Rent","Other",0
94971,20.25,519898,1.49,"1257882",31.66,106.13,65.1,"Salaried","Rent","Vehicle",0
95021,23.25,156447,1.78,"402537",38.56,122.78,72.9,"Salaried","Rent","Other",0
95032,18.25,496111,1.56,"1462385",33.76,113.14,63.5,"Salaried","Mortgage","Home_improvement",1
95075,19.75,578884,1.39,"487959",11.8,44.7,37.7,"Self-employed","Mortgage","Vehicle",1
95079,17.75,223760,1.49,"750200",15.08,58.59,41.5,"Salaried","Mortgage","Vehicle",0
95080,19.25,142112,1.08,"156161",4.91,23.64,38.3,"Salaried","Mortgage","Vehicle",0
95086,18.75,339505,0.99,"624775",33.9,115.21,57.5,"Salaried","Rent","Vehicle",0
95111,20.75,222848,1.58,"825483",3.2,18.68,35.4,"Salaried","Own","Debt_consolidation",0
95112,19.75,366390,2.25,"383142",21.63,75.52,52.8,"Self-employed","Mortgage","Vehicle",1
95121,16.75,300265,1.02,"825727",27.51,93.56,55.8,"Salaried","Mortgage","Home_improvement",1
95122,22.75,412742,1.36,"767698",0.58,18.16,24.5,"Salaried","Mortgage","Vehicle",0
95128,18.25,571408,1.29,"533352",38.69,125.69,62.1,"Salaried","Mortgage","Home_improvement",1
95134,35,5148,0.59,"6970",33.39,110.42,65.3,"Unemployed","Rent","Debt_consolidation",1
95150,34.25,3783,0.67,"11551",6.59,31.4,39.8,"Unemployed","Rent","Home_improvement",1
95163,22.25,190232,1.71,"449115",0.05,6.8,27.1,"Salaried","Rent","Vehicle",0
95171,32.75,8854,0.45,"17256",3.98,21.15,37.9,"Unemployed","Mortgage","Debt_consolidation",1
95190,25.25,1134985,2.09,"1406165",3.3,22.27,28,"Self-employed","Rent","Other",1
95191,33.75,1440,0.65,"3348",11.12,43.32,39.7,"Unemployed","Rent","Vehicle",0
95221,18.25,426165,1.35,"234446",5.11,24.13,28.4,"Salaried","Own","Debt_consolidation",0
95238,25.25,1230180,1.94,"2778622",32.36,107.66,61.2,"Self-employed","Rent","Other",1
95239,18.75,430096,1.52,"1621230",16.44,57.71,41.3,"Salaried","Rent","Vehicle",0
95243,20.25,538709,1.08,"1422524",3.45,20.09,30.5,"Salaried","Rent","Vehicle",0
95251,33.25,7522,0.42,"10994",25.67,86.32,59.3,"Unemployed","Rent","Other",1
95253,16.75,393330,1.25,"992576",28.83,93.03,54.1,"Salaried","Mortgage","Home_improvement",0
95257,16.75,611169,1,"1106213",7.3,32.28,29.5,"Salaried","Mortgage","Home_improvement",0
95260,17.75,212274,1.42,"507580",31.34,104.29,59.2,"Salaried","Mortgage","Vehicle",1
95269,25.25,1388658,1.99,"1790232",39.19,128.68,65.7,"Self-employed","Rent","Other",1
95271,20.75,224321,2.16,"480509",6.25,26,39.6,"Salaried","Own","Debt_consolidation",0
95291,16.75,257363,1.77,"932849",25.86,84.15,51.9,"Salaried","Mortgage","Home_improvement",1
95311,35,3369,0.58,"12321",19.99,69.81,49.3,"Unemployed","Rent","Debt_consolidation",0
95321,23.25,670880,1.14,"1077835",30.62,101.11,63.6,"Salaried","Rent","Other",1
95323,16.25,270645,1.1,"109574",12.49,49.28,35.7,"Salaried","Rent","Vehicle",1
95326,23.75,1574888,2.41,"5065262",13.72,55.56,42.9,"Self-employed","Rent","Other",0
95346,21.75,201794,1.05,"323209",31.37,104.34,56,"Salaried","Rent","Other",1
95358,18.75,243935,1.09,"616421",37.04,120.09,59.2,"Salaried","Rent","Vehicle",0
95385,18.75,616748,1.29,"1585157",28.11,94.73,52.5,"Salaried","Rent","Vehicle",1
95387,35,6677,0.64,"13928",34.73,110.21,69.3,"Unemployed","Rent","Debt_consolidation",1
95391,22.75,430700,1.74,"161693",17.31,62.01,50.3,"Contract","Rent","Other",1
95392,19.25,601287,1.97,"1938467",13.08,51.38,43.2,"Salaried","Own","Debt_consolidation",1
95394,19.25,345629,2.15,"172782",23.92,83.07,57.8,"Salaried","Rent","Other",1
95397,18.75,360232,1.36,"787536",27.97,89.52,51.1,"Salaried","Rent","Vehicle",0
95401,15.25,666670,1.53,"205973",23.41,75.23,52.2,"Salaried","Own","Debt_consolidation",0
95402,34.75,1977,0.49,"7447",7.93,33.66,31.7,"Unemployed","Mortgage","Debt_consolidation",0
95411,18.25,663808,1.8,"1078858",29.51,96.91,60.1,"Salaried","Mortgage","Home_improvement",1
95417,17.75,598299,0.91,"1695372",30.67,100.72,59,"Salaried","Mortgage","Vehicle",1
95428,17.75,399506,1.61,"897949",27,90.08,51.8,"Salaried","Mortgage","Vehicle",0
95434,25.25,2570509,1.39,"5404312",29.67,100.07,64.6,"Self-employed","Rent","Other",1
95437,20.25,338267,1.45,"376750",1.99,15.62,35.9,"Salaried","Mortgage","Home_improvement",0
95455,23.75,1276905,1.47,"2401914",33.06,110.11,67.4,"Contract","Rent","Vehicle",0
95463,21.75,265127,1.9,"718801",35.66,112.3,68.3,"Contract","Mortgage","Home_improvement",0
95469,20.25,421959,1.51,"969758",4.32,23.62,31.5,"Salaried","Rent","Vehicle",1
95482,18.25,350822,1.11,"1285870",38.33,130.43,71.4,"Salaried","Mortgage","Home_improvement",1
95484,20.75,3498733,1.3,"2190510",39.45,127.66,69,"Self-employed","Mortgage","Debt_consolidation",1
95494,23.75,1888140,1.9,"2208101",9.26,32.77,39,"Self-employed","Rent","Other",1
95535,22.75,262054,1.23,"694834",6.41,30.34,35.3,"Contract","Mortgage","Vehicle",1
95564,20.25,465648,1.7,"933327",29.38,99.46,62.1,"Salaried","Rent","Vehicle",1
95571,19.25,724927,1.49,"2574392",9.97,35.38,43.6,"Salaried","Own","Debt_consolidation",0
95582,18.75,247483,1.28,"632042",21.4,71.28,48.5,"Salaried","Rent","Vehicle",0
95592,16.75,219936,1.54,"473953",20.66,71.48,46.2,"Salaried","Mortgage","Home_improvement",0
95603,23.75,2224101,2,"7959052",1.08,16.56,24.9,"Self-employed","Mortgage","Home_improvement",0
95626,15.25,596786,1.72,"186586",20.77,70.12,46.2,"Salaried","Own","Debt_consolidation",0
95646,31.25,4685,0.6,"2915",14.71,55.53,39.7,"Unemployed","Rent","Vehicle",0
95689,18.25,296596,1.35,"878884",5.14,20.27,35.4,"Salaried","Mortgage","Home_improvement",1
95694,20.25,291604,1.14,"273143",37.59,122.74,61.6,"Salaried","Rent","Vehicle",0
95708,23.75,1815068,1.84,"6160135",24,78.37,49.9,"Self-employed","Rent","Other",1
95717,26.75,763020,1.32,"2033130",37.13,117.66,62.7,"Contract","Rent","Other",1
95720,20.25,274392,1.74,"764762",34.18,120.72,68.9,"Salaried","Rent","Vehicle",1
95747,18.75,228598,1.47,"424661",8.63,38.22,38.2,"Salaried","Rent","Vehicle",0
95751,18.75,331147,1.18,"426497",30.42,99.35,55.4,"Salaried","Rent","Vehicle",1
95753,17.75,197618,0.96,"560129",25.9,88.66,53.9,"Salaried","Mortgage","Vehicle",0
95758,28.25,5266,0.36,"5918",4.15,20.66,39,"Unemployed","Rent","Home_improvement",0
95759,17.75,208500,1.68,"387588",20.81,73.81,44.8,"Salaried","Mortgage","Vehicle",0
95770,33.75,4823,0.44,"12197",4.46,26.75,33.6,"Unemployed","Rent","Debt_consolidation",1
95774,17.75,275607,1.19,"641769",13.5,50.48,42.6,"Salaried","Mortgage","Vehicle",0
95776,21.75,603453,1.6,"2258280",13.84,51.71,36.2,"Salaried","Rent","Other",1
95779,17.75,519368,1.89,"1204057",23.75,80.11,57.1,"Salaried","Mortgage","Vehicle",0
95780,16.75,695474,1.63,"279094",3.39,20.6,37.4,"Salaried","Mortgage","Vehicle",0
95784,18.75,188078,1.07,"526121",9.05,31.91,32.1,"Salaried","Rent","Vehicle",1
95788,32.25,4546,0.39,"16787",35.68,115.81,58.9,"Unemployed","Rent","Debt_consolidation",1
95794,20.25,852558,2.69,"2824534",19.56,66.43,54.3,"Contract","Mortgage","Home_improvement",0
95802,21.75,450002,1.96,"885776",12.38,48.91,44.7,"Salaried","Rent","Other",0
95815,25.25,1859129,2.05,"4710063",32.02,103.74,63.1,"Self-employed","Rent","Other",1
95816,18.75,185296,1.26,"674370",9.18,38.58,37.5,"Salaried","Rent","Vehicle",0
95817,17.75,302964,1.69,"973317",8.87,36.41,43.1,"Salaried","Mortgage","Vehicle",0
95820,17.75,158545,1.72,"413010",8.73,28.08,31.2,"Salaried","Mortgage","Vehicle",0
95841,25.25,186597,1.04,"128758",39.22,124.73,61.4,"Self-employed","Rent","Other",1
95851,18.75,296158,2.09,"911235",12.7,48.15,39.9,"Salaried","Rent","Vehicle",0
95880,22.25,632510,1.95,"2199381",7.7,27.73,40.5,"Contract","Rent","Vehicle",1
95915,21.75,564146,1.55,"804076",7.26,30.81,40.8,"Salaried","Rent","Other",1
95922,22.75,1469518,2.07,"3397806",4.22,22.72,33.7,"Self-employed","Own","Debt_consolidation",1
95923,19.25,639331,1.52,"1266885",9.73,37.23,40.3,"Salaried","Own","Debt_consolidation",1
95950,30.25,3644,0.39,"8527",23.17,74.99,57.3,"Unemployed","Rent","Vehicle",0
95961,20.75,92813,1.86,"45981",33.88,114.52,61.3,"Salaried","Rent","Other",0
95962,20.75,414246,1.06,"1445401",37.2,123.51,60.5,"Salaried","Own","Debt_consolidation",1
95972,21.75,405910,2.17,"372163",36.65,125.44,59.9,"Salaried","Rent","Other",1
95978,35,6024,0.59,"16151",37.56,121.08,67.2,"Unemployed","Rent","Debt_consolidation",1
95994,24.75,655531,1.55,"1248942",0.62,14.3,28.3,"Contract","Mortgage","Vehicle",1
95997,23.25,707401,1.54,"1185293",32.14,106.41,58.9,"Contract","Mortgage","Debt_consolidation",0
96011,20.25,339874,1.25,"1290157",34.51,111.45,60.2,"Salaried","Rent","Vehicle",1
96032,21.75,869986,1.31,"685795",18.63,60.29,51,"Self-employed","Mortgage","Debt_consolidation",1
96034,19.75,1172865,1.54,"2629851",14.69,54.1,49.2,"Self-employed","Mortgage","Vehicle",1
96038,16.75,135220,1.08,"78514",18.05,62.71,42.5,"Salaried","Own","Debt_consolidation",0
96041,17.75,205763,2.01,"450727",11.75,42.69,43.1,"Salaried","Mortgage","Vehicle",1
96048,22.75,852376,1.4,"917153",38.94,125.4,63.6,"Contract","Mortgage","Vehicle",0
96054,25.25,1946399,1.35,"5915248",26.4,84.6,60.7,"Self-employed","Rent","Other",0
96060,15.25,603143,1.26,"334061",20.83,73.94,52.5,"Salaried","Mortgage","Vehicle",1
96069,22.75,296927,1.44,"757368",28.9,97.47,52.3,"Contract","Own","Debt_consolidation",1
96087,21.25,1275997,1.46,"3567185",21.33,76.61,55.4,"Self-employed","Own","Debt_consolidation",1
96133,28.75,7444,0.29,"24326",24.1,85.74,52.4,"Unemployed","Mortgage","Debt_consolidation",1
96139,18.25,305515,1.23,"627777",35.59,116.97,62.7,"Salaried","Mortgage","Home_improvement",1
96182,19.25,541174,1.81,"511517",36.56,116.93,60.5,"Salaried","Mortgage","Vehicle",1
96188,21.75,284931,1.21,"703285",6.27,26.69,36.1,"Contract","Mortgage","Home_improvement",1
96192,18.75,507058,1.56,"912736",22.47,76.14,52.9,"Salaried","Rent","Vehicle",1
96202,33.25,2486,0.64,"1137",12.47,47.53,44.2,"Unemployed","Rent","Debt_consolidation",1
96215,16.25,528272,1.39,"183148",29.9,101.92,56.4,"Salaried","Rent","Vehicle",0
96235,18.25,350049,1.38,"318104",3.68,21.58,27.5,"Salaried","Mortgage","Home_improvement",1
96258,17.75,349743,1.82,"444862",7.12,31.89,40.3,"Salaried","Mortgage","Vehicle",0
96269,16.75,152187,1.17,"80442",6.92,33.8,30.6,"Salaried","Mortgage","Vehicle",0
96328,17.75,264744,1.54,"476279",20.07,74.91,50.7,"Salaried","Mortgage","Vehicle",0
96336,23.75,3590147,2.66,"12571344",11.17,44.11,37,"Self-employed","Rent","Other",1
96342,27.25,2401915,1.62,"3445024",1.64,12.37,32.5,"Self-employed","Rent","Other",1
96350,20.75,646212,1.81,"1382362",29.42,94.01,63.8,"Salaried","Own","Debt_consolidation",1
96352,18.25,525621,1.2,"224281",6.68,28.02,33.2,"Salaried","Own","Debt_consolidation",0
96362,16.75,388120,1.25,"324909",12.16,45.31,41.1,"Salaried","Mortgage","Home_improvement",0
96371,18.75,304947,1.79,"272204",25.96,92.47,54.5,"Salaried","Rent","Vehicle",1
96379,35,2118,0.49,"4523",17.81,61.37,48.2,"Unemployed","Rent","Other",1
96384,35,6370,0.61,"13053",39.08,123.03,67.1,"Unemployed","Rent","Debt_consolidation",1
96387,21.25,700355,1.45,"1703874",7.44,37.88,38.2,"Contract","Mortgage","Vehicle",0
96393,34.75,7983,0.56,"7500",28.17,94,51.9,"Unemployed","Mortgage","Debt_consolidation",1
96398,24.75,565074,1.92,"1012814",34.57,113.82,69,"Contract","Mortgage","Debt_consolidation",1
96414,17.75,562509,1.35,"1266939",12.13,42.13,43.5,"Salaried","Mortgage","Vehicle",1
96417,16.75,353698,1.25,"222883",6.35,32.09,38.1,"Salaried","Mortgage","Vehicle",1
96426,23.25,319489,1.23,"954053",38.88,122.31,73.6,"Salaried","Rent","Other",1
96432,25.25,585393,1.77,"899798",18.93,66.67,44.4,"Contract","Rent","Other",1
96435,20.25,758298,1.3,"1739477",4.36,19.95,38.4,"Salaried","Rent","Vehicle",1
96442,20.75,548840,1.32,"1185718",5.88,27.65,37.4,"Salaried","Own","Debt_consolidation",1
96450,33.75,4058,0.51,"6050",15.3,57.86,43,"Unemployed","Rent","Vehicle",0
96459,18.75,215678,1.41,"403566",20.72,74.69,54.2,"Salaried","Rent","Vehicle",1
96460,17.75,257884,1.29,"769013",18.55,70.65,53,"Salaried","Mortgage","Vehicle",1
96475,17.75,81579,1.59,"206138",29.74,97.23,55.3,"Salaried","Mortgage","Vehicle",1
96479,25.25,2036411,2.07,"7684736",5.87,27.73,35.4,"Self-employed","Rent","Other",1
96497,17.25,2059686,1.85,"641425",3.07,21.78,26.2,"Self-employed","Mortgage","Vehicle",0
96500,23.25,1001926,1.97,"3226646",13.96,52.7,42.4,"Contract","Mortgage","Debt_consolidation",1
96522,23.75,1004337,1.27,"3305596",25.97,90.11,56.8,"Self-employed","Rent","Other",0
96534,18.75,404765,1.65,"512665",10.71,38.21,34.3,"Salaried","Rent","Vehicle",0
96538,35,5152,0.61,"13696",11.01,44.83,43.6,"Unemployed","Rent","Debt_consolidation",1
96547,20.25,271389,1.65,"990494",2.46,15.12,30.8,"Salaried","Mortgage","Home_improvement",1
96559,23.75,2535013,1.93,"5610332",28.53,88.12,54.1,"Self-employed","Rent","Other",0
96564,18.75,212480,1.87,"625494",20.93,70.42,50.8,"Salaried","Rent","Vehicle",0
96575,21.25,2224389,1.89,"1654293",30.36,95.96,58.9,"Self-employed","Own","Debt_consolidation",0
96577,20.25,414086,1.3,"529400",6.74,29.62,36.7,"Salaried","Rent","Vehicle",0
96584,16.75,271859,1.1,"342649",26.04,89.37,59.8,"Salaried","Mortgage","Home_improvement",1
96590,17.75,126992,1.35,"135548",17.96,60.9,49.5,"Salaried","Mortgage","Vehicle",1
96591,24.25,655792,1.68,"1364364",37.22,120.56,65.9,"Contract","Own","Debt_consolidation",0
96602,23.25,200719,1.99,"257694",37.61,126.47,65.6,"Salaried","Rent","Other",1
96603,18.75,673295,2.07,"731378",19.95,70.19,43.8,"Salaried","Rent","Vehicle",0
96605,17.75,229720,1.36,"135828",3.75,20.01,27.6,"Salaried","Rent","Vehicle",0
96612,17.75,453623,1.72,"509975",21.98,77.69,51.7,"Salaried","Mortgage","Vehicle",1
96614,34.75,4572,0.57,"1703",4.78,27.8,39,"Unemployed","Rent","Debt_consolidation",0
96615,21.75,274658,1.66,"682787",9.46,35.27,31.5,"Salaried","Rent","Other",0
96617,18.25,243928,1.43,"807127",34.19,112.19,60.3,"Salaried","Mortgage","Home_improvement",1
96620,23.75,3305469,1.93,"3851796",10.04,38.04,40.8,"Self-employed","Rent","Other",1
96633,26.75,703849,2.24,"1672337",31.68,105.86,64.8,"Contract","Rent","Other",1
96641,32.25,4114,0.4,"14904",12.78,49.78,38.3,"Unemployed","Rent","Debt_consolidation",1
96643,23.75,2812957,1.45,"1973638",10.14,45.34,43.3,"Self-employed","Rent","Other",1
96646,20.25,341357,1.21,"901344",33.97,108.5,61.5,"Salaried","Rent","Vehicle",0
96652,21.75,1384912,1.92,"1334172",27.47,89.11,55,"Self-employed","Mortgage","Debt_consolidation",1
96659,23.75,456387,1.78,"1257509",4.19,22.91,28.1,"Contract","Rent","Vehicle",0
96672,18.75,1642433,2.19,"3572712",29.15,98.9,53.9,"Self-employed","Mortgage","Home_improvement",1
96673,20.25,339177,1.73,"397348",6.36,33.16,34.3,"Salaried","Rent","Vehicle",0
96680,19.25,536040,1.56,"1828691",24.47,81.93,51.4,"Salaried","Own","Debt_consolidation",1
96688,22.75,1231069,1.72,"1941070",27.46,93.44,61.3,"Contract","Mortgage","Vehicle",1
96713,20.25,779009,1.89,"801983",0.43,14.14,33,"Salaried","Mortgage","Home_improvement",0
96732,22.75,2868525,2.06,"4345307",6.1,27.4,35.2,"Self-employed","Own","Debt_consolidation",1
96737,19.25,86053,1.29,"139816",35.15,117.89,70.1,"Salaried","Mortgage","Vehicle",1
96743,23.25,1839816,1.72,"2384684",4.39,25.86,36.8,"Self-employed","Mortgage","Debt_consolidation",0
96754,17.75,197484,1.25,"202024",7.34,29.88,35.2,"Salaried","Mortgage","Vehicle",0
96761,16.75,322759,1.63,"264806",9.86,42.05,44.1,"Salaried","Mortgage","Home_improvement",0
96768,26.25,673707,1.69,"2526086",2.03,20.66,30.1,"Contract","Own","Debt_consolidation",1
96770,21.25,447000,1.23,"1029280",16.12,60.21,48.2,"Self-employed","Own","Debt_consolidation",0
96790,19.25,209570,1.33,"669316",6.37,33.69,29.1,"Salaried","Mortgage","Vehicle",1
96806,17.75,695585,1.33,"787100",20.2,64.23,48.6,"Salaried","Mortgage","Vehicle",1
96809,20.25,341969,1.18,"1000864",6.35,26.31,36.6,"Salaried","Rent","Vehicle",0
96812,16.75,629810,1.87,"414251",31.64,101.7,64.9,"Salaried","Mortgage","Vehicle",0
96813,16.75,116655,1.58,"144052",18.08,65.08,50.5,"Salaried","Mortgage","Home_improvement",0
96814,23.25,1012872,1.77,"3104084",30.21,102.11,58.4,"Contract","Mortgage","Debt_consolidation",1
96815,19.75,833005,2.22,"271342",15.96,53.58,47.2,"Self-employed","Rent","Other",0
96817,18.75,361303,1.39,"813553",27.98,100.18,58.1,"Salaried","Rent","Vehicle",0
96829,19.25,1738719,1.98,"1027911",12.76,44.25,39.9,"Self-employed","Mortgage","Debt_consolidation",1
96846,20.25,513648,1.48,"1348926",38.48,124.73,60.8,"Salaried","Rent","Vehicle",1
96861,27.25,2604610,1.66,"9614634",2.09,15.97,28.7,"Self-employed","Rent","Other",1
96871,24.75,446718,1.45,"1549709",27.71,89.64,61.7,"Contract","Mortgage","Debt_consolidation",1
96875,21.25,266151,0.96,"745383",2.26,17.24,29.4,"Salaried","Mortgage","Vehicle",0
96876,19.25,229919,1.46,"258379",38.89,124.38,68.4,"Salaried","Mortgage","Vehicle",1
96896,17.75,870022,2.34,"565179",26.96,90.73,61.9,"Self-employed","Mortgage","Home_improvement",1
96900,22.75,189144,1.68,"531390",1.46,13.06,32.9,"Salaried","Own","Debt_consolidation",0
96910,18.75,177231,1.56,"167844",13.13,48.48,45.7,"Salaried","Rent","Vehicle",0
96917,17.75,383040,2.09,"301774",31.18,106.8,53.4,"Salaried","Mortgage","Vehicle",1
96921,19.25,543956,1.52,"1931976",21.27,72.4,54.3,"Salaried","Own","Debt_consolidation",0
96958,19.75,2550678,0.9,"1931853",12.69,50.02,41.6,"Self-employed","Mortgage","Vehicle",0
96961,16.75,666454,2.09,"1928586",11,39.62,43.2,"Salaried","Mortgage","Home_improvement",0
96967,19.25,651508,1.57,"1459567",35.15,116.74,66.7,"Salaried","Mortgage","Vehicle",1
96970,21.25,2420072,1.78,"8936157",9.71,35.4,43.4,"Self-employed","Own","Debt_consolidation",1
96972,20.75,245644,1.36,"261621",5.93,25.86,38.8,"Salaried","Own","Debt_consolidation",0
96976,16.75,415145,1.73,"978377",7.52,30.56,35.5,"Salaried","Mortgage","Home_improvement",0
96978,27.25,3405285,1.62,"9804615",2.04,15.32,28.9,"Self-employed","Rent","Other",1
96999,21.75,390230,1.24,"1117251",30.68,102.66,59.1,"Salaried","Rent","Other",0
97015,24.75,1276944,1.78,"2600935",1.14,12.54,28.8,"Self-employed","Own","Debt_consolidation",1
97021,16.75,165957,1.54,"386272",31.25,106.07,56.1,"Salaried","Mortgage","Home_improvement",0
97041,22.25,349626,1.7,"770727",0.18,12.55,29.8,"Salaried","Rent","Vehicle",0
97042,21.25,733561,1.77,"937458",20.8,70.44,43.3,"Self-employed","Own","Debt_consolidation",1
97045,17.75,564387,1.6,"1342737",22.08,74.44,51.7,"Salaried","Mortgage","Vehicle",1
97055,21.25,504968,2.3,"464145",4.72,20.04,34.9,"Self-employed","Mortgage","Vehicle",0
97067,35,4011,0.63,"5219",15.36,55.86,44.6,"Unemployed","Rent","Debt_consolidation",0
97071,25.25,968226,1.42,"2757664",5.46,21.4,34.7,"Self-employed","Rent","Other",0
97084,22.25,396144,1.76,"1286363",1.02,11.54,34.9,"Salaried","Rent","Vehicle",0
97127,35,7101,0.6,"7192",34.07,108.38,66.7,"Unemployed","Rent","Debt_consolidation",1
97142,19.75,1487415,1.59,"1249015",28.74,95.86,55.8,"Self-employed","Mortgage","Vehicle",1
97146,17.75,401676,1.4,"1068261",7.72,32.16,30,"Salaried","Mortgage","Vehicle",1
97155,18.25,194280,1.91,"372269",37.29,119.09,68.7,"Salaried","Mortgage","Home_improvement",0
97186,15.25,558321,1.26,"200888",25.02,88.77,59.1,"Salaried","Mortgage","Vehicle",1
97215,23.75,2446335,1.72,"1401170",2.01,18.64,24.6,"Self-employed","Own","Debt_consolidation",1
97222,18.75,602351,1.7,"2056372",16.29,63.47,45.3,"Salaried","Rent","Vehicle",0
97230,17.75,260546,1.07,"430858",17.83,63.81,50.5,"Salaried","Mortgage","Vehicle",1
97232,19.25,333868,1.27,"589316",15.59,55.19,48.4,"Salaried","Own","Debt_consolidation",0
97236,20.25,354476,1.16,"1251448",2.29,15.36,33.3,"Salaried","Mortgage","Home_improvement",0
97245,21.75,595887,1.59,"598394",24.7,88.17,48.6,"Salaried","Rent","Other",1
97251,18.75,133028,2.15,"267614",26.63,83.06,58,"Salaried","Rent","Vehicle",1
97259,22.75,1055130,1.6,"2412772",7.75,30.2,39.2,"Contract","Own","Debt_consolidation",1
97267,23.25,1383708,2.34,"4979642",8.28,37.92,35.4,"Contract","Mortgage","Debt_consolidation",1
97272,20.25,1197105,1.13,"2253843",23.41,79.85,58.1,"Contract","Mortgage","Home_improvement",0
97278,18.75,443020,1.46,"1016626",25.54,87.85,58.2,"Salaried","Rent","Vehicle",1
97283,15.25,154266,1.27,"65812",24.63,86.01,55.2,"Salaried","Mortgage","Vehicle",0
97292,20.75,1243526,1.71,"557388",11.47,42.9,37.1,"Contract","Mortgage","Debt_consolidation",1
97308,18.75,88724,1.36,"177574",18.97,69.83,43.3,"Salaried","Rent","Vehicle",1
97309,21.25,3159650,1.51,"1549805",28.49,94.35,53.1,"Self-employed","Rent","Other",0
97337,16.75,238284,1.4,"344583",23.18,76.75,51.1,"Salaried","Mortgage","Home_improvement",1
97342,18.75,224434,1.19,"220637",7.69,33.8,31,"Salaried","Rent","Vehicle",0
97352,17.75,522292,1.39,"1004246",15.95,55.93,39.4,"Salaried","Mortgage","Vehicle",0
97358,15.75,705599,1.32,"357407",35.41,115.12,67.9,"Salaried","Mortgage","Home_improvement",1
97366,21.75,546579,1.31,"1024848",25.48,85.49,48.4,"Salaried","Rent","Other",0
97371,20.25,404596,1.52,"899440",2.56,13.18,31.3,"Salaried","Mortgage","Home_improvement",0
97377,21.75,1738367,1.46,"5167412",10.14,37.86,40.1,"Self-employed","Mortgage","Debt_consolidation",1
97385,23.75,2203059,2.05,"2149368",23.42,78.85,46.8,"Self-employed","Rent","Other",1
97387,19.25,407388,1.72,"1380099",15.04,55.94,42.3,"Salaried","Own","Debt_consolidation",0
97396,19.75,2737151,2.69,"10266294",33.01,111.18,55.5,"Self-employed","Mortgage","Vehicle",1
97401,20.25,296139,1.96,"334191",33.78,113.14,65.5,"Salaried","Rent","Vehicle",1
97409,19.75,1572378,1.91,"4089659",15.54,56.57,39.4,"Self-employed","Mortgage","Vehicle",1
97412,19.25,395552,2,"737296",3.57,20.7,36,"Salaried","Mortgage","Vehicle",0
97413,21.25,850754,2.04,"2291639",33.79,114.41,64.7,"Self-employed","Mortgage","Vehicle",1
97433,16.75,362379,1.14,"1029960",17.93,70.6,41.3,"Salaried","Mortgage","Home_improvement",0
97438,35,7426,0.62,"21883",5.13,27.65,33.7,"Unemployed","Rent","Debt_consolidation",0
97439,19.25,271953,1.48,"895087",6.42,26.25,37.8,"Salaried","Mortgage","Vehicle",0
97447,17.75,768328,0.9,"2222514",22.8,73.92,46.2,"Salaried","Mortgage","Vehicle",0
97450,20.25,430686,1.77,"696357",35.99,119.43,63.8,"Salaried","Rent","Vehicle",1
97451,23.25,385145,1.62,"741961",39.55,125.86,62.1,"Salaried","Rent","Other",1
97463,20.75,96810,1.99,"160135",6.79,29.56,35.2,"Salaried","Own","Debt_consolidation",0
97470,22.25,322010,1.21,"831035",2.04,15.25,32.9,"Salaried","Rent","Vehicle",0
97474,19.75,1267384,2,"3720253",27.63,90.78,56,"Self-employed","Mortgage","Vehicle",0
97491,18.75,888075,1.27,"292635",34.94,116.77,60.4,"Contract","Mortgage","Vehicle",1
97499,18.25,340384,1.63,"1028723",37.88,124.42,63.5,"Salaried","Mortgage","Home_improvement",1
97505,16.75,309019,1.51,"505265",29.03,95.58,59.6,"Salaried","Mortgage","Home_improvement",1
97507,16.75,184059,1.01,"270124",17.49,62.19,43.5,"Salaried","Mortgage","Home_improvement",1
97518,19.75,1953560,2.06,"5043413",17.87,63.08,46.8,"Self-employed","Mortgage","Vehicle",1
97526,15.25,463133,1.43,"195908",16.31,55.28,49.8,"Salaried","Mortgage","Vehicle",0
97528,19.25,202333,1.7,"344190",33.37,109.72,60.1,"Salaried","Mortgage","Vehicle",0
97536,19.25,541428,1.28,"1008916",34.21,117.39,57.8,"Salaried","Own","Debt_consolidation",0
97545,21.25,1487624,1.1,"5147792",15.97,57.76,40.3,"Self-employed","Own","Debt_consolidation",1
97549,23.25,1141927,1.29,"3465654",5.51,29.27,34.6,"Self-employed","Mortgage","Debt_consolidation",0
97553,21.75,2428920,1.81,"6993972",21.75,75.9,49.2,"Self-employed","Mortgage","Debt_consolidation",1
97563,20.25,2861712,2.21,"7438580",37.54,125.14,70,"Self-employed","Mortgage","Home_improvement",1
97602,17.75,549924,1.77,"238462",39.3,128.5,74.2,"Salaried","Rent","Vehicle",1
97633,17.75,235756,1.72,"252209",14.94,49.33,47.8,"Salaried","Mortgage","Vehicle",0
97638,27.25,1783267,1.12,"4992803",0.14,14.01,28.1,"Self-employed","Rent","Other",0
97658,17.75,244849,1.77,"662028",19.98,72.68,46.7,"Salaried","Mortgage","Vehicle",0
97659,23.75,2590176,1.99,"5419190",7.35,32.23,30,"Self-employed","Rent","Other",1
97662,20.75,523335,0.81,"1099066",32.44,105.95,66.8,"Salaried","Own","Debt_consolidation",1
97678,21.25,1468448,1.82,"1610336",30.56,106.78,53.3,"Self-employed","Own","Debt_consolidation",1
97679,18.75,676557,1.46,"2111822",24.76,82.66,49.6,"Salaried","Rent","Vehicle",0
97689,33.25,2635,0.47,"1638",9.34,37.71,42.4,"Unemployed","Rent","Debt_consolidation",1
97694,17.75,433422,1.22,"715775",19.87,68.63,52.8,"Salaried","Mortgage","Vehicle",0
97696,26.75,1085567,2.16,"1406909",39.41,124.89,65.7,"Contract","Rent","Other",0
97702,35,8206,0.7,"13731",20.28,72.79,49.6,"Unemployed","Rent","Debt_consolidation",1
97705,20.75,158890,1.34,"398075",33.79,108.52,66.7,"Salaried","Own","Debt_consolidation",0
97716,16.75,185098,1.72,"411270",12.72,46.7,36.3,"Salaried","Mortgage","Home_improvement",0
97728,21.25,2095617,1.72,"6614685",13.74,56.17,47.6,"Self-employed","Own","Debt_consolidation",0
97732,18.75,234595,0.98,"174061",15.05,56.28,37.5,"Salaried","Rent","Vehicle",1
97737,16.75,200040,1.75,"550530",19,69.06,53.6,"Salaried","Mortgage","Home_improvement",1
97745,16.75,718877,1.56,"1667783",9.83,41.72,38.4,"Salaried","Mortgage","Home_improvement",1
97747,29.25,1838,0.42,"1514",22.04,75.17,47.6,"Unemployed","Rent","Home_improvement",1
97750,21.75,269987,1.47,"714591",0.94,12.92,24.5,"Salaried","Mortgage","Home_improvement",0
97774,18.25,304971,1.66,"990637",29.17,99.21,61.4,"Salaried","Mortgage","Home_improvement",0
97787,19.25,186216,1.7,"674978",26.11,88.69,61,"Salaried","Mortgage","Vehicle",1
97792,18.75,197943,1.39,"706250",26.13,87.79,55.3,"Salaried","Rent","Vehicle",1
97793,17.75,202725,1.16,"647506",8.43,34.04,35,"Salaried","Mortgage","Vehicle",0
97807,19.25,133541,1.49,"213335",15.43,60.26,41,"Salaried","Own","Debt_consolidation",1
97817,21.25,645853,2.3,"886999",7.98,30.42,42.8,"Contract","Mortgage","Vehicle",0
97821,18.75,350563,1.26,"919947",7.07,35.88,41.5,"Salaried","Rent","Vehicle",0
97831,19.75,563762,1.79,"927136",28.8,95.68,56.9,"Self-employed","Mortgage","Vehicle",1
97839,18.75,263930,1.47,"952068",27.62,88.76,57.8,"Salaried","Rent","Vehicle",0
97841,33.25,8059,0.43,"16160",16.86,62.53,44.4,"Unemployed","Rent","Other",0
97843,17.75,705766,1.04,"2368650",15.46,52.83,42.5,"Salaried","Mortgage","Vehicle",1
97854,19.25,240047,1.97,"106137",19.95,65.58,43.9,"Salaried","Rent","Other",0
97856,18.75,1243652,1.65,"695248",7.36,33.75,40.8,"Contract","Mortgage","Vehicle",1
97864,22.75,381607,1.69,"1143245",1.78,9.94,34.9,"Salaried","Own","Debt_consolidation",1
97865,35,4503,0.57,"3108",32.19,108.75,58.8,"Unemployed","Rent","Other",1
97867,19.75,2447285,0.96,"1822731",7.8,33.74,41.5,"Self-employed","Mortgage","Vehicle",0
97872,16.75,415297,2.01,"1408869",9.75,35.53,39.1,"Salaried","Mortgage","Home_improvement",1
97882,16.75,206797,1.17,"514940",10.36,38.38,38.7,"Salaried","Mortgage","Home_improvement",0
97889,21.25,1442468,1.61,"1984015",39.23,127.88,65.7,"Self-employed","Mortgage","Vehicle",1
97910,35,5235,0.46,"9469",17.24,61.88,49.4,"Unemployed","Rent","Other",1
97911,19.75,1348092,1.37,"4532067",21.68,77.79,51.1,"Self-employed","Mortgage","Vehicle",0
97935,33.75,4491,0.4,"3378",34.25,117.53,63.4,"Unemployed","Rent","Debt_consolidation",1
97937,24.75,354206,1.86,"799334",2.25,15.22,26.3,"Self-employed","Own","Debt_consolidation",0
97939,18.75,583951,1.71,"2119758",11.06,43.23,40,"Salaried","Rent","Vehicle",1
97940,18.75,389096,1.67,"785176",21.41,67.01,50,"Salaried","Rent","Vehicle",0
97943,19.75,1642434,1.92,"2073799",14.9,49.79,39.9,"Self-employed","Mortgage","Vehicle",1
97947,14.25,165010,1.62,"104738",20.5,74.37,49.7,"Salaried","Mortgage","Home_improvement",0
97952,18.25,369305,1.28,"1132948",30.55,103.01,65.2,"Salaried","Mortgage","Home_improvement",0
97963,18.75,368794,1.97,"1027334",32.11,107.57,56.2,"Salaried","Rent","Vehicle",1
97970,23.25,209514,1.36,"548718",39.99,129.8,68.1,"Salaried","Rent","Other",0
97976,18.75,541677,1.7,"852225",27.1,94.64,53.3,"Salaried","Rent","Vehicle",0
97980,19.25,311241,0.79,"1158997",8.47,32.69,40.8,"Salaried","Own","Debt_consolidation",0
97985,20.25,487737,1.4,"1737848",27.15,93.47,61.7,"Salaried","Rent","Vehicle",0
98021,26.75,798948,1.3,"702113",37.87,124.57,70.7,"Contract","Rent","Other",1
98024,21.75,458375,1.32,"907963",20.85,69.42,51.7,"Salaried","Rent","Other",1
98025,19.25,443119,1.56,"1224986",10.16,42.26,34.6,"Salaried","Own","Debt_consolidation",0
98036,17.75,316797,1.89,"159498",33.88,112.59,66.9,"Salaried","Rent","Vehicle",1
98099,22.75,993512,1.5,"2866437",24.97,82.91,53.4,"Contract","Own","Debt_consolidation",0
98103,23.75,1184249,1.28,"1924191",25.08,82.38,57.1,"Self-employed","Rent","Other",0
98113,18.75,1847240,1.58,"2106314",9.61,36.3,36.5,"Self-employed","Mortgage","Home_improvement",1
98119,19.25,1335228,1.89,"751883",4.99,27,38.9,"Contract","Mortgage","Home_improvement",0
98144,24.25,502878,1.96,"940075",4.17,22.04,32.5,"Contract","Own","Debt_consolidation",0
98148,19.25,545466,1.32,"2066111",5.16,25.12,35.7,"Salaried","Mortgage","Vehicle",0
98149,19.25,548047,1.46,"904298",15.84,59.79,39.8,"Salaried","Own","Debt_consolidation",0
98150,19.75,3127993,1.96,"9046399",19.18,71.54,49.9,"Self-employed","Mortgage","Vehicle",1
98164,23.25,857582,1.58,"795667",12.08,43.55,45,"Contract","Mortgage","Debt_consolidation",0
98166,18.25,242756,1.48,"548320",31.99,108.44,60.1,"Salaried","Mortgage","Home_improvement",0
98203,18.75,357515,1.87,"539918",15.16,53.11,40.2,"Salaried","Rent","Vehicle",0
98236,19.75,567160,2.12,"262089",12.56,48.5,38.1,"Contract","Rent","Vehicle",0
98249,33.25,4713,0.5,"3129",24.22,87.53,57.3,"Unemployed","Rent","Debt_consolidation",0
98253,20.25,921393,1.97,"488674",27,94.85,55.4,"Contract","Own","Debt_consolidation",1
98261,19.25,696140,1.7,"2216530",38.66,127.64,65.3,"Salaried","Mortgage","Vehicle",1
98263,21.25,271417,1.82,"932266",0.6,13.17,31.4,"Salaried","Mortgage","Vehicle",0
98273,32.25,1971,0.43,"1740",24.01,81.05,53.7,"Unemployed","Rent","Debt_consolidation",1
98280,20.75,254096,1.81,"229060",3.18,18.68,31.5,"Salaried","Own","Debt_consolidation",0
98283,18.25,543192,1.26,"361152",32.68,105.37,63.8,"Salaried","Own","Debt_consolidation",1
98295,17.75,387743,1.62,"1294269",32.23,106.91,55.9,"Salaried","Mortgage","Vehicle",1
98298,20.25,392576,1.13,"294777",1.16,12.68,28.2,"Salaried","Mortgage","Home_improvement",0
98306,18.75,443112,1.02,"1618796",27.09,88.2,58,"Salaried","Rent","Vehicle",0
98316,16.75,687604,1.61,"1549494",31.17,104.08,57.6,"Salaried","Mortgage","Home_improvement",0
98317,16.75,434874,1.45,"1025669",14.96,54.95,42.1,"Salaried","Mortgage","Home_improvement",0
98325,20.75,172523,1.78,"370231",39.28,132.66,66.3,"Salaried","Own","Debt_consolidation",1
98339,20.25,464653,1.53,"760424",36.87,119.17,70.2,"Salaried","Rent","Vehicle",0
98342,22.25,312134,2.05,"690007",1.61,11.68,32.6,"Salaried","Rent","Vehicle",1
98343,34.25,4204,0.63,"1548",12.35,46.13,37.6,"Unemployed","Rent","Other",1
98351,19.25,856437,1.7,"2875229",27.7,87.29,59.6,"Salaried","Own","Debt_consolidation",1
98360,19.25,167563,1.54,"350696",17.69,64.02,45.4,"Salaried","Own","Debt_consolidation",1
98362,22.75,1127067,1.82,"3576272",28.45,97.88,56.4,"Contract","Own","Debt_consolidation",1
98366,21.75,706111,1.62,"2038529",21.04,80.63,47.1,"Salaried","Rent","Other",0
98372,21.25,989537,1.55,"2879094",18.38,65.37,42.7,"Contract","Mortgage","Vehicle",1
98379,35,8545,0.55,"5788",32.74,107.85,57.3,"Unemployed","Rent","Debt_consolidation",1
98384,25.25,1031686,2.23,"2238386",34.87,112.26,69.1,"Self-employed","Rent","Other",1
98390,16.75,106345,1.69,"218452",15.38,60.04,45.8,"Salaried","Mortgage","Home_improvement",1
98391,19.25,512900,1.78,"614486",27.52,89.5,51.5,"Salaried","Own","Debt_consolidation",1
98392,25.25,2173294,2.08,"1988907",33.2,111.68,67.1,"Self-employed","Rent","Other",1
98394,35,3840,0.55,"7262",24.11,84.09,56.2,"Unemployed","Rent","Debt_consolidation",1
98405,18.75,207960,1.38,"436143",23.88,84.28,57.9,"Salaried","Rent","Vehicle",0
98418,21.75,239612,1.74,"552367",16.72,63.42,49.2,"Salaried","Rent","Other",1
98422,25.25,222423,1.49,"213966",2.13,20.27,25.4,"Salaried","Rent","Other",0
98423,20.25,376755,1.78,"991418",3.54,21.64,28.9,"Salaried","Rent","Vehicle",0
98433,17.75,512180,2.13,"763842",13.42,52.59,38.1,"Salaried","Mortgage","Vehicle",1
98434,35,4765,0.55,"11435",35.18,121.1,62.4,"Unemployed","Rent","Debt_consolidation",1
98436,23.75,320777,2.31,"352670",31.11,101.66,59.5,"Self-employed","Rent","Other",1
98444,23.75,2212496,2.03,"4355695",10.86,42.1,41.2,"Self-employed","Rent","Other",1
98446,20.75,332972,1.74,"1146353",31.07,106.08,62,"Salaried","Own","Debt_consolidation",1
98455,27.25,2420712,1.97,"7830291",2.67,18.69,34.8,"Self-employed","Rent","Other",0
98459,22.25,483350,1.38,"1602060",2.02,9.74,27.1,"Salaried","Rent","Vehicle",1
98462,18.25,373403,0.98,"442085",36.15,120.64,63.8,"Salaried","Mortgage","Home_improvement",1
98467,22.25,291141,1.45,"297610",10.45,40.34,37.8,"Contract","Rent","Vehicle",0
98468,20.25,318623,1.74,"867398",3.13,17.32,34.1,"Salaried","Rent","Vehicle",0
98478,13.75,210046,1.95,"63465",18.92,63.05,44.1,"Salaried","Mortgage","Vehicle",0
98485,17.75,283631,1.59,"433956",24.99,83.9,58.2,"Salaried","Mortgage","Vehicle",0
98505,20.25,595714,1.14,"261375",37.88,116.87,72.4,"Contract","Mortgage","Vehicle",1
98517,18.25,199474,1.37,"500789",32.49,106.94,63.9,"Salaried","Mortgage","Home_improvement",1
98519,22.25,534717,2.21,"511158",25.91,89.44,54.9,"Contract","Rent","Vehicle",1
98536,21.75,90707,1.58,"233703",34.71,119.42,58.3,"Salaried","Rent","Other",1
98545,19.75,1750930,1.74,"2858911",25.1,81.12,48.7,"Self-employed","Mortgage","Vehicle",1
98554,24.75,292355,2.08,"405104",36.2,118.17,61.2,"Contract","Mortgage","Debt_consolidation",1
98559,18.75,82965,1.38,"82190",8.7,39.51,40.3,"Salaried","Rent","Vehicle",1
98563,19.25,500428,1.24,"1347436",27.08,92.46,53.9,"Salaried","Own","Debt_consolidation",1
98568,17.75,439530,1.72,"1138658",19.71,69.92,52.3,"Salaried","Mortgage","Vehicle",0
98569,16.75,168221,1.43,"334643",23.51,82.89,56.3,"Salaried","Mortgage","Home_improvement",1
98574,20.25,1239507,1.69,"3168338",26.38,88.63,55.9,"Contract","Mortgage","Home_improvement",0
98576,21.25,841755,1.86,"525624",33.85,103.54,66.6,"Contract","Rent","Vehicle",0
98595,25.25,1654358,1.69,"2888562",32.15,105.36,63.2,"Self-employed","Rent","Other",0
98599,17.75,138470,1.28,"187363",27.43,99.22,52.5,"Salaried","Mortgage","Vehicle",0
98602,19.75,765944,1.91,"2819174",17.67,64.85,45.4,"Self-employed","Mortgage","Vehicle",1
98625,17.75,245954,1.45,"882891",31.03,102.25,58.7,"Salaried","Mortgage","Vehicle",0
98635,22.75,649650,1.87,"964173",33.6,114.4,64.7,"Contract","Mortgage","Vehicle",1
98639,35,6350,0.47,"4603",27.65,93.23,61.8,"Unemployed","Rent","Debt_consolidation",0
98640,18.25,511863,1.28,"740971",6.77,28.41,34.8,"Salaried","Mortgage","Home_improvement",0
98648,19.25,339128,0.94,"628716",36.13,117.72,65.6,"Salaried","Mortgage","Vehicle",1
98669,17.75,311967,1.47,"1042819",18.83,61.03,53.6,"Salaried","Mortgage","Vehicle",0
98678,21.75,100683,1.75,"363056",21.89,79.55,50.4,"Salaried","Rent","Other",1
98679,19.25,288723,1.85,"292836",24.43,85.21,48,"Salaried","Own","Debt_consolidation",1
98689,25.25,1029705,2.03,"2726792",29.25,100.88,56.3,"Contract","Rent","Other",0
98706,16.75,223478,1.5,"669022",8.8,38.2,42.1,"Salaried","Mortgage","Home_improvement",1
98710,27.25,1244424,1.76,"3063515",0.95,14.59,35.8,"Self-employed","Rent","Other",1
98714,17.75,241378,0.85,"524593",8.04,36.37,31.5,"Salaried","Mortgage","Vehicle",0
98718,23.75,763898,1.76,"1732866",29.28,96.15,56.7,"Self-employed","Rent","Other",0
98721,26.75,255199,2.04,"427079",30.71,103.35,62,"Contract","Rent","Other",0
98724,21.75,192802,2.07,"260687",12.43,46.36,39,"Salaried","Rent","Other",1
98730,23.25,497391,1.32,"1574950",32.12,112.38,65.3,"Salaried","Rent","Other",1
98736,16.75,192203,1.83,"528387",25.02,86.67,49.3,"Salaried","Mortgage","Home_improvement",0
98739,16.75,77473,1.65,"282902",29.16,97.66,53.6,"Salaried","Mortgage","Home_improvement",1
98768,21.75,179990,1.47,"497783",22.89,82.57,56.6,"Salaried","Rent","Other",1
98776,23.75,534316,1.4,"617476",9.15,36.56,43,"Self-employed","Rent","Other",1
98785,35,2956,0.47,"7234",37.55,120.18,70.2,"Unemployed","Rent","Debt_consolidation",1
98786,20.25,637927,1.81,"2092336",0.1,9.26,27.9,"Salaried","Mortgage","Home_improvement",0
98796,19.75,1656699,2.14,"4245142",23.29,75.51,48.7,"Self-employed","Mortgage","Vehicle",1
98797,18.75,681443,1.37,"1719949",18.08,66.65,48.7,"Salaried","Rent","Vehicle",1
98809,17.75,323623,1.08,"592781",20.72,70.9,49.2,"Salaried","Mortgage","Vehicle",0
98810,35,1228,0.56,"1492",8.26,29.92,30.4,"Unemployed","Rent","Debt_consolidation",1
98817,35,2110,0.66,"4054",15.06,53.88,42.4,"Unemployed","Rent","Debt_consolidation",0
98835,19.25,216228,1.68,"782611",6.26,29.03,38,"Salaried","Mortgage","Vehicle",0
98840,19.75,1203466,1.94,"1960051",22.07,76.31,56,"Self-employed","Mortgage","Vehicle",1
98860,18.75,543223,1.77,"222577",2.83,12.61,36.3,"Salaried","Mortgage","Vehicle",1
98908,20.75,590226,1.42,"1551409",5.31,25.07,35.3,"Salaried","Own","Debt_consolidation",0
98931,21.75,707258,1.39,"2019547",16.56,58.72,46.9,"Salaried","Rent","Other",0
98937,19.75,1277056,2.34,"892197",23.8,87.23,49.9,"Self-employed","Mortgage","Vehicle",0
98938,22.25,848573,1.65,"2838017",12.88,47.47,41.7,"Contract","Rent","Vehicle",0
98947,16.75,692513,1.42,"1269215",20.52,71.13,54.7,"Salaried","Mortgage","Home_improvement",0
98956,19.25,373918,1.49,"781176",10.58,40.79,37.9,"Salaried","Own","Debt_consolidation",0
98993,20.25,392124,1.55,"1233022",5.84,31.36,31.4,"Salaried","Rent","Vehicle",1
99004,35,6772,0.6,"22443",8.49,33.72,33.2,"Unemployed","Rent","Debt_consolidation",1
99012,19.25,716733,2.13,"466408",25.95,87.58,56.4,"Salaried","Rent","Other",1
99021,20.25,316855,1.41,"389277",4.15,20.14,29.8,"Salaried","Rent","Vehicle",1
99023,20.75,319181,1.36,"194739",33.24,106.61,63.7,"Salaried","Rent","Other",1
99033,16.75,542173,1.56,"1449875",16.32,58.44,44,"Salaried","Mortgage","Home_improvement",1
99041,17.75,188006,1.89,"686268",12.62,41.89,38.2,"Salaried","Mortgage","Vehicle",1
99044,20.25,431719,1.21,"798509",30.07,100,60.4,"Salaried","Rent","Vehicle",0
99052,18.75,212082,1.46,"315242",17.9,68.7,51,"Salaried","Rent","Vehicle",0
99057,17.75,424512,1.18,"809076",17.81,65.17,47,"Salaried","Mortgage","Vehicle",0
99070,23.75,408540,1.51,"938724",0.55,11.63,22.7,"Salaried","Rent","Vehicle",0
99074,16.25,153102,1.8,"80030",16.85,63.95,46.2,"Salaried","Rent","Vehicle",0
99075,19.25,102697,1.33,"281180",20.41,70.97,53.3,"Salaried","Own","Debt_consolidation",1
99085,19.25,114729,1.6,"395651",31.55,112.03,65.6,"Salaried","Mortgage","Vehicle",0
99093,18.75,2752987,0.61,"8352467",30.85,100.08,53.8,"Self-employed","Mortgage","Home_improvement",0
99100,23.25,570793,1.99,"497013",6.85,29.44,36.4,"Salaried","Rent","Other",0
99103,18.25,431094,1.73,"1406702",37.04,115.76,63.4,"Salaried","Mortgage","Home_improvement",0
99111,31.25,2375,0.34,"4469",37.04,123.29,61.2,"Unemployed","Rent","Debt_consolidation",1
99121,18.25,327820,1.96,"319114",38.48,125.49,62.2,"Salaried","Mortgage","Home_improvement",1
99140,16.75,561379,1.62,"1342573",16.33,58.71,42.7,"Salaried","Mortgage","Home_improvement",0
99142,23.75,361083,2.35,"879207",20.42,73.76,49.7,"Self-employed","Rent","Other",1
99145,18.75,481720,1.1,"1127209",14.99,57.61,42.9,"Salaried","Rent","Vehicle",1
99152,18.75,331977,1.94,"1175915",17.71,64.79,42.4,"Salaried","Rent","Vehicle",0
99158,19.75,1001585,2.05,"2937465",29.02,99.65,51.5,"Self-employed","Mortgage","Vehicle",1
99162,19.75,2431277,1.08,"5360782",30.44,101.48,57.8,"Self-employed","Mortgage","Vehicle",1
99163,25.25,2556272,1.79,"8161302",5.62,24.42,30.7,"Self-employed","Rent","Other",1
99164,17.75,521973,1.08,"793511",23.77,83.56,49.9,"Salaried","Mortgage","Vehicle",0
99177,18.75,241920,1.57,"493606",15.9,59.11,39.5,"Salaried","Rent","Vehicle",0
99186,21.75,2792488,1.56,"2232878",11.34,44.55,44.9,"Self-employed","Mortgage","Debt_consolidation",1
99190,16.75,775262,1.81,"2917102",12.29,46.85,38,"Salaried","Mortgage","Home_improvement",0
99193,19.75,1150366,1.69,"1530426",21.71,74.91,48.5,"Self-employed","Mortgage","Vehicle",0
99198,35,8213,0.51,"20157",1.06,10.3,28.2,"Unemployed","Rent","Debt_consolidation",1
99199,35,7343,0.58,"21789",25.27,81.86,49.7,"Unemployed","Rent","Debt_consolidation",1
99206,18.75,487600,1.56,"1726999",21.15,71.65,55.1,"Salaried","Rent","Vehicle",1
99238,35,8688,0.51,"18467",32.31,102.21,62,"Unemployed","Rent","Debt_consolidation",1
99245,20.25,429024,1.36,"1159611",33.94,108.77,62.5,"Salaried","Rent","Vehicle",1
99248,18.75,338273,1.33,"507370",24.28,83.23,52.4,"Salaried","Rent","Vehicle",1
99256,20.75,351362,1.72,"470865",33.09,114.62,62.4,"Salaried","Own","Debt_consolidation",1
99260,34.75,7062,0.62,"7932",23.39,81.13,53.4,"Unemployed","Mortgage","Debt_consolidation",1
99281,17.75,91069,2.07,"303766",18.83,72.87,41.4,"Salaried","Mortgage","Vehicle",0
99303,16.75,137110,1.56,"177456",26.02,87.81,58.4,"Salaried","Mortgage","Home_improvement",1
99315,21.75,518289,1.64,"1375482",16.79,65.25,44.4,"Salaried","Rent","Other",0
99349,19.75,473643,1.09,"1232488",31.32,99.1,56.4,"Self-employed","Mortgage","Vehicle",1
99353,17.75,334859,1.42,"1184311",35.45,120.48,58.9,"Salaried","Mortgage","Vehicle",1
99362,19.25,462959,1.15,"1394219",31.61,105.38,61.1,"Salaried","Mortgage","Vehicle",0
99367,20.25,405548,1.29,"718293",0.75,11.66,34.7,"Salaried","Mortgage","Home_improvement",0
99395,18.25,204615,1.29,"150286",37.29,123.13,65.6,"Salaried","Mortgage","Home_improvement",1
99401,16.25,1700293,1.99,"695200",17.72,63.68,46.3,"Self-employed","Mortgage","Home_improvement",1
99406,19.25,325593,0.83,"571069",16.43,56.43,51,"Salaried","Own","Debt_consolidation",1
99411,26.75,1424101,1.46,"5357351",30.19,101.29,61.5,"Contract","Rent","Other",1
99417,18.25,459549,1.16,"1036437",3.69,19.75,30.3,"Salaried","Mortgage","Home_improvement",0
99429,32.25,2863,0.4,"8353",28.79,98.27,54.2,"Unemployed","Rent","Debt_consolidation",1
99434,25.25,852048,1.8,"2179890",30.79,99.38,60.4,"Self-employed","Rent","Other",1
99436,17.25,1835658,2.07,"920501",7.57,26.32,33.6,"Self-employed","Mortgage","Vehicle",0
99441,14.25,555365,1.63,"187923",32.93,112.31,55.5,"Salaried","Mortgage","Home_improvement",1
99442,35,1783,0.51,"6307",15.8,57.94,43.9,"Unemployed","Rent","Debt_consolidation",1
99443,18.75,72991,1.39,"273287",7.11,26.69,40.2,"Salaried","Rent","Vehicle",0
99458,19.25,271207,1.36,"711443",21.73,75.81,46.2,"Salaried","Own","Debt_consolidation",1
99463,20.25,434220,1.38,"1370680",4.7,24.51,38.4,"Salaried","Rent","Vehicle",0
99474,19.25,90386,1.49,"225216",26.29,91.6,51.9,"Salaried","Own","Debt_consolidation",1
99484,23.75,1535063,1.64,"2668994",31.09,104.24,58.2,"Self-employed","Rent","Other",0
99492,18.75,407049,1.55,"512626",10.94,45.13,36.9,"Salaried","Rent","Vehicle",0
99511,25.25,2383909,1.87,"8026732",34.16,112.53,68,"Self-employed","Rent","Other",1
99520,21.25,1575964,0.96,"2603731",32.74,105.38,57.5,"Contract","Mortgage","Vehicle",1
99534,21.75,456293,1.53,"319730",19.67,69.47,44.4,"Salaried","Rent","Other",1
99538,18.75,419395,1.19,"890930",22.24,74.63,54.4,"Salaried","Rent","Vehicle",0
99545,18.75,235551,1.48,"510253",24.32,83.36,57.2,"Salaried","Rent","Vehicle",1
99561,35,3367,0.62,"9735",32.9,112.84,66.1,"Unemployed","Rent","Debt_consolidation",1
99563,24.75,592866,2.06,"1756893",1.36,16.28,29.1,"Self-employed","Own","Debt_consolidation",1
99568,18.75,337117,1.46,"832194",27.56,94.3,49.7,"Salaried","Rent","Vehicle",1
99573,22.75,1519985,1.9,"4269239",36.69,117.54,67,"Self-employed","Own","Debt_consolidation",1
99586,19.75,2352873,1.11,"4698618",10.95,38.74,36,"Self-employed","Mortgage","Vehicle",0
99587,17.75,207282,1.66,"592295",18.02,63.05,42.5,"Salaried","Mortgage","Vehicle",0
99596,21.25,894321,1.58,"2180914",39.75,126.34,71.2,"Self-employed","Mortgage","Vehicle",1
99605,18.75,1883769,1.67,"3670645",14.42,54.69,43.2,"Self-employed","Mortgage","Home_improvement",1
99607,20.25,457356,1.57,"883371",31.74,102.82,65.3,"Salaried","Rent","Vehicle",1
99637,21.25,347909,1.99,"513202",13.66,54,41.7,"Contract","Mortgage","Vehicle",1
99646,22.25,323707,1.68,"298768",1.93,17.98,29.1,"Salaried","Rent","Vehicle",0
99662,20.25,2181565,1.11,"6013961",29.31,99.59,61.7,"Self-employed","Mortgage","Home_improvement",1
99666,18.25,266564,1.76,"510000",34.34,116.72,69.2,"Salaried","Mortgage","Home_improvement",0
99667,17.75,335686,1.46,"284353",11.64,42.05,42.6,"Salaried","Mortgage","Vehicle",1
99692,35,2075,0.5,"5597",31.58,104.57,59.2,"Unemployed","Rent","Other",0
99699,18.75,721064,1.67,"1421666",10.88,44.15,43.7,"Salaried","Rent","Vehicle",0
99726,19.25,107479,1.15,"326978",22.86,79.7,47.7,"Salaried","Own","Debt_consolidation",0
99735,19.75,1362692,1.91,"3622177",22.53,78.13,49.2,"Self-employed","Mortgage","Vehicle",1
99747,20.75,255880,1.57,"764269",33.93,113.39,68.3,"Salaried","Own","Debt_consolidation",0
99752,19.25,491383,1.81,"1335418",36.57,122.32,63.6,"Salaried","Mortgage","Vehicle",1
99756,19.25,320109,1.6,"225272",36.02,118.58,63.5,"Salaried","Mortgage","Vehicle",1
99759,21.25,883540,2.54,"3113172",12.29,46.44,39.3,"Self-employed","Own","Debt_consolidation",1
99760,25.25,309564,1.48,"1090471",0.81,18.09,28.9,"Salaried","Rent","Other",0
99782,19.75,2768729,2.2,"4031778",31.13,102.73,55,"Self-employed","Mortgage","Vehicle",1
99783,19.25,556322,1.33,"1437213",39.97,126.82,74,"Salaried","Mortgage","Vehicle",0
99784,17.75,117590,0.91,"417857",11.03,45.34,44.3,"Salaried","Mortgage","Vehicle",0
99785,20.25,186804,1.37,"627262",0.29,8.33,34.6,"Salaried","Mortgage","Home_improvement",0
99812,18.75,735299,2.32,"956666",23.26,75.28,52.2,"Self-employed","Mortgage","Home_improvement",1
99826,21.75,662424,2.39,"2290925",14.6,63.86,38.4,"Self-employed","Mortgage","Debt_consolidation",0
99828,19.25,152630,1.95,"360822",12.66,52.89,35,"Salaried","Own","Debt_consolidation",1
99833,23.25,439533,1.49,"579422",3.19,23.07,30.5,"Salaried","Rent","Other",0
99834,18.75,676749,1.89,"215073",27.94,90.69,60.5,"Contract","Mortgage","Vehicle",1
99842,32.75,4775,0.6,"9320",9.58,40.23,32,"Unemployed","Rent","Home_improvement",1
99853,14.25,251682,1.4,"93236",35.83,110.13,59,"Salaried","Mortgage","Home_improvement",0
99860,19.25,525656,1.78,"796267",12.76,46.89,47.5,"Salaried","Own","Debt_consolidation",1
99865,19.25,531756,1.81,"1943857",3.21,16.68,26.2,"Salaried","Mortgage","Vehicle",0
99888,25.25,559744,1.39,"1847008",26.6,95.04,56.4,"Contract","Rent","Other",1
99896,21.75,94356,1.15,"152607",39.59,131.24,61.9,"Contract","Mortgage","Home_improvement",0
99914,35,5056,0.51,"5621",30.53,101.66,63.7,"Unemployed","Rent","Debt_consolidation",0
99915,21.25,3049932,1.49,"10765154",6.2,23.2,28.7,"Self-employed","Mortgage","Vehicle",0
99944,23.25,2957177,1.8,"4862336",37.62,131.3,60.3,"Self-employed","Mortgage","Debt_consolidation",1
99957,16.75,412738,2,"813044",11.49,40.23,45.2,"Salaried","Mortgage","Home_improvement",0
99973,20.25,540395,1.56,"2034218",18.32,61.28,50.4,"Contract","Mortgage","Home_improvement",1
99981,32.75,3648,0.45,"6496",0.46,9.17,32.3,"Unemployed","Rent","Home_improvement",1
99983,21.75,735595,1.23,"1407215",2.35,20.5,24.7,"Salaried","Mortgage","Home_improvement",0
99984,26.75,308024,1.12,"1012955",3.13,19.1,37.5,"Contract","Rent","Other",1
99990,17.75,209245,1.7,"348287",26.59,86.9,56.7,"Salaried","Mortgage","Vehicle",0
99995,14.75,643123,1.95,"198908",18.81,65.65,51.8,"Salaried","Rent","Vehicle",1
99997,35,5728,0.55,"8169",29.67,98.39,57,"Unemployed","Rent","Debt_consolidation",1
20002,16.75,145378,0.98,"387376",11.93,43,43,"Salaried","Mortgage","Home_improvement",1
20029,23.75,677236,1.41,"2178862",36.49,124.72,68.3,"Contract","Rent","Vehicle",1
20033,32.75,6131,0.42,"9063",4.79,21.83,34.2,"Unemployed","Mortgage","Debt_consolidation",0
20052,19.25,582037,1.08,"844643",4.3,23.78,29.5,"Salaried","Mortgage","Vehicle",0
20061,19.25,563525,1.31,"1142577",5.74,25.82,33.9,"Salaried","Mortgage","Vehicle",1
20079,21.75,503198,1.78,"477280",38.4,127.53,64.7,"Contract","Mortgage","Home_improvement",0
20083,23.25,217777,0.87,"562439",38.97,123.88,64.8,"Salaried","Rent","Other",1
20095,16.75,636104,1.51,"970465",11.62,39.4,37.8,"Salaried","Mortgage","Home_improvement",0
20102,19.25,343221,1.95,"591596",25.81,91.23,53.1,"Salaried","Own","Debt_consolidation",1
20107,17.75,112230,1.56,"184766",8.21,37.05,36.6,"Salaried","Mortgage","Vehicle",0
20119,19.75,1335971,2.06,"4818014",19.84,69.34,54.1,"Self-employed","Mortgage","Vehicle",1
20121,20.25,439292,1.37,"1543199",5.21,22.22,29.2,"Salaried","Rent","Vehicle",0
20130,19.25,554827,1.7,"258479",1.4,11.52,23.5,"Salaried","Mortgage","Home_improvement",1
20144,16.75,389647,1.85,"1186963",15.93,53.36,38.8,"Salaried","Mortgage","Home_improvement",0
20159,18.25,135540,1.46,"250023",34.96,116.71,63.8,"Salaried","Mortgage","Home_improvement",1
20175,22.25,303420,2.36,"191597",35.13,115.9,67.7,"Contract","Mortgage","Debt_consolidation",1
20176,18.25,295725,1.73,"295252",37.79,120.85,62.2,"Salaried","Mortgage","Home_improvement",1
20179,18.25,790079,2.11,"1841301",39.95,132.4,73.5,"Salaried","Mortgage","Home_improvement",1
20186,22.25,669023,1.19,"1490456",36.2,119.32,59.8,"Contract","Rent","Vehicle",0
20188,22.75,2160096,1.93,"6762102",5.58,30.46,35.8,"Self-employed","Own","Debt_consolidation",1
20205,21.25,3227229,1.74,"2457716",6.95,22.75,31.4,"Self-employed","Mortgage","Vehicle",1
20208,23.25,309695,1.69,"728653",35.32,117.48,60.6,"Salaried","Rent","Other",0
20214,20.25,572242,1.4,"1017762",33.55,110.7,68.2,"Salaried","Rent","Vehicle",0
20218,19.25,345492,1.84,"337031",37.92,125.92,71.1,"Salaried","Mortgage","Vehicle",1
20221,17.75,221361,1.07,"377489",22.74,76.2,57.5,"Salaried","Mortgage","Vehicle",0
20222,16.75,101240,1.05,"307633",12.63,44.15,37,"Salaried","Mortgage","Home_improvement",0
20228,19.25,161940,1.2,"331641",35.07,117.38,63.9,"Salaried","Mortgage","Vehicle",0
20237,20.75,277081,2.4,"872384",34.85,115.96,63.2,"Salaried","Own","Debt_consolidation",0
20242,19.25,402931,1.02,"1406055",31.88,99.19,57.8,"Salaried","Own","Debt_consolidation",0
20245,19.75,2310624,2.01,"5352653",20.54,71.63,43.6,"Self-employed","Mortgage","Vehicle",1
20295,32.25,2885,0.4,"6831",13.68,52.79,38.8,"Unemployed","Rent","Debt_consolidation",0
20296,21.75,673990,1.53,"1562264",25.66,86.51,57.4,"Salaried","Rent","Other",1
20297,16.75,465306,1.21,"981043",30.46,101.86,56.3,"Salaried","Mortgage","Home_improvement",1
20309,35,5018,0.51,"17876",0.14,12.11,28.2,"Unemployed","Rent","Debt_consolidation",1
20311,17.75,845925,1.44,"2921637",24.55,81.74,48.1,"Salaried","Mortgage","Vehicle",1
20312,18.75,1689025,1.33,"5027588",23.7,78.39,56.4,"Self-employed","Mortgage","Home_improvement",1
20340,22.75,461406,1.35,"1071935",1.52,17.79,30.2,"Salaried","Own","Debt_consolidation",0
20343,17.75,436900,1.56,"1203329",28.12,93.35,50.6,"Salaried","Mortgage","Vehicle",1
20364,21.75,2703435,1.88,"2761004",15.48,58.03,50,"Self-employed","Mortgage","Debt_consolidation",0
20376,21.25,1883238,2.28,"4459478",25.07,82.87,59.8,"Self-employed","Own","Debt_consolidation",0
20378,20.75,626113,1.5,"1412051",32.58,111.43,64.6,"Salaried","Own","Debt_consolidation",1
20391,18.75,496677,2.04,"1067495",16.64,55.58,43.1,"Salaried","Rent","Vehicle",1
20398,22.75,580753,1.78,"1126915",32.03,102.54,65.8,"Contract","Mortgage","Vehicle",1
20401,18.75,1474400,1.63,"4072553",9.96,39.27,34.8,"Self-employed","Mortgage","Home_improvement",1
20404,17.75,730525,1.65,"1565579",33.38,108.8,55.9,"Salaried","Mortgage","Vehicle",0
20410,17.75,343657,1.6,"1240858",27.56,91.7,54.9,"Salaried","Mortgage","Vehicle",1
20413,21.25,1996984,1.94,"640632",5.91,26.23,39.1,"Self-employed","Rent","Other",0
20417,21.75,1637181,1.96,"5973570",33.82,109.36,59.7,"Self-employed","Mortgage","Debt_consolidation",0
20426,17.75,179996,1.16,"394099",20.85,73.72,52.9,"Salaried","Mortgage","Vehicle",0
20446,32.25,5151,0.44,"18020",18.9,65.06,44.9,"Unemployed","Rent","Debt_consolidation",0
20454,23.75,803360,2.39,"2143825",5.28,23.83,36.5,"Contract","Rent","Vehicle",1
20456,16.75,260409,1.7,"740732",15.29,54.86,39.8,"Salaried","Mortgage","Home_improvement",0
20458,25.25,1433103,2.15,"2587924",4.71,26.61,28,"Self-employed","Rent","Other",1
20460,22.25,775928,2.03,"1037468",12.52,47.84,35.1,"Contract","Rent","Vehicle",0
20474,16.75,239899,0.88,"608263",18.7,68.45,49.7,"Salaried","Mortgage","Home_improvement",0
20477,23.25,494071,1.7,"1725908",32.42,108.07,61.8,"Salaried","Rent","Other",1
20489,18.25,408130,1.75,"908025",34.83,112.88,66.2,"Salaried","Mortgage","Home_improvement",1
20490,27.25,3348,0.36,"1902",32.27,104.19,58.4,"Unemployed","Rent","Debt_consolidation",0
20499,23.75,2075567,1.69,"5493252",17.92,64.89,40.3,"Self-employed","Rent","Other",0
20500,35,4546,0.53,"3174",16.18,59.66,50.9,"Unemployed","Rent","Debt_consolidation",1
20501,18.75,2141890,2.02,"2844113",11.68,47.46,36.1,"Self-employed","Mortgage","Home_improvement",1
20514,19.25,680390,2.46,"274752",17.96,62.59,51.8,"Self-employed","Mortgage","Debt_consolidation",1
20515,21.75,207877,1.33,"417758",8.57,37.31,34.7,"Salaried","Rent","Other",0
20518,18.75,259853,1.62,"457303",21.33,79.03,55.4,"Salaried","Rent","Vehicle",1
20519,16.75,399414,1.6,"144219",29.32,96.49,55.3,"Salaried","Own","Debt_consolidation",0
20521,22.25,346071,0.88,"876575",0.11,12.49,31.5,"Salaried","Rent","Vehicle",0
20534,19.25,621189,1.22,"1408538",14.13,53.04,38,"Salaried","Own","Debt_consolidation",0
20535,16.75,446144,1.75,"461181",17.66,60.03,51.8,"Salaried","Mortgage","Home_improvement",0
20539,32.25,4211,0.37,"8346",27.28,90.52,59.3,"Unemployed","Rent","Debt_consolidation",0
20541,16.75,424977,1.8,"931821",17.86,61.8,49.3,"Salaried","Mortgage","Home_improvement",0
20548,15.25,640425,1.61,"357416",20.77,71.71,53.2,"Salaried","Mortgage","Vehicle",0
20552,21.25,798529,1.5,"1297494",20.94,70.05,49.6,"Contract","Mortgage","Vehicle",1
20554,34.75,7615,0.54,"25634",11.69,48.01,41.1,"Unemployed","Mortgage","Debt_consolidation",1
20560,17.75,450139,2.25,"651206",20.56,70.46,54,"Salaried","Mortgage","Vehicle",1
20561,20.25,113951,1.59,"102502",32.49,108.08,60.9,"Salaried","Rent","Vehicle",0
20562,18.75,243822,1.39,"354336",15.53,58.56,44.7,"Salaried","Rent","Vehicle",1
20564,21.25,398770,1.69,"143768",30.57,107.91,59.5,"Self-employed","Rent","Other",0
20569,16.75,313800,1.41,"1156836",9.26,37.96,36.1,"Salaried","Mortgage","Home_improvement",0
20577,19.25,552874,1.52,"1075317",31.42,100.72,56.2,"Salaried","Own","Debt_consolidation",1
20586,35,3281,0.48,"7439",10.96,41.99,43.9,"Unemployed","Rent","Other",1
20598,23.75,1168801,1.27,"2699583",30.47,101.55,56.3,"Self-employed","Rent","Other",0
20599,22.75,1090701,1.14,"863663",35.24,114.74,57.3,"Contract","Own","Debt_consolidation",1
20606,17.75,284142,1.38,"602284",30.08,97.83,58.3,"Salaried","Mortgage","Vehicle",1
20624,19.25,422197,1.07,"399728",28.56,95.82,58.9,"Salaried","Own","Debt_consolidation",1
20629,34.75,4128,0.4,"4462",33.37,111.94,61.3,"Unemployed","Rent","Other",0
20640,18.75,504917,1.81,"1138162",23.73,78.62,52.3,"Salaried","Rent","Vehicle",1
20644,19.25,143577,1.9,"209171",37.62,120.94,71.3,"Salaried","Mortgage","Vehicle",0
20651,16.75,108771,2.25,"380725",18.78,64.84,46.3,"Salaried","Mortgage","Home_improvement",1
20669,19.75,1057600,1.61,"613372",25.2,87.62,48.5,"Contract","Rent","Vehicle",0
20702,18.25,426030,1.45,"1350892",33.73,112.92,65.8,"Salaried","Mortgage","Home_improvement",1
20713,23.75,2020899,1.34,"5924143",24.51,78.65,48.1,"Self-employed","Rent","Other",1
20729,19.25,274178,1.17,"918957",31.17,104.93,60.7,"Salaried","Mortgage","Vehicle",0
20731,25.25,195985,1.29,"199304",0.68,9.33,32.5,"Salaried","Rent","Other",1
20732,17.75,369745,1.48,"729659",17.04,67.97,49.7,"Salaried","Mortgage","Vehicle",0
20733,16.75,646955,1.36,"1068277",22.63,79.86,46.8,"Salaried","Mortgage","Home_improvement",1
20742,17.75,592397,1.59,"1876997",12.61,46.99,37,"Salaried","Mortgage","Vehicle",0
20747,18.25,437503,1.55,"225529",3.72,19.86,29.5,"Salaried","Own","Debt_consolidation",0
20749,18.75,774432,1.52,"1851049",11.06,40.89,36.6,"Salaried","Rent","Vehicle",0
20761,19.25,192128,1.49,"391796",21.26,79.45,51.1,"Salaried","Own","Debt_consolidation",0
20776,20.25,299618,1.66,"255583",0.93,7.37,29.5,"Salaried","Mortgage","Home_improvement",0
20779,20.75,486765,1.01,"1791911",3.52,21.64,36.4,"Salaried","Own","Debt_consolidation",0
20793,18.75,318803,1.43,"1010795",13.79,55.59,37.7,"Salaried","Rent","Vehicle",0
20828,20.75,259308,1.63,"839298",3.82,25.22,37.5,"Salaried","Own","Debt_consolidation",0
20835,20.75,326608,1.28,"967171",4.66,23.75,37.9,"Salaried","Own","Debt_consolidation",0
20837,19.25,514058,1.05,"793988",3.19,21.52,29.5,"Salaried","Mortgage","Vehicle",0
20844,34.75,7533,0.6,"13721",28.47,91.61,53.9,"Unemployed","Mortgage","Debt_consolidation",1
20849,23.75,2842227,2.22,"5585230",19.5,70.56,47.1,"Self-employed","Rent","Other",1
20854,16.75,364755,1.86,"183639",36.66,119.21,70.2,"Salaried","Mortgage","Vehicle",0
20856,18.75,312721,1.19,"638872",11.65,43.14,41,"Salaried","Rent","Vehicle",0
20860,25.25,562675,1.82,"873304",38.34,119.07,70.9,"Self-employed","Rent","Other",1
20863,23.25,1988398,2.05,"4850014",39.14,129.41,69.6,"Self-employed","Mortgage","Debt_consolidation",1
20872,18.25,455561,1.19,"205552",34.75,112.85,67.4,"Salaried","Own","Debt_consolidation",1
20873,18.75,1483629,1.77,"1920324",32.32,103.44,59.3,"Self-employed","Mortgage","Home_improvement",1
20882,18.75,878123,1.75,"313144",11.56,36.87,45.9,"Self-employed","Own","Debt_consolidation",0
20886,18.25,423192,1.55,"613956",3.13,13.65,32.1,"Salaried","Mortgage","Home_improvement",0
20903,24.75,2607881,1.53,"7560325",1.45,11.9,29.2,"Self-employed","Own","Debt_consolidation",1
20908,19.25,244697,1.57,"799489",36.95,121.12,64.7,"Salaried","Mortgage","Vehicle",1
20911,25.75,599489,1.46,"517495",1.49,15.63,26.4,"Contract","Rent","Vehicle",1
20925,18.75,654469,1.42,"1194348",21.34,68.1,44.9,"Salaried","Rent","Vehicle",0
20932,20.75,263580,1.82,"449470",5.84,27.43,33,"Salaried","Own","Debt_consolidation",0
20974,16.75,184613,0.83,"664785",23.6,81.22,58.5,"Salaried","Mortgage","Home_improvement",1
20978,20.75,593436,1.58,"1451432",31.33,100.21,65.4,"Salaried","Own","Debt_consolidation",1
20979,20.25,681457,1.05,"506293",0.33,8.26,34.4,"Salaried","Mortgage","Home_improvement",1
20984,20.25,255550,1.75,"347830",0.7,11.83,35,"Salaried","Mortgage","Home_improvement",0
20986,19.75,675970,1.94,"1541296",23.66,87.32,53.2,"Self-employed","Mortgage","Vehicle",1
20995,16.75,458663,0.89,"1185337",22.49,78.81,54.6,"Salaried","Mortgage","Home_improvement",0
20999,18.25,315775,1.61,"643308",38.86,128.03,70.3,"Salaried","Mortgage","Home_improvement",1
21001,23.25,2545639,2.59,"5028660",1.62,14.12,32.6,"Self-employed","Mortgage","Vehicle",1
21006,18.25,194107,1.69,"301351",35.14,117.73,68.8,"Salaried","Mortgage","Home_improvement",1
21012,33.25,5395,0.4,"19008",32.63,111.95,59.1,"Unemployed","Rent","Other",1
21014,25.25,1909523,1.47,"4538996",36.22,114.05,62.3,"Self-employed","Rent","Other",1
21020,18.75,272176,2.02,"450503",10.11,39.65,40.3,"Salaried","Rent","Vehicle",1
21021,16.75,221201,1.65,"753089",16.26,53.31,48.6,"Salaried","Mortgage","Home_improvement",0
21025,18.25,274983,1.71,"154811",35.86,118.25,62.6,"Salaried","Own","Debt_consolidation",1
21035,21.75,282345,1.94,"118144",39.8,129.52,67.4,"Contract","Own","Debt_consolidation",1
21037,35,8215,0.46,"28535",10.97,41.48,39.5,"Unemployed","Rent","Debt_consolidation",0
21043,33.25,8607,0.45,"12592",15.57,55.01,39.1,"Unemployed","Rent","Other",0
21046,21.75,218663,1.91,"491869",25.15,90.4,49,"Salaried","Rent","Other",0
21072,21.75,1164886,1.79,"2969192",27.27,96.44,53.1,"Self-employed","Mortgage","Debt_consolidation",1
21073,22.75,491894,1.26,"363003",23.3,83.81,57.1,"Contract","Own","Debt_consolidation",1
21084,35,5804,0.48,"14037",12.74,48.36,41.4,"Unemployed","Rent","Debt_consolidation",1
21093,20.25,318982,1.59,"912999",37.73,120.6,69.4,"Salaried","Rent","Vehicle",0
21135,18.75,617405,1.81,"1328899",11.95,44.47,40.4,"Salaried","Rent","Vehicle",0
21150,17.75,561608,1.8,"294070",0.71,14.87,29.5,"Salaried","Mortgage","Home_improvement",0
21180,19.25,491264,1.5,"291185",23.94,80.27,54.7,"Salaried","Rent","Other",0
21196,21.75,393365,1.64,"338847",21.92,78.44,49.7,"Salaried","Rent","Other",1
21198,19.75,2878928,1.6,"4394110",19.72,72,52.7,"Self-employed","Mortgage","Vehicle",1
21211,16.25,976873,1.51,"426686",24.13,83.78,49.4,"Self-employed","Mortgage","Home_improvement",0
21216,35,4712,0.63,"8964",36.15,115.24,70.7,"Unemployed","Rent","Debt_consolidation",1
21244,16.75,212385,2,"657991",25.05,85.46,60,"Salaried","Mortgage","Home_improvement",0
21249,20.25,874960,1.86,"2659746",33.83,114.89,56.4,"Contract","Mortgage","Home_improvement",0
21282,19.25,393411,1.15,"835788",26.53,89.25,48.9,"Salaried","Own","Debt_consolidation",1
21290,16.25,253531,1.78,"153121",25.89,89.09,48.6,"Salaried","Rent","Vehicle",1
21292,22.75,305164,2.01,"638119",28.82,102.92,61.9,"Contract","Mortgage","Vehicle",1
21313,17.75,237499,1.02,"146522",3.44,19.24,31.5,"Salaried","Rent","Vehicle",0
21317,20.25,122002,1.68,"341758",3.34,23.45,28.7,"Salaried","Rent","Vehicle",1
21321,20.75,360823,1.54,"1262448",6.72,34.8,34,"Salaried","Own","Debt_consolidation",0
21334,17.75,335944,1.66,"1140605",28.73,97.51,51.2,"Salaried","Mortgage","Vehicle",1
21340,18.75,396671,1.73,"429684",24.88,83.74,47.1,"Salaried","Rent","Vehicle",0
21345,16.75,172455,1.27,"653668",8.14,38.49,30.9,"Salaried","Mortgage","Home_improvement",1
21348,18.75,293921,1.03,"829673",26.14,91.73,59.4,"Salaried","Rent","Vehicle",0
21363,17.75,680377,1.88,"331262",12.06,45.19,46.8,"Contract","Mortgage","Home_improvement",1
21364,33.25,5132,0.72,"2725",7.06,29.62,30.6,"Unemployed","Rent","Debt_consolidation",1
21371,18.75,350297,1.67,"533972",33.85,111.86,57.3,"Salaried","Rent","Vehicle",1
21398,20.25,645009,1.22,"883088",33.07,111.18,64.9,"Salaried","Rent","Vehicle",1
21403,35,3808,0.68,"8271",6.99,28.05,32,"Unemployed","Rent","Debt_consolidation",1
21408,25.25,2351795,1.69,"5904380",4.38,26.02,28.3,"Self-employed","Rent","Other",0
21413,20.25,348096,1.58,"816441",0.03,11.42,28.5,"Salaried","Mortgage","Home_improvement",1
21423,31.25,6908,0.4,"5580",30.08,100.11,57.7,"Unemployed","Mortgage","Debt_consolidation",1
21427,16.75,476397,0.9,"1099436",9.45,38.08,43.1,"Salaried","Mortgage","Home_improvement",0
21429,21.75,305545,1.52,"1030577",23.99,81.62,47.7,"Salaried","Rent","Other",1
21461,18.75,579644,1.51,"1227581",14.1,57.17,37.1,"Salaried","Rent","Vehicle",0
21465,22.75,692306,1.82,"898361",35.65,117.25,69.1,"Self-employed","Own","Debt_consolidation",1
21485,16.75,561502,1.77,"1648798",11.45,49.2,37.9,"Salaried","Mortgage","Home_improvement",0
21511,19.25,134795,1.63,"496301",38.9,119.6,71.5,"Salaried","Mortgage","Vehicle",0
21514,14.25,316530,1.98,"107991",26.05,86.3,49.5,"Salaried","Mortgage","Home_improvement",1
21518,16.75,281415,1.77,"546758",27.33,94.3,54.3,"Salaried","Mortgage","Home_improvement",1
21526,21.75,124786,0.99,"286438",9.61,33.71,38.7,"Salaried","Rent","Other",1
21529,21.75,649427,1.29,"2446792",25.09,84.57,54.2,"Salaried","Rent","Other",1
21530,21.75,3537277,1.82,"5078267",16.03,57.16,42.6,"Self-employed","Mortgage","Debt_consolidation",1
21545,23.75,476147,2.04,"954957",17.92,65.59,51.3,"Self-employed","Rent","Other",1
21552,18.75,374340,2.25,"498251",13.94,55.27,40.4,"Salaried","Rent","Vehicle",0
21553,23.25,1143969,1.81,"4273423",30.41,102.74,54.1,"Contract","Mortgage","Debt_consolidation",0
21559,12.75,454262,1.77,"141470",21.98,76.14,50,"Salaried","Mortgage","Home_improvement",0
21582,17.75,379213,1.59,"1433399",14.27,54.4,48.6,"Salaried","Mortgage","Vehicle",1
21592,21.25,2328734,2.43,"1009137",16.19,59.6,50.9,"Self-employed","Rent","Other",0
21594,17.75,252935,1.78,"281611",28.36,89.56,58.1,"Salaried","Mortgage","Vehicle",1
21599,21.75,485706,1.43,"890352",16.47,61.47,47.4,"Salaried","Rent","Other",0
21617,25.25,510773,2.17,"1072088",6.4,32.16,33.5,"Self-employed","Rent","Other",1
21631,17.75,159203,1.74,"597087",27.58,91.7,57.8,"Salaried","Mortgage","Vehicle",0
21640,16.75,278581,2.02,"1003730",20.05,66.28,44.5,"Salaried","Mortgage","Home_improvement",1
21654,16.75,570531,1.51,"1248744",20.75,71.6,44.6,"Salaried","Mortgage","Home_improvement",0
21661,17.75,284970,1.33,"531047",22.11,76.92,45.7,"Salaried","Mortgage","Vehicle",0
21676,18.75,343277,1.4,"386481",28.25,93.97,53.2,"Salaried","Rent","Vehicle",1
21677,17.25,783691,1.48,"317681",12.5,45.79,42.3,"Self-employed","Mortgage","Vehicle",0
21689,25.25,931008,1.9,"2132810",39.92,129.8,69.2,"Self-employed","Rent","Other",1
21695,17.75,124305,1.69,"338328",14.09,54.98,39.8,"Salaried","Mortgage","Vehicle",1
21719,23.75,1169221,2.32,"3192332",0.14,9.29,23.8,"Self-employed","Mortgage","Home_improvement",0
21732,23.75,1822600,2.11,"1641977",14.91,61.26,47.3,"Self-employed","Rent","Other",1
21735,17.75,226159,1.2,"460942",26.38,85.71,57.4,"Salaried","Mortgage","Vehicle",0
21737,16.75,485345,1.78,"556273",24.6,80.89,59.4,"Salaried","Mortgage","Home_improvement",0
21748,21.75,232074,1.38,"786423",18.95,66.62,51.8,"Salaried","Rent","Other",1
21762,21.25,2542683,1.97,"4945927",27.63,93.14,61.2,"Self-employed","Mortgage","Vehicle",1
21772,20.75,205780,1.79,"263864",31.53,100,61.9,"Salaried","Own","Debt_consolidation",0
21780,17.75,213795,1.58,"636668",22.03,74.5,44.4,"Salaried","Mortgage","Vehicle",1
21797,23.75,1994115,2.07,"6008941",29.77,100.94,52,"Self-employed","Rent","Other",1
21800,16.25,353724,1.41,"201707",11.14,37.26,42.1,"Salaried","Rent","Vehicle",0
21822,20.75,171584,2.29,"124325",35.82,119.05,65.3,"Salaried","Own","Debt_consolidation",1
21834,31.25,2581,0.26,"3714",36.94,120.02,64.9,"Unemployed","Rent","Debt_consolidation",1
21841,25.25,2531959,2.18,"5070226",31.83,105.99,66.6,"Self-employed","Rent","Other",1
21844,19.25,297840,1.4,"334575",21.49,73.97,52.9,"Salaried","Own","Debt_consolidation",0
21858,16.75,298429,1.05,"465364",12.89,42.58,43.6,"Salaried","Mortgage","Home_improvement",1
21870,23.25,898511,1.87,"1548162",29.75,102.65,56.6,"Contract","Mortgage","Debt_consolidation",1
21871,21.25,1309286,1.48,"1080490",23.36,82.39,47.7,"Self-employed","Own","Debt_consolidation",1
21885,33.25,5097,0.51,"2741",16.28,56.64,44.4,"Unemployed","Rent","Debt_consolidation",1
21895,23.25,1635689,1.85,"6006716",38.72,129.41,66.1,"Self-employed","Mortgage","Debt_consolidation",1
21897,25.25,523919,1.63,"1544457",2.19,20.56,30.6,"Salaried","Rent","Other",1
21900,19.25,290050,1.82,"807026",5.96,29.77,32.6,"Salaried","Mortgage","Vehicle",1
21902,19.75,2376363,2.42,"3466575",18.96,70.03,51.7,"Self-employed","Mortgage","Vehicle",1
21906,21.75,167818,1.64,"154085",22.41,79.01,46.1,"Salaried","Rent","Other",1
21919,20.25,244672,1.36,"314548",5.88,30.12,30.9,"Salaried","Rent","Vehicle",0
21923,21.25,1402808,1.23,"2546107",38.06,121.64,68.3,"Self-employed","Mortgage","Vehicle",1
21930,17.75,528411,1.18,"382962",9.95,43.4,32.6,"Salaried","Mortgage","Vehicle",0
21942,33.75,5492,0.45,"20133",4.13,24.66,38.4,"Unemployed","Rent","Debt_consolidation",0
21967,21.75,344336,1.37,"1249705",23.43,78.98,45.7,"Salaried","Rent","Other",1
21969,18.75,388597,2.06,"1118914",13.64,53.45,44.5,"Salaried","Rent","Vehicle",1
21977,21.25,616783,2.22,"1208811",37.64,118.62,67.7,"Self-employed","Mortgage","Vehicle",1
21988,18.75,514864,1.36,"995531",20.99,74.19,43.9,"Salaried","Rent","Vehicle",0
21993,26.75,510674,1.86,"1144959",5.98,33.73,40.8,"Contract","Rent","Other",1
21997,33.25,3340,0.4,"7249",16.94,61.95,46.2,"Unemployed","Rent","Other",1
21999,20.25,2057263,1.91,"2864499",4.43,23.62,27.5,"Self-employed","Mortgage","Home_improvement",1
22007,23.75,1893319,2.01,"6434143",11.31,43.39,37.5,"Self-employed","Rent","Other",0
22009,21.75,153042,1.09,"118320",25.31,91.7,54.7,"Salaried","Rent","Other",0
22015,25.25,309187,1.3,"625688",2.58,19.71,29.8,"Salaried","Rent","Other",0
22016,18.75,749251,1.65,"517294",21.53,74.41,48,"Self-employed","Mortgage","Home_improvement",0
22023,16.75,367302,1.69,"1098635",24.48,82.96,52.6,"Salaried","Mortgage","Home_improvement",1
22025,18.25,298055,1.62,"211632",38.74,122.43,61.6,"Salaried","Mortgage","Home_improvement",0
22046,23.75,575381,1.54,"1636325",26.8,93.13,50.2,"Self-employed","Rent","Other",1
22061,32.25,4900,0.4,"17063",22.92,78.92,51.8,"Unemployed","Rent","Debt_consolidation",1
22065,33.25,4608,0.43,"3174",9.92,37.53,35.3,"Unemployed","Rent","Other",1
22075,19.25,705135,2.03,"1423405",33.74,106.98,64.5,"Salaried","Mortgage","Vehicle",1
22095,16.75,169448,1.02,"599213",20.28,68.77,50.8,"Salaried","Mortgage","Home_improvement",1
22104,18.75,642345,1.95,"330547",9.36,34.89,34.2,"Contract","Mortgage","Vehicle",0
22107,23.25,574653,1.36,"1087934",39.37,123.22,73.1,"Salaried","Rent","Other",1
22110,33.75,3553,0.39,"6415",29.35,94.66,61.7,"Unemployed","Rent","Debt_consolidation",1
22117,23.75,3521963,1.67,"10984706",22,74.47,51.1,"Self-employed","Rent","Other",0
22118,19.75,1350899,2.17,"3409699",21.01,71.46,47.1,"Self-employed","Mortgage","Vehicle",1
22121,22.25,675559,1.96,"2358409",9.24,37.71,40.2,"Contract","Rent","Vehicle",0
22125,18.75,158444,1.44,"180916",20.56,64.54,54.1,"Salaried","Rent","Vehicle",0
22134,14.25,379098,1.29,"125140",33.52,112.56,65.5,"Salaried","Mortgage","Home_improvement",1
22145,23.25,253316,1.82,"381912",32.06,109.97,60.1,"Salaried","Rent","Other",1
22160,18.75,749673,1.41,"2775294",30.08,99.45,52.6,"Self-employed","Mortgage","Home_improvement",1
22193,22.75,373912,1.86,"891039",26.54,89.51,59.7,"Contract","Own","Debt_consolidation",1
22195,30.75,5792,0.35,"21971",19.58,71.71,46.4,"Unemployed","Rent","Other",1
22199,35,5530,0.54,"6048",22.1,75.6,55.2,"Unemployed","Rent","Other",1
22200,23.75,2352349,1.15,"8833120",8.01,34.99,34.6,"Self-employed","Rent","Other",1
22216,25.25,1885214,1.85,"1837741",39.66,136.45,72.9,"Self-employed","Rent","Other",1
22218,34.75,4183,0.53,"3741",24.55,85.18,56,"Unemployed","Mortgage","Debt_consolidation",0
22231,16.75,319899,1.31,"285388",26.04,90.81,51.2,"Salaried","Mortgage","Home_improvement",0
22238,19.25,571635,2.06,"1533781",33.4,106.78,57.2,"Salaried","Own","Debt_consolidation",1
22254,32.25,4070,0.4,"3622",11.51,48.53,42.9,"Unemployed","Rent","Debt_consolidation",1
22267,19.25,497178,1.98,"839249",32.73,113.3,58.3,"Salaried","Own","Debt_consolidation",0
22269,32.25,6404,0.42,"14818",25.51,89.89,54.8,"Unemployed","Rent","Debt_consolidation",1
22285,23.25,379156,1.51,"301553",38.32,126.28,66.6,"Salaried","Rent","Other",1
22295,18.25,582247,1.3,"971981",33.75,112.48,67.9,"Salaried","Mortgage","Home_improvement",1
22297,25.25,438378,1.88,"781615",35.64,113.26,61.1,"Self-employed","Rent","Other",0
22307,18.75,451002,1.59,"1049719",23.03,83.6,45.4,"Salaried","Rent","Vehicle",0
22310,16.75,493805,1.45,"1774994",19.03,66.58,53.8,"Salaried","Mortgage","Home_improvement",1
22350,35,5333,0.56,"16942",14.47,49.16,38.7,"Unemployed","Rent","Debt_consolidation",1
22356,21.25,1049368,1.17,"3978585",36.05,120.07,59.4,"Contract","Mortgage","Vehicle",0
22362,18.75,413814,1.09,"474057",7.44,35.31,36,"Salaried","Rent","Vehicle",0
22363,32.25,5438,0.43,"7605",23.14,77.56,56.2,"Unemployed","Rent","Debt_consolidation",1
22366,19.25,311821,1.3,"965234",4.28,23.81,38.4,"Salaried","Mortgage","Vehicle",0
22382,34.75,3667,0.43,"10823",3.85,22.08,35,"Unemployed","Rent","Other",1
22390,20.25,384431,1.55,"787897",5.05,27.81,28.6,"Salaried","Rent","Vehicle",0
22393,20.25,333226,1.58,"570233",29.14,93.61,58.4,"Contract","Mortgage","Home_improvement",1
22399,16.75,315516,1.17,"307834",18.44,63.57,48.7,"Salaried","Mortgage","Home_improvement",0
22408,17.75,552371,2.04,"1769213",17.64,64.47,41.7,"Salaried","Mortgage","Vehicle",0
22423,16.75,116909,1.1,"144201",9.83,46.8,33.6,"Salaried","Mortgage","Home_improvement",1
22429,35,5252,0.58,"17256",36.01,114.04,65.4,"Unemployed","Rent","Other",1
22438,17.75,140502,1.23,"172406",7.36,29.3,33.1,"Salaried","Mortgage","Vehicle",0
22440,16.75,808888,1.61,"2194863",28.68,100.5,53.2,"Salaried","Mortgage","Home_improvement",0
22450,19.25,86431,1.46,"229795",9.7,41.44,39,"Salaried","Own","Debt_consolidation",1
22457,19.25,518229,0.89,"1163202",35.44,113.37,69.8,"Salaried","Mortgage","Vehicle",0
22468,17.75,436760,1.53,"466531",20.23,66.86,46.2,"Salaried","Mortgage","Vehicle",1
22473,19.25,351462,1.46,"175468",10.42,42.91,42.8,"Salaried","Rent","Other",0
22486,16.75,379544,1.17,"496763",10.79,42.57,34.2,"Salaried","Mortgage","Home_improvement",1
22492,18.75,530780,1.55,"1056168",9.82,41.86,40.5,"Salaried","Rent","Vehicle",0
22502,16.75,171152,1.21,"197834",24.17,76.73,58.6,"Salaried","Mortgage","Home_improvement",0
22511,18.25,319650,1.16,"1122773",4.86,24.57,38.7,"Salaried","Mortgage","Home_improvement",0
22513,21.25,2293358,2.08,"7672711",10.32,36.99,37.1,"Self-employed","Own","Debt_consolidation",1
22519,19.75,1335384,2.6,"3071825",26.94,91.22,58.3,"Self-employed","Mortgage","Vehicle",1
22536,22.75,694667,1.49,"1319355",0.44,3.5,27.7,"Salaried","Own","Debt_consolidation",1
22553,15.25,321707,1.07,"144291",19,70.89,43.2,"Salaried","Mortgage","Vehicle",0
22554,16.75,269607,1.32,"166115",9.04,35.42,34,"Salaried","Own","Debt_consolidation",0
22563,18.75,297987,1.31,"799192",15.81,57.54,43.9,"Salaried","Rent","Vehicle",1
22573,16.75,321800,0.91,"962580",29.32,94.7,56,"Salaried","Mortgage","Home_improvement",0
22585,21.75,296960,1.7,"289931",31.79,103.84,54.2,"Salaried","Rent","Other",0
22590,20.25,512410,1.02,"1934091",37.63,121.33,71.1,"Salaried","Rent","Vehicle",0
22612,23.75,1337566,1.23,"1742147",38.54,126.36,68.2,"Contract","Rent","Vehicle",1
22618,21.25,3498881,1.23,"1497758",16.57,57.76,44.2,"Self-employed","Rent","Other",0
22621,21.75,1694161,2.19,"4869070",26.04,88.78,48.7,"Self-employed","Mortgage","Debt_consolidation",1
22635,35,3997,0.58,"10198",10.44,35.12,38.8,"Unemployed","Rent","Debt_consolidation",1
22637,21.75,466455,1.86,"1487795",20.96,75.02,46,"Salaried","Rent","Other",0
22640,16.75,278482,1.34,"647452",15.82,58.96,42.9,"Salaried","Mortgage","Home_improvement",0
22641,22.75,874283,0.92,"2814492",20.18,75.78,54,"Contract","Own","Debt_consolidation",1
22648,18.75,272267,1.11,"856027",8.21,39.2,30.6,"Salaried","Rent","Vehicle",0
22650,22.75,270471,1.46,"445216",34.6,111.34,60.8,"Contract","Mortgage","Vehicle",1
22654,21.25,990602,2.59,"1676599",15.89,58.36,45.2,"Contract","Mortgage","Vehicle",0
22661,20.25,200707,1.24,"297669",6.5,33.31,32.6,"Salaried","Rent","Vehicle",0
22679,18.75,407147,1.59,"724362",25.52,86.66,52.2,"Salaried","Rent","Vehicle",1
22680,23.25,1070370,1.13,"2136152",34.24,110.7,63.5,"Self-employed","Mortgage","Debt_consolidation",1
22687,20.25,219975,2.03,"232571",36.73,124.12,64.2,"Salaried","Rent","Vehicle",1
22696,20.75,234421,1.43,"411668",39.67,124.94,68.7,"Salaried","Own","Debt_consolidation",1
22705,25.25,1878851,2.32,"2857157",3.17,27.97,28,"Self-employed","Rent","Other",1
22720,21.25,658742,1.89,"830884",27.35,90.48,53.8,"Contract","Mortgage","Vehicle",1
22724,18.75,290228,1.04,"816501",20.65,73.55,43.8,"Salaried","Rent","Vehicle",1
22727,16.25,525256,0.75,"278044",32.24,107.1,59.8,"Salaried","Rent","Vehicle",0
22729,18.75,203299,1.34,"153010",24.56,89.57,54.9,"Salaried","Rent","Vehicle",1
22730,20.25,554603,1.68,"1755992",4.42,22.12,28.3,"Salaried","Rent","Vehicle",0
22732,18.75,2523540,2.34,"4851411",27.24,91.92,50,"Self-employed","Mortgage","Home_improvement",1
22734,18.75,499176,2.05,"1587272",12.17,51.7,45.6,"Salaried","Rent","Vehicle",1
22765,19.75,2825277,2.11,"3081506",18.11,64.64,43.5,"Self-employed","Mortgage","Vehicle",0
22774,21.25,383478,1.53,"1283788",10.22,43.71,34.6,"Contract","Mortgage","Vehicle",1
22775,18.75,574503,2.07,"1543888",15.36,58.72,44.8,"Salaried","Rent","Vehicle",0
22808,17.75,214727,1.61,"326315",23.49,81.21,52,"Salaried","Mortgage","Vehicle",0
22812,16.75,442426,1.42,"1308974",7.5,31.36,37.4,"Salaried","Mortgage","Home_improvement",0
22838,14.75,218056,1.03,"70404",7.76,34.6,37.6,"Salaried","Rent","Vehicle",0
22839,18.75,688239,1.79,"842424",26.76,93.21,59.2,"Salaried","Rent","Vehicle",1
22847,17.75,457502,1.56,"1547314",30.92,100.94,54.5,"Salaried","Mortgage","Vehicle",1
22865,21.75,609678,1.58,"657318",14.57,58.39,44.1,"Salaried","Rent","Other",0
22875,22.75,200643,1.98,"394983",26.66,88.87,60.2,"Contract","Mortgage","Vehicle",0
22878,19.25,518638,1.13,"1835815",6.88,24.3,39.7,"Salaried","Mortgage","Vehicle",0
22888,35,1637,0.52,"3892",30.87,107.47,59.4,"Unemployed","Rent","Debt_consolidation",1
22892,16.75,655975,1.3,"1308096",32.11,102.03,57.4,"Salaried","Mortgage","Home_improvement",0
22896,20.75,607481,1.45,"201364",39.78,133.8,66.7,"Contract","Mortgage","Debt_consolidation",1
22899,21.25,1303313,1.98,"2901888",38.29,125.26,70.9,"Self-employed","Mortgage","Vehicle",1
22913,18.75,581724,1.43,"1309921",8.44,33.86,40.4,"Self-employed","Mortgage","Home_improvement",1
22934,14.25,303431,1.44,"174224",27.59,97.69,57.9,"Salaried","Mortgage","Home_improvement",1
22942,23.25,82409,1.6,"109565",5.53,27.16,32.2,"Salaried","Rent","Other",1
22956,22.25,199955,2.06,"450987",32.64,106.7,60,"Contract","Rent","Vehicle",1
22970,21.25,369785,1.22,"1380140",2.16,17.7,33.5,"Salaried","Mortgage","Vehicle",0
22987,16.75,469352,2.08,"477834",20.52,67.19,54.1,"Salaried","Mortgage","Home_improvement",0
22996,19.75,1304971,2.04,"4314728",24.46,80.41,54.6,"Self-employed","Mortgage","Vehicle",0
23024,25.25,343726,1.64,"819610",29.81,98.21,55.6,"Contract","Rent","Other",1
23027,19.25,268462,1.09,"458895",17.43,62.39,40.9,"Salaried","Own","Debt_consolidation",0
23040,19.25,177591,1.5,"221812",29.39,98.78,59.2,"Salaried","Own","Debt_consolidation",0
23041,23.75,1859137,1.09,"6528120",27.66,93.77,54.5,"Self-employed","Rent","Other",1
23044,18.75,225735,1.44,"650218",25.45,85.12,59.8,"Salaried","Rent","Vehicle",0
23060,20.25,574038,1.19,"610638",2.4,17.77,30.6,"Salaried","Mortgage","Home_improvement",0
23076,19.25,537747,1.66,"1593395",34.05,112.9,57.8,"Salaried","Own","Debt_consolidation",0
23077,23.75,1016393,1.17,"2967283",36.35,117.45,68.7,"Contract","Rent","Vehicle",1
23090,22.75,774128,2.27,"1457235",3.54,23.91,30.4,"Self-employed","Own","Debt_consolidation",0
23093,23.75,2481784,0.94,"1730304",26.22,88.5,54.2,"Self-employed","Rent","Other",0
23112,35,3955,0.52,"4424",21.3,71.63,45.6,"Unemployed","Rent","Debt_consolidation",0
23116,23.75,1312168,1.26,"4658880",20.89,80.08,54.7,"Self-employed","Rent","Other",1
23159,16.75,351422,1.2,"250548",18.36,59.68,43.7,"Salaried","Mortgage","Home_improvement",0
23169,23.25,527329,0.86,"811129",3.25,20.62,36.6,"Salaried","Rent","Other",0
23177,16.25,466696,0.59,"278988",15.75,54.14,50.4,"Salaried","Rent","Vehicle",1
23192,17.75,528696,1.54,"1309323",15.82,58.33,50.8,"Salaried","Mortgage","Vehicle",0
23201,19.75,1268514,2.22,"1546077",10.13,35.54,41.6,"Self-employed","Mortgage","Vehicle",1
23205,21.75,2405415,2.76,"1845407",8.98,39.37,38.5,"Self-employed","Mortgage","Debt_consolidation",1
23209,22.25,591462,1.5,"1346963",1.72,17.2,31.8,"Salaried","Rent","Vehicle",0
23210,16.75,286630,1.84,"217322",11.79,42.39,39,"Salaried","Mortgage","Home_improvement",0
23213,20.25,655155,1.86,"1649972",36.01,122.15,64.1,"Salaried","Rent","Vehicle",1
23218,16.75,474873,1.27,"768216",21.5,80.87,46.8,"Salaried","Mortgage","Home_improvement",0
23219,19.25,255421,0.81,"569031",32.58,107.1,62.1,"Salaried","Mortgage","Vehicle",1
23221,21.25,282364,2.23,"906179",14.21,52.29,43.3,"Contract","Mortgage","Vehicle",0
23224,19.75,2988664,2.2,"3885432",24.25,82.1,54.6,"Self-employed","Mortgage","Vehicle",1
23234,19.75,1422955,1.74,"2719172",25.69,89.73,59.1,"Self-employed","Mortgage","Vehicle",1
23245,19.25,544858,1.34,"440978",38.7,126.04,63.7,"Salaried","Mortgage","Vehicle",0
23288,18.75,1599027,1.72,"2729680",10.38,38.97,38.9,"Self-employed","Mortgage","Home_improvement",1
23291,31.25,8393,0.35,"19462",39.21,129.83,69.7,"Unemployed","Rent","Debt_consolidation",1
23294,17.75,413026,1.47,"303972",19.93,72.45,49.3,"Salaried","Mortgage","Vehicle",0
23299,15.25,179886,1.37,"109861",27.54,94.88,58.9,"Salaried","Mortgage","Vehicle",0
23314,19.25,532925,1.32,"1413268",34.85,120.55,62.8,"Salaried","Mortgage","Vehicle",0
23324,29.75,7437,0.35,"24823",11.24,39.4,39.4,"Unemployed","Rent","Debt_consolidation",1
23328,22.75,2803620,1.84,"1962638",39.09,127.73,63.3,"Self-employed","Own","Debt_consolidation",0
23332,16.75,236270,1.52,"772319",17.04,61.84,41.3,"Salaried","Mortgage","Home_improvement",0
23350,22.25,282887,1.4,"1004146",11.74,45.93,46.2,"Contract","Rent","Vehicle",1
23351,17.75,192794,1.37,"304544",19.55,67.08,49.6,"Salaried","Mortgage","Vehicle",0
23352,23.25,104610,1.43,"175153",4.81,22.76,33.5,"Salaried","Rent","Other",1
23356,18.75,1212493,1.59,"441846",32.88,107.78,55.9,"Self-employed","Own","Debt_consolidation",0
23365,16.75,173025,1.71,"391006",13.64,49.39,41.8,"Salaried","Mortgage","Home_improvement",0
23373,23.25,219599,2,"348408",35,115.29,64.7,"Salaried","Rent","Other",1
23388,21.75,151647,1.32,"251608",11.04,37.79,42.4,"Salaried","Rent","Other",0
23402,19.25,184945,1.19,"603196",29.23,102.8,59.8,"Salaried","Own","Debt_consolidation",0
23407,22.25,953656,2.79,"1931714",8.38,35.96,43.3,"Contract","Rent","Vehicle",0
23413,23.25,1011769,2.08,"1640498",1.67,18.64,36,"Self-employed","Mortgage","Vehicle",0
23419,18.75,954836,0.87,"532550",39.51,127.32,74.5,"Self-employed","Mortgage","Vehicle",1
23426,14.25,296635,1.44,"107809",12.55,50.64,40.9,"Salaried","Mortgage","Home_improvement",0
23434,21.25,1172322,2.38,"1860093",22.7,79.69,55.2,"Self-employed","Own","Debt_consolidation",1
23437,19.25,244672,1.48,"625213",34.91,116.82,67.2,"Salaried","Mortgage","Vehicle",1
23439,18.25,336399,1.39,"323100",38.5,124.71,71.1,"Salaried","Mortgage","Home_improvement",1
23440,17.75,240486,1.59,"173448",7.92,30.76,41.5,"Salaried","Mortgage","Vehicle",1
23456,16.25,2614884,1.55,"1028920",10.33,42.2,35.1,"Self-employed","Mortgage","Home_improvement",0
23465,19.25,378107,1.4,"291274",3.63,14.36,34.5,"Salaried","Mortgage","Vehicle",0
23467,22.75,2258116,2.39,"7137306",29.71,99,63.7,"Self-employed","Own","Debt_consolidation",1
23473,21.75,486841,1.4,"1763522",27.02,95.34,56.4,"Salaried","Rent","Other",0
23475,18.25,609325,1.07,"937733",36.88,121.94,68.2,"Salaried","Mortgage","Home_improvement",0
23478,19.25,447707,1.79,"984416",33.39,115.77,56.9,"Salaried","Own","Debt_consolidation",1
23481,19.25,523225,1.25,"1868210",3.14,9.73,33.4,"Salaried","Mortgage","Vehicle",0
23486,22.75,1736990,1.14,"1291812",34.24,112.99,65,"Self-employed","Own","Debt_consolidation",1
23494,24.75,868974,1.83,"425523",1.16,13.66,30.8,"Self-employed","Rent","Other",0
23498,18.75,533558,1.19,"927021",17.09,62.41,50.9,"Salaried","Rent","Vehicle",0
23499,17.75,609905,1.25,"1471384",12.43,41.6,40.7,"Salaried","Mortgage","Vehicle",0
23507,21.25,1307540,1.39,"3159984",7.35,31.08,33.2,"Self-employed","Own","Debt_consolidation",1
23520,18.25,373883,1.45,"141043",5.2,26.48,35.7,"Salaried","Own","Debt_consolidation",0
23537,23.25,1213521,1.77,"2070350",16.21,59.3,42.2,"Contract","Mortgage","Debt_consolidation",1
23556,17.75,434957,1.65,"826805",16.36,61.36,39.5,"Salaried","Mortgage","Vehicle",1
23572,32.25,4866,0.42,"16951",27.91,92.39,58.6,"Unemployed","Rent","Debt_consolidation",1
23597,22.75,384621,1.33,"602531",2.87,12.25,37.8,"Salaried","Own","Debt_consolidation",0
23598,20.25,336739,1.43,"623349",6.03,29.03,36.6,"Salaried","Rent","Vehicle",1
23600,24.25,4080,0.21,"1733",16.42,59.55,43.5,"Unemployed","Rent","Home_improvement",1
23603,22.75,1685867,2.02,"1040339",6.26,31.82,28.5,"Self-employed","Rent","Other",1
23643,17.75,304545,1.36,"704386",7.54,30.15,37,"Salaried","Mortgage","Vehicle",0
23670,16.75,460973,1.59,"1275732",12.89,54.79,39.2,"Salaried","Mortgage","Home_improvement",0
23673,23.25,1090046,1.9,"3865991",5.2,21.31,30.5,"Self-employed","Mortgage","Debt_consolidation",0
23688,21.25,1461494,2.33,"4346350",35.95,122.18,61.3,"Self-employed","Mortgage","Vehicle",1
23699,18.75,237916,1.78,"307230",35.35,119.64,59.2,"Salaried","Rent","Vehicle",1
23704,20.25,1064342,1.36,"875756",4.39,20.58,26.8,"Self-employed","Mortgage","Home_improvement",1
23718,19.75,2137339,1.43,"6915993",14.51,57.03,43.4,"Self-employed","Mortgage","Vehicle",1
23739,19.25,602148,1.88,"1651777",21.29,76.03,45.6,"Salaried","Own","Debt_consolidation",1
23748,19.25,158748,2.02,"509168",30.1,101.71,64.6,"Salaried","Mortgage","Vehicle",1
23814,17.75,129117,1.48,"483281",7.26,28.53,38.3,"Salaried","Mortgage","Vehicle",0
23817,18.75,259617,1.4,"719670",12.87,47.29,42.4,"Salaried","Rent","Vehicle",0
23821,20.25,3036218,1.93,"1071173",5.96,29.39,37.9,"Self-employed","Own","Debt_consolidation",1
23827,35,3369,0.46,"8115",0.63,12.25,24.3,"Unemployed","Rent","Debt_consolidation",0
23832,20.75,924962,1.31,"3454036",3,22.64,29.8,"Salaried","Own","Debt_consolidation",1
23839,23.75,2100905,1.75,"2309790",9.8,43.26,33.3,"Self-employed","Rent","Other",1
23845,26.75,539615,1.22,"1985740",3.95,19.48,37.9,"Contract","Rent","Other",0
23848,23.75,3279180,1.61,"2966458",27.91,92.24,55.9,"Self-employed","Rent","Other",0
23849,20.25,363175,1.67,"300444",28.65,98.62,61.8,"Salaried","Rent","Vehicle",1
23855,17.75,475496,1.19,"1756373",22.96,84.89,47.9,"Salaried","Mortgage","Vehicle",0
23872,25.25,1141008,2.23,"2456210",7.54,34.96,33,"Contract","Rent","Other",0
23880,17.75,192762,1.38,"184734",9.19,36.84,39.3,"Salaried","Mortgage","Vehicle",0
23904,16.75,237936,1.2,"673761",14.6,50.2,49.4,"Salaried","Mortgage","Home_improvement",1
23908,35,2190,0.51,"6719",23.58,79.21,52.1,"Unemployed","Rent","Debt_consolidation",1
23921,18.25,321424,1.43,"962827",32.51,108.69,62.4,"Salaried","Mortgage","Home_improvement",1
23925,16.75,444367,1.29,"315380",21.3,75.81,46.8,"Salaried","Mortgage","Home_improvement",1
23932,18.75,400912,1.63,"754340",33.34,105.85,57.1,"Salaried","Rent","Vehicle",1
23934,16.75,402823,1.28,"1403042",21.61,73.27,49.6,"Salaried","Mortgage","Home_improvement",0
23938,21.25,2400176,1.28,"4177839",30.42,101.57,60.8,"Self-employed","Mortgage","Vehicle",0
23944,22.25,760130,1.42,"877223",30.39,98.44,57.2,"Contract","Rent","Vehicle",1
23952,17.75,119559,1.27,"347109",23.85,78.93,46.8,"Salaried","Mortgage","Vehicle",0
23967,19.25,434170,1.17,"1314093",27.26,89.14,60.3,"Salaried","Mortgage","Vehicle",1
23971,19.25,362394,1.82,"1170874",38.34,126.93,63.4,"Salaried","Mortgage","Vehicle",1
23996,19.25,408674,1.33,"548165",22.38,77.37,56.1,"Salaried","Own","Debt_consolidation",0
24001,18.25,534917,2.3,"479508",34.35,114.45,60.8,"Salaried","Mortgage","Home_improvement",0
24014,16.75,292280,1.4,"169234",16.72,58.47,43.3,"Salaried","Own","Debt_consolidation",0
24016,25.25,1261319,2.56,"2157945",31.7,105.96,61.4,"Self-employed","Rent","Other",0
24019,17.75,264245,1.35,"603048",9.83,36.67,42.2,"Salaried","Mortgage","Vehicle",1
24031,22.75,1530690,1.28,"741961",36.53,119.24,64.3,"Self-employed","Rent","Other",1
24035,35,6794,0.72,"20665",37.83,128.06,64.5,"Unemployed","Mortgage","Debt_consolidation",1
24042,17.75,362559,0.95,"533448",22.5,80.5,54.6,"Salaried","Mortgage","Vehicle",0
24048,18.75,523656,1.5,"1605214",20,71.61,42,"Salaried","Rent","Vehicle",0
24053,28.75,1895,0.36,"3571",17.24,68,46.9,"Unemployed","Mortgage","Debt_consolidation",0
24055,18.25,130722,1.33,"453619",29.19,101.55,60.2,"Salaried","Mortgage","Home_improvement",0
24064,18.75,1197265,1.56,"2573957",18.95,64.01,53,"Self-employed","Mortgage","Home_improvement",1
24065,19.75,452471,0.99,"1564371",14.07,52.52,40.5,"Self-employed","Mortgage","Vehicle",1
24080,18.75,770183,1.39,"689527",25.73,87.55,58.7,"Salaried","Rent","Vehicle",0
24082,20.25,361248,2.22,"1032551",37.87,123.4,70.7,"Salaried","Rent","Vehicle",1
24093,19.75,2040357,1.29,"620704",17.74,62.57,43.6,"Self-employed","Rent","Other",0
24096,25.25,962437,1.51,"1069776",34.22,115.92,60.9,"Self-employed","Rent","Other",1
24097,24.75,1269210,2.11,"3876067",36.13,119.93,67.3,"Contract","Mortgage","Debt_consolidation",1
24104,18.25,737403,1.29,"2275620",35.99,114.55,65.9,"Salaried","Mortgage","Home_improvement",1
24108,19.25,606628,1,"1270253",11.43,43.4,39.5,"Salaried","Own","Debt_consolidation",0
24110,21.75,256445,1.56,"965003",16.19,56.52,39.6,"Salaried","Rent","Other",0
24124,30.25,4745,0.36,"10711",38.41,124.85,62.5,"Unemployed","Mortgage","Debt_consolidation",1
24131,21.75,1202879,1.66,"4116155",25.82,85.38,55.1,"Self-employed","Mortgage","Debt_consolidation",1
24137,19.25,264817,1.54,"948309",30.67,99.99,53.9,"Salaried","Own","Debt_consolidation",0
24142,33.75,9786,0.39,"25622",25.1,89.27,60.1,"Unemployed","Rent","Debt_consolidation",1
24147,25.25,1349435,0.89,"2719126",0.55,6.77,31.7,"Self-employed","Mortgage","Debt_consolidation",0
24161,21.75,1858891,1.92,"1694896",30.93,105.2,53.3,"Self-employed","Mortgage","Debt_consolidation",0
24163,17.75,276952,1.52,"235328",13.2,47.72,43,"Salaried","Mortgage","Vehicle",0
24177,23.25,1346828,1.81,"1436118",38.34,128.4,69.2,"Self-employed","Mortgage","Debt_consolidation",1
24185,23.75,2363984,1.62,"2187518",18.14,63.29,46.9,"Self-employed","Rent","Other",0
24192,21.75,285919,1.05,"905612",33.15,114.8,56.7,"Salaried","Rent","Other",0
24194,35,3793,0.48,"12365",16.69,62.62,43.7,"Unemployed","Rent","Debt_consolidation",0
24197,25.25,345093,1.46,"967738",29.03,97.88,58.7,"Contract","Rent","Other",1
24203,17.75,190168,1.38,"550559",7.87,34.99,34.9,"Salaried","Mortgage","Vehicle",0
24207,33.75,3726,0.42,"7109",34.77,112.71,62.2,"Unemployed","Rent","Debt_consolidation",1
24211,21.25,3252292,1.21,"3770106",35.17,118.6,66.8,"Self-employed","Mortgage","Vehicle",1
24218,35,5948,0.63,"4972",14.55,55.65,45.5,"Unemployed","Rent","Debt_consolidation",0
24233,18.25,209323,1.63,"261494",37.97,121.13,66.4,"Salaried","Mortgage","Home_improvement",0
24271,18.75,463520,1.61,"1014059",25.6,86.47,51.6,"Salaried","Rent","Vehicle",1
24282,16.75,245015,1.53,"382133",13.33,51.43,47.4,"Salaried","Mortgage","Home_improvement",0
24284,18.75,129166,0.98,"146448",14.14,53.93,45.4,"Salaried","Rent","Vehicle",0
24291,18.75,348454,1.48,"1280964",19.45,66.33,44.6,"Salaried","Rent","Vehicle",1
24306,16.75,313621,1.57,"519696",10.22,40.49,35.9,"Salaried","Mortgage","Home_improvement",1
24312,18.75,873113,1.84,"386384",21.99,68.44,48.1,"Contract","Mortgage","Vehicle",0
24321,35,7200,0.48,"12686",16.74,59.44,42.5,"Unemployed","Rent","Debt_consolidation",1
24325,18.75,484010,1.37,"543501",15.94,58.86,44.1,"Salaried","Rent","Vehicle",0
24334,23.25,218354,1.71,"216081",5.7,29.6,38.1,"Salaried","Rent","Other",0
24379,23.75,1000096,1.56,"1983240",37.99,126.3,70.5,"Contract","Rent","Vehicle",1
24386,34.75,6127,0.67,"18930",23.78,85.08,49.7,"Unemployed","Mortgage","Debt_consolidation",1
24396,17.75,353345,1.81,"264801",13.91,50.4,36.4,"Salaried","Mortgage","Vehicle",0
24417,18.25,467006,1.18,"821840",38.88,133.95,61.1,"Salaried","Mortgage","Home_improvement",1
24420,26.75,7845,0.28,"11633",12.95,51.43,40.8,"Unemployed","Rent","Home_improvement",0
24437,19.25,554172,1.83,"1579829",18.59,62.61,46.3,"Salaried","Own","Debt_consolidation",1
24460,21.25,640093,1.03,"1462194",19.28,67.49,49,"Contract","Mortgage","Vehicle",0
24462,19.25,414456,1.2,"947769",25.09,86.67,57.8,"Salaried","Own","Debt_consolidation",0
24498,23.75,2130699,1.48,"6423263",22.44,77.14,54.4,"Self-employed","Rent","Other",0
24514,18.75,272263,1.02,"676071",34.69,117.68,58.5,"Salaried","Rent","Vehicle",0
24536,19.25,182464,1.74,"455934",13.1,51.71,47.2,"Salaried","Own","Debt_consolidation",1
24537,18.75,1618174,1.32,"760518",33.48,109.92,66.7,"Self-employed","Mortgage","Vehicle",1
24539,18.25,580384,1.27,"1619799",34.42,109.33,67.4,"Salaried","Mortgage","Home_improvement",1
24542,18.75,186060,1.1,"399468",23.41,77.65,45.9,"Salaried","Rent","Vehicle",0
24545,25.25,583960,1.56,"1602133",2.32,19.12,28.6,"Salaried","Rent","Other",0
24581,16.75,434079,1.45,"1445350",9.27,38.7,35.8,"Salaried","Mortgage","Home_improvement",0
24582,18.75,570889,1.55,"370044",27.92,93.95,53.1,"Contract","Mortgage","Vehicle",1
24611,20.75,605611,1.7,"576399",29.25,98.96,60.1,"Salaried","Own","Debt_consolidation",0
24614,18.75,111045,1.03,"159589",20.41,69.17,46.3,"Salaried","Rent","Vehicle",1
24620,35,2467,0.61,"2796",29.79,93.79,62.2,"Unemployed","Rent","Other",1
24640,21.75,318727,1.4,"423699",8.48,38.28,34.1,"Salaried","Rent","Other",0
24642,16.75,417331,1.41,"1058216",28.46,98.95,58.3,"Salaried","Mortgage","Home_improvement",1
24654,18.75,458319,1.02,"1027515",20.77,75.84,49.9,"Salaried","Rent","Vehicle",0
24670,16.75,606515,1.2,"1853638",32.23,109.42,58.9,"Salaried","Mortgage","Home_improvement",0
24673,21.75,90215,1.95,"316177",26.6,91.62,59,"Salaried","Rent","Other",1
24674,18.75,1768777,2.02,"5905881",10.15,36.26,37.9,"Self-employed","Mortgage","Home_improvement",1
24677,19.75,3035961,2.11,"6740230",33.9,108.83,58.7,"Self-employed","Mortgage","Vehicle",1
24691,19.25,152327,1.09,"154849",9.29,36.95,38.2,"Salaried","Own","Debt_consolidation",0
24693,35,3561,0.48,"2886",15.61,53.11,45.7,"Unemployed","Rent","Debt_consolidation",1
24697,20.25,1405783,1.79,"4914195",19.7,67.55,42.4,"Contract","Mortgage","Home_improvement",0
24699,23.75,985710,1.53,"2744399",35.71,121.55,58.7,"Self-employed","Rent","Other",1
24701,22.75,4299657,1.59,"5533692",32.58,107.53,67.4,"Self-employed","Own","Debt_consolidation",1
24718,25.25,291430,1.81,"403933",33.07,107.83,67.5,"Self-employed","Rent","Other",1
24730,17.75,322145,1.38,"521251",10,42.27,39.9,"Salaried","Mortgage","Vehicle",0
24732,24.25,498441,1.43,"519070",0.03,9.62,23.7,"Salaried","Own","Debt_consolidation",0
24736,21.25,536294,2.33,"1932530",11.26,41.83,44.8,"Contract","Mortgage","Vehicle",0
24739,25.25,1951317,1.62,"7295342",29.28,97.46,61.1,"Self-employed","Rent","Other",0
24740,18.75,772123,1.69,"1728160",22.11,78.26,56.4,"Self-employed","Mortgage","Home_improvement",1
24750,22.75,2275119,1.49,"6030587",5.62,26.65,32,"Self-employed","Own","Debt_consolidation",0
24752,22.75,3018575,1.81,"4270103",39.72,130.63,62.6,"Self-employed","Own","Debt_consolidation",0
24764,19.75,2826931,2.15,"10061116",33.76,104.91,59.3,"Self-employed","Mortgage","Vehicle",1
24768,18.75,1642166,1.75,"2646775",26.27,88.44,57.7,"Self-employed","Mortgage","Home_improvement",1
24773,21.75,765079,2.3,"1995966",26.49,90.47,61.3,"Contract","Mortgage","Home_improvement",1
24775,18.75,240816,1.59,"830584",14.08,53.44,45.8,"Salaried","Rent","Vehicle",0
24779,18.75,830813,1.84,"416332",13.48,48.86,43.3,"Contract","Mortgage","Vehicle",1
24790,18.75,532095,1.46,"1578377",11.93,44.21,40.3,"Salaried","Rent","Vehicle",0
24797,34.75,5364,0.48,"11713",16.82,58.28,44.2,"Unemployed","Mortgage","Debt_consolidation",1
24810,21.75,762542,1.24,"1984195",15.89,56.13,45.9,"Salaried","Rent","Other",0
24812,35,8652,0.49,"25801",5.78,27.06,31.9,"Unemployed","Rent","Debt_consolidation",1
24817,24.25,483226,2.35,"1221858",3.56,14.91,35.8,"Contract","Own","Debt_consolidation",1
24840,16.75,552263,1.03,"1026600",20.44,68.81,52.4,"Salaried","Mortgage","Home_improvement",0
24852,23.25,258864,1.79,"765922",39.62,126.15,64,"Salaried","Rent","Other",1
24854,18.25,737434,1.76,"1009798",37.72,126.44,66.1,"Salaried","Mortgage","Home_improvement",1
24855,15.75,216519,1.14,"76982",27.23,96.29,62.2,"Salaried","Mortgage","Home_improvement",0
24859,20.75,475589,1.28,"1373947",5.07,25.27,37.5,"Salaried","Own","Debt_consolidation",1
24860,25.25,147699,1.12,"449236",1.23,18.68,32.8,"Salaried","Rent","Other",1
24863,22.75,399948,1.81,"193768",16.66,56.98,43.1,"Contract","Rent","Other",1
24894,19.25,286576,2,"584964",35.4,112.48,66.8,"Salaried","Mortgage","Vehicle",1
24904,35,2874,0.59,"4270",26.15,93.89,51.2,"Unemployed","Rent","Debt_consolidation",1
24910,18.75,239730,1.43,"540756",12.97,51.12,42.9,"Self-employed","Mortgage","Home_improvement",0
24929,18.75,980719,1.54,"365430",22.76,79.35,56.6,"Contract","Mortgage","Vehicle",0
24934,23.25,209083,1.88,"393295",28.89,95.02,63.3,"Salaried","Rent","Other",0
24936,23.75,2689857,1.66,"2969162",26.98,85.02,54.4,"Self-employed","Rent","Other",1
24954,21.75,3405661,2.44,"8567224",10.63,43.06,43.7,"Self-employed","Mortgage","Debt_consolidation",1
24963,21.75,469351,1.32,"384218",10.93,39.06,42.3,"Salaried","Rent","Other",1
24966,21.25,501171,1.69,"1676970",0.06,12.3,31.6,"Salaried","Mortgage","Vehicle",0
24970,32.25,4285,0.45,"11548",22.3,84.27,52.6,"Unemployed","Rent","Debt_consolidation",0
24974,23.75,1687749,0.96,"3601557",23.71,80.2,57.2,"Self-employed","Rent","Other",0
24982,19.25,281828,1.61,"122337",18.8,60.54,49.4,"Salaried","Rent","Other",0
24988,18.75,165682,1.77,"196203",29.05,100.1,57.9,"Salaried","Rent","Vehicle",1
24997,22.75,515775,1.37,"1268109",37.26,121.31,65.6,"Contract","Mortgage","Vehicle",1
25002,23.25,425081,1.47,"990469",4.47,21.04,29.8,"Salaried","Rent","Other",0
25028,23.25,911953,1.65,"629733",23.71,82.93,49.3,"Contract","Mortgage","Debt_consolidation",1
25043,18.75,188777,1.81,"588170",15.68,57.79,46.7,"Salaried","Rent","Vehicle",0
25051,20.25,159968,1.62,"409622",1.65,19.66,29,"Salaried","Mortgage","Home_improvement",0
25057,17.25,1891753,1.52,"957196",21.89,74.31,52.5,"Self-employed","Mortgage","Vehicle",1
25060,25.25,576681,1.94,"1347968",19.86,73.06,51.9,"Contract","Rent","Other",1
25063,23.75,2878352,1.56,"2554323",19.18,65.99,49.9,"Self-employed","Rent","Other",1
25073,20.25,449100,1.06,"1307921",0.45,11.79,31.7,"Salaried","Mortgage","Home_improvement",1
25075,20.25,656740,1.59,"1351553",34.4,117.86,60.6,"Salaried","Rent","Vehicle",0
25076,17.75,336391,2.09,"712768",23.73,81.02,52.5,"Salaried","Mortgage","Vehicle",1
25077,18.25,357997,1.49,"364355",37.38,121.17,66.1,"Salaried","Mortgage","Home_improvement",0
25079,17.75,72797,1.7,"244206",24.71,84.72,53.9,"Salaried","Mortgage","Vehicle",0
25081,17.75,707136,0.71,"1496470",8.96,35.61,40,"Salaried","Mortgage","Vehicle",0
25097,18.75,203297,1.57,"576317",19.59,67.9,44.3,"Salaried","Rent","Vehicle",1
25100,17.75,450989,1.12,"1399228",13.82,51.17,47.3,"Salaried","Mortgage","Vehicle",1
25109,22.25,194626,0.91,"253800",28.33,95.96,52.3,"Contract","Rent","Vehicle",1
25111,21.75,98640,1.3,"125704",7.68,31.3,33.6,"Salaried","Rent","Other",1
25113,18.75,217067,1.52,"701872",20.1,69.25,46.7,"Salaried","Rent","Vehicle",0
25128,34.75,7410,0.43,"21421",6.34,34.82,38.1,"Unemployed","Rent","Other",0
25139,20.75,392556,1.82,"941331",37.15,121.27,62.5,"Salaried","Own","Debt_consolidation",0
25143,23.75,2641722,2.39,"3871747",9.37,33.97,43,"Self-employed","Rent","Other",0
25150,22.75,759013,1.69,"1270802",16.32,58.03,39.6,"Contract","Own","Debt_consolidation",1
25168,17.75,295907,2.02,"664650",14.83,50.84,44.8,"Salaried","Mortgage","Vehicle",0
25173,16.75,405664,1.81,"792071",8.71,40.92,41.3,"Salaried","Mortgage","Home_improvement",1
25174,19.75,3258794,1.5,"8541350",25.38,82.62,56.1,"Self-employed","Mortgage","Vehicle",0
25182,19.25,145664,1.37,"417031",3.22,15.46,37.9,"Salaried","Mortgage","Vehicle",0
25186,21.75,581148,1.03,"578000",7.11,33.34,29.3,"Salaried","Rent","Other",0
25190,21.75,2793720,2.27,"10410398",22.04,74.59,46.7,"Self-employed","Mortgage","Debt_consolidation",0
25192,14.25,85999,1.39,"51472",32.39,103.32,59.7,"Salaried","Mortgage","Home_improvement",0
25204,20.75,251017,1.69,"881483",39.64,129.7,72,"Salaried","Own","Debt_consolidation",1
25207,23.75,2018305,2.47,"4987971",7.91,35.45,39.8,"Self-employed","Rent","Other",1
25225,17.75,185856,1.67,"563881",24.02,82.31,50.8,"Salaried","Mortgage","Vehicle",0
25269,21.75,193068,1.99,"531372",17.58,60.06,45.8,"Salaried","Rent","Other",0
25276,17.75,195856,2.03,"705726",19.26,67.15,41.7,"Salaried","Mortgage","Vehicle",0
25280,29.75,2425,0.34,"2060",11.05,41.75,45.5,"Unemployed","Rent","Debt_consolidation",0
25284,20.25,163818,1.81,"574366",37.62,122.5,66.5,"Salaried","Rent","Vehicle",0
25296,18.75,368703,1.89,"841820",17.43,65.93,44.3,"Salaried","Rent","Vehicle",0
25307,22.75,205809,1.76,"240245",14.72,57.35,47.3,"Contract","Own","Debt_consolidation",1
25325,18.25,470550,0.83,"797871",4.2,22.73,38.2,"Salaried","Mortgage","Home_improvement",0
25332,18.25,324213,1.57,"775016",38.71,124.2,72.7,"Salaried","Mortgage","Home_improvement",1
25348,20.25,404347,1.07,"722978",3.03,23.7,26.9,"Salaried","Rent","Vehicle",0
25361,17.75,84455,2,"284034",21.65,73.73,45.2,"Salaried","Mortgage","Vehicle",0
25369,35,3814,0.53,"6258",32.44,108.88,64.6,"Unemployed","Rent","Debt_consolidation",1
25372,22.75,244537,1.4,"186124",32.45,101.07,54.7,"Contract","Own","Debt_consolidation",1
25393,16.75,701967,1.42,"1786096",13.44,48.57,44.4,"Salaried","Mortgage","Home_improvement",1
25406,17.75,326354,1.84,"1000613",16.3,58.71,42.3,"Salaried","Mortgage","Vehicle",1
25415,18.25,551530,1.47,"1758934",31.63,103.79,62.2,"Salaried","Mortgage","Home_improvement",1
25418,29.75,3265,0.4,"1468",28.07,92.56,51,"Unemployed","Rent","Debt_consolidation",0
25426,23.75,2153989,1.95,"4581922",18.04,61.09,46.5,"Self-employed","Rent","Other",1
25428,15.25,487983,1.48,"198279",19.04,60.57,51.7,"Salaried","Mortgage","Vehicle",0
25431,20.25,148568,1.59,"286270",39.84,129.04,63.3,"Salaried","Rent","Vehicle",1
25438,35,2832,0.51,"9360",32.22,105.13,65.6,"Unemployed","Rent","Debt_consolidation",1
25444,17.75,567669,0.85,"1300731",17.07,63.14,49.4,"Salaried","Mortgage","Vehicle",0
25454,15.75,456101,1.38,"197622",37.1,122.7,68.1,"Salaried","Mortgage","Home_improvement",0
25480,20.25,432615,1.38,"1183097",4.37,16.31,36.9,"Salaried","Rent","Vehicle",0
25482,18.75,176014,1.72,"642752",24.32,80.33,52.9,"Salaried","Rent","Vehicle",1
25488,21.75,631202,1.52,"1792702",1.14,12.57,24.5,"Salaried","Mortgage","Home_improvement",0
25494,16.75,509463,1.25,"538327",22.68,82.78,56.4,"Salaried","Mortgage","Home_improvement",0
25505,20.25,327374,2,"942630",36.76,125.59,61.6,"Salaried","Rent","Vehicle",1
25516,23.75,514001,1.64,"423310",19.45,65.25,48.4,"Self-employed","Rent","Other",0
25528,23.25,1392915,2.01,"3318446",31.26,106.21,56.6,"Contract","Mortgage","Debt_consolidation",0
25545,25.25,1063361,2.08,"1638621",28.84,94.64,62.7,"Self-employed","Rent","Other",1
25573,23.75,451024,1.86,"478200",27.64,95.84,49.8,"Self-employed","Rent","Other",1
25582,18.75,239413,1.92,"799386",14.88,56.1,37.6,"Salaried","Rent","Vehicle",1
25588,16.75,258310,1.57,"306075",29.6,100.26,52.3,"Salaried","Mortgage","Home_improvement",0
25602,15.25,405253,1.02,"155075",10.17,38.83,41.1,"Salaried","Mortgage","Vehicle",0
25603,18.75,122563,1.73,"246107",27.49,90.83,52,"Salaried","Rent","Vehicle",1
25615,19.25,141016,1.17,"469362",21.57,64.8,48.6,"Salaried","Own","Debt_consolidation",1
25618,18.75,112050,1.48,"133899",21.67,75.48,50.5,"Salaried","Rent","Vehicle",0
25622,23.25,343949,1.37,"1124176",37.92,123.6,69.6,"Salaried","Rent","Other",0
25623,23.25,1060403,1.74,"1642777",31.49,102.79,63.4,"Self-employed","Mortgage","Debt_consolidation",1
25638,16.75,136706,1.84,"236745",22.35,73.96,52.1,"Salaried","Mortgage","Home_improvement",0
25639,18.25,244158,1.49,"120791",4.35,25.99,37.9,"Salaried","Own","Debt_consolidation",0
25640,18.75,236869,1.59,"659638",30.56,98.89,58.9,"Salaried","Rent","Vehicle",1
25651,15.25,73482,0.94,"31271",18.86,65.05,44.1,"Salaried","Mortgage","Vehicle",0
25652,22.75,266474,1.94,"260644",37.49,122.65,68.3,"Contract","Mortgage","Vehicle",1
25670,18.75,230906,1.04,"855806",26.77,87.77,57.1,"Salaried","Rent","Vehicle",1
25674,21.25,518086,2.27,"382427",10.52,44.33,39.1,"Contract","Mortgage","Vehicle",1
25677,25.25,2339020,1.49,"4853258",27.8,99.77,62.5,"Self-employed","Rent","Other",1
25682,19.25,303452,1.97,"140410",27.39,91.73,57.5,"Salaried","Rent","Other",0
25684,18.75,406085,1.65,"1438821",20.89,74.18,44.1,"Salaried","Rent","Vehicle",0
25685,18.75,389957,1.33,"1210526",21.07,73.71,45.6,"Salaried","Rent","Vehicle",0
25694,18.75,343044,1.57,"404911",31.72,108.32,55.1,"Salaried","Rent","Vehicle",1
25696,20.25,1381415,1.48,"2910493",6.52,31.08,34.6,"Self-employed","Mortgage","Home_improvement",0
25710,21.25,1722351,1.38,"3585282",7.54,37.19,41.1,"Self-employed","Own","Debt_consolidation",0
25721,19.25,228880,1.33,"157325",27.75,91.3,59.2,"Salaried","Own","Debt_consolidation",1
25745,14.25,474407,1.17,"208866",7.57,35.32,30.4,"Salaried","Mortgage","Home_improvement",1
25754,16.75,522371,1.6,"355448",7.29,33.09,38.9,"Salaried","Mortgage","Home_improvement",0
25755,17.75,150429,1.38,"234511",15.99,54.7,40.8,"Salaried","Mortgage","Vehicle",0
25758,18.75,242609,1.54,"441769",14.4,53.92,48.6,"Salaried","Rent","Vehicle",0
25759,20.25,322084,0.97,"390452",0.2,12.94,31.2,"Salaried","Mortgage","Home_improvement",0
25766,21.75,501849,1.87,"1215788",24.37,84.34,52.4,"Salaried","Rent","Other",0
25775,19.25,321795,1.57,"502885",29.91,101.96,57.8,"Salaried","Own","Debt_consolidation",0
25786,19.25,1351507,1.62,"411293",0.85,9.9,25.8,"Self-employed","Mortgage","Vehicle",0
25801,18.25,389589,1.27,"1478810",37.75,120.69,72,"Salaried","Mortgage","Home_improvement",0
25810,22.75,1332172,2.3,"1399155",27.76,95.92,60.9,"Self-employed","Own","Debt_consolidation",0
25820,18.75,643476,1.31,"967052",17.32,64.72,40,"Salaried","Rent","Vehicle",0
25821,20.25,305708,1.41,"795252",38.66,126.53,69.5,"Salaried","Rent","Vehicle",1
25825,23.25,369481,1.5,"1298680",5.21,29.06,37.5,"Salaried","Rent","Other",1
25827,18.75,733500,1.87,"2685699",31.7,108.67,56.5,"Salaried","Rent","Vehicle",0
25845,23.75,1859328,2.12,"2689324",9.35,35.55,34.7,"Self-employed","Rent","Other",1
25846,22.75,640935,1.61,"1016608",39.33,126.73,62.5,"Contract","Mortgage","Vehicle",1
25847,31.25,3228,0.38,"3938",11.13,46.95,45.7,"Unemployed","Mortgage","Debt_consolidation",0
25853,27.25,313061,1.75,"449016",1.28,10.67,33.7,"Self-employed","Rent","Other",1
25854,35,3170,0.57,"8852",3.87,25.06,29.2,"Unemployed","Rent","Debt_consolidation",1
25860,16.75,285199,1.45,"148137",15.79,57.15,44.9,"Salaried","Own","Debt_consolidation",0
25861,20.25,333480,1.19,"427727",32.29,101.56,60.3,"Salaried","Rent","Vehicle",1
25872,19.25,636529,1.6,"1944383",13.03,51.06,35.8,"Salaried","Own","Debt_consolidation",1
25873,21.75,101785,1.13,"384029",9.7,40.6,44.3,"Salaried","Rent","Other",0
25896,18.25,198974,1.52,"595718",37.92,126.47,62.5,"Salaried","Mortgage","Home_improvement",1
25905,23.25,678445,1.62,"1220939",35.55,116.92,69.1,"Salaried","Rent","Other",1
25909,19.25,491278,1.37,"190733",12.02,42.8,38.4,"Salaried","Rent","Other",1
25916,19.75,2470476,1.6,"3634999",24.83,84.59,54.6,"Self-employed","Mortgage","Vehicle",1
25917,23.75,913906,1.82,"641226",36.63,119.18,59.4,"Self-employed","Rent","Other",1
25935,21.25,2445938,2.18,"1326258",14.63,51.43,37.6,"Self-employed","Rent","Other",0
25940,35,5221,0.55,"17517",16.39,57.43,43.5,"Unemployed","Rent","Other",1
25955,16.25,538356,2.11,"191512",14.2,52.3,44.4,"Salaried","Rent","Vehicle",0
25970,21.25,369793,1.53,"791780",28.94,97.19,63.5,"Self-employed","Mortgage","Vehicle",1
25981,22.75,1385949,1.47,"2904910",32.19,102.9,57.9,"Contract","Own","Debt_consolidation",1
25985,35,1516,0.53,"5701",29.88,102.43,57.8,"Unemployed","Rent","Debt_consolidation",1
25992,35,2562,0.63,"2455",6.67,30.2,32.5,"Unemployed","Rent","Debt_consolidation",1
25996,18.75,401011,1.65,"863533",14.39,49.54,43.2,"Salaried","Rent","Vehicle",0
25999,33.25,7276,0.49,"2504",32.59,111.72,55.3,"Unemployed","Rent","Debt_consolidation",1
26006,17.75,221682,1.62,"553008",17.11,55.41,45.9,"Salaried","Mortgage","Vehicle",0
26007,25.25,2323759,2.13,"4647171",33.3,113.4,64.2,"Self-employed","Rent","Other",1
26018,19.25,410027,1.44,"505041",36.69,120.9,68.2,"Salaried","Mortgage","Vehicle",0
26019,20.25,257229,2.3,"405035",29.26,97.25,60.8,"Salaried","Rent","Vehicle",1
26021,18.75,770581,2.49,"2041456",26.98,89.39,58,"Self-employed","Mortgage","Home_improvement",1
26022,17.75,124462,1.53,"212418",23.89,82.97,48.2,"Salaried","Mortgage","Vehicle",1
26043,18.25,396980,1.87,"1080296",37.67,119.02,60.2,"Salaried","Mortgage","Home_improvement",1
26052,17.75,550595,1.49,"1859336",15.84,55.19,44,"Salaried","Mortgage","Vehicle",1
26064,23.25,651263,1.42,"1866037",5.98,26.53,38.2,"Salaried","Rent","Other",1
26086,21.25,744820,0.75,"2360604",15.67,60.81,46.8,"Contract","Mortgage","Vehicle",1
26094,34.75,4779,0.52,"2666",5.17,27.86,32,"Unemployed","Rent","Debt_consolidation",1
26096,16.75,97749,1.78,"295007",25.53,80.22,55,"Salaried","Mortgage","Home_improvement",0
26100,21.25,486421,2.34,"1776818",1.98,17.28,35.9,"Salaried","Mortgage","Vehicle",1
26109,21.25,530017,1.7,"868965",24.19,80.02,59.1,"Contract","Mortgage","Vehicle",1
26132,18.75,160509,1.64,"266882",15.92,61.11,50.4,"Salaried","Rent","Vehicle",1
26135,16.75,112565,1.22,"131770",9.88,38.74,32.1,"Salaried","Mortgage","Home_improvement",0
26149,23.75,443540,2.41,"425311",35.46,116.29,67.2,"Contract","Rent","Vehicle",1
26151,22.25,762178,1.22,"2247070",27.93,98.14,51.4,"Contract","Rent","Vehicle",1
26161,17.75,99989,1.42,"348312",31.56,100.06,58,"Salaried","Mortgage","Vehicle",1
26162,29.25,2737,0.33,"3079",37.3,121.65,62.5,"Unemployed","Rent","Vehicle",1
26166,18.25,179546,1.97,"579809",37.61,127.76,67.1,"Salaried","Mortgage","Home_improvement",1
26167,22.75,1203892,1.88,"1050492",15.66,57.85,40.5,"Contract","Own","Debt_consolidation",0
26168,22.75,1064506,1.71,"3364232",6.37,27.59,39,"Contract","Mortgage","Vehicle",1
26181,19.25,352859,1.37,"802750",3.48,18.28,33.7,"Salaried","Mortgage","Vehicle",1
26187,28.75,784297,1.75,"2356488",2.05,11.42,26.5,"Contract","Rent","Other",0
26191,19.25,196814,1.32,"356388",39.65,128.97,72.9,"Salaried","Mortgage","Vehicle",0
26229,16.75,289259,1.18,"471125",9.86,42.49,35.2,"Salaried","Mortgage","Home_improvement",0
26241,35,3838,0.47,"6681",38.14,127.2,69.6,"Unemployed","Rent","Other",1
26250,20.75,589458,2.51,"298074",4.63,26.95,34.5,"Self-employed","Mortgage","Debt_consolidation",1
26256,18.25,480471,1.8,"1219207",35.24,110.67,68.8,"Salaried","Mortgage","Home_improvement",1
26259,25.25,452482,2.6,"333387",34.57,110.09,62,"Self-employed","Rent","Other",1
26274,35,2083,0.49,"1885",6.69,25.96,30.7,"Unemployed","Rent","Debt_consolidation",0
26278,33.25,2197,0.42,"1283",0.11,8.56,28.7,"Unemployed","Rent","Debt_consolidation",0
26287,19.25,613640,1.59,"1718997",7.48,35.21,39.6,"Salaried","Own","Debt_consolidation",0
26288,19.75,1005088,1.54,"383181",20.95,69.07,55.5,"Contract","Rent","Vehicle",0
26292,24.25,615524,2.12,"2058055",27.96,90.3,62.5,"Contract","Own","Debt_consolidation",0
26308,19.25,486102,1.68,"1615516",7.4,30.38,40.9,"Salaried","Own","Debt_consolidation",0
26310,23.75,696340,2.34,"1116809",37.24,116.19,61.1,"Contract","Rent","Vehicle",1
26323,16.75,331271,0.9,"1044461",20.91,76.59,52,"Salaried","Mortgage","Home_improvement",0
26333,18.75,679977,1.7,"2209320",10.5,42.76,33.1,"Salaried","Rent","Vehicle",1
26350,35,5520,0.56,"19077",38.19,120.93,61.4,"Unemployed","Rent","Debt_consolidation",1
26359,16.75,244650,1.65,"670096",15.75,54.19,49,"Salaried","Mortgage","Home_improvement",0
26360,25.25,1469451,2.03,"4407782",6.03,25.45,33,"Self-employed","Rent","Other",1
26367,21.25,226102,1.85,"722414",23.62,78.04,49.5,"Contract","Mortgage","Vehicle",1
26370,18.75,818261,1.95,"1256935",25.76,79.66,52.1,"Self-employed","Mortgage","Home_improvement",0
26375,18.25,501400,1.51,"1270300",34.75,116.19,65.7,"Salaried","Mortgage","Home_improvement",1
26387,21.25,544536,1.37,"1058663",0.01,13.92,32,"Salaried","Mortgage","Vehicle",0
26404,21.75,700523,1.3,"1980726",25.68,88.07,55.2,"Salaried","Rent","Other",1
26443,18.75,658281,1.78,"2385696",20.68,70.68,54.7,"Salaried","Rent","Vehicle",0
26501,20.25,158042,1.63,"346895",1.3,18.99,30.4,"Salaried","Mortgage","Home_improvement",1
26504,23.75,3590556,2.14,"6413945",10.36,36.63,44.4,"Self-employed","Rent","Other",1
26513,19.25,497773,1.55,"319689",15.37,54.77,37.5,"Salaried","Rent","Other",1
26521,21.25,604171,1.77,"1577358",4.93,31.43,27.6,"Self-employed","Mortgage","Vehicle",0
26523,19.25,257480,0.86,"201762",7,28.53,36.5,"Salaried","Own","Debt_consolidation",0
26525,23.75,3154391,1.88,"10855570",8.44,33.59,42.1,"Self-employed","Rent","Other",1
26529,21.75,413087,1.33,"860194",24.4,84.38,48.6,"Salaried","Rent","Other",0
26534,18.75,327465,1.54,"877669",15.69,60.43,41.5,"Salaried","Rent","Vehicle",1
26561,21.75,1446597,2.16,"2539619",33.11,105.01,55.3,"Self-employed","Mortgage","Debt_consolidation",1
26567,23.75,3036720,1.38,"9686445",28.63,92.94,57.6,"Self-employed","Rent","Other",0
26578,19.25,133333,1.57,"487907",4,21.22,30.6,"Salaried","Mortgage","Vehicle",1
26579,21.25,973922,1.34,"982568",38.37,126.38,70.5,"Self-employed","Mortgage","Vehicle",0
26582,25.25,489378,1.99,"760696",3.9,24.6,32.2,"Self-employed","Rent","Other",0
26584,18.75,850734,1.76,"1209754",8.43,31.95,36.7,"Salaried","Rent","Vehicle",0
26600,24.75,805138,1.24,"1669318",1.19,8.87,23.8,"Self-employed","Mortgage","Vehicle",0
26607,20.75,199543,1.78,"639362",33.29,107.65,66.5,"Salaried","Own","Debt_consolidation",1
26612,19.25,422360,1.4,"1501483",13.26,50.52,47.6,"Salaried","Own","Debt_consolidation",0
26613,19.75,2024522,2.26,"2947562",21.88,70.15,55.1,"Self-employed","Mortgage","Vehicle",1
26624,18.25,425757,1.31,"644369",5.77,28.16,29.7,"Salaried","Mortgage","Home_improvement",0
26631,23.25,881331,1.66,"884139",12.5,47.97,39.6,"Contract","Mortgage","Debt_consolidation",0
26632,18.75,460129,1.62,"1034316",30.29,98.44,57.6,"Salaried","Rent","Vehicle",1
26641,28.75,964565,1.9,"2939143",1.79,16.03,24.9,"Self-employed","Rent","Other",1
26643,21.75,497895,1.62,"536851",15.86,64.74,39.9,"Salaried","Rent","Other",0
26650,35,7248,0.55,"26300",37.49,123.97,65.8,"Unemployed","Rent","Debt_consolidation",1
26651,18.75,454942,2.01,"1724882",27.17,96.17,58.8,"Salaried","Rent","Vehicle",0
26656,18.75,224041,2.45,"346709",18.94,68.29,47.5,"Salaried","Rent","Vehicle",0
26672,35,5019,0.56,"4175",38.9,125.09,69,"Unemployed","Rent","Debt_consolidation",1
26687,24.25,316971,1.68,"1078062",33.94,114.13,64.7,"Contract","Own","Debt_consolidation",1
26703,18.75,181506,1.49,"505275",27.1,92.14,56.9,"Salaried","Rent","Vehicle",1
26708,21.75,333342,1.7,"740583",6.02,26.37,28.9,"Contract","Mortgage","Home_improvement",0
26713,35,2713,0.46,"5940",2.69,14.36,31.1,"Unemployed","Rent","Vehicle",0
26726,23.75,3057648,1.57,"3584255",14.4,52.96,41.5,"Self-employed","Rent","Other",0
26727,25.25,2356964,1.68,"7376388",26.97,89.1,61,"Self-employed","Rent","Other",1
26734,21.75,317923,1.83,"311085",8.43,34.34,32.8,"Salaried","Rent","Other",1
26735,22.75,1107001,1.05,"2033672",15.82,58.8,44,"Contract","Own","Debt_consolidation",0
26742,18.25,542892,1.6,"1863409",32.65,109.94,60.7,"Salaried","Mortgage","Home_improvement",0
26749,21.25,768047,1.22,"2468055",31.51,104.13,54.5,"Contract","Mortgage","Vehicle",1
26757,22.75,725843,2.28,"521726",6.6,31.69,38.8,"Contract","Mortgage","Vehicle",0
26775,17.75,644510,1.34,"2096710",21.61,75.23,55.6,"Salaried","Mortgage","Vehicle",0
26779,20.75,694321,1.69,"1647097",4.61,28.31,33.9,"Salaried","Own","Debt_consolidation",0
26781,30.25,3069,0.34,"4465",2.54,17.06,31.8,"Unemployed","Rent","Home_improvement",1
26808,35,3035,0.57,"2086",11.07,38.2,36.2,"Unemployed","Rent","Debt_consolidation",1
26828,21.25,194155,1.15,"419671",19.59,67.74,46.5,"Contract","Mortgage","Vehicle",1
26838,22.25,907711,1.59,"3177226",14.68,53.56,47.9,"Contract","Rent","Vehicle",0
26840,35,1836,0.48,"4324",2.81,22.22,29.7,"Unemployed","Rent","Home_improvement",1
26861,18.75,402706,1.43,"602402",20.05,73.85,53.8,"Salaried","Rent","Vehicle",0
26867,17.75,493086,1.71,"1537975",22.78,80.14,44.9,"Salaried","Mortgage","Vehicle",0
26882,23.75,178421,1.83,"162826",30.18,103.34,60.6,"Contract","Rent","Vehicle",1
26886,23.25,273207,1.25,"333474",30.27,97.6,62.6,"Salaried","Rent","Other",0
26915,19.25,163503,0.87,"560754",36.99,122.19,70.5,"Salaried","Mortgage","Vehicle",1
26921,35,4706,0.64,"13535",0.73,9.28,28.8,"Unemployed","Rent","Home_improvement",1
26944,21.25,859510,2.24,"2984819",8.31,39.23,40.5,"Contract","Mortgage","Vehicle",1
26949,19.25,2537405,2.06,"1670571",17.5,68.86,44,"Self-employed","Mortgage","Debt_consolidation",1
26950,22.75,398258,1.27,"1002842",1,17.34,29,"Salaried","Own","Debt_consolidation",0
26951,35,4405,0.59,"15233",4.85,23.43,34.9,"Unemployed","Rent","Debt_consolidation",1
26957,23.75,298183,1.41,"235298",0.03,8.89,22.1,"Salaried","Rent","Vehicle",0
26958,23.75,1222466,1.68,"957562",11.96,46.73,41.3,"Self-employed","Rent","Other",1
26974,16.75,824397,1.85,"2763599",27.96,93.88,55.9,"Salaried","Mortgage","Home_improvement",1
26977,21.25,408014,1.26,"816516",0.58,6.76,32.8,"Salaried","Mortgage","Vehicle",0
26985,18.25,156958,1.4,"196690",36.79,122.15,61.8,"Salaried","Mortgage","Home_improvement",1
26988,35,3725,0.46,"10740",17.41,57.91,41.2,"Unemployed","Rent","Debt_consolidation",1
26994,20.25,1636814,1.75,"2909047",34.15,111.22,62.9,"Self-employed","Mortgage","Home_improvement",1
27009,17.75,533550,1.21,"1527525",27,92.99,54,"Salaried","Mortgage","Vehicle",1
27018,17.75,306047,1.29,"1089211",32.26,106.61,56.3,"Salaried","Mortgage","Vehicle",0
27026,18.25,376623,1.57,"1290923",28.56,101.82,61.2,"Salaried","Mortgage","Home_improvement",0
27042,22.75,1339550,1.94,"3564016",4.93,24.9,34.3,"Self-employed","Own","Debt_consolidation",1
27050,16.25,796625,1.85,"419559",15.45,53.02,44.4,"Salaried","Rent","Vehicle",0
27069,23.25,506324,1.46,"553047",5.75,30.04,40.5,"Salaried","Rent","Other",0
27071,20.25,244130,1.36,"502623",27.15,91.94,61.2,"Salaried","Rent","Vehicle",1
27074,13.75,654073,1.84,"213169",17.3,63.69,41.9,"Salaried","Mortgage","Vehicle",0
27083,21.25,322882,2.26,"700598",16.01,59.64,41.2,"Contract","Mortgage","Vehicle",1
27089,21.25,1461920,1.88,"1137868",30.85,103.26,62.6,"Self-employed","Mortgage","Vehicle",0
27090,16.25,686131,1.57,"329864",30.27,99.47,55.2,"Salaried","Rent","Vehicle",1
27092,20.75,182116,1.69,"319436",6.96,28.6,40,"Salaried","Own","Debt_consolidation",1
27093,23.75,715946,1.44,"2587031",15.24,51.11,49.6,"Self-employed","Rent","Other",0
27100,19.75,1072428,1.82,"3304524",19.75,70.87,44.6,"Self-employed","Mortgage","Vehicle",1
27104,25.25,965544,1.81,"2401069",39.2,125.16,68.9,"Self-employed","Rent","Other",0
27117,20.25,511604,2.33,"1271925",5.15,30.29,33.3,"Self-employed","Mortgage","Home_improvement",1
27134,18.25,785387,1.64,"1178247",30.31,104.76,65.1,"Salaried","Mortgage","Home_improvement",1
27135,20.25,2796445,1.94,"2152941",39.08,127.69,63.1,"Self-employed","Mortgage","Home_improvement",1
27145,23.25,1317841,1.33,"1627126",27.69,99.38,50.8,"Contract","Mortgage","Debt_consolidation",1
27157,23.25,171867,0.92,"498160",39.81,131.52,70.5,"Salaried","Rent","Other",0
27168,16.75,411790,0.53,"998117",18.79,66.95,45.4,"Salaried","Mortgage","Home_improvement",0
27171,21.75,162597,0.92,"255375",15.04,52.65,47.7,"Salaried","Rent","Other",1
27174,19.75,715455,1.28,"1649871",12.49,46.09,43,"Self-employed","Mortgage","Vehicle",1
27178,20.75,366313,1.28,"838398",4.2,22.48,31.1,"Salaried","Own","Debt_consolidation",0
27184,15.75,377675,1.2,"183568",29.47,99.51,60.2,"Salaried","Mortgage","Home_improvement",0
27185,23.75,147738,0.48,"511488",5.87,29.04,31.2,"Contract","Rent","Vehicle",1
27196,22.25,859489,2,"2835971",20.53,71.7,48.9,"Contract","Rent","Vehicle",1
27197,16.25,788850,1.38,"494903",15.44,53.06,48.3,"Self-employed","Mortgage","Home_improvement",1
27200,35,3118,0.5,"8628",17.95,63.35,49.2,"Unemployed","Rent","Debt_consolidation",1
27205,17.75,615684,1.82,"1842578",12.61,38.19,38.4,"Salaried","Mortgage","Vehicle",0
27209,21.25,1695616,1.27,"5292155",8.55,40.79,35,"Self-employed","Own","Debt_consolidation",1
27222,19.25,210560,0.85,"233645",31.98,104.68,66.9,"Salaried","Mortgage","Vehicle",1
27227,35,1794,0.58,"6294",14.52,54.06,38.1,"Unemployed","Rent","Debt_consolidation",1
27240,35,4218,0.7,"10567",19.09,68.98,46.2,"Unemployed","Rent","Debt_consolidation",1
27246,21.25,684842,1.19,"1606850",8.51,40.38,36.1,"Self-employed","Own","Debt_consolidation",1
27253,18.75,1487195,1.29,"2500442",12.55,50.1,38.1,"Self-employed","Mortgage","Home_improvement",1
27256,27.25,808059,1.64,"819240",1.46,11.48,32.3,"Self-employed","Rent","Other",0
27268,32.25,3701,0.42,"13538",15.67,57.63,43,"Unemployed","Rent","Debt_consolidation",0
27275,17.75,346062,1.61,"773368",25.82,81.88,59.2,"Salaried","Mortgage","Vehicle",1
27287,21.25,518413,2.08,"544836",20.84,74.95,48.4,"Self-employed","Own","Debt_consolidation",1
27290,18.75,510088,1.85,"1214748",13.04,47.75,46.5,"Salaried","Rent","Vehicle",1
27301,18.75,246007,1.71,"592088",16.95,60.97,47.5,"Salaried","Rent","Vehicle",0
27313,18.75,109182,1.4,"329513",18.5,66.63,40.7,"Salaried","Rent","Vehicle",1
27321,23.25,441471,1.36,"1511410",39.93,126.87,63.7,"Salaried","Rent","Other",1
27353,22.25,199668,1.79,"514260",2.38,16.97,27,"Salaried","Rent","Vehicle",0
27356,17.75,148930,1.44,"551639",27.21,91.35,51.2,"Salaried","Mortgage","Vehicle",1
27359,23.25,506528,1.49,"487747",38.23,126.37,72.8,"Salaried","Rent","Other",0
27361,16.75,795211,1.82,"2761039",20.12,69.26,49.2,"Salaried","Mortgage","Home_improvement",0
27370,20.25,267342,1.29,"326431",38.01,125.44,63.7,"Salaried","Rent","Vehicle",0
27371,35,5158,0.58,"11115",25.25,84.34,57.3,"Unemployed","Rent","Debt_consolidation",1
27373,25.25,1903995,1.79,"3580842",39.82,130.99,71.4,"Self-employed","Rent","Other",1
27397,21.75,666550,0.95,"2038421",17.01,55.24,40,"Salaried","Rent","Other",0
27400,21.75,222264,1.6,"487079",37.27,124.27,60.2,"Contract","Mortgage","Home_improvement",1
27403,31.25,6114,0.35,"9157",27.44,88.2,61.5,"Unemployed","Rent","Debt_consolidation",0
27413,34.75,3628,0.48,"2242",6.72,28.07,35.9,"Unemployed","Rent","Debt_consolidation",0
27424,19.25,296453,0.88,"323712",31.52,105.53,61.7,"Salaried","Mortgage","Vehicle",0
27429,20.25,224939,1.1,"629609",36.03,119.57,70.6,"Salaried","Rent","Vehicle",1
27430,21.25,553936,2.43,"1575796",31.68,111.45,65.9,"Self-employed","Mortgage","Vehicle",1
27440,21.75,565436,0.81,"446811",21.01,74.32,45.5,"Salaried","Rent","Other",0
27444,18.25,567572,1.51,"2038922",4.92,21.63,29.8,"Salaried","Mortgage","Home_improvement",0
27452,35,1822,0.57,"2201",18.25,66.06,43,"Unemployed","Rent","Debt_consolidation",0
27457,18.75,189546,1.47,"347287",14.36,56.95,46.7,"Salaried","Rent","Vehicle",1
27465,15.25,128801,1.02,"72266",22.63,79.3,49.3,"Salaried","Mortgage","Vehicle",0
27473,19.25,392541,1.18,"525939",10.89,41.21,34.7,"Salaried","Own","Debt_consolidation",0
27483,21.75,94057,1.53,"113342",7.69,37.1,42,"Salaried","Rent","Other",1
27492,14.25,372145,1.46,"148149",11.27,41.7,39.8,"Salaried","Mortgage","Home_improvement",0
27494,35,1293,0.57,"2055",23.51,81.3,52,"Unemployed","Rent","Debt_consolidation",1
27501,20.75,643734,1.25,"2219420",35.55,112.78,70.4,"Salaried","Own","Debt_consolidation",1
27517,30.25,7372,0.5,"3781",26.94,95.11,53,"Unemployed","Rent","Home_improvement",0
27521,23.75,2720622,0.96,"4418088",18.32,70.65,49.2,"Self-employed","Rent","Other",0
27527,17.75,272248,1.74,"542682",27.97,95.54,56.1,"Salaried","Mortgage","Vehicle",0
27539,17.75,291202,1.76,"674125",29.11,88.97,56.2,"Salaried","Mortgage","Vehicle",0
27543,23.25,738983,1.47,"2104754",18.27,69.81,43.5,"Contract","Mortgage","Debt_consolidation",1
27549,23.75,4085954,1.13,"6579974",13.76,52.28,45.7,"Self-employed","Rent","Other",0
27555,15.25,564987,1.5,"189021",14,54.4,45.6,"Salaried","Mortgage","Vehicle",1
27562,18.75,312554,1.54,"640947",21.95,77.24,46.2,"Salaried","Rent","Vehicle",1
27580,18.75,552229,1.04,"1089090",7.58,30.55,30,"Salaried","Rent","Vehicle",0
27608,17.75,742621,1.44,"2037906",35.21,113.91,59.8,"Salaried","Mortgage","Vehicle",0
27611,20.25,654935,0.83,"2217939",0.68,16.14,33.2,"Salaried","Mortgage","Home_improvement",1
27621,21.75,989962,2.33,"1492415",37.75,122.1,67.9,"Contract","Mortgage","Home_improvement",1
27627,17.75,397682,1.68,"955554",33.41,107.71,60,"Salaried","Mortgage","Vehicle",0
27671,18.75,94903,1.52,"346902",17.87,63.67,52.5,"Salaried","Rent","Vehicle",0
27699,19.75,2615489,1.56,"8669947",28.5,90.69,54.3,"Self-employed","Mortgage","Vehicle",0
27707,16.75,308898,1.81,"578744",18.73,67.17,47.9,"Salaried","Mortgage","Home_improvement",0
27730,17.75,677498,1.77,"2475040",17.96,62.44,43,"Salaried","Mortgage","Vehicle",1
27734,16.75,452986,1.49,"960315",17.82,67.76,43.3,"Salaried","Mortgage","Home_improvement",0
27749,23.25,183626,1.62,"185914",21.4,78.05,53.5,"Contract","Mortgage","Debt_consolidation",1
27756,18.75,124172,1.8,"460501",23.42,82.74,55.9,"Salaried","Rent","Vehicle",0
27765,21.25,686528,2.16,"2520793",33.45,105.67,59.5,"Contract","Mortgage","Vehicle",1
27767,16.75,552369,1.22,"1112877",32.78,110.45,56.8,"Salaried","Mortgage","Home_improvement",1
27768,23.25,359203,1.16,"1316976",33.95,112.46,63.2,"Salaried","Rent","Other",1
27772,19.25,466483,1.87,"393568",3.8,18.08,26.9,"Salaried","Mortgage","Vehicle",0
27790,20.25,300963,1.99,"963803",27.69,93.27,61.4,"Salaried","Rent","Vehicle",1
27806,18.75,132933,1.28,"170791",13.97,52.29,38.4,"Salaried","Rent","Vehicle",1
27810,16.75,216498,1.35,"235342",25.88,84.62,51.8,"Salaried","Mortgage","Home_improvement",0
27814,17.75,558256,1.42,"397610",23.41,79.47,54.7,"Salaried","Mortgage","Vehicle",1
27818,17.75,365914,1.48,"1062894",28.84,96.63,57.5,"Salaried","Mortgage","Vehicle",0
27858,21.25,1079593,1.78,"2313871",6.77,30.99,39.6,"Self-employed","Mortgage","Vehicle",0
27865,19.25,380995,1.45,"1395576",24.59,86.27,52.8,"Salaried","Own","Debt_consolidation",0
27872,19.25,241549,1.84,"775156",32.03,102.23,65.8,"Salaried","Mortgage","Vehicle",0
27887,20.25,2424879,2.04,"3235608",34.04,111.01,68.3,"Self-employed","Mortgage","Home_improvement",1
27901,17.75,295744,1.16,"814692",26.34,81.85,50,"Salaried","Mortgage","Vehicle",0
27905,17.75,234936,1.31,"467100",27.06,91.84,58.2,"Salaried","Mortgage","Vehicle",0
27923,21.25,1510864,1.85,"2375464",8.06,35.35,36.8,"Self-employed","Own","Debt_consolidation",0
27954,16.25,319290,1.68,"194249",17.47,66.58,40.6,"Salaried","Rent","Vehicle",0
27957,18.75,276287,1.38,"844256",22.86,78.36,46,"Salaried","Rent","Vehicle",0
27963,23.75,937735,1.65,"3383318",8.04,37.94,42.1,"Self-employed","Rent","Other",1
27966,21.75,319741,1.74,"1097415",4.45,19.77,31.7,"Contract","Mortgage","Home_improvement",0
27968,19.75,3828231,2.03,"8799260",17.25,56.85,50.8,"Self-employed","Mortgage","Vehicle",1
27977,17.75,82065,1.25,"167059",16.24,58.56,43.1,"Salaried","Mortgage","Vehicle",0
27978,34.75,5491,0.5,"6417",22.84,79.11,57.7,"Unemployed","Mortgage","Debt_consolidation",0
27981,35,1749,0.46,"1854",7.79,32.63,33,"Unemployed","Rent","Debt_consolidation",1
27985,20.25,186948,1.35,"607859",5.49,32.93,28.6,"Salaried","Rent","Vehicle",0
27986,18.75,474032,1.44,"256482",11.24,43.34,44.6,"Contract","Mortgage","Vehicle",0
27994,17.75,188611,1.31,"314395",15.37,50.71,46.5,"Salaried","Mortgage","Vehicle",0
28010,18.25,355496,1.17,"766359",27.27,88.73,61.8,"Salaried","Mortgage","Home_improvement",1
28013,26.75,379706,1.51,"1065306",37.35,119.7,68.3,"Contract","Rent","Other",1
28024,23.25,363045,1.28,"403816",37.19,116.68,67.6,"Salaried","Rent","Other",0
28029,18.25,331402,1.74,"807651",5.34,23.15,30.2,"Salaried","Mortgage","Home_improvement",0
28034,19.25,384289,1.45,"585420",36.72,117.61,68.5,"Salaried","Mortgage","Vehicle",1
28047,21.75,129545,1.08,"415365",30.02,105.7,58.6,"Salaried","Rent","Other",0
28052,17.75,468847,1.51,"855351",20.94,72.63,54.4,"Salaried","Mortgage","Vehicle",1
28058,19.25,305159,1.62,"1084021",3.9,19.4,32,"Salaried","Mortgage","Vehicle",1
28065,18.75,337091,1.53,"631193",16.92,56.32,48.4,"Salaried","Rent","Vehicle",1
28069,17.75,672123,1.59,"1690464",23.08,79.96,47.7,"Salaried","Mortgage","Vehicle",0
28077,18.25,345801,1.33,"1172574",37.7,120.01,60.4,"Salaried","Mortgage","Home_improvement",1
28079,21.25,476721,1.07,"467058",1.66,15.17,29.9,"Salaried","Mortgage","Vehicle",0
28086,18.25,476519,1.72,"1539802",32.32,110.91,60.5,"Salaried","Mortgage","Home_improvement",0
28090,16.75,227585,1.75,"837621",22.78,79,47.5,"Salaried","Mortgage","Home_improvement",0
28110,21.25,528940,1.37,"295678",20.76,74.86,51.8,"Self-employed","Rent","Other",0
28137,22.75,694739,0.81,"2361261",39.39,128.63,70.2,"Contract","Mortgage","Vehicle",0
28149,23.75,663299,1.52,"764325",1.33,17.26,23.9,"Salaried","Rent","Vehicle",1
28155,21.75,418788,1.15,"1507430",20.06,70.76,51.2,"Salaried","Rent","Other",1
28162,22.75,883990,1.8,"1540348",8.05,30.12,41.3,"Contract","Own","Debt_consolidation",1
28178,22.25,779193,2.1,"1870888",21.75,78.58,51.2,"Contract","Rent","Vehicle",0
28183,23.25,391747,1.41,"1255671",34.02,110.67,65.5,"Salaried","Rent","Other",0
28195,18.75,1194825,1.83,"3832321",9.48,37.34,41.2,"Self-employed","Mortgage","Home_improvement",0
28198,19.75,508123,1.1,"1301199",13.47,53.17,35.8,"Self-employed","Mortgage","Vehicle",1
28209,16.75,518997,1.42,"1209458",23.72,81.34,50.8,"Salaried","Mortgage","Home_improvement",1
28210,21.25,1397607,1.87,"3649636",36.15,113.51,63.5,"Self-employed","Mortgage","Vehicle",1
28220,16.75,156278,1.47,"182287",33.51,112.87,58.1,"Salaried","Mortgage","Home_improvement",1
28242,20.25,860543,1.85,"355416",35.49,119.08,59.8,"Contract","Own","Debt_consolidation",1
28265,21.75,768843,1.74,"1591920",34.74,122.27,61.2,"Contract","Mortgage","Home_improvement",1
28280,19.75,759335,2.21,"2528584",27.19,94.04,52.9,"Self-employed","Mortgage","Vehicle",1
28282,16.75,601922,1.76,"1837030",16.96,54.95,50.6,"Salaried","Mortgage","Home_improvement",1
28291,18.25,641849,1.44,"797037",3.28,18.23,29,"Salaried","Mortgage","Home_improvement",0
28310,16.75,259815,0.98,"809670",9.22,38.96,35.8,"Salaried","Mortgage","Home_improvement",0
28326,18.75,789791,1.45,"1065030",31.67,106.94,58.6,"Salaried","Rent","Vehicle",1
28333,15.25,557454,1.64,"201449",22.58,77.77,48.9,"Salaried","Mortgage","Vehicle",1
28362,20.25,162765,1.47,"513731",35.75,116.57,70.6,"Salaried","Rent","Vehicle",1
28378,25.25,679346,1.54,"1200204",33.46,110.66,63.7,"Self-employed","Rent","Other",1
28379,23.25,397470,1.47,"1330857",34.63,118.51,68.6,"Salaried","Rent","Other",1
28394,15.25,389164,1.25,"203102",31.36,108.8,59.4,"Salaried","Mortgage","Vehicle",1
28403,19.25,409009,1.4,"744002",20.88,67.16,44.4,"Salaried","Own","Debt_consolidation",0
28414,19.25,286770,1.88,"952070",33.11,105.95,65.4,"Salaried","Mortgage","Vehicle",1
28456,22.25,1973505,1.85,"4337543",2.03,18.01,27.7,"Self-employed","Mortgage","Home_improvement",1
28472,16.75,130479,1.31,"441265",24.79,90.04,51.4,"Salaried","Mortgage","Home_improvement",1
28474,18.75,2016561,1.29,"4625447",10.85,46.55,41.3,"Self-employed","Mortgage","Home_improvement",0
28485,18.75,142167,1.45,"517420",17.7,58.94,45.4,"Salaried","Rent","Vehicle",0
28497,19.25,418243,1.57,"1222129",33.43,106.37,57.5,"Salaried","Own","Debt_consolidation",0
28512,22.75,220830,1.29,"695961",2.88,19.11,26.7,"Salaried","Own","Debt_consolidation",0
28514,19.25,1353492,2.01,"655419",34.47,117.07,57,"Self-employed","Mortgage","Debt_consolidation",1
28524,18.25,371089,1.43,"879616",34.13,114.36,69.1,"Salaried","Mortgage","Home_improvement",0
28525,23.25,123919,1.43,"322778",3.64,23.51,32.3,"Salaried","Rent","Other",0
28539,18.75,236304,1.61,"571751",31.78,107.34,58.6,"Salaried","Rent","Vehicle",1
28541,20.25,1751735,2.11,"1835488",3.61,20.69,33.7,"Self-employed","Mortgage","Home_improvement",0
28546,22.25,833599,1.36,"883494",17.15,58.05,42.2,"Contract","Rent","Vehicle",1
28550,16.75,285272,1.48,"660251",13.49,53.54,41.2,"Salaried","Mortgage","Home_improvement",0
28570,18.25,278028,1.2,"337154",35.55,119.35,61.1,"Salaried","Mortgage","Home_improvement",1
28572,25.25,1078155,2.46,"1856873",1.9,14.51,25.6,"Self-employed","Mortgage","Debt_consolidation",1
28582,19.75,583737,1.86,"299020",27.43,91.49,56.3,"Contract","Rent","Vehicle",1
28604,33.75,4493,0.41,"6784",4.39,22.79,30.7,"Unemployed","Rent","Debt_consolidation",0
28631,16.75,538655,1.03,"654274",17.62,62.47,41.1,"Salaried","Mortgage","Home_improvement",1
28644,18.75,327868,1.74,"593957",16.82,59.98,41.5,"Salaried","Rent","Vehicle",1
28647,20.25,784394,1.24,"740634",6.41,30.13,33.1,"Salaried","Rent","Vehicle",0
28660,18.75,219414,1.67,"785666",32.95,112.09,59.7,"Salaried","Rent","Vehicle",1
28664,19.25,250964,1.85,"357299",22.29,76.28,49.8,"Salaried","Own","Debt_consolidation",1
28665,19.75,1845614,1.93,"4424301",11.49,42.86,34.9,"Self-employed","Mortgage","Vehicle",1
28676,23.75,1316748,1.7,"4382466",19.14,69.93,45.7,"Self-employed","Rent","Other",1
28685,16.75,423580,1.78,"354656",31.74,107.08,58.4,"Salaried","Mortgage","Home_improvement",1
28686,17.75,326331,1.28,"377066",30.01,106.28,54.5,"Salaried","Mortgage","Vehicle",0
28698,18.75,477085,2.11,"1808114",17.25,65.07,43.6,"Salaried","Rent","Vehicle",0
28701,27.25,260140,1.05,"674116",0.88,12.11,24.8,"Contract","Rent","Vehicle",0
28706,18.75,190120,1.75,"142081",27.95,94.77,50.6,"Salaried","Rent","Vehicle",0
28751,19.25,162718,0.77,"207261",23.28,76.52,52.1,"Salaried","Own","Debt_consolidation",1
28756,16.75,472995,1.62,"681303",27.85,93.76,54.3,"Salaried","Mortgage","Home_improvement",1
28757,20.25,526314,1.99,"469414",8.09,34.77,37.6,"Contract","Mortgage","Home_improvement",0
28766,23.25,2825639,2.08,"5299725",6.25,28.66,32.3,"Self-employed","Mortgage","Debt_consolidation",0
28769,34.75,4266,0.5,"2726",2.76,13.65,36.7,"Unemployed","Rent","Vehicle",0
28773,19.25,218425,1.14,"386027",11.14,46.25,40.6,"Salaried","Own","Debt_consolidation",0
28790,16.75,571788,1.44,"462601",26.82,94.11,52,"Salaried","Mortgage","Home_improvement",1
28791,20.25,269151,1.37,"897999",1.24,14.28,28.7,"Salaried","Mortgage","Home_improvement",1
28794,19.25,261944,0.99,"810656",20.62,68.03,51.3,"Salaried","Own","Debt_consolidation",1
28807,19.25,215145,0.98,"485846",11.22,44.46,33.6,"Salaried","Own","Debt_consolidation",0
28813,17.75,791901,1.31,"2503521",24.75,84.14,57.6,"Salaried","Mortgage","Vehicle",1
28825,17.75,286385,2.15,"748481",23.8,81.23,55.7,"Salaried","Mortgage","Vehicle",1
28827,33.25,2329,0.62,"1021",11.9,48.11,36.6,"Unemployed","Rent","Debt_consolidation",0
28833,18.75,718591,1.7,"1617167",15.39,56.77,38.5,"Salaried","Rent","Vehicle",1
28834,18.75,3054406,2.06,"6018083",27.62,92.78,58.7,"Self-employed","Mortgage","Home_improvement",0
28836,20.25,316438,1.37,"639724",1.88,14.26,32.3,"Salaried","Mortgage","Home_improvement",1
28844,18.75,142467,1.58,"188976",35.56,115.52,58.2,"Salaried","Rent","Vehicle",1
28863,26.75,1095675,1.73,"1796446",31.24,105.51,63.7,"Contract","Rent","Other",1
28871,23.75,2268675,1.77,"5769956",27.96,93.65,57.7,"Self-employed","Rent","Other",0
28914,32.25,6004,0.42,"5528",16.3,56.41,41.2,"Unemployed","Rent","Debt_consolidation",1
28938,21.25,460627,1.3,"159566",10.99,42.76,45.8,"Self-employed","Rent","Other",0
28944,23.25,3610333,1.98,"9523406",37.34,124.13,67.3,"Self-employed","Mortgage","Debt_consolidation",1
28945,21.75,1023395,1.87,"1607786",4.43,23.03,34.6,"Contract","Mortgage","Home_improvement",1
28951,20.75,392254,1.56,"862580",3.22,13.97,37.4,"Salaried","Own","Debt_consolidation",1
28959,21.75,293312,1.08,"563405",15.25,51.11,42.4,"Salaried","Rent","Other",0
28960,19.25,477255,1.52,"1094269",38.83,124.87,65,"Salaried","Mortgage","Vehicle",0
28982,16.75,349612,1.7,"937224",25.33,89.01,52.1,"Salaried","Mortgage","Home_improvement",0
28983,18.75,363477,2,"236713",19.11,66.51,43.6,"Contract","Mortgage","Vehicle",1
28995,17.75,415260,1.38,"831351",36.04,116.86,58.4,"Salaried","Mortgage","Vehicle",1
29005,21.25,712225,1,"482817",29.94,98.24,63.1,"Self-employed","Mortgage","Vehicle",1
29018,19.25,418429,1.95,"1099812",38.65,128.65,60.8,"Salaried","Mortgage","Vehicle",1
29020,32.25,2702,0.43,"4382",22.31,74.57,50.6,"Unemployed","Rent","Debt_consolidation",1
29025,23.75,2336096,1.68,"8162821",14.85,53.12,41,"Self-employed","Rent","Other",0
29039,17.75,333272,1.46,"278291",21.83,75.13,49.1,"Salaried","Mortgage","Vehicle",0
29045,18.75,400036,1.72,"1201105",9.59,43.48,33.3,"Salaried","Rent","Vehicle",1
29056,21.75,337035,1.2,"382715",9.49,39.91,39.8,"Salaried","Rent","Other",0
29057,18.25,619836,1.45,"1321497",38.53,133.33,73.5,"Salaried","Mortgage","Home_improvement",1
29062,19.25,629267,1.83,"2188079",37.33,120.3,63.1,"Salaried","Mortgage","Vehicle",0
29071,22.75,2754278,1.38,"2516163",6.28,27.01,38,"Self-employed","Own","Debt_consolidation",0
29092,28.75,503862,1.79,"1118638",0.65,11.92,23,"Self-employed","Rent","Other",1
29093,20.25,1910380,1.79,"6374199",37.1,120.63,62.5,"Self-employed","Mortgage","Home_improvement",1
29096,20.25,791346,1.89,"2566082",17.24,57.99,41.5,"Contract","Mortgage","Home_improvement",1
29097,23.75,3720356,1.41,"6967643",29.83,101.22,53.2,"Self-employed","Rent","Other",1
29102,16.75,479178,1.79,"734716",16.75,64.08,40.1,"Salaried","Mortgage","Home_improvement",0
29113,35,4787,0.63,"8540",38.38,124.76,72,"Unemployed","Rent","Other",1
29127,23.25,525042,1.13,"1324132",27.41,94.82,55.5,"Contract","Mortgage","Debt_consolidation",1
29136,20.25,321812,1.45,"784047",38.89,130.02,66,"Salaried","Rent","Vehicle",1
29141,20.25,408146,1.45,"478238",5.98,27.82,29.3,"Salaried","Rent","Vehicle",0
29151,25.25,1552775,1.51,"3051607",4.37,22.53,36.1,"Self-employed","Rent","Other",1
29156,23.75,788371,1.62,"743893",39.21,127.61,68.6,"Contract","Rent","Vehicle",1
29160,20.25,419372,1.54,"1546281",37.08,123.82,71.6,"Salaried","Rent","Vehicle",1
29171,18.25,266680,1.52,"380009",35.23,116.59,60.3,"Salaried","Mortgage","Home_improvement",0
29176,35,3138,0.51,"10475",17.46,62.14,44.4,"Unemployed","Rent","Other",1
29179,19.25,462256,1.55,"1210476",10.92,44.35,36.1,"Salaried","Own","Debt_consolidation",0
29192,25.75,1078101,2,"2382789",0.43,17.56,32.7,"Contract","Rent","Vehicle",1
29201,20.25,319348,1.81,"613400",4.52,26.95,37.5,"Salaried","Rent","Vehicle",0
29205,17.75,505167,1.26,"1758645",10.94,48.04,45.7,"Salaried","Mortgage","Vehicle",0
29253,19.75,626253,1.5,"1842273",13.41,49.41,42.3,"Self-employed","Mortgage","Vehicle",0
29259,23.25,960077,1.26,"2398240",24.6,88.72,54.8,"Contract","Mortgage","Debt_consolidation",1
29277,20.25,372244,1.28,"826162",27.65,90.97,61.2,"Salaried","Rent","Vehicle",1
29280,22.75,1285990,2.65,"4130491",30.49,96.43,63.9,"Self-employed","Own","Debt_consolidation",1
29290,21.25,3112208,1.02,"10135558",14.03,55.02,47.1,"Self-employed","Own","Debt_consolidation",1
29308,20.25,427402,1.47,"1493515",35.49,119.25,70.3,"Salaried","Rent","Vehicle",1
29311,16.75,369024,1.73,"661861",10.59,41.28,41.8,"Salaried","Mortgage","Home_improvement",0
29326,19.25,260568,1.3,"289482",35.88,116.69,65.8,"Salaried","Mortgage","Vehicle",0
29339,18.75,442877,1.11,"1541377",10.91,37.04,35.3,"Salaried","Rent","Vehicle",0
29359,20.25,541872,1.6,"1311233",4.62,20.19,39.5,"Salaried","Rent","Vehicle",0
29366,17.25,226431,1.99,"77673",14.43,59.06,43.7,"Self-employed","Mortgage","Vehicle",0
29373,18.25,218980,1.7,"445038",5.33,23.42,39,"Salaried","Mortgage","Home_improvement",0
29377,20.25,520937,1.94,"755884",35.48,114.97,67.2,"Salaried","Rent","Vehicle",1
29383,16.75,178656,1.73,"442822",15.34,57.6,45.6,"Salaried","Mortgage","Home_improvement",0
29384,20.25,107446,1.49,"113726",30.74,104.19,61.6,"Salaried","Rent","Vehicle",0
29404,35,1917,0.54,"5181",12.55,41.22,42.3,"Unemployed","Rent","Debt_consolidation",0
29415,21.25,785129,2.67,"2405854",20.06,68.79,49.6,"Contract","Mortgage","Vehicle",0
29422,18.25,437634,1.2,"755091",39.89,132.83,68.4,"Salaried","Mortgage","Home_improvement",1
29452,22.25,740074,1.49,"1569494",2.52,15.22,36,"Salaried","Rent","Vehicle",0
29455,16.75,206414,1.57,"406927",26.81,90.81,54.8,"Salaried","Mortgage","Home_improvement",0
29458,18.25,208664,0.9,"695049",31.95,103.76,61.8,"Salaried","Mortgage","Home_improvement",0
29485,19.75,3009523,1.84,"10672407",7.11,31.74,39.4,"Self-employed","Mortgage","Vehicle",0
29487,23.25,476940,1.33,"739364",36.26,121.77,68,"Salaried","Rent","Other",0
29489,19.75,679913,1.68,"409210",11.8,45.62,45.1,"Contract","Rent","Vehicle",1
29498,16.75,630661,1.47,"1963506",13.89,51.61,36.3,"Salaried","Mortgage","Home_improvement",0
29502,20.25,683378,1.8,"2417642",37.52,124.32,63.6,"Salaried","Rent","Vehicle",1
29511,19.25,287552,1.73,"998382",39.67,124.81,64.2,"Salaried","Mortgage","Vehicle",1
29517,21.25,1991155,1.66,"2267891",19.95,65.15,54,"Self-employed","Own","Debt_consolidation",0
29537,35,3561,0.48,"10444",13.3,48.34,37,"Unemployed","Rent","Debt_consolidation",1
29543,18.75,621158,1.51,"1076586",9.12,40.62,44,"Salaried","Rent","Vehicle",1
29551,20.25,823013,1.37,"1346744",38.03,121.97,70.3,"Salaried","Rent","Vehicle",0
29562,17.75,257673,1.83,"942155",24.53,84.37,56.2,"Salaried","Mortgage","Vehicle",0
29563,19.75,1025795,1.71,"3447269",23.37,84.64,55.6,"Self-employed","Mortgage","Vehicle",0
29565,27.25,898329,1.86,"1788546",2.63,19.75,33.9,"Self-employed","Rent","Other",1
29566,15.75,215979,1.81,"108469",34.34,105.44,66.9,"Salaried","Mortgage","Home_improvement",1
29576,19.25,161289,1.79,"320659",13.73,52.81,47.3,"Salaried","Own","Debt_consolidation",1
29582,20.25,392772,1.63,"1264031",33.24,109.25,61.9,"Salaried","Rent","Vehicle",1
29592,18.75,2163909,0.84,"6608607",15.71,58.96,38,"Self-employed","Mortgage","Home_improvement",1
29605,20.25,305402,1.29,"826171",4.96,22.08,35.8,"Salaried","Rent","Vehicle",0
29621,21.25,111544,1.52,"292545",1.2,12.49,33,"Salaried","Mortgage","Vehicle",0
29627,16.75,585731,1.45,"1969129",15.75,52.1,40.2,"Salaried","Mortgage","Home_improvement",1
29637,16.75,258130,1.31,"944022",9.11,37.63,40.7,"Salaried","Mortgage","Home_improvement",0
29639,16.75,153181,1.29,"224695",24.03,85.51,51,"Salaried","Mortgage","Home_improvement",0
29681,21.75,386383,1.22,"410649",18.54,72.47,51.9,"Salaried","Rent","Other",0
29683,23.75,1312148,1.68,"4751216",33.86,114.22,57.1,"Self-employed","Rent","Other",1
29695,30.25,5886,0.44,"12161",33.75,105.4,58.9,"Unemployed","Rent","Vehicle",0
29698,17.75,552099,1.23,"560073",12.01,49.06,34.6,"Salaried","Mortgage","Vehicle",0
29703,17.75,479648,1.69,"1633264",31.66,103.96,56.7,"Salaried","Mortgage","Vehicle",1
29712,23.75,1938596,2.36,"2384958",7.57,33.64,37.9,"Self-employed","Rent","Other",1
29723,22.25,509335,2.04,"1468576",2.89,17.16,34.4,"Salaried","Rent","Vehicle",1
29732,35,2003,0.53,"3321",29.4,100.46,53.9,"Unemployed","Rent","Debt_consolidation",1
29740,16.75,338231,1.44,"398899",18.85,66.42,49.7,"Salaried","Mortgage","Home_improvement",0
29742,21.75,1458572,2.51,"5187899",10.67,43.23,34.5,"Self-employed","Mortgage","Debt_consolidation",1
29744,19.25,657892,1.62,"1411821",37,119.87,70.7,"Salaried","Mortgage","Vehicle",0
29749,18.75,303197,1.41,"172312",0.44,9.96,29.7,"Salaried","Mortgage","Vehicle",0
29752,17.75,434899,1.1,"1441934",20.11,69.75,52.3,"Salaried","Mortgage","Vehicle",0
29764,17.75,572546,1.77,"1612792",17.21,64.62,52.2,"Salaried","Mortgage","Vehicle",0
29781,18.25,262796,1.3,"258295",32.88,104.2,64,"Salaried","Mortgage","Home_improvement",1
29791,17.75,913301,1.42,"432008",7.87,29.67,37.7,"Contract","Mortgage","Home_improvement",1
29792,35,2689,0.65,"3597",15.9,49.65,38.1,"Unemployed","Rent","Debt_consolidation",1
29802,20.25,533148,1.17,"1473169",35.87,117.34,62.6,"Salaried","Rent","Vehicle",1
29812,19.75,665433,1.76,"1541978",7.01,36.47,38.2,"Self-employed","Mortgage","Vehicle",1
29825,20.25,464668,1.22,"1523817",0.89,13.35,35,"Salaried","Mortgage","Home_improvement",1
29834,18.25,182551,1.66,"97078",39.86,134.03,71.7,"Salaried","Own","Debt_consolidation",1
29836,18.75,483011,1.12,"1056680",12.01,43.09,40.2,"Salaried","Rent","Vehicle",0
29864,25.25,1185643,1.67,"3764361",25.67,84.2,58.2,"Contract","Rent","Other",1
29879,23.25,413433,1.23,"1309628",3.41,27.28,36.5,"Salaried","Rent","Other",1
29890,19.25,182815,1.3,"296422",4.15,21.63,34.4,"Salaried","Mortgage","Vehicle",1
29894,18.75,547212,1.84,"990608",12.07,46.77,46.1,"Salaried","Rent","Vehicle",1
29903,19.75,2995814,2.39,"7232274",25.6,84.48,55.2,"Self-employed","Mortgage","Vehicle",1
29905,21.75,303876,1.55,"366977",19.75,64.72,44.7,"Salaried","Rent","Other",1
29929,18.75,567537,1.56,"337838",2.43,14.78,31.5,"Salaried","Mortgage","Vehicle",0
29932,30.25,6403,0.4,"15542",10.3,38.11,33.9,"Unemployed","Rent","Vehicle",1
29940,20.25,600530,1.98,"566883",34.36,110.62,62.8,"Salaried","Rent","Vehicle",1
29944,25.25,2263241,1.48,"3011614",5.35,23.53,27.7,"Self-employed","Rent","Other",0
29945,20.75,426895,1.62,"661580",28.69,98.15,63.3,"Salaried","Own","Debt_consolidation",0
29946,21.75,579336,1.8,"1801767",15.39,57.71,50.3,"Salaried","Rent","Other",1
29967,19.25,207343,1.83,"750458",27.63,93.05,56,"Salaried","Own","Debt_consolidation",0
29972,17.75,253832,1.49,"533650",7,33.46,30.4,"Salaried","Mortgage","Vehicle",0
29992,31.25,2976,0.36,"4006",28.16,94.96,62.3,"Unemployed","Rent","Debt_consolidation",1
29994,22.75,250005,1.21,"565174",1.85,20.63,28.4,"Salaried","Own","Debt_consolidation",0
29999,23.25,225139,1.66,"310523",35.31,114.9,63.8,"Salaried","Rent","Other",1
30002,25.25,789999,1.5,"998516",15.63,57.61,47.4,"Contract","Rent","Other",1
30026,20.75,1902905,1.6,"929565",37.11,119.84,62.8,"Self-employed","Mortgage","Debt_consolidation",1
30028,16.75,430337,0.98,"1193585",13.34,51.57,39.6,"Salaried","Mortgage","Home_improvement",1
30030,17.75,167102,2.02,"121316",20.23,69.21,48.7,"Salaried","Mortgage","Vehicle",0
30037,14.25,325404,1.2,"155739",9.15,39.85,39.2,"Salaried","Mortgage","Home_improvement",1
30038,20.75,370578,1.36,"716579",37.5,120.38,70,"Salaried","Own","Debt_consolidation",1
30041,16.75,597430,1.89,"621587",9.28,34.28,42.5,"Salaried","Mortgage","Home_improvement",1
30060,18.25,603328,1.56,"1414897",35.55,112.88,66.8,"Salaried","Mortgage","Home_improvement",0
30061,23.75,955906,1.45,"2547994",5.43,19.88,37.3,"Contract","Rent","Vehicle",1
30090,19.25,384729,1.16,"741674",25.58,81.2,55.1,"Salaried","Own","Debt_consolidation",0
30094,19.25,666275,1.38,"2083928",27.26,88.4,56.6,"Salaried","Own","Debt_consolidation",1
30102,23.75,2043832,1.05,"7016632",17.38,59.88,43.4,"Self-employed","Rent","Other",1
30132,20.25,618604,1.48,"2323460",5.27,30.44,36,"Salaried","Rent","Vehicle",0
30135,23.25,1962502,1.34,"5284590",3.89,17.91,31.6,"Self-employed","Mortgage","Debt_consolidation",1
30137,16.75,652771,1.84,"1349572",36.31,117.47,58.8,"Salaried","Mortgage","Home_improvement",0
30138,18.25,301193,1.43,"702288",31.1,99.26,62.9,"Salaried","Mortgage","Home_improvement",0
30156,18.75,307012,1.16,"1006071",27.09,88.28,49.3,"Salaried","Rent","Vehicle",1
30166,35,4906,0.52,"10662",35.3,117.6,58.4,"Unemployed","Rent","Debt_consolidation",1
30194,18.75,2060308,1.9,"7251178",18.77,67.76,42.2,"Self-employed","Mortgage","Home_improvement",1
30205,16.25,747947,1.83,"309818",18.74,68.21,52.5,"Salaried","Rent","Vehicle",1
30215,16.75,397608,1.26,"178762",31.05,108.37,54.7,"Salaried","Own","Debt_consolidation",1
30238,16.75,360907,1.99,"576377",14.96,50.12,47.2,"Salaried","Mortge","Home_improvement",0
30245,16.75,167683,1.42,"488640",7.93,37.09,34.7,"Salaried","Mortgage","Home_improvement",0
30246,21.75,1019792,0.61,"2523598",13.09,49.1,40.1,"Self-employed","Mortgage","Debt_consolidation",0
30248,18.25,543716,1.68,"819153",39.02,135.93,69.6,"Salaried","Mortgage","Home_improvement",1
30267,19.25,457160,1.74,"929396",28.8,96.65,62.4,"Salaried","Mortgage","Vehicle",1
30284,17.75,129687,1.14,"381048",33.74,109.53,56.5,"Salaried","Mortgage","Vehicle",0
30295,23.75,2955897,2.5,"10051189",32.03,105.97,54.9,"Self-employed","Rent","Other",1
30314,17.75,462631,1.35,"636526",31.85,104.23,58.2,"Salaried","Mortgage","Vehicle",1
30323,20.25,480901,1.9,"1757311",36.94,116.53,65,"Salaried","Rent","Vehicle",1
30329,18.75,114069,1.09,"350021",17.72,59.45,40.9,"Salaried","Rent","Vehicle",1
30338,25.25,402042,1.52,"962575",0.12,10.83,31.7,"Salaried","Rent","Other",0
30341,12.75,348722,1.55,"115927",7.21,34.51,34.2,"Salaried","Mortgage","Home_improvement",0
30359,16.75,739743,1.72,"1684936",17.25,60.05,50.8,"Salaried","Mortgage","Home_improvement",0
30416,18.75,690014,1.33,"500651",25.02,84.17,51.5,"Salaried","Rent","Vehicle",1
30424,33.75,2350,0.44,"6245",35.91,115.43,65.2,"Unemployed","Rent","Debt_consolidation",1
30425,23.75,1693111,2.18,"5738189",27.32,89.82,57,"Self-employed","Rent","Other",1
30438,16.75,374134,1.7,"860710",30.15,100.63,56.5,"Salaried","Mortgage","Home_improvement",1
30439,32.25,5951,0.41,"6122",26.47,92.64,53,"Unemployed","Rent","Debt_consolidation",1
30445,30.25,7421,0.47,"4897",26.27,86.13,48.9,"Unemployed","Rent","Home_improvement",0
30448,17.75,383778,1.06,"1181245",16.27,62.97,43.2,"Salaried","Mortgge","Vehicle",0
30454,18.75,359163,1.44,"667029",11.3,43.25,37,"Salaried","Rent","Vehicle",0
30461,35,2391,0.59,"5386",18.24,68.74,48.4,"Unemployed","Rent","Debt_consolidation",1
30464,16.75,457768,1.35,"1223469",17.04,59.92,43.1,"Salaried","Mortgage","Home_improvement",0
30480,21.75,3255868,1.76,"11058300",27.56,89.31,51.8,"Self-employed","Mortgage","Debt_consolidation",0
30489,18.75,168893,1.43,"305064",29.73,100.28,59,"Salaried","Rent","Vehicle",1
30508,15.75,191361,0.79,"120713",3.89,21.29,32,"Salaried","Mortgage","Home_improvement",0
30511,23.75,2771015,1.28,"7122569",32.04,108.95,58.5,"Self-employed","Rent","Other",1
30532,21.25,1088279,2,"3304533",35.69,113.53,69.6,"Self-employed","Mortgage","Vehicle",1
30536,18.75,477939,1.7,"1051553",10.28,38.51,41.8,"Salaried","Rent","Vehicle",0
30551,20.25,187240,1.33,"481658",18.4,63.42,42.3,"Contract","Mortgage","Home_improvement",1
30561,23.75,1848627,1.5,"3258482",32.51,103.55,54.5,"Self-employed","Rent","Other",1
30564,16.25,325591,1.28,"195842",22.4,75.42,45.6,"Salaried","Rent","Vehicle",0
30565,25.25,332957,1.59,"932393",39.02,128.56,69.3,"Self-employed","Rent","Other",1
30567,16.75,219687,1.26,"516209",16.61,54.26,47.1,"Salaried","Mortgage","Home_improvement",0
30570,25.25,426848,1.56,"339455",2.47,15.12,32.7,"Salaried","Rent","Other",0
30589,23.75,1675573,1.37,"2855036",27.93,92.42,51.5,"Self-employed","Rent","Other",1
30592,23.25,1371859,2.38,"2053637",1.71,9.99,25,"Self-employed","Mortgage","Vehicle",1
30606,16.75,231616,0.7,"629594",29.97,99.99,53.6,"Salaried","Mortgage","Home_improvement",0
30613,18.25,722369,1.77,"2027788",3.49,22.28,32.1,"Salaried","Mortgage","Home_improvement",1
30618,25.25,484754,1.38,"1663557",0.15,12.97,32.2,"Salaried","Rent","Other",0
30622,23.25,203287,1.76,"495127",32.18,102.69,63.7,"Salaried","Rent","Other",1
30624,20.25,332110,1.59,"663611",38.55,126.28,61.4,"Salaried","Rent","Vehicle",1
30626,19.25,525119,1.77,"1002502",36.41,118.28,65.5,"Salaried","Mortgage","Vehicle",1
30629,19.25,678938,1.2,"978566",8.48,33.17,37.6,"Salaried","Own","Debt_consolidation",0
30637,25.25,446498,2.04,"1414615",14.03,48.8,43,"Contract","Rent","Other",0
30648,21.75,599014,1.41,"2100110",2.22,15.33,24.2,"Salaried","Mortgage","Home_improvement",1
30658,25.25,1002429,2.55,"1015643",34.79,113.97,65.6,"Self-employed","Rent","Other",1
30659,17.75,757264,1.52,"1261281",25.18,84.71,58.8,"Salaried","Mortgage","Vehicle",0
30660,18.75,544874,1.03,"895955",12.65,45.45,35.3,"Salaried","Rent","Vehicle",0
30663,21.75,2460582,2.76,"6352137",20.07,71.73,49,"Self-employed","Mortgage","Debt_consolidation",1
30671,20.25,286902,1.51,"819419",4.94,25.21,34.5,"Salaried","Rent","Vehicle",0
30672,19.75,1231621,1.66,"2512930",16.82,58.93,48.9,"Self-employed","Mortgage","Vehicle",1
30687,25.25,2494526,1.52,"2048690",34.17,115.84,68.1,"Self-employed","Rent","Other",0
30693,18.75,223580,1.71,"669467",21.61,73.16,50.9,"Salaried","Rent","Vehicle",0
30709,18.75,414398,1.84,"547918",12.49,49.64,43.4,"Salaried","Rent","Vehicle",1
30724,23.75,2578298,1.29,"7378334",10.24,43.12,36.2,"Self-employed","Rent","Other",0
30729,23.25,561776,1.13,"1861017",27.43,88.87,59.6,"Contract","Mortgage","Debt_consolidation",1
30732,20.75,337432,1.36,"1225115",3.93,21.03,28.3,"Salaried","Own","Debt_consolidation",0
30754,23.75,2914944,1.68,"10579567",11.21,44.8,44.8,"Self-employed","Rent","Other",1
30757,17.75,537952,1.73,"267756",37.73,126.4,63.6,"Salaried","Rent","Vehicle",1
30768,20.25,279152,1.65,"892685",35.45,118.52,64.8,"Salaried","Rent","Vehicle",0
30784,20.75,419302,1.3,"740520",6.78,29.97,37,"Salaried","Own","Debt_consolidation",0
30790,21.25,1564573,1.55,"1443972",34.89,114.12,57.6,"Self-employed","Own","Debt_consolidation",1
30809,19.25,548741,1.65,"344786",14.73,61.87,44.2,"Salaried","Rent","Other",0
30818,19.25,332411,1.59,"395727",34.16,112.97,65,"Salaried","Mortgage","Vehicle",1
30819,16.75,633908,1,"569805",18.66,71.53,43.9,"Salaried","Mortgage","Home_improvement",0
30848,23.75,1050630,2.07,"3666631",5.4,25.16,36.3,"Contract","Rent","Vehicle",1
30879,21.75,720131,0.92,"2093858",30.87,97.55,53.3,"Self-employed","Mortgage","Debt_consolidation",1
30888,18.25,80139,1.67,"264739",35.41,114.79,66.6,"Salaried","Mortgage","Home_improvement",1
30913,19.75,773734,1.96,"638480",19.35,65.99,50.8,"Self-employed","Mortgage","Vehicle",0
30928,18.75,684924,1.58,"2149683",18.46,62.31,43.6,"Salaried","Rent","Vehicle",0
30936,21.75,2138921,1.21,"6352598",10.96,41.88,43.5,"Self-employed","Mortgage","Debt_consolidation",0
30941,24.25,450866,1.54,"1169162",2.17,17.01,24.5,"Salaried","Own","Debt_consolidation",0
30967,18.75,732582,1.33,"1756785",10.18,35.94,40,"Salaried","Rent","Vehicle",0
30970,17.75,324987,1.11,"378772",18.65,60.04,44.3,"Salaried","Mortgage","Vehicle",0
30973,16.75,412338,1.75,"1111363",32.09,108.15,57.8,"Salaried","Mortgage","Home_improvement",1
30983,22.75,1590076,2.25,"3761685",5.57,24.1,40.4,"Self-employed","Own","Debt_consolidation",0
30987,18.25,271596,1.86,"438036",32.16,109.91,63.2,"Salaried","Mortgage","Home_improvement",1
30988,21.75,259688,1.37,"558773",15.98,67.57,40.1,"Salaried","Rent","Other",0
31013,25.25,2826530,1.93,"9507520",39.49,129.67,72.4,"Self-employed","Rent","Other",1
31020,17.75,229777,1.33,"467548",22.65,77.13,54.8,"Salaried","Mortgage","Vehicle",1
31031,25.25,660461,2.32,"800770",3.64,26.26,36.9,"Self-employed","Rent","Other",1
31037,35,1273,0.58,"4297",27.94,92.15,60,"Unemployed","Rent","Debt_consolidation",1
31038,16.75,336078,2,"1156778",24.82,85.27,46.9,"Salaried","Mortgage","Home_improvement",1
31051,21.25,589174,1.35,"2014825",36.71,120.67,63,"Self-employed","Mortgage","Vehicle",1
31069,16.75,285301,1.22,"872751",7.45,27.79,33.2,"Salaried","Mortgage","Home_improvement",1
31074,16.75,423610,1.65,"1366045",27.46,93.69,58.1,"Salaried","Mortgage","Home_improvement",0
31079,22.25,1420819,1.56,"1764598",29.85,103.04,56.1,"Contract","Rent","Vehicle",1
31084,35,5420,0.46,"19646",11.96,48.28,42.2,"Unemployed","Rent","Other",1
31107,16.75,258983,1.32,"550074",21.25,72.27,55.3,"Salaried","Mortgage","Home_improvement",0
31137,21.75,1252131,2.06,"3294810",28.31,94.76,55.5,"Self-employed","Mortgage","Debt_consolidation",1
31141,17.75,303641,1.48,"654073",13.84,52.65,45.3,"Salaried","Mortgage","Vehicle",0
31151,35,3838,0.52,"3158",38.77,129.27,64.3,"Unemployed","Rent","Debt_consolidation",1
31160,17.75,351876,1.89,"327058",10.95,40.4,38.1,"Salaried","Mortgage","Vehicle",0
31178,25.25,681196,1.75,"2241608",10.24,38.34,36.9,"Contract","Rent","Other",1
31201,17.75,214645,0.86,"77043",4.71,29.07,35.5,"Salaried","Rent","Vehicle",1
31202,23.75,3130346,1.62,"7402678",19.49,64.85,47.7,"Self-employed","Rent","Other",0
31205,15.25,155762,1.71,"67748",9.19,35.24,35.8,"Salaried","Mortgage","Vehicle",0
31211,16.75,345021,1.68,"697487",28.57,94.53,53.3,"Salaried","Mortgage","Home_improvement",1
31236,18.25,184281,2.07,"226413",36.1,118.81,61.6,"Salaried","Mortgage","Home_improvement",0
31244,19.25,244785,2.08,"618525",38.97,127.21,70.9,"Salaried","Mortgage","Vehicle",1
31245,14.25,446158,1.58,"173550",34.66,117.56,58.8,"Salaried","Mortgage","Home_improvement",1
31248,22.25,204370,1.56,"379190",0.58,18.11,28.7,"Salaried","Rent","Vehicle",1
31253,18.75,1743793,2.18,"1125934",15.02,50.5,37.4,"Self-employed","Own","Debt_consolidation",0
31255,21.25,561048,2.06,"739558",13.19,46.86,39.9,"Contract","Mortgage","Vehicle",1
31258,18.75,400296,1.23,"639534",12.7,45.16,42,"Salaried","Rent","Vehicle",1
31259,20.25,1605836,1.84,"4440788",38.27,127.64,64.5,"Self-employed","Mortgage","Home_improvement",1
31260,25.25,660134,1.89,"1953915",2.53,22.28,32.7,"Salaried","Rent","Other",1
31261,23.75,2376325,1.42,"2893085",19.16,69.34,53.2,"Self-employed","Rent","Other",0
31271,21.25,2251697,1.61,"5753419",14.77,54.6,39.6,"Self-employed","Own","Debt_consolidation",1
31276,24.25,547594,1.37,"1939077",1.5,16.42,24.6,"Salaried","Own","Debt_consolidation",1
31315,19.75,2002062,2.32,"1850140",13.35,50.09,47.4,"Self-employed","Mortgage","Vehicle",0
31329,21.25,2432917,1.37,"7572643",4.25,19.12,34.8,"Self-employed","Mortgage","Vehicle",0
31337,16.75,708175,1.39,"1088664",29.78,98.54,54.8,"Salaried","Mortgage","Home_improvement",0
31340,18.75,1083093,1.22,"1752442",10.73,36.17,43.8,"Self-employed","Mortgage","Home_improvement",0
31354,22.25,296007,1.86,"425061",24.84,85.36,55.5,"Contract","Rent","Vehicle",1
31386,23.25,156509,2.38,"578998",23.57,83.55,54.1,"Contract","Mortgage","Debt_consolidation",1
31392,18.25,402247,1.17,"1050705",5.23,28.29,31.7,"Salaried","Mortgage","Home_improvement",1
31396,18.75,397273,1.25,"539230",13.25,43.72,44.5,"Salaried","Rent","Vehicle",0
31422,19.25,418687,1.68,"690176",37.84,124.09,71.5,"Salaried","Mortgage","Vehicle",0
31433,16.75,270712,1.03,"828582",9.89,35.61,36.6,"Salaried","Mortgage","Home_improvement",0
31435,23.75,865370,1.3,"2506515",12.29,43.13,40.5,"Self-employed","Rent","Other",0
31446,32.25,5613,0.4,"12138",17.77,63.54,52.5,"Unemployed","Rent","Debt_consolidation",1
31454,16.25,188290,1.54,"67057",30.17,102.35,53.9,"Salaried","Rent","Vehicle",0
31456,23.75,1211619,1.74,"2462678",18.85,67.26,41.4,"Self-employed","Rent","Other",1
31461,33.25,8107,0.76,"2983",20.86,71.61,46.5,"Unemployed","Rent","Debt_consolidation",1
31470,21.25,1200777,1.36,"769934",14.41,50.45,45.3,"Self-employed","Rent","Other",1
31479,19.25,455751,0.97,"1593046",33.84,111.09,57.1,"Salaried","Own","Debt_consolidation",1
31494,17.75,576532,1.41,"1383889",8.96,34.11,38.9,"Salaried","Mortgage","Vehicle",1
31498,18.75,572152,1.21,"1485650",18.86,67.91,41.9,"Salaried","Rent","Vehicle",1
31499,18.25,591699,1.62,"1969122",4.56,23.48,30.5,"Salaried","Mortgage","Home_improvement",0
31510,16.75,529546,1.35,"1734567",20.39,70.6,52.6,"Salaried","Mortgage","Home_improvement",0
31516,18.75,1406975,1.77,"578701",34.6,109.45,64.6,"Self-employed","Mortgage","Vehicle",1
31518,35,9598,0.61,"16745",29.81,98.69,58.7,"Unemployed","Rent","Debt_consolidation",1
31523,23.25,664206,1.68,"1900933",27.72,96.55,54.4,"Contract","Mortgage","Debt_consolidation",1
31537,23.75,872630,1.48,"2527306",20.86,70.49,48.7,"Self-employed","Rent","Other",1
31566,18.75,569506,2.12,"1510012",21.07,71.7,53.9,"Salaried","Rent","Vehicle",1
31569,23.75,474228,1.69,"1068144",17.77,65.76,45.8,"Self-employed","Rent","Other",1
31576,22.25,171548,1.35,"333563",0.38,12.08,30.5,"Salaried","Rent","Vehicle",1
31580,18.75,521671,2.12,"923371",19.58,73.62,50,"Salaried","Rent","Vehicle",1
31582,35,6580,0.6,"17324",22.88,75.32,48.6,"Unemployed","Rent","Debt_consolidation",0
31585,17.75,140011,1.74,"528853",31.67,107.4,58.9,"Salaried","Mortgage","Vehicle",1
31589,24.25,397232,1.97,"568682",33.15,112.96,67.7,"Contract","Own","Debt_consolidation",0
31590,19.25,300143,1.44,"1056242",5.79,27.9,40.7,"Salaried","Mortgage","Vehicle",0
31596,18.25,390659,1.64,"587009",37.05,118.81,71.1,"Salaried","Mortgage","Home_improvement",0
31635,17.75,393382,1.27,"196764",1.85,15.87,34.3,"Salaried","Mortgage","Home_improvement",1
31638,35,8109,0.57,"3845",36.32,125.86,65.7,"Unemployed","Rent","Other",1
31643,19.25,212172,1.14,"472035",39.76,127.01,73.2,"Salaried","Mortgage","Vehicle",0
31647,17.75,361272,2.08,"302322",13.08,46.48,38.8,"Salaried","Mortgage","Vehicle",1
31648,14.25,374169,1.62,"232768",34.25,113.04,58.1,"Salaried","Mortgage","Home_improvement",1
31651,23.75,1199342,1.19,"1747966",34.94,113.02,58,"Self-employed","Rent","Other",1
31658,20.75,364848,1.3,"530863",31.47,109.36,61.2,"Salaried","Own","Debt_consolidation",1
31670,33.75,7328,0.46,"9923",14.28,59.02,37.4,"Unemployed","Rent","Vehicle",0
31673,19.25,545731,1.59,"647226",27.78,98.1,55.2,"Salaried","Own","Debt_consolidation",1
31677,20.25,1425063,1.58,"3735891",33.55,107.58,64.5,"Self-employed","Mortgage","Home_improvement",0
31685,16.75,321314,1.82,"789912",20.1,69.65,48.2,"Salaried","Mortgage","Home_improvement",0
31688,18.75,309151,1.26,"380723",23.82,79.22,50,"Salaried","Rent","Vehicle",1
31692,21.75,165601,1.15,"528242",21.53,78.35,54.4,"Salaried","Rent","Other",1
31693,19.75,930364,1.78,"689909",13.85,49.69,39.3,"Self-employed","Mortgage","Vehicle",0
31695,20.75,519947,1.36,"373521",35.19,112.23,67.7,"Salaried","Own","Debt_consolidation",1
31696,20.75,454348,1.42,"159458",9.64,37.95,41.5,"Contract","Mortgage","Debt_consolidation",0
31705,15.25,300829,1.56,"192093",12.52,49.79,46,"Salaried","Mortgage","Vehicle",0
31708,19.75,807585,1.44,"951188",28.65,93.01,56.2,"Self-employed","Mortgage","Vehicle",0
31716,21.75,259815,1.3,"193687",23.49,74.82,54.3,"Salaried","Rent","Other",0
31732,21.25,592492,2.08,"1976862",27.31,88.82,56.3,"Contract","Mortgage","Vehicle",0
31740,17.75,579676,1.71,"2075719",11.11,43.86,40,"Salaried","Mortgage","Vehicle",0
31742,18.75,318565,1.65,"233553",24.87,85.48,54.5,"Salaried","Rent","Vehicle",1
31752,17.75,351342,1.36,"1315429",8.74,34.14,33.5,"Salaried","Mortgage","Vehicle",0
31761,19.25,371699,1.62,"888791",21.36,73.5,54.5,"Salaried","Own","Debt_consolidation",1
31762,17.75,607349,1.72,"356512",5.33,24.2,38.4,"Salaried","Rent","Vehicle",0
31772,19.25,231619,1.47,"458676",39.73,130.97,65,"Salaried","Mortgage","Vehicle",1
31774,18.75,185558,1.44,"464094",24.32,84.45,52.2,"Salaried","Rent","Vehicle",1
31780,21.75,1575224,2.41,"3526493",16.21,59.72,42.6,"Self-employed","Mortgage","Debt_consolidation",1
31794,17.75,354391,1.06,"1145019",24.31,85.92,55.6,"Salaried","Mortgage","Vehicle",0
31796,16.75,268974,1.36,"354662",16.02,56.06,42.3,"Salaried","Mortgage","Home_improvement",1
31809,32.25,2925,0.41,"3804",23.09,71.42,45.5,"Unemployed","Rent","Debt_consolidation",1
31812,19.25,214496,1.06,"664786",10.52,36.78,42.4,"Salaried","Own","Debt_consolidation",1
31846,17.75,661675,1.4,"2420920",29.11,97.86,58.1,"Salaried","Mortgage","Vehicle",1
31849,18.75,246232,1.31,"200640",17.3,60.25,45.6,"Salaried","Rent","Vehicle",0
31853,16.75,599717,1.4,"1369756",18.62,67.62,43.4,"Salaried","Mortgage","Home_improvement",1
31864,35,3631,0.46,"10724",31.46,108.46,54.4,"Unemployed","Rent","Debt_consolidation",0
31871,23.75,1804942,1.59,"4126101",8.05,33.44,39.6,"Self-employed","Rent","Other",0
31874,20.25,641592,1.37,"2003031",32.75,110.47,65.7,"Salaried","Rent","Vehicle",1
31875,32.25,8968,0.42,"30683",14.16,50.66,47.2,"Unemployed","Rent","Debt_consolidation",0
31880,19.25,659414,1.44,"374640",19.43,68.33,53.3,"Salaried","Rent","Other",1
31881,35,5525,0.58,"10031",31.22,110.89,58,"Unemployed","Rent","Debt_consolidation",1
31907,35,5478,0.51,"10010",27.41,96.08,59.1,"Unemployed","Rent","Other",1
31908,18.75,209310,1.43,"471061",14.51,53.8,46.4,"Salaried","Rent","Vehicle",0
31918,19.25,312976,1.7,"840514",29.89,100.94,58.2,"Salaried","Own","Debt_consolidation",1
31920,25.25,1664056,1.48,"5278356",6.08,28.3,38.5,"Self-employed","Rent","Other",1
31923,20.25,354657,0.87,"913090",4.6,20.46,36.7,"Salaried","Rent","Vehicle",0
31925,18.75,481949,1.74,"401599",10.61,42.98,38.4,"Salaried","Rent","Vehicle",0
31927,19.25,334879,1.54,"749964",16.83,60.56,39,"Salaried","Own","Debt_consolidation",0
31932,16.75,330895,1.23,"558008",17.08,60.19,39.2,"Salaried","Mortgage","Home_improvement",1
31934,19.75,2780266,2.26,"2379524",16.15,58.36,43.7,"Self-employed","Mortgag","Vehicle",0
31943,18.25,294070,1.92,"300522",4.76,25.25,35.4,"Salaried","Mortgage","Home_improvement",0
31948,16.75,603167,1.65,"2089809",24.12,82.38,55.1,"Salaried","Mortgage","Home_improvement",0
31951,23.75,1409926,1.61,"1476037",31.95,103.4,58.1,"Self-employed","Rent","Other",0
31960,18.25,296945,1.56,"467409",34.12,110.82,61.3,"Salaried","Mortgage","Home_improvement",0
31978,23.75,2861437,1.85,"9701537",31.21,103.16,54.5,"Self-employed","Rent","Other",1
31983,18.75,707344,1.39,"497538",28.32,95.74,59.6,"Salaried","Rent","Vehicle",1
31993,19.25,324609,1.42,"798456",39.73,129.32,70.2,"Salaried","Mortgage","Vehicle",1
31999,23.75,1937966,2.27,"1421000",29.5,102.24,52.6,"Self-employed","Rent","Other",1
32011,18.75,487176,1.07,"1656459",13.4,51.24,48.1,"Salaried","Rent","Vehicle",0
32018,21.75,600167,2.43,"607837",27.18,92.22,62,"Contract","Mortgage","Home_improvement",1
32020,16.75,99645,1.28,"317846",16.31,59.96,39.2,"Salaried","Mortgage","Home_improvement",1
32023,18.75,593344,1.44,"1270598",24.96,89.05,58.9,"Salaried","Rent","Vehicle",0
32031,18.25,786156,1.3,"2559047",37.9,115.04,70.3,"Salaried","Mortgage","Home_improvement",0
32038,24.75,254735,1.31,"906718",2.69,16.6,36.2,"Contract","Mortgage","Vehicle",0
32048,25.25,3290482,1.77,"8843616",37.6,125.03,62.9,"Self-employed","Rent","Other",1
32055,16.75,286120,1.29,"904052",8.33,37.64,39.6,"Salaried","Mortgage","Home_improvement",0
32056,19.25,399047,1.78,"561553",6.95,32.53,35.4,"Salaried","Mortgage","Vehicle",0
32083,18.25,203020,1.07,"152937",37.09,123.24,61.3,"Salaried","Mortgage","Home_improvement",0
32084,30.75,4796,0.37,"2651",25,86.43,54.1,"Unemployed","Rent","Other",1
32115,18.75,243246,2.06,"538106",11.95,46.66,42.7,"Salaried","Rent","Vehicle",0
32117,20.75,133831,1.36,"90909",38.29,123.06,65.7,"Salaried","Own","Debt_consolidation",1
32124,16.75,382034,1.43,"950020",10.34,41.94,34.9,"Salaried","Mortgage","Home_improvement",0
32149,25.25,2239897,1.9,"6236181",5.99,23.21,29.9,"Self-employed","Rent","Other",1
32160,16.75,282457,1.5,"934108",17.61,64.37,44.7,"Salaried","Mortgage","Home_improvement",1
32193,14.25,722146,1.49,"257452",19.71,68.67,53.3,"Salaried","Mortgage","Home_improvement",0
32198,21.25,2172984,2.2,"5946472",37.57,123.21,69.3,"Self-employed","Mortgage","Vehicle",1
32217,23.75,649816,1.68,"1839423",19.34,72.8,47.7,"Self-employed","Rent","Other",0
32231,23.75,2511453,2.4,"8079551",23.21,80.35,54.9,"Self-employed","Rent","Other",1
32232,16.75,716659,1.38,"1053574",24.06,84.46,57.5,"Salaried","Mortgage","Home_improvement",0
32247,32.25,2039,0.41,"3427",24.03,89.09,51.4,"Unemployed","Rent","Debt_consolidation",1
32250,19.25,199830,1.38,"327912",13.99,53.6,48.3,"Salaried","Own","Debt_consolidation",1
32251,25.25,1586854,1.24,"2221857",28.15,96.99,62.9,"Self-employed","Rent","Other",0
32256,17.75,341159,0.84,"1183408",20.29,66.08,55.2,"Salaried","Mortgage","Vehicle",0
32258,19.25,446340,1.29,"1567796",23.21,77.11,52.6,"Salaried","Own","Debt_consolidation",1
32262,18.75,319579,1.01,"270870",11.23,44.08,39.4,"Salaried","Rent","Vehicle",0
32272,22.25,631968,2.15,"1899469",25.18,85.73,47.7,"Contract","Rent","Vehicle",0
32289,18.75,523019,1.36,"1205523",18.95,68.81,48.3,"Salaried","Rent","Vehicle",0
32294,19.25,486605,1.38,"1212594",32.54,103.19,61.4,"Salaried","Mortgage","Vehicle",0
32295,19.25,265886,1.98,"855331",31.54,106.45,58.4,"Salaried","Own","Debt_consolidation",0
32300,22.75,895554,1.38,"3076455",11.36,42.42,39.7,"Contract","Own","Debt_consolidation",1
32303,16.75,634148,1.83,"260982",38.36,125.64,61,"Salaried","Mortgage","Vehicle",1
32313,20.75,373347,1.59,"398064",4.24,21.44,32.6,"Salaried","Own","Debt_consolidation",1
32324,22.75,517612,1.43,"1243861",1.51,11.17,34.5,"Salaried","Own","Debt_consolidation",0
32328,19.75,1124808,1.72,"1757350",20.05,73.76,47.1,"Self-employed","Mortgage","Vehicle",0
32342,23.25,1700128,2.27,"3299547",3.15,22.46,31.5,"Self-employed","Mortgage","Debt_consolidation",0
32345,17.75,237734,1.77,"222732",19.17,64.3,43.5,"Salaried","Mortgage","Vehicle",0
32347,22.75,248595,1.33,"704777",38.16,120.81,69.6,"Contract","Mortgage","Vehicle",1
32351,17.75,564574,1.78,"1406824",13.18,46.3,40.8,"Salaried","Mortgage","Vehicle",1
32356,14.25,192399,1.93,"93616",35.87,118.92,58.6,"Salaried","Mortgage","Home_improvement",1
32382,16.75,484266,1.2,"1631379",15.75,61.06,45.2,"Salaried","Mortgage","Home_improvement",0
32391,25.25,1814831,2.15,"3152995",5.86,27.03,31.2,"Self-employed","Rent","Other",1
32402,32.75,4650,0.56,"14449",28.48,96.9,54.7,"Unemployed","Rent","Home_improvement",1
32403,17.75,372199,1.3,"994143",17.64,60.33,41.2,"Salaried","Mortgage","Vehicle",0
32410,17.25,1691175,1.99,"1023249",14.43,55.49,42.2,"Self-employed","Mortgage","Vehicle",0
32416,18.25,414128,1.34,"715982",30.04,104.82,64.9,"Salaried","Mortgage","Home_improvement",0
32419,18.75,598535,1.7,"754367",20.34,72.6,54.7,"Salaried","Rent","Vehicle",1
32420,20.25,728028,1.54,"2746819",4.35,18.51,31.7,"Self-employed","Mortgage","Home_improvement",0
32424,23.75,2426738,2.3,"7532292",30.89,104.25,57.2,"Self-employed","Rent","Other",1
32425,16.75,229464,1.19,"528258",9.79,39.9,36,"Salaried","Mortgage","Home_improvement",0
32450,21.25,1521009,0.72,"3920835",4.8,22.87,35.7,"Self-employed","Mortgage","Vehicle",1
32467,23.75,4448752,2.13,"4303660",32.45,105.45,55.3,"Self-employed","Rent","Other",1
32490,19.75,2047542,2.01,"5135305",28.11,91.66,54,"Self-employed","Mortgage","Vehicle",1
32509,19.25,401631,1.94,"556655",29.34,98.49,60.9,"Salaried","Mortgage","Vehicle",1
32518,21.25,1118608,1.87,"3950340",27.93,93.52,51.8,"Contract","Mortgage","Vehicle",1
32521,35,4576,0.56,"7027",18.78,63.96,46.2,"Unemployed","Rent","Debt_consolidation",1
32531,35,3312,0.46,"7962",27.11,90.97,50.2,"Unemployed","Rent","Other",1
32535,18.75,735684,1.39,"2734877",7.32,35.44,33,"Salaried","Rent","Vehicle",0
32541,19.25,171213,0.95,"642366",21.23,75.57,53.2,"Salaried","Own","Debt_consolidation",0
32547,35,3861,0.5,"11145",22.37,77.88,47.5,"Unemployed","Rent","Debt_consolidation",1
32578,17.75,335632,1.3,"833024",9.91,38.26,38.4,"Salaried","Mortgage","Vehicle",0
32581,21.75,282932,1.95,"761003",14.31,48.73,38.2,"Salaried","Rent","Other",1
32597,21.25,953316,1.47,"1689013",9.04,36.56,34.4,"Self-employed","Own","Debt_consolidation",0
32607,25.25,781394,1.69,"896682",37.86,121.87,71,"Self-employed","Rent","Other",1
32622,19.25,365912,1.8,"561913",25.49,84.98,59.4,"Salaried","Own","Debt_consolidation",0
32624,19.25,564767,0.74,"819019",36.5,121.85,64.7,"Salaried","Mortgage","Vehicle",0
32629,19.25,328935,1.25,"792923",35.28,112.86,64.6,"Salaried","Mortgage","Vehicle",1
32653,19.75,135239,1.8,"84681",0.36,9.96,35.3,"Salaried","Rent","Vehicle",0
32655,18.75,249031,2.25,"914857",13.02,42.11,42,"Salaried","Rent","Vehicle",1
32666,23.75,1854457,1.58,"4819850",13.39,53.25,47.1,"Self-employed","Rent","Other",1
32670,21.75,486801,1.36,"974868",20.64,70.73,49.5,"Salaried","Rent","Other",0
32672,19.25,408034,1.52,"1476051",24.1,81.9,47.6,"Salaried","Own","Debt_consolidation",0
32683,35,4494,0.53,"15750",37.78,123.17,67.6,"Unemployed","Rent","Debt_consolidation",1
32704,21.25,636502,1.26,"1046517",39.21,125.52,66.9,"Self-employed","Mortgage","Vehicle",1
32707,24.75,235042,2.06,"164652",35.06,115.96,64.9,"Contract","Mortgage","Debt_consolidation",1
32710,20.75,436363,0.95,"215289",36.04,111.53,70.4,"Salaried","Rent","Other",1
32716,18.25,457349,1.54,"764729",30.85,97.41,64.2,"Salaried","Mortgage","Home_improvement",0
32720,20.25,362409,1.68,"567832",5.1,21.79,32.9,"Salaried","Rent","Vehicle",1
32732,15.75,124170,1.36,"51668",5.68,27.12,27.9,"Salaried","Mortgage","Home_improvement",0
32743,18.25,99104,1.49,"250098",5.49,29.05,32,"Salaried","Mortgage","Home_improvement",0
32780,17.75,419773,1.43,"447529",18.66,64.16,44.2,"Salaried","Mortgage","Vehicle",1
32809,23.75,2258840,2.31,"3366858",7.37,30.52,34.6,"Self-employed","Rent","Other",1
32815,19.25,723137,1.25,"704873",31.08,107.77,58.2,"Salaried","Own","Debt_consolidation",1
32840,21.75,217750,1.75,"427757",11.79,44.74,44.7,"Salaried","Rent","Other",0
32842,18.25,360426,1.7,"424302",36.82,124.11,70.6,"Salaried","Mortgage","Home_improvement",1
32880,14.75,235404,1.21,"74242",28.1,93.95,53.9,"Salaried","Rent","Vehicle",0
32889,35,9769,0.49,"16265",26.98,95.44,55.4,"Unemployed","Rent","Debt_consolidation",1
32893,23.25,1732325,1.54,"4463331",37.12,116.56,60.8,"Self-employed","Mortgage","Debt_consolidation",1
32904,19.25,571470,1.17,"1220925",13.77,49.66,41.9,"Salaried","Own","Debt_consolidation",0
32913,23.25,393823,1.6,"1211415",4.25,22.1,27.8,"Salaried","Rent","Other",1
32914,18.75,462690,1.33,"748815",10.17,36.3,42.5,"Salaried","Rent","Vehicle",0
32928,34.75,6972,0.48,"16868",25.53,89.69,55.5,"Unemployed","Mortgage","Debt_consolidation",1
32929,35,5585,0.48,"11608",14.63,56.57,38.4,"Unemployed","Rent","Other",1
32965,16.75,662381,1.67,"986355",19.83,67.16,52.2,"Salaried","Mortgage","Home_improvement",1
32967,21.75,837259,1.86,"1624646",28.45,96.11,54.4,"Self-employed","Mortgage","Debt_consolidation",1
32973,16.75,131635,1.8,"316742",7.86,28.67,41.5,"Salaried","Mortgage","Home_improvement",0
32997,22.25,312961,2.13,"911761",7.05,26.23,41,"Contract","Rent","Vehicle",1
33010,18.75,374770,1.6,"439446",22.67,76.12,51.7,"Salaried","Rent","Vehicle",0
33016,25.25,371822,1.55,"829027",23.84,86.96,50.1,"Contract","Rent","Other",1
33018,23.25,981411,1.49,"1437960",26.34,84.4,50,"Contract","Mortgage","Debt_consolidation",1
33024,20.75,2405484,1.7,"1493726",37.44,118.63,69.7,"Self-employed","Mortgage","Debt_consolidation",1
33031,21.75,214237,2.01,"340896",16.51,62.76,42.3,"Salaried","Rent","Other",1
33038,16.75,310686,1.32,"796800",9.6,42.53,41.6,"Salaried","Mortgage","Home_improvement",0
33045,22.75,370634,1.7,"560167",2.26,16.25,31.1,"Salaried","Own","Debt_consolidation",0
33050,25.25,2600658,1.89,"6879273",39.8,129.44,67.8,"Self-employed","Rent","Other",1
33061,20.25,464379,1.14,"722990",3.4,24.01,32.2,"Salaried","Rent","Vehicle",0
33065,35,5226,0.48,"7665",37.34,119.31,72,"Unemployed","Rent","Debt_consolidation",1
33068,19.25,390759,2.18,"1467195",24.45,88.87,51.9,"Salaried","Own","Debt_consolidation",1
33069,18.75,306402,1.6,"1115588",15.25,56.49,47.9,"Salaried","Rent","Vehicle",0
33071,16.25,262651,1.8,"143403",25.08,89.24,60,"Salaried","Rent","Vehicle",0
33079,21.75,613399,2.34,"1285055",17.74,68.74,40.9,"Self-employed","Mortgage","Debt_consolidation",1
33082,18.75,266923,1.26,"249944",26.15,83.34,48.4,"Salaried","Rent","Vehicle",0
33085,33.25,5520,0.53,"2639",9.34,37.45,34.1,"Unemployed","Rent","Debt_consolidation",1
33101,21.75,313064,1.67,"1013238",24.02,79.27,55.1,"Salaried","Rent","Other",0
33109,32.25,2632,0.41,"8877",27.37,85.74,50.6,"Unemployed","Rent","Debt_consolidation",1
33119,19.25,365160,1.45,"774933",32.96,109.39,67.6,"Salaried","Mortgage","Vehicle",1
33130,18.75,422715,1.95,"575538",17.97,65.85,45.4,"Salaried","Rent","Vehicle",0
33134,19.25,372841,0.94,"1345169",21.97,75.82,47.6,"Salaried","Own","Debt_consolidation",0
33142,18.75,72906,1.52,"193759",21.26,75.77,48.1,"Salaried","Rent","Vehicle",0
33161,21.75,1546103,1.87,"4920001",21.47,76.43,52.4,"Self-employed","Mortgage","Debt_consolidation",1
33171,35,8188,0.54,"8425",38.39,125.9,61.9,"Unemployed","Rent","Debt_consolidation",1
33193,20.25,229037,1.76,"176209",38.79,126.5,67.5,"Salaried","Rent","Vehicle",1
33195,16.75,324070,1.6,"1185007",20.92,72.19,47,"Salaried","Mortgage","Home_improvement",1
33197,18.75,205132,2.21,"211182",23.5,79.47,48.6,"Salaried","Rent","Vehicle",0
33201,33.75,3790,0.37,"9702",30.66,102.71,63.3,"Unemployed","Rent","Debt_consolidation",1
33205,35,7882,0.58,"10397",32.49,106.42,62.7,"Unemployed","Rent","Debt_consolidation",1
33220,19.75,3297318,1.55,"3838225",9.83,42.42,36.9,"Self-employed","Mortgage","Vehicle",0
33228,22.25,833612,1.04,"2633792",32.56,103.48,59.3,"Contract","Rent","Vehicle",1
33231,17.75,330255,1.54,"211403",39.11,129.09,72.8,"Salaried","Rent","Vehicle",0
33241,20.25,83422,2.04,"282022",39.62,137.3,71,"Salaried","Rent","Vehicle",1
33249,35,3629,0.52,"3074",36.52,122,66.2,"Unemployed","Rent","Debt_consolidation",1
33253,16.75,303089,2.09,"481062",10.34,35.91,35.3,"Salaried","Mortgage","Home_improvement",0
33259,18.75,297429,1.41,"840914",24.64,86.57,54.2,"Salaried","Rent","Vehicle",0
33267,35,1486,0.53,"3170",11.56,43.51,42.2,"Unemployed","Rent","Debt_consolidation",1
33276,31.25,2471,0.4,"1381",36.7,117.72,64.5,"Unemployed","Rent","Debt_consolidation",0
33287,21.75,1537897,1.25,"4227718",23.24,80.15,55,"Self-employed","Mortgage","Debt_consolidation",1
33288,19.25,325904,1.47,"153303",13,48.88,40.4,"Salaried","Rent","Other",0
33296,19.25,186908,1.25,"426123",39.52,128.47,67,"Salaried","Mortgage","Vehicle",0
33306,23.25,226747,1.51,"619051",28.21,94.46,61.5,"Salaried","Rent","Other",0
33311,18.75,2240507,2.17,"4354087",11.31,45.04,39.9,"Self-employed","Mortgage","Home_improvement",0
33318,20.25,410324,1.99,"372964",3.48,20.42,35.9,"Salaried","Rent","Vehicle",1
33319,19.25,149610,1.67,"403266",34.12,118.65,63.5,"Salaried","Mortgage","Vehicle",1
33320,14.25,588627,1.63,"249746",26.75,89.62,56,"Salaried","Mortgage","Home_improvement",0
33332,28.75,2971263,1.74,"3288446",2.01,16.7,24.9,"Self-employed","Rent","Other",0
33337,17.75,212199,1.71,"785539",17.68,60.98,52.6,"Salaried","Mortgage","Vehicle",1
33352,16.75,522070,1.23,"1036414",9.6,41.19,39.2,"Salaried","Mortgage","Home_improvement",0
33361,25.25,165693,2.08,"369556",21.17,75.65,45.5,"Contract","Rent","Other",0
33367,14.25,246965,1.37,"128709",28.83,94.01,53.8,"Salaried","Mortgage","Home_improvement",0
33382,17.75,438572,1.72,"1454713",7.21,28.73,38.1,"Salaried","Mortgage","Vehicle",0
33386,16.25,223163,1.92,"142021",18.85,70.3,41.5,"Salaried","Rent","Vehicle",0
33399,20.25,2113494,2.4,"7888374",38.59,128.71,69.2,"Self-employed","Mortgage","Home_improvement",1
33403,22.75,366978,1.84,"1157703",38.94,132.56,66.8,"Contract","Mortgage","Vehicle",0
33411,17.75,412045,1.56,"585247",10.61,42.16,38.4,"Salaried","Mortgage","Vehicle",0
33432,20.25,543016,1.34,"689425",38.72,129.52,72.8,"Salaried","Rent","Vehicle",1
33447,18.75,310188,1.71,"678806",20.15,70.33,47.6,"Salaried","Rent","Vehicle",0
33462,21.75,322255,1.03,"417934",34.86,108.3,59.6,"Salaried","Rent","Other",0
33463,21.25,609643,2,"1146504",39.61,129.61,69.2,"Self-employed","Mortgage","Vehicle",1
33469,18.75,199529,1.13,"428053",24.67,82.18,50.2,"Salaried","Rent","Vehicle",0
33472,18.25,410960,1.14,"711569",6.96,28.47,34.3,"Salaried","Mortgage","Home_improvement",0
33500,16.75,539378,1.04,"275092",37.5,121.86,61.5,"Salaried","Mortgage","Vehicle",0
33502,18.75,630677,1.29,"1254434",18.8,68.76,51.9,"Salaried","Rent","Vehicle",0
33508,23.75,1001603,1.63,"2849489",7.97,35.14,42.8,"Self-employed","Rent","Other",1
33516,23.75,4104966,1.7,"3965488",13.91,52.97,37.3,"Self-employed","Rent","Other",1
33540,17.25,638850,1.2,"204220",22.7,77.7,53.2,"Contract","Mortgage","Vehicle",1
33548,18.75,526658,1.39,"1039542",26.92,93.84,50.6,"Salaried","Rent","Vehicle",0
33557,20.25,1517375,1.69,"1769910",39.78,130.68,68,"Self-employed","Mortgage","Home_improvement",1
33560,35,3201,0.61,"8999",2.83,19.85,31.9,"Unemployed","Rent","Debt_consolidation",1
33580,20.25,275376,1.43,"1025149",6.73,26.21,37.1,"Salaried","Rent","Vehicle",0
33605,17.75,465780,1.24,"702739",8.37,34.68,39.4,"Salaried","Mortgage","Vehicle",0
33609,22.25,549355,2.38,"1674629",18.55,62.07,48.8,"Contract","Rent","Vehicle",0
33619,35,4908,0.57,"8795",3.29,20.74,35.7,"Unemployed","Rent","Debt_consolidation",1
33622,18.75,242060,1.85,"609429",8.8,32.3,31.3,"Salaried","Rent","Vehicle",0
33627,23.25,2341482,2.28,"8304476",32.81,107.91,64.9,"Self-employed","Mortgage","Debt_consolidation",0
33637,17.75,723563,1.27,"937427",16.12,56.5,45.2,"Salaried","Mortgage","Vehicle",1
33639,19.25,254015,1.24,"510059",4.27,24.91,28.8,"Salaried","Mortgage","Vehicle",0
33642,23.25,100431,1.38,"380054",36.76,115.75,68.6,"Salaried","Rent","Other",1
33644,19.25,625957,1.07,"687144",21.63,82.13,55.4,"Salaried","Own","Debt_consolidation",1
33645,24.25,473959,1.24,"443733",34.02,114.6,60.9,"Contract","Own","Debt_consolidation",1
33659,21.75,460434,1.24,"1721919",8.5,43.46,33.3,"Salaried","Rent","Other",1
33660,17.75,224256,1.74,"659651",12.47,50.01,38.1,"Salaried","Mortgage","Vehicle",1
33672,25.25,938788,1.77,"2629689",0.53,12.07,33.5,"Self-employed","Mortgage","Debt_consolidation",1
33680,16.75,385704,1.91,"528509",8.71,32.83,42.3,"Salaried","Mortgage","Home_improvement",0
33686,28.75,2575161,1.3,"2685174",0.82,11.48,22.9,"Self-employed","Rent","Other",0
33694,21.75,155569,1.86,"590990",21.2,68.77,51.9,"Salaried","Rent","Other",0
33707,35,3116,0.47,"5105",16.98,58.43,47.4,"Unemployed","Rent","Debt_consolidation",1
33710,23.25,526803,1.03,"886337",39.15,124.2,72.6,"Salaried","Rent","Other",1
33730,17.75,303661,1.72,"231263",31.09,106.67,53.8,"Salaried","Mortgage","Vehicle",0
33745,19.25,198935,2.07,"659940",7.99,32.99,34.1,"Salaried","Own","Debt_consolidation",1
33751,22.25,2258214,1.45,"5250883",0.24,13.66,29.5,"Self-employed","Mortgage","Home_improvement",0
33754,19.25,545084,2.18,"968694",7.95,38.45,38.9,"Salaried","Own","Debt_consolidation",1
33772,25.25,357384,1.67,"581205",2.96,20.43,26,"Salaried","Rent","Other",1
33786,21.25,1234472,2.33,"824969",28.66,95.69,62.2,"Self-employed","Mortgage","Vehicle",0
33787,23.75,1953936,1.97,"3119919",21.89,72.6,55.6,"Self-employed","Rent","Other",1
33792,22.25,328545,1.55,"1222822",1.15,9.12,34,"Salaried","Rent","Vehicle",0
33795,35,2449,0.5,"5307",1.03,11.35,24.6,"Unemployed","Rent","Debt_consolidation",0
33799,18.25,207680,1.43,"379020",35.88,117.49,61.2,"Salaried","Mortgage","Home_improvement",0
33804,20.75,527910,1.86,"260518",20.41,66.02,49.7,"Contract","Mortgage","Debt_consolidation",1
33816,20.75,439918,1.55,"758102",36.8,116.35,70.6,"Salaried","Own","Debt_consolidation",1
33821,22.25,570536,1.66,"1319582",1.85,15.27,30.3,"Salaried","Rent","Vehicle",1
33835,16.75,232032,1.33,"337814",7.76,30.79,30.5,"Salaried","Mortgage","Home_improvement",0
33842,18.75,473200,1.24,"596997",11.21,42.7,40.5,"Salaried","Rent","Vehicle",1
33852,16.75,342074,0.68,"1260279",17.87,65.07,47.3,"Salaried","Mortgage","Home_improvement",0
33879,35,2767,0.71,"8395",4.16,20.92,27.9,"Unemployed","Rent","Debt_consolidation",1
33890,18.75,418614,1.72,"749021",14.82,55.54,37.4,"Salaried","Rent","Vehicle",0
33901,16.75,250390,1.53,"866334",18.38,68.71,49.7,"Salaried","Mortgage","Home_improvement",0
33912,21.75,3414441,0.95,"7874354",17.13,63.26,45.6,"Self-employed","Mortgage","Debt_consolidation",1
33913,18.75,636461,1.46,"1628947",14.56,51.52,45.4,"Salaried","Rent","Vehicle",0
33915,17.75,272352,1.57,"979889",31.27,105.39,54.1,"Salaried","Mortgage","Vehicle",0
33941,17.75,508801,1.16,"792680",18.75,62.98,44.9,"Salaried","Mortgage","Vehicle",0
33973,23.25,407141,1.57,"548888",29.06,95.83,58.5,"Contract","Mortgage","Debt_consolidation",1
33981,20.25,1001686,2.59,"2909467",36.21,112.24,60.4,"Self-employed","Mortgage","Home_improvement",1
33988,17.75,803483,1.23,"2754217",12.12,51.68,39.4,"Salaried","Mortgage","Vehicle",0
33992,16.75,283751,1.13,"174248",3.75,19.99,38.1,"Salaried","Mortgage","Vehicle",0
33995,21.75,514285,1.49,"1310020",18.28,66.6,50.4,"Salaried","Rent","Other",1
33996,20.25,116660,1.18,"356339",1.32,10.17,31.2,"Salaried","Mortgage","Home_improvement",0
34005,32.25,3211,0.42,"7913",11.56,47.21,45.6,"Unemployed","Rent","Debt_consolidation",0
34011,19.25,232921,1.42,"95979",9.59,41.47,40.2,"Salaried","Rent","Other",0
34023,20.75,355854,1.53,"432929",25.87,85.78,60.5,"Salaried","Own","Debt_consolidation",1
34035,19.75,2088414,1.21,"7059163",9.37,39.94,43.8,"Self-employed","Mortgage","Vehicle",1
34037,23.25,481919,1.55,"593585",28.15,92.71,58.2,"Contract","Mortgage","Debt_consolidation",1
34070,24.75,151338,1.61,"364887",36.84,121.51,71.8,"Contract","Mortgage","Debt_consolidation",0
34072,16.75,592734,1.45,"1255309",9.5,37.12,42.8,"Salaried","Mortgage","Home_improvement",0
34084,18.25,766166,1.79,"2006816",34.32,113.04,62.2,"Salaried","Mortgage","Home_improvement",1
34102,35,6749,0.62,"20262",28.62,95.94,60.2,"Unemployed","Rent","Debt_consolidation",1
34104,21.25,951777,1.74,"825820",7.86,33.43,38.9,"Contract","Mortgage","Vehicle",1
34114,21.25,885921,1.75,"1482504",20.61,78.59,47.2,"Self-employed","Own","Debt_consolidation",0
34115,20.25,834211,1.98,"1601253",20.32,70.21,50.2,"Contract","Mortgage","Home_improvement",0
34123,23.25,230320,1.34,"597246",33.46,110.94,67.1,"Salaried","Rent","Other",1
34131,16.75,204234,1.72,"184352",29.41,93.36,56,"Salaried","Mortgage","Home_improvement",0
34132,20.25,255658,2.08,"872671",37.72,121.85,63.2,"Salaried","Rent","Vehicle",0
34142,22.25,794170,1.43,"1488811",1.22,12.71,28.8,"Salaried","Rent","Vehicle",1
34158,20.25,293377,1.34,"654563",3.93,22.17,30.6,"Salaried","Rent","Vehicle",0
34180,23.25,389605,1.98,"439364",33.61,110.71,68.5,"Salaried","Rent","Other",0
34186,15.75,250351,1.79,"132280",3.47,23.7,37.2,"Salaried","Mortgage","Home_improvement",0
34202,22.75,443277,1.58,"1590520",31.51,103.79,60.8,"Contract","Mortgage","Vehicle",1
34211,19.25,151766,1.39,"479822",6.64,32.1,30.3,"Salaried","Mortgage","Vehicle",1
34222,18.75,182610,2.05,"378873",16.32,58.88,48.4,"Salaried","Rent","Vehicle",1
34224,16.75,392011,1.54,"172569",21.48,76.71,43.5,"Salaried","Own","Debt_consolidation",1
34250,25.25,284573,0.96,"980809",1.31,11.54,28.5,"Salaried","Rent","Other",1
34252,23.75,1075641,1.22,"1278643",36.96,124.1,64.1,"Contract","Rent","Vehicle",0
34264,20.25,834549,1.32,"354076",23.85,82.45,52.5,"Contract","Own","Debt_consolidation",1
34266,21.75,376641,0.98,"765368",21.35,70.92,52.9,"Salaried","Rent","Other",0
34275,21.25,313939,1.46,"507288",11.23,42.01,34,"Contract","Mortgage","Vehicle",0
34285,19.75,339500,1.11,"856757",26.24,88.92,57.4,"Self-employed","Mortgage","Vehicle",0
34307,22.25,389584,1.68,"1311096",1.14,15.73,26.9,"Salaried","Rent","Vehicle",1
34322,21.25,1093117,1.75,"557574",36.25,123.17,59.9,"Self-employed","Rent","Other",1
34323,18.75,1935049,1.28,"6276197",15.09,52.21,46.7,"Self-employed","Mortgage","Home_improvement",0
34336,18.25,460498,1.51,"384915",28.07,92.28,62,"Salaried","Mortgage","Home_improvement",1
34338,17.75,88186,1.8,"281412",9.56,35.75,37.6,"Salaried","Mortgage","Vehicle",0
34343,20.25,548990,1.78,"945046",2.89,22.33,37.2,"Salaried","Mortgage","Home_improvement",0
34345,23.25,312496,1.3,"257145",4,17.2,35.1,"Salaried","Rent","Other",0
34358,27.25,879619,1.35,"3047284",1.25,10.91,33.7,"Self-employed","Rent","Other",1
34359,14.25,372732,1.55,"172125",11.97,43.51,36.1,"Salaried","Mortgage","Home_improvement",1
34374,20.75,511218,1.78,"856999",37.58,121.91,67.6,"Salaried","Own","Debt_consolidation",1
34413,17.75,514142,1.82,"203253",39.47,130.04,67.3,"Salaried","Rent","Vehicle",1
34415,19.25,417996,1.43,"441290",5.61,27.45,30.8,"Salaried","Mortgage","Vehicle",0
34417,20.25,640386,1.23,"733244",37.46,118,60.4,"Salaried","Rent","Vehicle",1
34466,20.25,587429,1.76,"1164980",31.53,105.81,61.9,"Salaried","Rent","Vehicle",1
34501,19.25,423189,1.67,"785123",29.66,99.83,62.6,"Salaried","Mortgage","Vehicle",1
34508,14.25,279011,1.64,"136444",20.74,67.95,53.7,"Salaried","Mortgage","Home_improvement",1
34510,19.25,212243,1.35,"120338",14.64,52.85,47.6,"Salaried","Rent","Other",0
34515,31.75,3098,0.57,"975",17.95,66.6,47.1,"Unemployed","Rent","Debt_consolidation",0
34538,18.25,458315,1.66,"1455365",37.56,123.38,68,"Salaried","Mortgage","Home_improvement",1
34564,23.75,939013,1.66,"3137453",15.91,60.38,41.2,"Self-employed","Rent","Other",1
34569,22.75,943150,1.61,"1107956",22,77.48,49.6,"Contract","Own","Debt_consolidation",1
34572,23.75,675219,1.5,"1851885",1.58,15.09,24,"Salaried","Rent","Vehicle",1
34582,23.75,554710,2.22,"1109713",32.47,112.25,65.7,"Contract","Rent","Vehicle",0
34584,19.25,619359,1.26,"1741341",6.97,32.56,32.1,"Salaried","Mortgage","Vehicle",0
34588,20.25,671923,1.43,"1896183",6.1,33.07,40.1,"Salaried","Rent","Vehicle",0
34591,18.25,445098,1.59,"1548617",38.34,122.49,69.3,"Salaried","Mortgage","Home_improvement",1
34600,22.25,1200393,1.26,"3999331",20.23,67.97,47.6,"Contract","Rent","Vehicle",1
34604,19.25,1127087,2.04,"520674",4.82,26.4,30.3,"Contract","Mortgage","Home_improvement",1
34610,18.75,390214,1.76,"1246643",35.5,118.2,58,"Salaried","Rent","Vehicle",1
34618,35,4250,0.51,"16108",27.22,95.88,61.6,"Unemployed","Rent","Debt_consolidation",1
34625,17.75,690254,1.42,"2613725",33.48,114.12,58.4,"Salaried","Mortgage","Vehicle",1
34626,33.25,7285,0.42,"11499",7.57,36.94,39.2,"Unemployed","Rent","Other",0
34627,20.25,174169,1.42,"213923",5.2,23.11,36.7,"Salaried","Rent","Vehicle",0
34650,24.25,601236,1.46,"1192902",29.13,96.72,61.3,"Contract","Own","Debt_consolidation",1
34656,18.75,174779,1.23,"587322",9.54,39.83,35.4,"Salaried","Rent","Vehicle",1
34659,22.25,413471,1.56,"1383008",15.17,61.54,49.7,"Contract","Rent","Vehicle",1
34663,19.25,155341,0.9,"353636",27.68,97.04,60.4,"Salaried","Mortgage","Vehicle",0
34682,18.25,518215,1.63,"940928",39.44,131.94,72.8,"Salaried","Mortgage","Home_improvement",1
34683,32.25,2797,0.44,"2073",9.19,33.96,32.7,"Unemployed","Rent","Debt_consolidation",0
34687,16.75,365679,1.53,"1208435",7.7,33.41,38.7,"Salaried","Mortgage","Home_improvement",0
34701,22.25,810806,2.29,"2243993",16.76,57.21,42.7,"Contract","Rent","Vehicle",0
34706,22.75,877824,2.31,"2068621",17.14,57.18,46.4,"Contract","Own","Debt_consolidation",1
34714,20.75,729179,1.25,"662198",36.12,121.49,62.3,"Salaried","Own","Debt_consolidation",1
34723,19.25,473157,1.82,"1089316",18.55,68.03,50.3,"Salaried","Own","Debt_consolidation",0
34727,20.75,862365,2.11,"451274",17.05,58.95,51.4,"Contract","Mortgage","Debt_consolidation",1
34729,23.25,2186134,1.65,"3595660",38.74,120.49,70.6,"Self-employed","Mortgage","Debt_consolidation",1
34741,23.75,1347836,1.65,"2036095",31.96,108.7,62.2,"Contract","Rent","Vehicle",1
34742,33.75,4510,0.68,"7746",17.75,60.35,40.1,"Unemployed","Rent","Vehicle",0
34751,23.25,630471,1.57,"1876977",32.14,106.41,64.1,"Salaried","Rent","Other",0
34759,35,3134,0.6,"2656",2.43,15.63,29,"Unemployed","Rent","Home_improvement",1
34778,19.75,590392,1.73,"301119",22.36,76.74,55.3,"Contract","Rent","Vehicle",0
34788,23.75,781100,2.12,"2033998",3.09,16.7,37.8,"Contract","Rent","Vehicle",1
34793,18.75,1731186,1.75,"2904534",19.56,70.11,50.5,"Self-employed","Mortgage","Home_improvement",1
34811,18.25,365695,1.85,"1287200",39.7,128.5,68.7,"Salaried","Mortgage","Home_improvement",1
34819,19.25,225267,1.82,"816570",39.94,131.36,64,"Salaried","Mortgage","Vehicle",1
34820,21.75,346523,1.49,"318715",9.77,40.13,34.1,"Self-employed","Mortgage","Debt_consolidation",0
34841,16.75,509657,1.57,"1027147",20.44,65.27,43.3,"Salaried","Mortgage","Home_improvement",1
34846,16.75,352172,1.61,"263166",12.73,54.34,44.8,"Salaried","Mortgage","Home_improvement",0
34851,23.75,1810892,2.01,"4929892",11.96,46.04,34.9,"Self-employed","Rent","Other",1
34857,23.25,272407,1.26,"483499",4.88,27.6,39.5,"Salaried","Rent","Other",1
34894,17.75,356253,1.33,"1225818",23.59,77.7,56.7,"Salaried","Mortgage","Vehicle",1
34895,20.25,135702,1.39,"130649",6.21,28.25,29,"Salaried","Rent","Vehicle",0
34898,23.75,3030494,2.28,"5846044",0.41,12.02,23.9,"Self-employed","Mortgage","Home_improvement",1
34901,22.25,324971,1.62,"319634",2.96,20.58,31.7,"Salaried","Rent","Vehicle",1
34903,21.25,180777,2.03,"372299",9.72,40.04,34.2,"Contract","Mortgage","Vehicle",1
34907,23.75,2135620,2.52,"4924331",24.33,83.5,54.4,"Self-employed","Rent","Other",1
34945,21.25,919120,1.52,"2263224",34.47,112.64,56.9,"Contract","Mortgage","Vehicle",1
34955,18.75,780995,0.99,"2816199",16.45,60.22,42.4,"Salaried","Rent","Vehicle",0
34977,21.25,2332241,2.87,"8434200",33.58,114.2,62.2,"Self-employed","Mortgage","Vehicle",1
34987,16.75,286997,1.29,"316792",11.45,40.96,34.7,"Salaried","Mortgage","Home_improvement",1
34991,22.75,2084490,1.93,"3307159",5.04,29.91,32.1,"Self-employed","Own","Debt_consolidation",1
34998,19.75,2441309,1.71,"5955729",23.51,83.16,50.7,"Self-employed","Mortgage","Vehicle",1
35000,21.75,492945,1,"801242",15.68,52.68,50.7,"Salaried","Rent","Other",0
35014,18.25,219244,1.35,"426465",39.6,128.09,65.4,"Salaried","Mortgage","Home_improvement",1
35018,16.75,103768,1.69,"329248",19.73,64.37,45.2,"Salaried","Mortgage","Home_improvement",0
35025,21.25,669898,1.57,"988325",0.85,13.06,26.4,"Salaried","Mortgage","Vehicle",1
35029,19.25,736735,1.8,"1533356",17.95,56.98,52.8,"Salaried","Own","Debt_consolidation",1
35030,22.75,569661,0.96,"1953099",0.23,11.42,28.7,"Salaried","Own","Debt_consolidation",1
35035,30.25,7485,0.32,"13088",4.6,21.98,38,"Unemployed","Mortgage","Debt_consolidation",0
35049,21.75,294147,1.56,"1079060",12.33,44.52,44.1,"Salaried","Rent","Other",1
35053,23.75,420754,2.39,"931067",30.74,97.43,54.8,"Self-employed","Rent","Other",1
35060,33.75,5138,0.66,"16217",20.33,68.78,46.2,"Unemployed","Rent","Vehicle",1
35066,19.25,336926,1.51,"1243034",37.03,117.65,62.5,"Salaried","Mortgage","Vehicle",0
35077,17.75,727641,1.56,"660984",35.33,116.96,58.3,"Salaried","Mortgage","Vehicle",1
35080,25.25,1943252,1.77,"1977822",36.05,118.01,68.3,"Self-employed","Rent","Other",1
35094,17.75,187559,1.5,"402587",24.28,86.61,56,"Salaried","Mortgage","Vehicle",1
35099,18.25,528752,1.15,"385929",38.93,127.05,65.2,"Salaried","Mortgage","Home_improvement",0
35104,17.75,287085,1.56,"1058009",24.83,89.25,51.3,"Salaried","Mortgage","Vehicle",1
35106,19.75,4246373,1.54,"14397043",30.32,99.06,58.8,"Self-employed","Mortgage","Vehicle",1
35129,16.75,496855,1.93,"1119300",21.84,75.2,47.6,"Salaried","Mortgage","Home_improvement",1
35133,17.75,403651,1.39,"402758",33.9,110.45,58.9,"Salaried","Mortgage","Vehicle",0
35142,18.75,500347,1.88,"172122",25.4,85.58,58.8,"Self-employed","Own","Debt_consolidation",1
35206,27.25,974686,1.54,"1935039",2.03,18.15,25.8,"Self-employed","Rent","Other",1
35209,19.25,383064,2.19,"553269",10.96,43.17,42.8,"Salaried","Own","Debt_consolidation",0
35212,19.25,349363,1.84,"977311",26.25,91.01,61,"Salaried","Mortgage","Vehicle",1
35236,35,3433,0.47,"8705",39.65,129.6,63.7,"Unemployed","Rent","Debt_consolidation",0
35243,16.75,366059,1.58,"913355",20.71,71.67,47.2,"Salaried","Mortgage","Home_improvement",1
35261,35,6806,0.54,"10191",9.59,42.28,34.8,"Unemployed","Rent","Debt_consolidation",1
35287,33.25,4520,0.53,"2489",15.58,56.1,44.1,"Unemployed","Rent","Debt_consolidation",1
35289,22.75,2826095,2.22,"1291523",35.89,119.1,68.6,"Self-employed","Rent","Other",1
35293,18.75,311113,1.7,"403562",27.58,90.72,59.6,"Salaried","Rent","Vehicle",0
35305,22.25,777661,2.32,"1991561",30.59,102.01,59.7,"Contract","Rent","Vehicle",1
35317,33.75,4481,0.4,"4103",38.49,122.2,72.7,"Unemployed","Rent","Debt_consolidation",1
35318,17.25,2324102,1.59,"1153600",13.9,53.35,45,"Self-employed","Mortgage","Vehicle",0
35320,17.75,185974,1.66,"289115",20.16,68.58,54.3,"Salaried","Mortgage","Vehicle",0
35325,19.25,507222,1.65,"203785",1.14,15.21,23.3,"Salaried","Mortgage","Home_improvement",0
35331,19.25,522486,1.52,"753487",27.82,93.73,54.9,"Salaried","Own","Debt_consolidation",0
35339,22.75,761991,1.58,"589944",8.88,35.41,36.7,"Contract","Own","Debt_consolidation",0
35343,20.25,2796832,1.87,"9570251",3.35,22.46,34.7,"Self-employed","Mortgage","Home_improvement",0
35356,25.25,2637815,2.48,"5303083",34.07,109.51,66.4,"Self-employed","Rent","Other",1
35361,21.75,308693,1.24,"265750",12.52,50.44,39.7,"Salaried","Rent","Other",0
35371,14.25,420165,1.36,"171878",15.34,53.07,45.3,"Salaried","Mortgage","Home_improvement",0
35372,19.25,124304,1.47,"107450",36.15,117.24,60.9,"Salaried","Mortgage","Vehicle",1
35389,19.25,474167,1.63,"675896",6.67,29.7,29.9,"Salaried","Mortgage","Vehicle",0
35395,21.25,2062299,1.65,"2832226",22.4,74.03,56.7,"Self-employed","Own","Debt_consolidation",1
35419,14.25,87093,2.08,"35446",17.82,59.32,49.8,"Salaried","Mortgage","Home_improvement",1
35427,20.75,298800,1.67,"142697",4.51,24.13,37.7,"Salaried","Rent","Other",0
35441,33.25,7258,0.48,"2372",37.42,124.05,64.2,"Unemployed","Rent","Debt_consolidation",0
35453,17.75,485030,1.42,"586906",26.48,93.71,56.2,"Salaried","Mortgage","Vehicle",0
35455,19.25,290693,1.48,"669603",38.84,123.2,63.2,"Salaried","Mortgage","Vehicle",0
35463,20.25,344196,1.52,"431418",37.14,117.6,70.8,"Salaried","Rent","Vehicle",0
35467,18.25,556875,1.45,"1765573",4.94,29.25,27.5,"Salaried","Mortgage","Home_improvement",0
35468,19.25,376185,1.61,"690788",12.19,45.24,36.8,"Salaried","Own","Debt_consolidation",0
35473,19.25,425342,1.42,"1202169",35.34,114.62,65.8,"Salaried","Mortgage","Vehicle",0
35479,18.25,414727,1.75,"1527056",37.03,119.81,70.5,"Salaried","Mortgage","Home_improvement",0
35483,19.25,514740,1,"979284",19.38,69.54,53.9,"Salaried","Own","Debt_consolidation",0
35490,16.75,378584,1.65,"1230254",21.07,77.6,48.2,"Salaried","Mortgage","Home_improvement",0
35491,22.75,1364014,2.21,"3375512",5.33,28.3,32.4,"Self-employed","Own","Debt_consolidation",1
35494,22.75,729145,2.12,"2335700",37.56,123.73,72.6,"Contract","Mortgage","Vehicle",1
35496,23.75,1136667,1.37,"1704411",5.82,32.66,36,"Contract","Rent","Vehicle",0
35498,16.75,580235,1.48,"916038",13.25,49.66,44.2,"Salaried","Mortgage","Home_improvement",0
35512,21.25,2495758,0.61,"1464685",19.57,68.59,43.3,"Self-employed","Rent","Other",0
35514,20.75,600585,1.22,"1182733",6.59,35.21,40.9,"Salaried","Own","Debt_consolidation",0
35555,22.25,580914,1.41,"675237",27.3,91.84,57.7,"Contract","Rent","Vehicle",0
35556,16.75,323310,1.77,"733342",7.23,25.7,33.9,"Salaried","Mortgage","Home_improvement",1
35560,17.75,335448,1.84,"684629",10,43.87,35.8,"Salaried","Mortgage","Vehicle",0
35567,21.25,2091072,1.48,"4076826",11.69,50.43,34.4,"Self-employed","Own","Debt_consolidation",0
35571,20.25,260218,1.15,"185755",36.72,121.35,69.9,"Salaried","Rent","Vehicle",1
35583,20.25,693712,1.16,"672809",6.21,27.27,34.8,"Salaried","Rent","Vehicle",0
35586,21.75,410166,1.1,"1457507",14.03,52.83,39.3,"Salaried","Rent","Other",1
35598,18.75,416625,1.3,"1228492",20.81,73.01,47.4,"Salaried","Rent","Vehicle",0
35603,35,5929,0.51,"16217",18.75,63.09,49.3,"Unemployed","Rent","Debt_consolidation",1
35609,23.25,2192929,1.61,"7310927",27.84,97.58,62.1,"Self-employed","Mortgage","Debt_consolidation",1
35616,35,9007,0.5,"14139",36.36,121.05,67.8,"Unemployed","Rent","Debt_consolidation",0
35622,23.75,2982715,1.34,"7122317",10.7,41.96,38,"Self-employed","Rent","Other",0
35627,18.75,1199302,1.95,"2876294",20.34,72.36,44.6,"Self-employed","Mortgage","Home_improvement",0
35670,17.75,424945,1.17,"1181664",19,72.77,47.4,"Salaried","Mortgage","Vehicle",0
35679,22.25,605479,1.66,"1788929",0.89,8.8,31.7,"Salaried","Rent","Vehicle",1
35687,16.25,313565,1.56,"185304",20.5,75.73,48,"Salaried","Rent","Vehicle",0
35688,17.75,415226,1.53,"841492",8.77,34.43,34.3,"Salaried","Mortgage","Vehicle",0
35698,21.25,907505,1.05,"2668850",23.79,79.98,54.4,"Contract","Mortgage","Vehicle",0
35699,17.75,282879,1.76,"395083",37.37,119.15,60,"Salaried","Mortgage","Vehicle",1
35702,28.75,755980,1.52,"1744064",1.67,18.48,29.6,"Contract","Rent","Other",0
35707,22.75,782964,1.91,"1348694",33.43,110.6,66.8,"Self-employed","Own","Debt_consolidation",1
35716,18.75,415805,2.23,"408463",12.67,51.58,44.9,"Salaried","Rent","Vehicle",1
35731,17.75,859172,1.32,"293351",31.69,106.23,66.3,"Self-employed","Mortgage","Home_improvement",1
35747,21.75,1488284,1.42,"1833535",16.24,60.99,43,"Self-employed","Mortgage","Debt_consolidation",0
35749,17.75,370886,1.51,"1065613",21.53,76.95,54,"Salaried","Mortgage","Vehicle",0
35756,25.25,1852402,2.32,"3655077",0.97,12.35,32.1,"Self-employed","Mortgage","Debt_consolidation",0
35765,20.25,284658,1.72,"1025569",35.98,121.1,60.4,"Salaried","Rent","Vehicle",1
35771,18.75,2341070,1.14,"1396837",33.8,111.7,67.2,"Self-employed","Mortgage","Vehicle",0
35780,23.75,510025,1.9,"1074654",9.61,35.64,41.8,"Self-employed","Rent","Other",0
35804,17.75,313749,0.66,"964527",28.28,94.32,56.2,"Salaried","Mortgage","Vehicle",1
35814,26.75,689450,1.65,"1342092",0.62,11.54,35.6,"Contract","Mortgage","Debt_consolidation",1
35835,16.75,842307,0.92,"1485429",12.08,47.67,46.9,"Salaried","Mortgage","Home_improvement",0
35869,22.75,3234498,2.2,"5267484",37.79,122.14,61.1,"Self-employed","Own","Debt_consolidation",1
35875,16.75,170398,1.82,"203555",11.31,45.64,33.4,"Salaried","Mortgage","Home_improvement",0
35876,17.75,135584,1.59,"444216",24.37,83.08,58.9,"Salaried","Mortgage","Vehicle",1
35883,18.75,302931,1.75,"867133",22.33,73.27,46.2,"Salaried","Rent","Vehicle",0
35884,20.25,1739896,2.17,"2682788",4.19,23.58,30.7,"Self-employed","Mortgage","Home_improvement",0
35898,18.25,401190,1.04,"1120687",36.8,123.09,61.4,"Salaried","Mortgage","Home_improvement",0
35903,22.75,1898737,1.57,"4155737",38.88,127.29,71.1,"Self-employed","Own","Debt_consolidation",1
35915,23.25,1528150,1.51,"3073214",36.91,112.66,69.1,"Self-employed","Mortgage","Debt_consolidation",1
35924,22.25,597917,1.67,"1510873",0.06,14.31,25.6,"Salaried","Rent","Vehicle",0
35937,19.25,349974,1.72,"1032785",36.09,114.62,63,"Salaried","Mortgage","Vehicle",1
35965,22.75,735627,1.66,"2258474",19.39,67.77,49.2,"Contract","Own","Debt_consolidation",1
35993,22.75,386798,1.54,"1234767",33.98,111.21,56.1,"Contract","Own","Debt_consolidation",1
35994,21.75,878092,1.96,"2008609",3.07,20.97,33.2,"Contract","Mortgage","Home_improvement",0
36043,16.25,134526,1.53,"62418",27.93,91.49,55.9,"Salaried","Rent","Vehicle",1
36047,16.75,611650,1.36,"1675187",23.84,75.44,55.8,"Salaried","Mortgage","Home_improvement",1
36053,16.75,315196,1.38,"118495",28.62,95.37,59.4,"Salaried","Own","Debt_consolidation",1
36054,19.25,159311,1.65,"264411",34.94,112.34,60.9,"Salaried","Mortgage","Vehicle",1
36068,35,3189,0.46,"4472",9.08,37.03,39.8,"Unemployed","Rent","Debt_consolidation",1
36071,21.75,690225,1.4,"2376034",34.48,119.15,62.1,"Contract","Mortgage","Home_improvement",1
36086,21.75,276809,1.4,"575754",25.9,82.25,54,"Salaried","Rent","Other",0
36106,20.25,410930,1.81,"1074765",37.83,126.03,70.5,"Salaried","Rent","Vehicle",0
36121,18.75,502280,1.45,"1021039",22.43,74.93,52.4,"Salaried","Rent","Vehicle",1
36160,18.75,182400,1.7,"588671",24.93,81.02,55.7,"Salaried","Rent","Vehicle",0
36168,23.25,839561,2.35,"1880818",17.89,68.93,48.3,"Contract","Mortgage","Debt_consolidation",1
36242,33.25,10341,0.4,"24479",20.31,70.6,43.2,"Unemployed","Rent","Other",1
36244,15.25,683902,1.66,"237974",28.22,95.65,53.9,"Salaried","Mortgage","Vehicle",1
36251,19.25,205240,1.72,"483481",38.04,122.2,61.3,"Salaried","Mortgage","Vehicle",0
36261,16.75,523230,1.5,"821266",14.29,50.65,37.7,"Salaried","Mortgage","Home_improvement",0
36262,35,1755,0.52,"1787",38.97,129.45,73.3,"Unemployed","Mortgage","Debt_consolidation",0
36278,20.25,190760,1.73,"478996",6.71,28.45,33.3,"Salaried","Rent","Vehicle",0
36279,18.25,128710,1.05,"296811",6.58,26.87,35.8,"Salaried","Mortgage","Home_improvement",1
36293,18.75,1571744,1.22,"4012358",35.4,112.47,58.5,"Self-employed","Mortgage","Home_improvement",0
36347,15.75,405408,1.67,"209271",39.6,132.16,70.6,"Salaried","Mortgage","Home_improvement",1
36348,19.25,425994,1.51,"567244",39.96,128.4,67.8,"Salaried","Mortgage","Vehicle",1
36363,25.25,2649942,2.05,"5879843",4.39,20.49,32,"Self-employed","Rent","Other",1
36375,21.25,683330,1.15,"2570329",8.85,34.17,43.7,"Contract","Mortgage","Vehicle",0
36392,22.25,502898,1.93,"1514762",16,54.33,42.4,"Contract","Rent","Vehicle",0
36421,17.75,184159,1.06,"406300",22.04,79.83,51.6,"Salaried","Mortgage","Vehicle",0
36438,23.25,178593,1.16,"557947",35.52,113.89,60.4,"Salaried","Rent","Other",1
36445,25.25,607009,1.49,"1398857",28.37,95.41,54.7,"Contract","Rent","Other",1
36451,17.75,226035,1.38,"687001",23.2,85.51,47.8,"Salaried","Mortgage","Vehicle",0
36471,23.75,800572,2.19,"2087306",1.54,12.92,29,"Contract","Mortgage","Home_improvement",1
36482,20.25,641380,1.32,"580536",37.2,123.97,70.3,"Salaried","Rent","Vehicle",1
36485,26.75,798207,2.1,"971312",3.91,24.45,36.3,"Contract","Rent","Other",0
36494,17.75,593069,1.62,"1219959",20.01,68.54,50.7,"Salaried","Mortgage","Vehicle",0
36495,35,9429,0.5,"15624",36.71,122.92,67,"Unemployed","Rent","Vehicle",1
36509,35,4240,0.68,"15578",13.74,51.51,38.9,"Unemployed","Rent","Debt_consolidation",1
36527,25.25,1736510,2.03,"3544215",4.46,23.5,38.3,"Self-employed","Rent","Other",1
36541,23.75,2262204,0.98,"1918927",20.3,69.89,52.9,"Self-employed","Rent","Other",1
36552,21.25,288564,1.38,"883381",2.03,15.54,31.9,"Salaried","Mortgage","Vehicle",0
36553,25.25,2917577,1.39,"5160140",4.17,20.92,30.1,"Self-employed","Rent","Other",0
36567,19.25,382840,1.56,"576960",27.82,97.15,61.3,"Salaried","Mortgage","Vehicle",0
36588,19.25,322699,1.34,"217294",20.91,69.1,50.4,"Salaried","Own","Debt_consolidation",1
36591,20.25,552919,1.73,"1522023",15.63,57,47.4,"Contract","Mortgage","Home_improvement",0
36609,19.75,1635873,2.12,"5386976",23.82,81.4,47.9,"Self-employed","Mortgage","Vehicle",1
36620,20.75,145642,1.57,"298960",38.56,125.56,65.4,"Salaried","Own","Debt_consolidation",1
36625,19.25,715716,1.96,"1579808",28.12,98.93,52.3,"Salaried","Own","Debt_consolidation",0
36631,19.25,221926,1.84,"486463",27.08,91.8,60.7,"Salaried","Mortgage","Vehicle",0
36641,23.75,694270,1.19,"1809862",23.54,81.4,53,"Self-employed","Rent","Other",0
36644,25.25,221357,2.88,"192452",21.2,74.48,51.4,"Contract","Rent","Other",1
36687,19.25,194741,1.44,"220854",13.47,48.83,47.9,"Salaried","Own","Debt_consolidation",1
36691,21.25,1937061,2.12,"1475639",5.96,28.44,39.4,"Self-employed","Mortgage","Vehicle",1
36693,19.75,1082190,1.59,"3119234",9.52,40.75,38.8,"Self-employed","Mortgage","Vehicle",1
36711,35,2049,0.51,"6801",11.14,38.46,43,"Unemployed","Rent","Debt_consolidation",1
36716,23.25,371499,1.42,"842062",5.84,29.65,35.3,"Salaried","Rent","Other",0
36730,18.75,2072153,1.33,"5599261",30.05,95.35,58.1,"Self-employed","Mortgage","Home_improvement",0
36733,17.75,184931,1.42,"341176",23.58,74.2,56.9,"Salaried","Mortgage","Vehicle",0
36753,19.25,307021,1.49,"1078400",8.1,32.72,37.2,"Salaried","Own","Debt_consolidation",0
36773,18.25,433292,1.42,"1360258",33.3,108.28,64.3,"Salaried","Mortgage","Home_improvement",1
36774,18.75,691488,1.48,"2253578",19.24,68.38,41.9,"Salaried","Rent","Vehicle",0
36785,18.75,375976,1.84,"1043935",25.85,92.42,51.5,"Salaried","Rent","Vehicle",0
36806,24.25,696448,1.34,"537287",39.7,128.97,63.9,"Contract","Own","Debt_consolidation",1
36807,21.75,512810,1.18,"1686698",25.89,88.98,58.2,"Salaried","Rent","Other",1
36813,22.75,918574,1.9,"981308",31.88,112.77,62.9,"Self-employed","Own","Debt_consolidation",1
36821,17.75,283138,1.18,"462271",18.34,63.86,47.6,"Salaried","Mortgage","Vehicle",1
36823,17.75,686133,1.36,"1001624",20.77,71.84,52.5,"Salaried","Mortgage","Vehicle",1
36833,17.75,280951,1.57,"261673",26.19,90.4,50.8,"Salaried","Mortgage","Vehicle",1
36851,23.75,2879256,1.92,"5536752",22.54,75.87,47.3,"Self-employed","Rent","Other",1
36859,33.75,4115,0.39,"7326",33.49,111.15,67.6,"Unemployed","Rent","Debt_consolidation",1
36866,23.25,458669,1.64,"690171",4.81,24.65,30.1,"Salaried","Rent","Other",1
36869,17.75,130304,1.52,"289585",20.43,66.96,51.2,"Salaried","Mortgage","Vehicle",0
36880,17.75,690935,1.82,"254915",17.7,61.17,51.6,"Contract","Mortgage","Home_improvement",0
36881,16.75,511302,1.96,"1239427",18.56,69.54,53.6,"Salaried","Mortgage","Home_improvement",1
36891,27.25,1864828,1.81,"1814188",1.83,15.06,32.7,"Self-employed","Rent","Other",0
36892,20.25,321174,1.46,"122113",2.99,15.05,28.9,"Salaried","Own","Debt_consolidation",1
36905,17.75,287454,1.65,"730701",8.02,34.69,42.9,"Salaried","Mortgage","Vehicle",1
36912,18.75,1747764,1.74,"4668205",28.63,95.51,58.4,"Self-employed","Mortgage","Home_improvement",1
36924,21.75,489256,1.28,"1361557",33.11,108.53,58.9,"Salaried","Rent","Other",0
36947,19.25,167499,1.39,"457443",32.49,106.15,67.3,"Salaried","Mortgage","Vehicle",1
36964,23.25,1987305,0.98,"7150285",33.74,107.58,62.1,"Self-employed","Mortgage","Debt_consolidation",1
36971,35,4561,0.51,"7488",11.23,40.93,36.9,"Unemployed","Rent","Debt_consolidation",1
36975,18.75,3126767,1.81,"1236695",11.62,44.88,41.5,"Self-employed","Own","Debt_consolidation",0
36982,22.25,232270,0.7,"202281",25.31,83.97,55.9,"Contract","Rent","Vehicle",1
36990,23.25,168610,1.73,"394403",27.73,93.32,58.2,"Contract","Mortgage","Debt_consolidation",1
36991,18.25,196819,1.52,"603369",26.57,91.64,61.3,"Salaried","Mortgage","Home_improvement",1
36992,19.25,552559,1.84,"1958139",9.47,38.43,32,"Salaried","Own","Debt_consolidation",0
37001,35,5672,0.47,"19089",26.4,86.44,51.4,"Unemployed","Rent","Other",1
37009,35,4373,0.54,"9273",26.32,90.34,49.3,"Unemployed","Rent","Debt_consolidation",1
37012,18.75,667666,1.88,"1161260",11.4,41.9,40.3,"Self-employed","Mortgage","Home_improvement",1
37022,17.75,349560,1.76,"608273",7.69,37.9,41.4,"Salaried","Mortgage","Vehicle",0
37026,18.75,3413060,1.64,"10040637",31.78,106.98,54.5,"Self-employed","Mortgage","Home_improvement",1
37032,22.25,575423,1.33,"195885",6.78,34.74,40.2,"Contract","Mortgage","Debt_consolidation",1
37053,35,5875,0.6,"13967",19.22,64.3,46.6,"Unemployed","Rent","Debt_consolidation",0
37070,20.25,240926,1.79,"447257",22.6,77.29,46.2,"Contract","Mortgage","Home_improvement",1
37071,24.25,625601,1.57,"1972288",3.68,25.36,30.3,"Contract","Own","Debt_consolidation",1
37074,16.75,530705,1.68,"1792919",7.18,27.62,31.1,"Salaried","Mortgage","Home_improvement",1
37081,19.25,535343,1.03,"850723",22.92,79.15,45.8,"Salaried","Own","Debt_consolidation",1
37084,20.25,1641462,1.47,"4891636",39.28,128.04,72.2,"Self-employed","Mortgage","Home_improvement",1
37115,20.25,129567,1.59,"462851",38.59,126.12,73.1,"Salaried","Rent","Vehicle",1
37116,17.25,497829,1.84,"296096",29.54,103.81,52,"Self-employed","Mortgage","Vehicle",0
37125,19.25,413584,1.37,"679783",19.03,68.74,46.3,"Salaried","Own","Debt_consolidation",1
37144,13.75,516071,1.51,"168449",16.15,53.48,46.2,"Salaried","Mortgage","Vehicle",0
37147,18.75,512138,1.5,"1109423",26.19,85.75,59.9,"Salaried","Rent","Vehicle",0
37152,16.75,406564,1.3,"275137",12.23,49.58,34.5,"Salaried","Mortgage","Home_improvement",0
37161,19.25,619045,1.5,"1336405",37.73,118.91,67,"Salaried","Mortgage","Vehicle",0
37181,23.25,1584940,1.58,"5673253",32.82,104.6,63.7,"Self-employed","Mortgage","Debt_consolidation",1
37183,15.25,336128,1.22,"211539",30.28,101.22,54.6,"Salaried","Mortgage","Vehicle",0
37184,22.25,456764,0.92,"927912",1.86,20.31,31.7,"Salaried","Rent","Vehicle",1
37191,21.75,411919,1.58,"1202589",9.18,38.34,32.9,"Salaried","Rent","Other",1
37192,17.75,452563,1.64,"909850",14.43,55.36,44.1,"Salaried","Mortgage","Vehicle",1
37207,21.25,373526,1.99,"1108233",1.29,10.25,29.5,"Salaried","Mortgage","Vehicle",0
37213,16.75,732423,1.81,"1752614",26.7,93.9,50.5,"Salaried","Mortgage","Home_improvement",0
37214,17.75,155413,1.37,"376447",29.6,106.84,55.9,"Salaried","Mortgage","Vehicle",0
37222,20.25,425327,1.67,"1255350",27.06,88.74,60.8,"Salaried","Rent","Vehicle",0
37227,18.25,161134,1.15,"346660",33.42,108.19,62.7,"Salaried","Mortgage","Home_improvement",0
37233,21.25,2543864,1.04,"3575460",35.67,114.36,68.3,"Self-employed","Mortgage","Vehicle",0
37236,24.25,1418671,2.29,"4660152",5.17,26.53,27.4,"Contract","Own","Debt_consolidation",1
37254,25.25,823132,1.7,"1096245",35.72,116.86,64.7,"Self-employed","Rent","Other",1
37255,18.75,442318,1.07,"297026",25.45,89.71,56.1,"Self-employed","Mortgage","Home_improvement",0
37261,21.25,364059,1.99,"581563",5.79,26.69,29,"Self-employed","Mortgage","Vehicle",0
37263,23.25,580887,1.09,"932801",37.73,128.97,69.9,"Salaried","Rent","Other",0
37267,19.25,215013,1.81,"327606",38.88,130.93,70.7,"Salaried","Mortgage","Vehicle",1
37276,20.25,846333,1.81,"2202332",31.07,103.78,64.3,"Self-employed","Mortgage","Home_improvement",1
37279,15.25,94193,1.51,"55056",31.4,107.62,53.9,"Salaried","Mortgage","Vehicle",1
37291,19.25,574561,1.53,"1940380",30.56,106.61,63.3,"Salaried","Mortgage","Vehicle",0
37313,18.75,1902129,1.89,"7068477",24.66,87.04,57,"Self-employed","Mortgage","Home_improvement",0
37316,22.75,348074,1.28,"847506",1.02,11.84,27.9,"Salaried","Own","Debt_consolidation",0
37320,18.75,470086,1.39,"1089177",27.95,98.96,52.7,"Salaried","Rent","Vehicle",1
37323,32.25,4076,0.43,"10717",35.93,117.77,59.5,"Unemployed","Rent","Debt_consolidation",1
37324,19.75,2450429,2.03,"5818047",9.03,37.43,38.9,"Self-employed","Mortgage","Vehicle",1
37337,18.25,540871,1.41,"434013",38.99,124.25,67.2,"Salaried","Mortgage","Home_improvement",0
37340,23.75,2202094,2.58,"4902809",21.84,77.04,47.1,"Self-employed","Rent","Other",1
37345,16.75,122713,1.52,"437183",13.69,49.87,39.1,"Salaried","Mortgage","Home_improvement",0
37349,18.25,221410,1.25,"592356",3.81,17.73,37.6,"Salaried","Mortgage","Home_improvement",0
37387,17.75,399630,1.66,"1190356",10.57,36.79,37.9,"Salaried","Mortgage","Vehicle",0
37397,16.75,377636,1.68,"780917",32.48,108.02,59.4,"Salaried","Mortgage","Home_improvement",0
37408,23.25,320148,1.52,"434914",5.79,27.29,35.6,"Salaried","Rent","Other",0
37413,28.75,4551,0.25,"12101",14.91,56.8,45.4,"Unemployed","Mortgage","Debt_consolidation",1
37447,18.25,647249,1.16,"1072441",5.06,21.95,38.5,"Salaried","Mortgage","Home_improvement",1
37449,23.75,3356526,1.79,"8444502",8.8,30.71,42.5,"Self-employed","Rent","Other",1
37480,19.75,866263,1.64,"1105724",10.16,38.23,40.5,"Self-employed","Mortgage","Vehicle",1
37506,21.25,1777982,1.93,"6439234",5.58,29.48,30.5,"Self-employed","Mortgage","Vehicle",0
37510,20.25,551267,1.66,"1722069",3.41,19.35,30.3,"Salaried","Rent","Vehicle",1
37544,20.75,317403,1.28,"440926",37.14,118.72,68.3,"Salaried","Own","Debt_consolidation",1
37550,18.75,426272,1.29,"637150",13.91,50.54,42.3,"Salaried","Rent","Vehicle",0
37553,16.75,177623,1.07,"639489",25.3,86.69,49.5,"Salaried","Mortgage","Home_improvement",0
37557,20.25,524211,1.78,"1434564",26.67,85.12,57.9,"Contract","Mortgage","Home_improvement",0
37559,18.75,154292,1.5,"172498",23.61,79.97,56.7,"Salaried","Rent","Vehicle",1
37574,24.75,571717,0.74,"1548810",6.6,27.69,35.7,"Contract","Mortgage","Debt_consolidation",1
37608,21.75,479147,1,"885612",24.92,87.84,51.3,"Salaried","Rent","Other",1
37615,19.25,316082,1.58,"766119",39.35,129.32,66,"Salaried","Mortgage","Vehicle",1
37618,19.75,982840,2.32,"1594621",12.67,43.19,38.7,"Self-employed","Mortgage","Vehicle",1
37619,16.75,328761,1.65,"1085766",14.38,59.77,46,"Salaried","Mortgage","Home_improvement",0
37626,35,4777,0.6,"11704",0.54,13.93,34,"Unemployed","Mortgage","Debt_consolidation",1
37629,18.75,474575,1.37,"1319286",18.62,67,49.4,"Salaried","Rent","Vehicle",0
37643,21.25,478908,2,"177175",4.24,27.7,36.8,"Contract","Rent","Vehicle",1
37653,19.25,478811,1.89,"1559539",15.38,58.14,50,"Salaried","Own","Debt_consolidation",0
37660,21.75,225522,1.7,"672583",27.17,90.63,59.9,"Salaried","Rent","Other",1
37666,20.75,439935,1.57,"1063422",4.89,21.92,32.1,"Salaried","Own","Debt_consolidation",0
37673,23.75,2222108,2.22,"3205839",26.61,91.53,59.9,"Self-employed","Rent","Other",1
37683,16.75,408676,1.83,"1147391",8.07,34.81,37.7,"Salaried","Mortgage","Home_improvement",0
37686,17.75,377437,1.58,"1240689",11.7,42.13,34.5,"Salaried","Mortgage","Vehicle",0
37696,23.75,443087,1.63,"884635",38.73,124.06,64.2,"Contract","Rent","Vehicle",0
37723,21.75,367917,1.89,"729853",16.68,55.55,48.1,"Salaried","Rent","Other",0
37727,25.25,2359859,2.15,"2026728",38.36,127.64,69.9,"Self-employed","Rent","Other",1
37734,18.25,548059,1.49,"1252318",4.6,21.75,27.8,"Salaried","Mortgage","Home_improvement",0
37735,14.25,506694,1.31,"221665",14.98,53.49,37.4,"Salaried","Mortgage","Home_improvement",0
37740,19.75,2720985,1.88,"5384507",12.35,49.02,45.9,"Self-employed","Mortgage","Vehicle",0
37744,22.25,308535,1.49,"806816",2.68,15.61,27.5,"Salaried","Rent","Vehicle",0
37755,23.25,131144,1.48,"147142",39.71,126.32,64.7,"Salaried","Rent","Other",1
37759,18.75,259201,1.46,"276974",28.22,91.53,53.2,"Salaried","Rent","Vehicle",0
37765,21.25,2632076,2.01,"2223855",34.57,118.23,59.1,"Self-employed","Own","Debt_consolidation",1
37771,18.75,859510,2.01,"1651527",14.12,47.91,46.6,"Salaried","Rent","Vehicle",1
37774,28.75,1829454,2.1,"6227959",1.1,13.73,23.9,"Self-employed","Rent","Other",1
37779,17.75,507570,1.81,"1064461",14.74,49.16,39.6,"Salaried","Mortgage","Vehicle",1
37782,27.25,2445311,1.76,"5278955",2.04,12.17,36.6,"Self-employed","Rent","Other",1
37808,35,2848,0.52,"8509",36.15,121.79,67.3,"Unemployed","Rent","Debt_consolidation",1
37828,35,2804,0.47,"2945",12.23,44.01,34.4,"Unemployed","Rent","Debt_consolidation",0
37830,23.25,157407,1.55,"159819",3.21,18.69,32,"Salaried","Rent","Other",0
37852,19.25,125605,1.54,"384554",5.89,30.4,39.3,"Salaried","Mortgage","Vehicle",1
37856,19.25,299024,1.47,"654174",29.36,100.12,61.4,"Salaried","Mortgage","Vehicle",0
37860,21.25,406674,1.86,"770237",21.11,74.1,46.5,"Self-employed","Own","Debt_consolidation",0
37864,23.25,1429856,1.44,"3816642",37.74,127.51,60,"Contract","Mortgage","Debt_consolidation",1
37866,35,3879,0.52,"14517",3.18,21.07,36.3,"Unemployed","Rent","Vehicle",0
37872,23.75,2872861,2.17,"5128799",11.99,48.99,42.3,"Self-employed","Rent","Other",1
37876,19.25,151773,1.83,"130393",39.25,136.34,73,"Salaried","Mortgage","Vehicle",1
37877,20.25,605461,1.31,"873622",6.78,29.61,31,"Salaried","Rent","Vehicle",0
37886,18.75,730944,1.42,"2247988",15.8,57.12,49.6,"Salaried","Rent","Vehicle",0
37895,19.25,269822,0.95,"535914",30.49,98.15,63.1,"Salaried","Mortgage","Vehicle",0
37897,17.75,368928,1.45,"1203021",22.66,75.74,52.6,"Salaried","Mortgage","Vehicle",1
37898,19.25,363344,1.81,"735849",30.62,100,64.2,"Salaried","Mortgage","Vehicle",1
37905,20.75,374212,1.86,"225777",12.52,48.5,34.9,"Contract","Mortgage","Debt_consolidation",1
37909,17.75,354043,1.43,"783295",26.54,90.51,55.6,"Salaried","Mortgage","Vehicle",0
37953,20.25,563593,1.25,"1439363",3.64,20.2,36.8,"Salaried","Rent","Vehicle",0
37956,31.25,6264,0.45,"20963",15.32,58.26,43.3,"Unemployed","Mortgage","Debt_consolidation",0
37960,17.75,64869,1.03,"57049",18.61,62.03,51,"Salaried","Mortgage","Vehicle",0
37972,17.75,400735,1.4,"1389076",20.78,69,52.1,"Salaried","Mortgage","Vehicle",1
37974,23.75,498445,1.75,"615470",1.09,16.61,24.6,"Salaried","Rent","Vehicle",0
37980,20.25,524288,1.42,"1749897",6.15,28.4,36.9,"Salaried","Rent","Vehicle",1
37983,21.75,700689,1.62,"2145215",11.3,41.87,42.5,"Salaried","Rent","Other",1
37992,21.25,924061,1.68,"1228008",26.81,94.08,58.1,"Self-employed","Own","Debt_consolidation",0
37996,16.75,125249,0.9,"129494",8.96,34.09,41,"Salaried","Mortgage","Home_improvement",0
37999,21.25,1032157,1.97,"1215932",18.46,69.66,50.1,"Contract","Mortgage","Vehicle",0
38015,23.75,362495,1.57,"1054153",14.82,46.4,42,"Self-employed","Rent","Other",0
38020,14.25,698854,2.02,"322576",37.01,117.18,59.6,"Salaried","Mortgage","Home_improvement",0
38021,19.75,997393,1.3,"2245954",7.04,31.54,33.7,"Self-employed","Mortgage","Vehicle",1
38039,19.25,244465,1.46,"431502",5.38,27.27,39.6,"Salaried","Mortgage","Vehicle",0
38057,35,4472,0.55,"11342",0.38,9.35,23.8,"Unemployed","Rent","Debt_consolidation",0
38068,17.75,212322,1.09,"486705",24.25,84.93,49.3,"Salaried","Mortgage","Vehicle",0
38081,33.25,3822,0.41,"5809",8.89,42.03,41.5,"Unemployed","Rent","Other",0
38087,17.75,733060,1.55,"2538135",20.3,74.39,45.8,"Salaried","Mortgage","Vehicle",1
38089,21.25,1451300,2.14,"1567102",18.33,65.16,51.6,"Self-employed","Own","Debt_consolidation",0
38103,17.75,521057,1.45,"1913523",12.6,49.2,36.3,"Salaried","Mortgage","Vehicle",0
38106,23.25,1222222,2.19,"3560564",1.7,13.94,28.5,"Self-employed","Mortgage","Vehicle",1
38149,30.25,2968,0.49,"1335",14.65,50.89,47,"Unemployed","Rent","Home_improvement",0
38159,20.75,168633,1.47,"531782",4.98,28.96,32.5,"Salaried","Own","Debt_consolidation",0
38164,17.75,504928,2.04,"1331870",24.91,87.73,54.8,"Salaried","Mortgage","Vehicle",0
38174,20.25,743658,1.82,"1526347",10.54,37.89,38,"Contract","Mortgage","Home_improvement",0
38219,16.75,909231,0.45,"1511280",3.58,25.32,36,"Self-employed","Mortgage","Home_improvement",0
38231,24.25,554371,2.34,"1896502",36.87,120.97,61.2,"Contract","Own","Debt_consolidation",1
38252,24.75,142868,1.89,"357668",4.8,27.88,27.5,"Contract","Mortgage","Debt_consolidation",1
38259,20.25,1376948,2.02,"4090064",37.28,124.56,71.8,"Self-employed","Mortgage","Home_improvement",1
38261,33.75,7787,0.38,"21984",4.45,24.33,34.8,"Unemployed","Rent","Debt_consolidation",1
38267,18.25,640201,1.55,"2109144",5.37,29.28,36.8,"Salaried","Mortgage","Home_improvement",1
38268,20.25,343359,1.76,"576694",30.72,102.2,62.1,"Salaried","Rent","Vehicle",1
38271,21.75,183194,1.2,"558080",13.77,48.98,41.7,"Salaried","Rent","Other",0
38279,18.75,1002426,1.99,"3425134",24.29,84.53,53.5,"Self-employed","Mortgage","Home_improvement",0
38288,16.75,381378,1.61,"928265",8.52,36.3,42.7,"Salaried","Mortgage","Home_improvement",1
38297,16.75,151217,0.82,"299426",22.02,75.62,55.7,"Salaried","Mortgage","Home_improvement",0
38301,23.75,1196217,2.34,"3111356",10.44,40.47,35.7,"Self-employed","Rent","Other",1
38303,18.75,185846,1.68,"313700",11.88,42.91,43.7,"Salaried","Rent","Vehicle",0
38313,17.75,840387,1.54,"293492",35.25,112.82,61,"Salaried","Rent","Vehicle",0
38323,33.25,6795,0.39,"15223",33.12,107.21,55.4,"Unemployed","Rent","Other",1
38324,19.25,258470,1.41,"329793",27.53,96.45,51.9,"Salaried","Own","Debt_consolidation",1
38328,16.75,361434,1.33,"767912",7.78,32.76,40.9,"Salaried","Mortgage","Home_improvement",0
38344,22.75,1281914,1.84,"4734882",35.2,114.85,69.1,"Contract","Mortgage","Vehicle",1
38349,21.25,3021963,1.79,"3323222",15.49,54,40.7,"Self-employed","Own","Debt_consolidation",0
38367,16.75,390617,1.09,"669933",15.69,59.14,47.1,"Salaried","Mortgage","Home_improvement",1
38373,16.25,243886,1.31,"128297",24.96,81.85,53.9,"Salaried","Rent","Vehicle",1
38376,18.75,799702,1.41,"2472844",32.03,106.86,55.3,"Salaried","Rent","Vehicle",0
38383,16.25,401943,1.72,"148107",26.68,86.83,56.3,"Salaried","Rent","Vehicle",1
38403,18.75,790980,1.56,"1262551",23.7,87.38,49.8,"Self-employed","Mortgage","Home_improvement",1
38437,22.75,843227,1.82,"2021116",4.36,22.92,28.1,"Self-employed","Own","Debt_consolidation",0
38445,15.25,277391,1.15,"132257",12.42,48.05,37.7,"Salaried","Mortgage","Vehicle",0
38449,18.25,394972,1.58,"977673",29.98,96.32,64,"Salaried","Mortgage","Home_improvement",1
38452,19.25,131462,1.19,"176665",24.76,90.36,47.5,"Salaried","Own","Debt_consolidation",1
38473,21.25,1232960,1.45,"3763193",21.06,74.04,45.2,"Contract","Mortgage","Vehicle",1
38474,21.25,418677,1.38,"1433458",0.37,8.95,33.2,"Salaried","Mortgage","Vehicle",1
38503,17.75,667277,1.33,"246355",15.8,58.02,44.2,"Contract","Mortgage","Home_improvement",1
38508,16.75,337945,1.45,"341480",7.81,31.47,38,"Salaried","Mortgage","Home_improvement",0
38519,16.75,438642,1.75,"1367858",24.58,86.86,56.5,"Salaried","Mortgage","Home_improvement",1
38522,16.75,625943,1.58,"1845451",35.74,120.55,58.4,"Salaried","Mortgage","Home_improvement",0
38527,21.75,332776,1.81,"314705",18.84,67.31,43.8,"Salaried","Rent","Other",1
38528,20.75,372816,1.34,"921338",30.77,102.14,64.4,"Salaried","Own","Debt_consolidation",0
38535,23.75,1197094,1.25,"1153135",36.49,122.5,58.6,"Self-employed","Rent","Other",1
38558,35,6337,0.53,"18664",19.71,65.71,50.3,"Unemployed","Rent","Debt_consolidation",1
38570,18.75,395414,1.39,"938922",16.03,61.72,44,"Salaried","Rent","Vehicle",1
38579,17.75,691366,1.58,"1031315",17.3,57.03,48.6,"Salaried","Mortgage","Vehicle",0
38582,20.25,903777,1.09,"2901183",16.99,62.67,42.3,"Contract","Mortgage","Home_improvement",0
38584,18.25,378855,1.66,"898257",30.99,98.63,64.4,"Salaried","Mortgage","Home_improvement",1
38590,18.75,210086,1.26,"210303",19.96,71.2,50.7,"Salaried","Rent","Vehicle",0
38619,25.25,597799,1.42,"2270118",7.82,28.96,35.9,"Contract","Rent","Other",0
38664,17.75,416582,0.65,"629339",28.87,100.81,58,"Salaried","Mortgage","Vehicle",1
38673,19.25,96556,1.64,"142767",39.03,128.43,62.7,"Salaried","Mortgage","Vehicle",1
38679,20.75,368832,1.52,"391369",4.09,26.92,30.6,"Salaried","Own","Debt_consolidation",1
38715,22.75,2283106,2.4,"8507307",3.87,20.26,28,"Self-employed","Own","Debt_consolidation",0
38725,19.25,279692,1.78,"587286",21.13,80.02,45.9,"Salaried","Own","Debt_consolidation",1
38726,22.75,1957553,2,"1005578",38.04,120.21,65.5,"Self-employed","Rent","Other",1
38737,16.75,142423,1.24,"135201",25.97,87.72,59.3,"Salaried","Mortgage","Home_improvement",1
38745,17.75,592628,1.27,"1717362",8.55,38.54,33.9,"Salaried","Mortgage","Vehicle",1
38750,19.75,2144708,2.06,"3828116",25.15,81.15,47.9,"Self-employed","Mortgage","Vehicle",0
38752,20.25,682121,1.35,"1856598",37.37,126.41,64.7,"Salaried","Rent","Vehicle",0
38761,19.75,3019551,1.44,"9628702",26.71,89.58,57.3,"Self-employed","Mortgage","Vehicle",1
38769,23.75,1705804,1.27,"1217936",20.33,71.66,53.5,"Self-employed","Rent","Other",1
38780,19.25,327783,0.71,"616866",33.12,110.93,61.9,"Salaried","Mortgage","Vehicle",1
38800,17.75,369953,1.76,"644665",8.75,38.17,33.5,"Salaried","Mortgage","Vehicle",1
38817,23.75,1223766,1.84,"1058424",10.03,44.22,44.4,"Self-employed","Rent","Other",1
38831,33.75,4956,0.45,"16518",36.28,121.73,69.7,"Unemployed","Rent","Debt_consolidation",1
38855,19.75,3252911,1.68,"2862370",8.48,35.53,35.3,"Self-employed","Mortgage","Vehicle",0
38858,16.75,788222,1.83,"2542808",36.05,120.56,59.6,"Salaried","Mortgage","Home_improvement",0
38872,35,4464,0.47,"11428",28.31,95.74,62,"Unemployed","Rent","Debt_consolidation",1
38874,35,5094,0.49,"7487",2.72,15.77,28.8,"Unemployed","Rent","Debt_consolidation",1
38882,20.25,575212,1.86,"1038914",39.97,129.79,71.4,"Salaried","Rent","Vehicle",1
38888,19.75,2838804,1.85,"9761268",24.7,89.6,59.2,"Self-employed","Mortgage","Vehicle",0
38891,25.25,1660020,1.41,"2506191",3.42,20.72,36.3,"Self-employed","Rent","Other",1
38912,21.25,3003186,1.95,"11006713",11.26,46.96,34.1,"Self-employed","Own","Debt_consolidation",0
38917,19.25,265180,1.49,"644128",4.01,22.52,26.7,"Salaried","Mortgage","Vehicle",0
38920,19.25,548669,1.52,"1588116",5.86,21.51,31.9,"Salaried","Mortgage","Vehicle",0
38922,21.75,497360,1.87,"1513669",19.37,72.46,43.2,"Salaried","Rent","Other",1
38924,19.25,722398,1.47,"1628320",34.59,109.36,62,"Salaried","Mortgage","Vehicle",0
38933,16.75,307893,1.34,"456757",7.46,37.11,30.1,"Salaried","Mortgage","Home_improvement",0
38936,21.75,215917,1.46,"223298",28.98,98.82,51.7,"Salaried","Rent","Other",1
38938,22.25,958623,2.13,"2957349",21.86,73.71,49.2,"Contract","Rent","Vehicle",1
38939,20.75,509277,0.91,"1808633",5.97,31.51,34.9,"Salaried","Own","Debt_consolidation",1
38943,18.25,290768,1.01,"166255",35.72,122.33,64,"Salaried","Own","Debt_consolidation",0
38959,20.25,295381,1.79,"208086",33.61,113.64,68.1,"Salaried","Rent","Vehicle",0
38992,16.75,113819,1.37,"235387",24.93,83.27,51.3,"Salaried","Mortgage","Home_improvement",1
39000,16.75,628525,1.3,"1434322",24.89,85.13,48.2,"Salaried","Mortgage","Home_improvement",0
39002,24.75,974714,2.14,"2715370",30.41,103.92,60.7,"Contract","Mortgage","Debt_consolidation",1
39003,19.25,420809,1.23,"897755",9.06,37.48,33.8,"Salaried","Own","Debt_consolidation",0
39006,23.75,462413,2.02,"1262838",17.64,63.28,45.8,"Self-employed","Rent","Other",1
39021,18.75,322433,1.36,"893042",7.68,32.85,41.5,"Salaried","Rent","Vehicle",0
39025,35,4383,0.65,"13970",23.76,84.39,49.4,"Unemployed","Rent","Other",1
39029,16.75,184473,1.52,"395706",22.6,76.81,57.5,"Salaried","Mortgage","Home_improvement",0
39041,35,3977,0.56,"6356",39.94,128.14,63.4,"Unemployed","Rent","Other",0
39045,19.25,185146,1.08,"252797",3.76,18.96,26.2,"Salaried","Mortgage","Vehicle",0
39061,18.75,358021,1.61,"498114",22.05,72.98,46.2,"Salaried","Rent","Vehicle",0
39063,21.75,890886,1.94,"1069066",35.93,114.79,66.8,"Contract","Mortgage","Home_improvement",0
39068,35,4057,0.65,"11725",5.68,30.42,40.7,"Unemployed","Rent","Debt_consolidation",1
39073,19.25,349091,1.43,"280984",10.37,39.82,41.3,"Salaried","Own","Debt_consolidation",0
39076,16.25,381542,1.3,"224135",22.7,79.5,55.8,"Salaried","Rent","Vehicle",1
39088,23.25,751771,1.47,"1241529",23.75,80.53,58.7,"Contract","Mortgage","Debt_consolidation",0
39092,20.75,101173,1.48,"91030",33.06,110.42,63,"Salaried","Own","Debt_consolidation",1
39104,18.75,120673,1.52,"287981",18.2,64.79,52.2,"Salaried","Rent","Vehicle",0
39109,16.25,865017,1.81,"308440",23.22,82.44,58.2,"Salaried","Rent","Vehicle",0
39116,18.75,206593,2.07,"114376",29.27,91.02,56.3,"Contract","Mortgage","Vehicle",1
39118,20.25,381869,0.87,"1085311",5.33,20.58,38.9,"Salaried","Rent","Vehicle",0
39121,22.75,474993,1.31,"807863",4.35,24.06,33,"Contract","Mortgage","Vehicle",0
39160,25.25,925425,2.1,"1802565",37.42,120.52,63.4,"Self-employed","Rent","Other",1
39165,21.25,382791,1.37,"129068",39.84,129.63,62.8,"Contract","Rent","Vehicle",1
39174,21.75,113627,0.98,"183371",32.5,103.89,57.1,"Salaried","Rent","Other",1
39179,25.25,3657677,3.09,"10175495",30.35,104.76,62,"Self-employed","Rent","Other",1
39196,24.25,324107,1.5,"848800",1.39,12.39,24.4,"Salaried","Own","Debt_consolidation",0
39213,19.25,250337,1.85,"588681",39.2,125.66,69.3,"Salaried","Mortgage","Vehicle",1
39224,23.75,1771682,1.17,"3691992",7.58,31,30.9,"Self-employed","Rent","Other",0
39229,26.25,194247,1.26,"539353",0.56,11.21,29.4,"Contract","Own","Debt_consolidation",0
39232,21.25,1130973,2.28,"393998",21.36,77.05,53.5,"Self-employed","Rent","Other",1
39236,21.75,282667,1,"497307",9.62,35.54,33.4,"Salaried","Rent","Other",0
39242,18.75,191739,1.75,"528027",23.34,80.11,46,"Salaried","Rent","Vehicle",1
39251,16.75,738447,0.7,"1548199",25.21,86.36,51.5,"Salaried","Mortgage","Home_improvement",1
39253,18.25,566439,1.16,"1100250",34.29,113.51,61.5,"Salaried","Mortgage","Home_improvement",1
39256,19.25,411238,0.69,"1074987",23.69,86.19,56.3,"Salaried","Own","Debt_consolidation",0
39259,35,8185,0.53,"29701",26.22,87.15,49.1,"Unemployed","Rent","Debt_consolidation",1
39277,17.75,612623,1.68,"1688708",8.28,38.5,31.2,"Salaried","Mortgage","Vehicle",1
39289,20.75,464627,1.51,"574005",5.57,24.88,36.3,"Salaried","Own","Debt_consolidation",0
39290,18.75,209997,1.17,"613968",18.47,70.69,48.3,"Salaried","Rent","Vehicle",0
39292,19.25,176634,1.69,"395643",29.94,94.5,64.2,"Salaried","Mortgage","Vehicle",0
39303,21.25,1631542,1,"801976",12.08,49.35,46.9,"Self-employed","Rent","Other",1
39312,18.75,1073402,1.94,"2650381",27.99,92.47,59,"Self-employed","Mortgage","Home_improvement",1
39324,14.25,262138,0.64,"125482",9.32,35.63,43.9,"Salaried","Mortgage","Home_improvement",0
39332,20.75,482887,1.75,"1610627",4.54,19.24,27.9,"Salaried","Own","Debt_consolidation",0
39362,18.75,426458,1.61,"805641",26.63,95.12,56.9,"Salaried","Rent","Vehicle",0
39379,18.75,177309,0.66,"655040",11.36,48.01,40.1,"Salaried","Rent","Vehicle",1
39380,18.25,409128,1.52,"1311214",5.56,27.61,33.6,"Salaried","Mortgage","Home_improvement",0
39428,35,5955,0.53,"10543",29.13,99.53,58.7,"Unemployed","Rent","Debt_consolidation",1
39437,17.75,341199,1.65,"131678",34.25,111.87,65.4,"Salaried","Rent","Vehicle",0
39443,33.75,8109,0.5,"24661",27.98,90.95,56.3,"Unemployed","Rent","Vehicle",1
39445,19.25,327049,1.68,"447436",22.68,79.66,53,"Salaried","Own","Debt_consolidation",0
39452,23.75,2000160,1.76,"5748292",15.87,59.21,42.3,"Self-employed","Rent","Other",1
39469,21.25,2675280,2.08,"2950955",34.96,115.82,66.1,"Self-employed","Mortgage","Vehicle",1
39485,20.25,431762,2.09,"1262169",6.7,33.81,41.2,"Salaried","Rent","Vehicle",1
39491,22.75,190797,1.31,"481795",8.65,34.05,42.8,"Contract","Own","Debt_consolidation",0
39492,18.75,302658,0.89,"649131",23.02,80.72,55.9,"Salaried","Rent","Vehicle",0
39498,35,5094,0.59,"8423",30.31,98.57,52.4,"Unemployed","Rent","Debt_consolidation",1
39505,17.75,348586,1.32,"1230972",8.91,39.5,36.3,"Salaried","Mortgage","Vehicle",0
39518,22.25,1212177,1.67,"569365",4.29,20.71,36.3,"Contract","Mortgage","Debt_consolidation",1
39554,17.75,459109,1.9,"1288121",15.04,51.06,47.1,"Salaried","Mortgage","Vehicle",1
39580,20.25,753925,1.55,"2703639",6.22,26.11,41.1,"Salaried","Rent","Vehicle",0
39597,21.75,281265,1.72,"638892",27.68,90.4,52.2,"Salaried","Rent","Other",0
39610,20.75,136054,2.55,"88196",18.98,68.31,53.1,"Contract","Mortgage","Debt_consolidation",1
39633,16.25,279559,1.3,"126105",28.51,95.75,56.2,"Salaried","Rent","Vehicle",0
39644,21.75,813092,1.65,"1370820",14.98,54.79,40.9,"Salaried","Rent","Other",0
39659,19.75,3489782,1.79,"7279976",35.93,118.73,58,"Self-employed","Mortgage","Vehicle",1
39661,16.75,591774,1,"475678",19.79,67.66,50.7,"Salaried","Mortgage","Home_improvement",0
39673,17.75,580237,1.48,"1630179",33.17,103.01,59,"Salaried","Mortgage","Vehicle",1
39676,23.25,248818,1.41,"378468",26.26,92.78,61,"Salaried","Rent","Other",0
39692,15.25,250541,1.65,"135598",7.82,33.18,38,"Salaried","Mortgage","Vehicle",1
39705,23.75,1470644,1.15,"3555642",23.95,79.46,48.2,"Self-employed","Rent","Other",0
39707,19.75,1040993,1.73,"2878882",34.3,117.88,59.9,"Self-employed","Mortgage","Vehicle",1
39739,17.75,240982,1.85,"327356",21.57,75.06,47.9,"Salaried","Mortgage","Vehicle",0
39752,18.25,447868,1.61,"1683489",35.13,117.22,63.9,"Salaried","Mortgage","Home_improvement",0
39760,25.25,438928,1.74,"756341",0.98,11.47,26.6,"Salaried","Rent","Other",0
39774,23.25,653635,1.32,"1398915",34.97,117.23,69.4,"Salaried","Rent","Other",1
39775,16.25,478675,1.26,"222979",22.76,77.67,46.8,"Salaried","Rent","Vehicle",0
39780,17.75,347694,1.62,"1163852",25.45,86.37,52.5,"Salaried","Mortgage","Vehicle",0
39784,16.75,211297,1.22,"202129",20.61,68.11,43.8,"Salaried","Mortgage","Home_improvement",0
39788,18.75,98085,1.56,"305060",15.93,59.57,40.4,"Salaried","Rent","Vehicle",0
39792,32.75,6608,0.59,"21120",32.48,104.95,59.8,"Unemployed","Rent","Home_improvement",1
39797,23.75,1311587,1.28,"3922923",12.54,50.68,41.1,"Self-employed","Rent","Other",0
39799,18.75,352422,1.42,"457686",27.84,89.58,52,"Salaried","Rent","Vehicle",1
39802,18.75,2745061,1.97,"6033380",17.14,64.2,43.5,"Self-employed","Mortgage","Home_improvement",0
39808,19.25,426927,1.97,"1323533",35.7,117.34,58.5,"Salaried","Own","Debt_consolidation",0
39816,16.25,336859,0.72,"214816",14.78,53.89,42.3,"Salaried","Rent","Vehicle",0
39821,17.75,379911,1.24,"665017",9.3,34.93,34.7,"Salaried","Mortgage","Vehicle",1
39828,20.75,327599,2.04,"871293",3.78,19.7,30.8,"Salaried","Own","Debt_consolidation",0
39832,23.75,295481,1.95,"497212",38.8,127.66,63.4,"Contract","Rent","Vehicle",0
39863,17.75,359018,1.12,"647134",25.39,82.46,59.3,"Salaried","Mortgage","Vehicle",0
39885,21.25,597980,1.62,"693828",1.25,7.97,36,"Salaried","Mortgage","Vehicle",0
39894,21.75,186534,1.61,"318288",21.19,70.74,43.4,"Salaried","Rent","Other",1
39898,20.75,438456,1.44,"1520499",36.75,116.81,70.8,"Salaried","Own","Debt_consolidation",1
39903,21.75,375544,1.95,"545396",19.77,69.86,44.1,"Salaried","Rent","Other",1
39904,16.75,560343,1.22,"1927270",12.46,41.51,39.5,"Salaried","Mortgage","Home_improvement",0
39927,17.75,188351,1.74,"108375",27.92,98.41,60.7,"Salaried","Rent","Vehicle",0
39930,21.75,245968,0.99,"834996",10.15,35.37,39.8,"Salaried","Rent","Other",1
39959,17.75,455819,1.93,"851911",21.94,75.09,44.3,"Salaried","Mortgage","Vehicle",1
39967,16.25,1263907,1.44,"681392",29.8,102.29,52.3,"Self-employed","Mortgage","Home_improvement",0
39971,16.75,259529,1.43,"445486",14.56,55.41,42,"Salaried","Mortgage","Home_improvement",0
39976,21.75,495972,1.6,"1696569",21.92,76.34,56.7,"Salaried","Rent","Other",0
39989,21.25,1775924,1.35,"1250732",32.47,107.55,66.5,"Self-employed","Mortgage","Vehicle",1
39990,16.75,449381,1.25,"789208",18.27,62.94,45.8,"Salaried","Mortgage","Home_improvement",0
39992,16.75,578454,1.41,"1516285",32.31,108.68,55.5,"Salaried","Mortgage","Home_improvement",0
39994,16.75,598849,1.5,"1984741",7.31,26.22,30.2,"Salaried","Mortgage","Home_improvement",0
40003,21.75,524244,1.75,"1527704",12.29,42.89,39.5,"Salaried","Rent","Other",0
40018,16.75,496400,1.29,"959761",26.37,86.88,58.2,"Salaried","Mortgage","Home_improvement",0
40030,19.75,1865578,1.51,"4989427",22,78.76,50,"Self-employed","Mortgage","Vehicle",1
40033,18.25,156681,1.33,"350865",32.6,106.39,62.1,"Salaried","Mortgage","Home_improvement",1
40036,17.75,103894,1.21,"387943",13.84,51.67,43.1,"Salaried","Mortgage","Vehicle",0
40051,21.75,538664,1.67,"984579",12.61,47.71,40.1,"Salaried","Rent","Other",0
40058,17.75,554631,1.14,"548370",28.49,93.11,54.5,"Salaried","Mortgage","Vehicle",0
40066,22.25,973848,1.86,"3127617",23.03,81.14,46.7,"Contract","Rent","Vehicle",1
40082,35,1514,0.49,"1490",31.05,106.12,61,"Unemployed","Rent","Debt_consolidation",1
40089,18.25,240473,1.36,"119892",32.19,102.58,63.5,"Salaried","Own","Debt_consolidation",0
40119,17.75,316071,1.82,"276060",17.79,61.52,42,"Salaried","Mortgage","Vehicle",0
40121,34.25,3250,0.51,"1700",13.5,50.71,46.8,"Unemployed","Rent","Other",1
40132,14.25,539930,1.31,"252728",34.07,112.52,56.1,"Salaried","Mortgage","Home_improvement",1
40148,35,4501,0.77,"6612",13.52,49.78,45.1,"Unemployed","Rent","Other",0
40154,18.75,167582,1.84,"558018",8.55,37.94,35.9,"Salaried","Rent","Vehicle",0
40156,21.25,320542,2.02,"179928",30,103.59,57.1,"Self-employed","Rent","Other",0
40159,23.25,2755491,1.7,"5582261",39.82,133.12,73.6,"Self-employed","Mortgage","Debt_consolidation",1
40167,23.25,525188,1.18,"602746",5.98,29.5,34.8,"Salaried","Rent","Other",1
40168,23.25,858406,2.25,"1638431",14.29,56.85,44.6,"Contract","Mortgage","Debt_consolidation",1
40191,19.75,650910,0.59,"1790670",30.59,99.51,52.9,"Self-employed","Mortgage","Vehicle",1
40192,19.25,587919,1.27,"177869",7.89,29.06,34.6,"Contract","Mortgage","Debt_consolidation",0
40200,17.75,394292,2.03,"438575",19.49,68.95,49.5,"Salaried","Mortgage","Vehicle",1
40211,23.75,434267,1.44,"1585269",2.14,21.94,27.6,"Contract","Mortgage","Home_improvement",0
40215,33.25,6445,0.58,"2255",17.87,69.62,47.9,"Unemployed","Rent","Debt_consolidation",0
40216,20.25,844915,1.41,"1957750",36.17,115.77,66.1,"Self-employed","Mortgage","Home_improvement",1
40218,20.75,1531619,2.18,"725304",1.8,18.84,32.9,"Self-employed","Mortgage","Vehicle",1
40223,16.75,142683,1.71,"259819",20.31,66.74,45.1,"Salaried","Mortgage","Home_improvement",0
40241,35,4678,0.54,"3468",19.45,71.59,41.8,"Unemployed","Rent","Debt_consolidation",0
40243,24.75,854900,1.52,"1787319",36.08,115.72,66.8,"Contract","Mortgage","Debt_consolidation",1
40244,24.25,693357,1.46,"2300441",2.46,14.61,24.5,"Salaried","Own","Debt_consolidation",1
40247,22.75,844627,1.23,"3180147",24.13,79.14,50.4,"Contract","Own","Debt_consolidation",1
40260,19.25,354234,1.06,"491842",37.49,122.81,60.5,"Salaried","Mortgage","Vehicle",0
40263,17.75,285725,1.44,"995337",28.02,96.88,53,"Salaried","Mortgage","Vehicle",0
40268,35,6831,0.6,"8696",34.14,114.82,64.8,"Unemployed","Rent","Other",0
40274,23.25,692624,1.12,"819606",6.15,31.34,39.3,"Salaried","Rent","Other",1
40302,24.25,808036,2.14,"447299",30.6,101.46,61,"Contract","Rent","Other",1
40304,23.25,1828260,1.92,"1717718",3.04,17.99,26.6,"Self-employed","Mortgage","Debt_consolidation",1
40308,18.75,724726,1.66,"875872",20.28,72.08,54.1,"Salaried","Rent","Vehicle",0
40309,17.75,311826,1.12,"1002236",17.8,61.1,52.6,"Salaried","Mortgage","Vehicle",0
40315,18.75,315553,1.4,"985788",9.35,44.78,33.1,"Salaried","Rent","Vehicle",0
40322,25.25,708500,1.96,"597143",37.68,124.44,72.2,"Self-employed","Rent","Other",0
40341,20.25,544235,1.69,"1580661",6.49,31.76,40.7,"Salaried","Rent","Vehicle",0
40343,25.25,2709637,2.05,"3636283",37.86,124.56,62.4,"Self-employed","Rent","Other",0
40344,16.75,203232,1.37,"726160",10.19,48.1,42,"Salaried","Mortgage","Home_improvement",0
40351,20.25,471351,1.55,"658781",39.83,129.4,69.7,"Salaried","Rent","Vehicle",0
40358,16.75,126172,1.46,"428613",24.09,86.8,50.5,"Salaried","Mortgage","Home_improvement",0
40361,20.25,331641,1.49,"745381",37.09,123.07,60.3,"Salaried","Rent","Vehicle",0
40378,21.25,1198360,2.1,"2916469",14.86,54.28,49.5,"Contract","Mortgage","Vehicle",1
40382,22.75,1984297,1.87,"980239",39.09,127.71,64.3,"Self-employed","Rent","Other",1
40391,18.75,194320,1.21,"250550",8.3,37.31,35.7,"Salaried","Rent","Vehicle",0
40397,24.75,1620695,1.54,"3860872",1.12,9.78,34.7,"Self-employed","Own","Debt_consolidation",1
40407,16.75,423574,1.27,"1463831",26.47,90.46,51.6,"Salaried","Mortgage","Home_improvement",0
40421,34.75,3271,0.62,"1526",35.18,117.4,69,"Unemployed","Rent","Debt_consolidation",1
40434,16.75,468281,1.39,"808145",7.76,36.25,37.3,"Salaried","Mortgage","Home_improvement",0
40437,22.75,573583,1.61,"400297",4.79,29.1,37.9,"Self-employed","Own","Debt_consolidation",0
40438,20.25,433320,1.71,"1154570",36.88,124.25,68.5,"Salaried","Rent","Vehicle",0
40440,22.25,441466,1.53,"1486132",12.23,46.21,36.1,"Contract","Rent","Vehicle",0
40452,30.25,4684,0.59,"2027",8.23,31.96,32.6,"Unemployed","Rent","Home_improvement",1
40457,17.75,456235,1.32,"243626",28.31,89.66,60.2,"Salaried","Rent","Vehicle",0
40468,27.75,6857,0.35,"22180",29.43,98.86,58.4,"Unemployed","Rent","Vehicle",1
40477,21.25,1532102,1.88,"4128608",35.31,121.53,68.1,"Self-employed","Mortgage","Vehicle",0
40480,18.25,372950,1.25,"130043",38.6,129.01,72.7,"Salaried","Own","Debt_consolidation",0
40481,23.75,402591,2.2,"1345557",15.37,56.12,45.5,"Self-employed","Rent","Other",1
40493,18.75,1086095,1.6,"418018",10.52,42.88,36.9,"Contract","Mortgage","Vehicle",0
40509,21.75,1387832,1.34,"1655810",9.77,44.2,32.2,"Self-employed","Mortgage","Debt_consolidation",0
40510,32.25,4059,0.42,"13414",29.84,100.56,59.5,"Unemployed","Rent","Debt_consolidation",1
40512,19.25,288891,1.38,"511048",19.54,66.3,54.1,"Salaried","Own","Debt_consolidation",0
40522,17.75,217753,1.15,"593512",15.96,54.17,39,"Salaried","Mortgage","Vehicle",0
40529,18.75,141887,1.74,"171997",21.57,73.91,45.9,"Salaried","Rent","Vehicle",1
40552,20.25,377498,1.23,"938634",39.85,129.17,72.7,"Salaried","Rent","Vehicle",1
40555,21.75,415343,1.57,"725819",19,61.2,45.4,"Salaried","Rent","Other",0
40558,19.25,520610,1.89,"907938",12.81,46.21,45.4,"Salaried","Own","Debt_consolidation",1
40578,17.75,851203,1.67,"788059",19.62,75.29,44.9,"Salaried","Mortgage","Vehicle",1
40582,19.25,267188,1.05,"901551",18.98,65.64,52.9,"Salaried","Own","Debt_consolidation",1
40597,33.25,2924,0.51,"1058",11.47,46.78,44.9,"Unemployed","Rent","Debt_consolidation",0
40602,20.75,134534,1.18,"204634",6.96,35.85,29.8,"Salaried","Own","Debt_consolidation",0
40607,35,7239,0.6,"16926",23.43,81.49,55.9,"Unemployed","Rent","Debt_consolidation",1
40611,21.75,461903,1.74,"1693073",0.42,14.54,22.4,"Salaried","Mortgage","Home_improvement",1
40613,21.75,297082,1.17,"201611",32.04,108.99,63.8,"Contract","Mortgage","Home_improvement",1
40634,16.75,149189,1.24,"213020",17.22,58.89,49.8,"Salaried","Mortgage","Home_improvement",0
40635,19.25,825240,1.47,"847032",6.5,27.73,30.1,"Salaried","Mortgage","Vehicle",1
40643,22.75,179723,1.65,"60059",5.09,27.94,31.9,"Self-employed","Rent","Other",1
40649,20.25,348133,1.48,"268881",6.06,28.29,39.4,"Salaried","Rent","Vehicle",0
40677,18.75,734602,1.2,"1051051",7.11,33.54,34,"Salaried","Rent","Vehicle",0
40679,21.75,443851,1.26,"825403",10.84,42.91,44.6,"Salaried","Rent","Other",1
40689,19.75,641751,2.48,"273462",1.16,19.17,28.8,"Salaried","Rent","Vehicle",1
40698,23.25,349336,1.36,"414728",3.27,20.88,32,"Salaried","Rent","Other",0
40699,18.25,180945,1.64,"312943",38.24,120.3,62.4,"Salaried","Mortgage","Home_improvement",0
40706,24.75,2225261,1.5,"1264868",0.59,4.63,27.9,"Self-employed","Rent","Other",0
40739,20.25,447242,1.78,"1114544",37.6,123.44,66.3,"Salaried","Rent","Vehicle",0
40749,22.25,97338,1.21,"139200",1.62,20.53,30.1,"Salaried","Rent","Vehicle",0
40761,33.75,3542,0.51,"12492",13.88,54.97,47.9,"Unemployed","Rent","Vehicle",0
40771,20.75,163208,1.46,"200638",28.24,98.72,60.7,"Salaried","Own","Debt_consolidation",0
40798,19.25,196962,1.53,"123306",12.14,45.18,44.6,"Salaried","Rent","Other",0
40804,16.75,172839,1.7,"60223",27.83,92.35,59.9,"Salaried","Own","Debt_consolidation",1
40809,21.25,641588,1.87,"2143519",28.96,102.06,54,"Self-employed","Own","Debt_consolidation",1
40824,18.25,301782,1.64,"585674",3.12,19,25.7,"Salaried","Mortgage","Home_improvement",0
40825,19.25,346110,1.65,"1237967",34.78,115.94,59,"Salaried","Own","Debt_consolidation",0
40874,16.75,167856,1.64,"532699",14.46,44.92,39.6,"Salaried","Mortgage","Home_improvement",0
40882,16.75,343494,1.23,"965278",34.38,116.69,58.6,"Salaried","Mortgage","Home_improvement",0
40901,21.75,247465,1.46,"475311",23.02,77.66,53.2,"Salaried","Rent","Other",0
40908,23.75,760053,1.46,"2020616",29.58,101.69,59.7,"Self-employed","Rent","Other",1
40914,20.25,814486,1.64,"608801",34.4,112.2,64.7,"Salaried","Rent","Vehicle",0
40916,16.75,201110,1.61,"149074",19.21,69.31,53.7,"Salaried","Mortgage","Home_improvement",0
40939,23.75,600889,2.19,"1299425",3.53,19.48,32.6,"Contract","Rent","Vehicle",1
40960,18.75,144485,1.86,"423382",25.16,82.07,47.3,"Salaried","Rent","Vehicle",1
40964,29.25,4167,0.41,"4645",27.99,90.96,52.3,"Unemployed","Rent","Home_improvement",1
40973,17.25,1350877,1.5,"755816",11.44,42.56,43.9,"Self-employed","Mortgage","Vehicle",0
40975,17.75,101987,1.38,"169533",17.94,65.27,51.1,"Salaried","Mortgage","Vehicle",0
40978,22.75,353336,1.44,"1079090",6.64,32.13,41.1,"Self-employed","Own","Debt_consolidation",1
40987,18.75,391885,1.67,"946776",26.83,94.24,53.9,"Salaried","Rent","Vehicle",1
41000,17.75,587056,1.75,"1183311",21.16,76.88,45.7,"Salaried","Mortgage","Vehicle",0
41006,22.25,708262,1.63,"648006",24.08,84.5,54.1,"Contract","Rent","Vehicle",0
41026,23.25,420707,2.07,"439655",32.42,101.67,65,"Self-employed","Mortgage","Debt_consolidation",1
41039,15.75,269998,2.09,"123323",28.83,97.32,63.6,"Salaried","Mortgage","Home_improvement",0
41042,19.25,323935,1.75,"270222",33.1,111.56,61.3,"Salaried","Mortgage","Vehicle",1
41043,19.75,2096046,2.22,"2639121",15.34,53.42,47.9,"Self-employed","Mortgage","Vehicle",1
41044,17.75,449281,1.29,"1562773",28.38,98.87,56.8,"Salaried","Mortgage","Vehicle",1
41063,16.75,618519,1.63,"899658",11.26,44.41,33.5,"Salaried","Mortgage","Home_improvement",1
41086,25.25,1533790,1.47,"1178950",38.95,126.7,67.1,"Self-employed","Rent","Other",1
41104,20.75,341049,1.88,"227986",34.26,109.67,65.1,"Salaried","Own","Debt_consolidation",1
41105,20.25,478202,1.56,"736817",38.99,126.4,61.7,"Salaried","Rent","Vehicle",1
41127,20.25,212197,1.52,"168578",28.27,93.53,60.4,"Salaried","Rent","Vehicle",0
41129,16.75,186011,1.35,"664144",26.35,83.9,55.8,"Salaried","Mortgage","Home_improvement",1
41145,17.75,415114,1.49,"983693",12.98,49.99,44.8,"Salaried","Mortgage","Vehicle",1
41148,18.75,325562,1.11,"295102",30.59,102.39,53.8,"Salaried","Rent","Vehicle",1
41155,16.75,482297,0.86,"1019831",28.73,96.66,52.7,"Salaried","Mortgage","Home_improvement",1
41157,35,4025,0.57,"1968",35.92,119.58,69,"Unemployed","Rent","Other",1
41170,18.75,191718,1.19,"277670",10.07,39.78,42.1,"Salaried","Rent","Vehicle",0
41172,18.75,2447230,2.13,"1320351",25.12,82.06,57.8,"Self-employed","Own","Debt_consolidation",1
41173,17.75,509927,1.71,"1776627",19.76,73.72,50.7,"Salaried","Mortgage","Vehicle",1
41176,25.25,803724,2.61,"792580",34.39,116.81,64.1,"Self-employed","Rent","Other",1
41180,18.75,2425335,2.17,"1255499",28.1,90.13,62.7,"Self-employed","Mortgage","Vehicle",1
41189,21.75,354615,2.24,"705758",9.08,36.36,38.5,"Salaried","Rent","Other",1
41192,18.25,521567,1.6,"872714",38.63,124.93,64.3,"Salaried","Mortgage","Home_improvement",0
41195,20.25,325891,1.02,"897055",38.88,125.5,73.6,"Salaried","Rent","Vehicle",0
41198,20.25,2787983,2.23,"8122123",34.28,113.84,62.5,"Self-employed","Mortgage","Home_improvement",1
41223,19.25,258791,1.35,"351411",19.78,72.22,51.8,"Salaried","Own","Debt_consolidation",0
41226,21.25,987859,1.84,"3209872",26.14,86.76,52.9,"Contract","Mortgage","Vehicle",1
41239,18.75,229338,1.7,"182947",23.98,81.31,56.9,"Salaried","Rent","Vehicle",0
41240,19.25,619063,1.68,"1643069",35.84,114.25,64.8,"Salaried","Mortgage","Vehicle",0
41243,33.75,2587,0.4,"9520",28.39,90.11,61,"Unemployed","Rent","Debt_consolidation",1
41248,16.75,694553,1.28,"928198",11,44.97,41.3,"Salaried","Mortgage","Home_improvement",0
41257,18.25,589442,1.68,"1210072",34.85,113.33,66.9,"Salaried","Mortgage","Home_improvement",0
41267,24.75,387158,1.71,"1072826",5.73,27.41,38.9,"Contract","Mortgage","Debt_consolidation",1
41270,18.75,426008,0.99,"1001435",11.53,47.05,42.1,"Salaried","Rent","Vehicle",0
41278,19.25,279660,1.93,"184210",31,105.64,53.3,"Salaried","Rent","Other",1
41283,20.75,525042,2.09,"474441",33.24,111.63,61.3,"Salaried","Own","Debt_consolidation",1
41290,22.25,408178,2.09,"537012",1.64,21.07,27.3,"Salaried","Rent","Vehicle",1
41291,19.25,306513,1.25,"335728",12.48,43.29,46.9,"Salaried","Own","Debt_consolidation",0
41292,16.75,121084,1.71,"96196",20.2,75.14,54.3,"Salaried","Mortgage","Home_improvement",0
41294,35,2525,0.46,"9490",2.44,14.1,37.2,"Unemployed","Rent","Debt_consolidation",0
41304,16.75,220724,1.89,"77418",3.27,24.62,32,"Salaried","Mortgage","Vehicle",0
41312,18.75,203039,1.15,"310074",7.91,35.6,30.8,"Salaried","Rent","Vehicle",0
41320,19.25,184048,1.17,"335715",17.81,59.29,44.3,"Salaried","Own","Debt_consolidation",0
41325,16.75,264927,1.61,"280593",7.76,30.28,32.8,"Salaried","Mortgage","Home_improvement",0
41336,20.75,751603,2.04,"277931",31.61,100.7,58.9,"Contract","Mortgage","Debt_consolidation",1
41339,20.25,295170,1.48,"267905",0.71,14.97,34.4,"Salaried","Mortgage","Home_improvement",0
41343,18.75,528346,1.88,"765617",13.38,48.87,39.8,"Salaried","Rent","Vehicle",0
41366,22.75,870941,1.11,"2257473",1.53,19.8,30.1,"Salaried","Own","Debt_consolidation",0
41386,19.25,619367,1.36,"218827",18.11,60.54,41.4,"Salaried","Rent","Other",0
41395,25.25,1822749,1.28,"6634175",28.67,99.85,60.4,"Self-employed","Rent","Other",1
41396,16.75,463886,1.8,"1476264",14.38,49.31,37.9,"Salaried","Mortgage","Home_improvement",0
41408,16.75,345214,1.33,"424524",31.28,104.09,55.2,"Salaried","Mortgage","Home_improvement",0
41411,20.75,1231514,1.82,"771981",36.87,122.89,63.8,"Self-employed","Mortgage","Debt_consolidation",1
41432,17.75,295183,1.25,"252166",32.13,111.04,59.4,"Salaried","Mortgage","Vehicle",1
41442,16.75,92530,1.33,"61678",34.03,109.95,68.7,"Salaried","Mortgage","Vehicle",0
41444,23.25,93678,1.59,"344217",35.09,111.29,60.6,"Salaried","Rent","Other",0
41446,18.75,835744,2.44,"1482878",22.54,79.23,54.1,"Self-employed","Mortgage","Home_improvement",1
41450,19.25,411357,1.57,"298330",35.84,120.21,65.5,"Salaried","Mortgage","Vehicle",0
41453,21.75,2578554,1.85,"5854730",28.26,91.89,53,"Self-employed","Mortgage","Debt_consolidation",1
41475,18.75,576618,1.65,"719898",33.2,111.16,58.3,"Salaried","Rent","Vehicle",1
41480,23.75,372100,2.43,"1139775",1.21,7.32,25.5,"Contract","Mortgage","Home_improvement",1
41481,20.75,135437,2.01,"369129",33.71,108.64,62,"Salaried","Own","Debt_consolidation",1
41490,21.75,222069,1.09,"682557",15.12,54.62,46.4,"Salaried","Rent","Other",0
41503,21.25,446274,2.36,"1330381",20.01,67.52,49,"Contract","Mortgage","Vehicle",0
41513,17.75,183783,1.84,"144871",8.24,31.41,37.2,"Salaried","Mortgage","Vehicle",0
41523,21.75,667522,1.66,"739647",10.67,46.61,39.4,"Salaried","Rent","Other",0
41550,19.25,355444,1.61,"1340708",11.53,42.29,46.5,"Salaried","Own","Debt_consolidation",0
41551,25.25,518312,1.35,"1150396",2.87,22.24,35.3,"Salaried","Rent","Other",0
41554,23.25,753448,1.59,"1024961",6.16,26.58,31.3,"Salaried","Rent","Other",1
41558,19.25,357355,1.74,"913850",38.39,123.85,61.7,"Salaried","Mortgage","Vehicle",0
41559,15.75,830444,1.71,"390202",35.54,114.63,69.4,"Salaried","Mortgage","Home_improvement",0
41568,18.75,2838312,2.23,"7936266",35.25,114.49,58.1,"Self-employed","Mortgage","Home_improvement",1
41569,35,5786,0.58,"12115",13.6,46.9,43.4,"Unemployed","Rent","Debt_consolidation",1
41574,21.75,588761,1.29,"1076912",16.93,62.66,41,"Salaried","Rent","Other",0
41583,14.25,163663,1.8,"52635",34.65,118.62,64,"Salaried","Mortgage","Home_improvement",1
41622,18.25,676752,1.12,"2482097",6.09,24.85,35.1,"Salaried","Mortgage","Home_improvement",0
41626,15.25,217194,1.42,"104572",11.86,42.49,36.3,"Salaried","Mortgage","Vehicle",0
41632,19.25,570001,1.8,"2049334",32.55,109.65,63.3,"Salaried","Mortgage","Vehicle",0
41640,17.75,493941,0.71,"708404",20.6,72.33,49.7,"Salaried","Mortgage","Vehicle",0
41642,18.25,658829,1.78,"283786",37.06,121.06,61.7,"Salaried","Own","Debt_consolidation",0
41653,18.75,182979,1.19,"644693",36.9,124.5,59.3,"Salaried","Rent","Vehicle",0
41663,17.75,419219,1.55,"1346216",13.04,47.07,39.6,"Salaried","Mortgage","Vehicle",1
41674,17.75,134943,1.43,"112831",22.45,78.06,51,"Salaried","Mortgage","Vehicle",0
41679,17.75,306806,1.54,"670588",13.5,47.16,36.8,"Salaried","Mortgage","Vehicle",0
41702,23.75,874086,1.77,"711984",37.83,120.05,63.6,"Contract","Rent","Vehicle",1
41707,21.25,1422775,1.44,"4910695",36.78,118.94,65.8,"Self-employed","Mortgage","Vehicle",0
41711,35,3980,0.58,"6766",8.71,36.48,36,"Unemployed","Rent","Other",1
41713,18.75,105578,1.7,"136143",15.87,56.11,39.4,"Salaried","Rent","Vehicle",0
41721,33.25,4280,0.63,"1975",17.7,65.81,44.4,"Unemployed","Rent","Debt_consolidation",0
41726,17.75,462735,1.23,"1168804",14.95,52.63,40.9,"Salaried","Mortgage","Vehicle",0
41733,16.25,460415,1.04,"242911",27.9,93.4,59.2,"Salaried","Rent","Vehicle",0
41736,19.25,234436,1.61,"93764",29.24,93.8,53.1,"Salaried","Rent","Other",1
41745,19.25,190279,1.75,"174141",18.71,70.28,48.5,"Salaried","Own","Debt_consolidation",1
41746,18.75,436937,2.17,"359083",24.05,85.95,54.5,"Salaried","Rent","Vehicle",0
41756,21.75,2390525,1.79,"5078885",27.13,88.13,55.2,"Self-employed","Mortgage","Debt_consolidation",1
41790,18.75,304138,1.58,"904811",7.28,31.38,32.8,"Salaried","Rent","Vehicle",0
41799,18.75,3146804,1.75,"10071502",8.96,36.91,38.2,"Self-employed","Mortgage","Home_improvement",0
41812,16.75,345916,1.2,"206250",39.43,130.38,70.7,"Salaried","Mortgage","Vehicle",0
41814,20.75,195430,1.75,"215856",38.22,124.74,67.4,"Salaried","Own","Debt_consolidation",0
41818,23.25,444174,1.3,"1662854",38.84,129.31,68.3,"Salaried","Rent","Other",1
41830,15.25,151244,1.48,"59456",20.31,68.76,48.5,"Salaried","Mortgage","Vehicle",1
41838,19.25,93808,1.48,"314354",14.93,58.11,45.2,"Salaried","Own","Debt_consolidation",0
41842,16.75,407639,1.38,"317167",18.82,70.13,42.1,"Salaried","Mortgage","Home_improvement",0
41855,17.75,392830,1.34,"1169266",31.16,100.56,54.1,"Salaried","Mortgage","Vehicle",1
41859,17.75,462376,1.09,"532828",25.56,79.82,52.8,"Salaried","Mortgage","Vehicle",0
41872,20.75,578781,1.27,"844458",6.66,33.68,38.9,"Salaried","Own","Debt_consolidation",0
41877,18.75,1998534,1.41,"1481391",13.08,48.52,39.1,"Self-employed","Mortgage","Home_improvement",1
41885,17.75,438434,1.49,"1243701",30.7,94.18,56,"Salaried","Mortgage","Vehicle",0
41887,19.75,936569,1.16,"906787",9.38,40.25,36.3,"Self-employed","Mortgage","Vehicle",0
41892,23.75,913321,1.02,"3371427",31.46,107.68,66.4,"Contract","Rent","Vehicle",1
41893,17.75,514029,0.89,"377683",9.19,37.92,42.8,"Salaried","Mortgage","Vehicle",0
41914,15.25,550960,1.74,"229234",19.14,64.73,49.6,"Salaried","Mortgage","Vehicle",0
41928,18.75,80452,1.5,"222754",17.95,73,43.1,"Salaried","Rent","Vehicle",0
41929,20.25,464164,1.41,"1680564",33.63,106.35,62.8,"Salaried","Rent","Vehicle",0
41930,16.75,143167,1.05,"318803",14.51,50.56,47.6,"Salaried","Mortgage","Home_improvement",0
41931,17.75,346537,1.42,"526154",32.16,103.38,56.7,"Salaried","Mortgage","Vehicle",0
41933,19.25,121482,1.96,"209619",22.39,74.97,52.3,"Salaried","Own","Debt_consolidation",1
41937,19.25,306358,1.02,"952123",38.39,127.03,60.6,"Salaried","Mortgage","Vehicle",1
41941,19.25,329248,0.78,"1212974",7.51,27.68,38.4,"Salaried","Own","Debt_consolidation",0
41947,21.25,1257818,2.18,"949022",17.15,63.44,50.6,"Self-employed","Own","Debt_consolidation",1
41948,17.75,270529,1.23,"563124",29.6,102.32,52.7,"Salaried","Mortgage","Vehicle",0
41951,17.75,172323,1.44,"52376",30.58,101.65,58.1,"Salaried","Rent","Other",0
41965,35,6309,0.57,"17706",35.73,119.06,60.9,"Unemployed","Mortgage","Debt_consolidation",1
41975,22.75,740947,1.83,"2129063",16.67,60.48,50.9,"Contract","Own","Debt_consolidation",1
41984,16.25,304631,1.36,"184364",7.16,31.23,39.9,"Salaried","Rent","Vehicle",0
41985,18.75,113176,1.38,"376952",15.02,50.69,49.2,"Salaried","Rent","Vehicle",0
41988,18.75,198653,1.42,"680881",9.13,36.58,34.2,"Salaried","Rent","Vehicle",0
41999,19.25,95144,1.71,"258729",9.25,35.62,34.4,"Salaried","Own","Debt_consolidation",0
42007,19.25,583161,1.82,"1020962",38.15,128.63,65.6,"Salaried","Mortgage","Vehicle",0
42022,20.25,479375,1.44,"420987",4.05,24.94,30.7,"Salaried","Rent","Vehicle",0
42023,29.75,7336,0.36,"26025",10.28,44.34,41.6,"Unemployed","Rent","Debt_consolidation",1
42033,17.75,450202,1.88,"402299",16.51,55.97,42.7,"Salaried","Mortgage","Vehicle",0
42038,21.25,2213654,1.22,"4879764",8.88,33.13,43.9,"Self-employed","Own","Debt_consolidation",0
42051,18.75,760994,1.96,"1490477",24.6,81.65,50.9,"Self-employed","Mortgage","Home_improvement",1
42056,20.25,468107,1.45,"1499765",34.67,114.75,67,"Salaried","Rent","Vehicle",0
42061,22.75,227195,1.41,"592274",2.74,14.42,33.8,"Salaried","Own","Debt_consolidation",0
42097,17.75,226878,1.31,"153993",18.91,64.36,46.7,"Salaried","Mortgage","Vehicle",0
42100,17.75,170647,1.24,"256999",13.52,44.87,45.1,"Salaried","Mortgage","Vehicle",0
42113,31.25,9174,0.34,"25276",29.31,102.49,64,"Unemployed","Rent","Debt_consolidation",0
42115,19.25,255552,1.4,"896089",24.96,82.15,50.9,"Salaried","Own","Debt_consolidation",1
42122,14.25,148826,1.57,"63308",29.85,100.09,56.9,"Salaried","Mortgage","Home_improvement",0
42123,23.25,1494985,1.65,"1372175",0.17,10.01,28.1,"Self-employed","Mortgage","Vehicle",0
42133,25.25,2325017,1.87,"2220564",4.69,25.33,39.4,"Self-employed","Rent","Other",1
42142,19.25,270594,0.98,"829533",29.62,95.15,55.1,"Salaried","Own","Debt_consolidation",1
42154,25.25,573795,1.81,"500710",25.03,86.19,60,"Contract","Rent","Other",1
42157,20.25,2506466,2.48,"9321927",35.39,119.59,64,"Self-employed","Mortgage","Home_improvement",1
42168,23.25,287319,1.63,"774139",5.86,26.73,40.6,"Salaried","Rent","Other",0
42202,21.25,624095,2.21,"2104315",22.45,73.32,48.7,"Contract","Mortgage","Vehicle",0
42203,18.75,291672,1.76,"561171",7.34,33.82,37.9,"Salaried","Rent","Vehicle",0
42212,17.25,2782521,1.98,"1022645",14.18,53.75,41.2,"Self-employed","Mortgage","Vehicle",1
42220,19.25,67251,1.39,"255309",30.54,100.69,54.5,"Salaried","Own","Debt_consolidation",1
42232,22.75,468440,1.47,"1502800",2.83,20.08,34.5,"Salaried","Own","Debt_consolidation",0
42238,19.25,406800,1.45,"1012848",32.65,109.86,65,"Salaried","Mortgage","Vehicle",0
42248,18.25,474906,1.61,"875422",32.8,106.34,63.4,"Salaried","Mortgage","Home_improvement",1
42250,21.75,238262,1.66,"701309",25.84,85.63,57.7,"Salaried","Rent","Other",0
42261,21.75,2361908,1.79,"5628512",19.9,66.21,52.3,"Self-employed","Mortgage","Debt_consolidation",1
42264,32.25,3581,0.4,"6515",25.27,83.62,50.5,"Unemployed","Rent","Debt_consolidation",1
42266,16.75,491573,1.85,"724538",9.66,33.88,41.7,"Salaried","Mortgage","Home_improvement",0
42279,19.25,2179155,1.45,"1011717",24.5,81.49,54.8,"Self-employed","Mortgage","Debt_consolidation",0
42280,25.25,1333390,1.92,"4462388",1.36,16.83,33.3,"Self-employed","Mortgage","Debt_consolidation",0
42297,22.75,1057221,1.99,"470000",4.1,20.71,28.6,"Self-employed","Rent","Other",1
42335,25.25,1037314,1.98,"3476933",22.13,77.55,48.4,"Contract","Rent","Other",0
42338,25.25,554873,1.51,"1546535",2.3,13.91,36.9,"Salaried","Rent","Other",1
42357,18.25,272963,1.76,"754792",39.62,128.27,71,"Salaried","Mortgage","Home_improvement",0
42376,20.75,451116,1.37,"917251",6.26,31.05,30.6,"Salaried","Own","Debt_consolidation",0
42387,19.25,212849,1.19,"692829",32.37,106.36,66.6,"Salaried","Mortgage","Vehicle",1
42395,32.25,6822,0.64,"2275",28.59,100.1,53.8,"Unemployed","Mortgage","Debt_consolidation",1
42397,17.75,224146,1.83,"292718",9,37.36,32,"Salaried","Mortgage","Vehicle",1
42400,18.25,402185,1.32,"154873",31.27,98.89,65.3,"Salaried","Own","Debt_consolidation",1
42429,21.75,463615,1.47,"766610",7.57,29.45,29.6,"Salaried","Rent","Other",0
42461,18.75,2511799,1.78,"4660863",12.98,47.67,42.4,"Self-employed","Mortgage","Home_improvement",1
42467,16.75,542124,1.67,"287202",16.78,59.43,40.1,"Salaried","Own","Debt_consolidation",0
42470,32.75,5803,0.38,"8612",4.38,18.74,34,"Unemployed","Mortgage","Debt_consolidation",0
42482,21.75,1293943,1.52,"2502651",16.02,59.97,48,"Self-employed","Mortgage","Debt_consolidation",0
42488,22.25,1138034,1.95,"3194535",23.27,75.73,51.1,"Contract","Rent","Vehicle",1
42489,15.75,496224,1.19,"204606",39.58,129.57,72.5,"Salaried","Mortgage","Home_improvement",1
42491,16.75,188763,1.34,"248577",10.6,40.74,36.6,"Salaried","Mortgage","Home_improvement",0
42500,20.25,354107,1.24,"431800",33.91,115.02,63.2,"Salaried","Rent","Vehicle",0
42520,31.75,4139,0.39,"6329",33.03,109.11,64.5,"Unemployed","Rent","Vehicle",1
42545,23.25,253378,1.77,"603993",4.68,32.68,31.2,"Salaried","Rent","Other",1
42554,27.75,840214,1.99,"540214",0.52,10.14,23.2,"Contract","Rent","Other",0
42558,18.75,332859,1.46,"864103",7.45,32.33,41.4,"Salaried","Rent","Vehicle",0
42567,21.25,336274,1.97,"1159422",24.87,81.1,55.7,"Contract","Mortgage","Vehicle",1
42569,17.75,451690,1.55,"557407",19.36,70.1,53,"Salaried","Mortgage","Vehicle",0
42570,17.75,430341,1.36,"1013815",11.35,38.74,41.5,"Salaried","Mortgage","Vehicle",0
42573,23.75,3970694,2.43,"7241055",32.71,109.75,58,"Self-employed","Rent","Other",1
42582,23.75,2838640,0.85,"8512343",18.82,65.6,43.4,"Self-employed","Rent","Other",1
42583,21.75,2184185,1.52,"6552410",13.15,52.32,36.1,"Self-employed","Mortgage","Debt_consolidation",0
42587,17.75,344349,1.29,"330622",20.94,70.02,55,"Salaried","Mortgage","Vehicle",1
42589,17.75,577310,0.96,"1139705",17.73,64.34,41.8,"Salaried","Mortgage","Vehicle",1
42592,18.75,511002,1.44,"230496",25.85,84.71,50.6,"Self-employed","Own","Debt_consolidation",1
42602,18.75,539254,1.62,"1966799",31.66,108.13,54.7,"Salaried","Rent","Vehicle",0
42629,35,9160,0.46,"6291",25.71,86.1,56.2,"Unemployed","Rent","Debt_consolidation",0
42630,19.75,2176321,1.83,"2601195",23.69,79.04,51.5,"Self-employed","Mortgage","Vehicle",1
42632,18.75,670218,0.98,"604118",25.06,85.51,55,"Salaried","Rent","Vehicle",0
42633,18.25,120365,1.37,"110447",36.94,118.48,63.1,"Salaried","Mortgage","Home_improvement",1
42636,18.25,305471,1.37,"392428",33.83,113.72,60.6,"Salaried","Mortgage","Home_improvement",0
42638,18.75,302132,1.59,"229470",20.81,71.58,46.7,"Salaried","Rent","Vehicle",0
42646,17.75,210685,1.42,"162751",24.86,87.38,50.3,"Salaried","Mortgage","Vehicle",0
42648,23.75,359083,1.8,"626582",37.89,121.73,65.3,"Contract","Rent","Vehicle",1
42653,17.75,194316,1.21,"197444",7.83,35.04,39.5,"Salaried","Mortgage","Vehicle",0
42666,17.75,433935,1.82,"610681",11.83,45.97,45.1,"Salaried","Mortgage","Vehicle",1
42671,19.25,121707,1.1,"118702",8.68,33.75,41.5,"Salaried","Own","Debt_consolidation",1
42679,19.25,279745,1.89,"233364",28.98,93.54,54.3,"Salaried","Own","Debt_consolidation",0
42683,14.25,163184,1.58,"66003",34.69,111.25,57,"Salaried","Mortgage","Home_improvement",0
42686,18.75,1114823,2.03,"3776461",17.02,60.34,51.7,"Self-employed","Mortgage","Home_improvement",0
42695,24.25,1008297,1.13,"2451230",30,98.52,62.2,"Contract","Own","Debt_consolidation",1
42715,17.75,290864,2.04,"187030",37.75,125.62,65.4,"Salaried","Rent","Vehicle",1
42716,22.75,646664,0.72,"1526978",16.3,59.63,42.9,"Contract","Own","Debt_consolidation",1
42724,18.25,154677,1.4,"438998",37.11,119.17,61.6,"Salaried","Mortgage","Home_improvement",0
42726,35,4232,0.52,"7613",39.75,133.15,68.2,"Unemployed","Rent","Debt_consolidation",1
42741,31.75,1176,0.41,"2642",37.61,120.41,66,"Unemployed","Rent","Vehicle",1
42745,17.25,1374973,2.11,"588069",14.09,51.98,40.5,"Self-employed","Mortgage","Vehicle",0
42799,21.75,615387,1.71,"2122739",13.96,51.47,38.6,"Salaried","Rent","Other",0
42813,34.75,3931,0.52,"12934",8.44,39.41,32,"Unemployed","Mortgage","Debt_consolidation",0
42815,20.25,699440,1.06,"1506594",31.22,103.42,60.2,"Salaried","Rent","Vehicle",1
42819,21.75,236776,1.75,"810203",9.73,36.2,33.6,"Salaried","Rent","Other",0
42827,21.25,1697702,1.99,"1976335",24.27,76.88,51.3,"Self-employed","Own","Debt_consolidation",1
42829,24.75,464483,2.28,"791757",1.88,16.71,26.4,"Self-employed","Own","Debt_consolidation",1
42830,18.75,1825920,2.07,"2358562",13.85,53.06,37.3,"Self-employed","Mortgage","Home_improvement",1
42848,26.75,214944,1.18,"532110",30.14,106.15,61.4,"Contract","Rent","Other",0
42879,15.75,269445,1.57,"135173",35.91,120.45,61.8,"Salaried","Mortgage","Home_improvement",0
42881,17.75,450617,1.36,"1626937",9.3,38.05,37.7,"Salaried","Mortgage","Vehicle",0
42886,18.75,209564,1.76,"754773",17.59,61.74,49,"Salaried","Rent","Vehicle",0
42901,22.75,1046449,1.63,"692789",4.08,24.83,32,"Self-employed","Rent","Other",1
42908,19.25,491068,1.2,"340330",39.3,128.51,72.7,"Salaried","Mortgage","Vehicle",1
42913,18.75,134784,1.76,"346226",24.02,82.07,55.5,"Salaried","Rent","Vehicle",1
42958,20.25,278659,2.22,"267285",5.66,30.34,31.6,"Salaried","Rent","Vehicle",1
42969,17.75,173490,1.18,"610311",25.76,86.06,57.5,"Salaried","Mortgage","Vehicle",1
42976,17.25,2790318,2.2,"1613312",15.29,61.82,47.9,"Self-employed","Mortgage","Vehicle",0
42981,18.75,328267,1.65,"1012219",21.59,68.25,56.3,"Salaried","Rent","Vehicle",0
42985,22.75,323167,1.26,"843638",0.61,10.53,34.4,"Salaried","Own","Debt_consolidation",0
42989,15.25,353658,1.53,"146444",19.74,70.7,45.3,"Salaried","Mortgage","Vehicle",1
42993,17.75,415183,1.42,"998709",20.91,72.42,48.2,"Salaried","Mortgage","Vehicle",0
42994,18.25,267834,1.27,"375793",3.95,25.71,37.3,"Salaried","Mortgage","Home_improvement",1
42996,21.25,666541,1.33,"1445666",15.39,55.68,37.5,"Self-employed","Own","Debt_consolidation",1
43027,18.75,488084,1.49,"412645",26.69,85.99,50.3,"Salaried","Rent","Vehicle",0
43046,21.75,520722,2.1,"1850046",26.36,91.29,49.6,"Salaried","Rent","Other",1
43050,21.25,1335624,1.69,"3241792",9.78,43.34,35.7,"Contract","Mortgage","Vehicle",1
43063,25.25,1011370,2.54,"3192051",32.22,109.92,66.6,"Self-employed","Rent","Other",1
43064,20.25,157342,1,"528450",40,131.19,71.9,"Salaried","Rent","Vehicle",1
43069,23.25,1173742,1.61,"3697343",6.07,25.2,32.8,"Self-employed","Mortgage","Debt_consolidation",0
43072,19.25,237689,1.42,"875413",35.46,113.62,60.5,"Salaried","Mortgage","Vehicle",0
43076,21.75,308779,1.49,"1131397",1.36,14.98,23.4,"Salaried","Mortgage","Home_improvement",0
43086,21.75,216226,1.66,"800279",15.5,58.47,39.8,"Salaried","Rent","Other",0
43099,19.25,390760,1.61,"1274278",31.42,103.77,60.3,"Salaried","Mortgage","Vehicle",1
43102,18.75,606400,1.07,"1016725",9.35,36.8,34.7,"Salaried","Rent","Vehicle",0
43104,21.75,385562,1.51,"534741",19.87,72.44,42.7,"Salaried","Rent","Other",0
43110,20.25,352758,1.4,"539663",0.63,4.07,32.3,"Salaried","Mortgage","Home_improvement",0
43113,23.25,407186,1.89,"1502504",33.6,107.37,63.3,"Salaried","Rent","Other",0
43122,21.75,305158,1.49,"533449",23.65,84,54.9,"Salaried","Rent","Other",1
43129,34.75,1987,0.56,"1655",25.52,90.57,56,"Unemployed","Mortgage","Debt_consolidation",0
43145,17.75,235110,1.17,"760541",32.99,105.17,57.2,"Salaried","Mortgage","Vehicle",1
43147,22.25,417972,1.03,"420974",24.89,90.82,51.2,"Contract","Rent","Vehicle",0
43155,28.75,2101,0.3,"7471",13.21,47.43,43.8,"Unemployed","Mortgage","Debt_consolidation",0
43157,18.75,714008,1.28,"1065408",19.98,68.89,45.9,"Salaried","Rent","Vehicle",0
43168,29.75,7559,0.35,"21579",19.08,68.28,44,"Unemployed","Rent","Debt_consolidation",1
43173,18.75,229896,2.03,"417551",17.55,66.59,43.2,"Salaried","Rent","Vehicle",0
43179,25.25,181648,1.15,"425646",23.85,77.87,52,"Contract","Rent","Other",1
43194,16.75,397385,1.74,"547826",10.2,41.24,36.3,"Salaried","Mortgage","Home_improvement",1
43196,20.25,268846,1.25,"900593",34.55,113.59,68.9,"Salaried","Rent","Vehicle",0
43204,35,7325,0.49,"9025",9.14,39.35,39.6,"Unemployed","Rent","Debt_consolidation",1
43207,18.75,454910,1.63,"1631866",23.09,79.69,46.8,"Salaried","Rent","Vehicle",1
43214,20.75,272304,1.7,"421675",33.79,113.66,64.2,"Salaried","Own","Debt_consolidation",1
43216,16.75,438324,1.39,"963697",26.5,95.64,59.7,"Salaried","Mortgage","Home_improvement",0
43217,25.25,1349077,2.12,"1855217",5.97,22.92,35,"Self-employed","Rent","Other",0
43227,23.75,1238635,1.35,"4352228",24.05,82.22,49.8,"Self-employed","Rent","Other",0
43235,35,3746,0.55,"10416",4.53,21.01,30.2,"Unemployed","Rent","Debt_consolidation",1
43240,18.75,775993,0.97,"1811091",14.52,55.72,45,"Salaried","Rent","Vehicle",1
43242,33.75,10159,0.44,"15536",32.55,101.86,62.6,"Unemployed","Rent","Debt_consolidation",1
43249,20.25,202153,1.48,"528347",29.81,103,63.2,"Salaried","Rent","Vehicle",0
43255,16.75,403283,1.72,"1161890",34.51,115.48,56.8,"Salaried","Mortgage","Home_improvement",0
43263,35,5578,0.55,"16416",32.92,108.1,61.4,"Unemployed","Mortgage","Debt_consolidation",1
43266,20.75,173887,1.62,"234878",37.6,119.81,68.8,"Salaried","Own","Debt_consolidation",1
43271,21.25,552226,1.46,"1364958",1.66,13.61,28.1,"Salaried","Mortgage","Vehicle",0
43275,35,3045,0.55,"8533",20.9,70.95,53.4,"Unemployed","Rent","Debt_consolidation",1
43279,17.75,433898,1.5,"1428069",11.23,44.74,37.4,"Salaried","Mortgage","Vehicle",0
43282,23.25,575764,1.25,"597923",37.53,118.92,62.5,"Salaried","Rent","Other",1
43290,18.75,423083,1.73,"285044",24.35,83.92,54.9,"Salaried","Rent","Vehicle",1
43292,15.75,437299,1.31,"215482",31.65,103.08,60.7,"Salaried","Mortgage","Home_improvement",0
43296,21.75,456841,1.77,"814180",29.14,96.84,55.3,"Salaried","Rent","Other",0
43298,17.75,387066,1.37,"616413",26.35,92.55,58.1,"Salaried","Mortgage","Vehicle",1
43309,26.25,666891,1.98,"487202",1.8,14.32,25.5,"Contract","Own","Debt_consolidation",1
43315,19.75,1835657,1.24,"4186910",31.77,107.39,56.6,"Self-employed","Mortgage","Vehicle",0
43327,22.75,792082,1.52,"1913279",5.85,27.91,36.5,"Contract","Mortgage","Vehicle",1
43331,21.75,255871,1.21,"714825",9.9,44.87,34.3,"Salaried","Rent","Other",1
43378,34.75,1969,0.46,"6173",14.07,52.32,36.9,"Unemployed","Mortgage","Debt_consolidation",0
43386,19.25,631047,1.01,"1627082",12.45,47.53,37.6,"Salaried","Own","Debt_consolidation",0
43406,16.75,447605,1.78,"1403356",17.13,63.31,52,"Salaried","Mortgage","Home_improvement",0
43411,35,4666,0.6,"12161",35.2,121.71,68.7,"Unemployed","Rent","Debt_consolidation",1
43415,18.75,540418,2.06,"263760",27.43,90.71,57.2,"Self-employed","Own","Debt_consolidation",1
43419,29.75,3961,0.36,"6670",9.64,36.14,35.7,"Unemployed","Rent","Debt_consolidation",1
43424,21.25,3212824,1.99,"8533786",37.45,124.23,65,"Self-employed","Mortgage","Vehicle",1
43434,16.75,215079,2.22,"543654",7.54,26.51,29.9,"Salaried","Mortgage","Home_improvement",0
43451,19.25,546944,1.37,"1351037",35.65,114.55,68.7,"Salaried","Mortgage","Vehicle",1
43504,19.75,1819445,1.85,"1523819",30.42,104.59,54.1,"Self-employed","Mortgage","Vehicle",1
43516,18.75,489860,1.3,"1727478",8.32,30.53,36.7,"Salaried","Rent","Vehicle",0
43527,23.75,1187516,1.47,"3008987",15.79,59.31,48.4,"Self-employed","Rent","Other",1
43528,18.75,132074,1.36,"328233",18.84,67.06,40.9,"Salaried","Rent","Vehicle",1
43533,20.75,355071,1,"1183095",5.23,21.44,29.3,"Salaried","Own","Debt_consolidation",1
43534,26.75,3081619,1.97,"9676886",0.71,8.68,23.7,"Self-employed","Mortgage","Debt_consolidation",1
43536,34.75,4755,0.63,"6989",12.69,44.44,42.7,"Unemployed","Mortgage","Debt_consolidation",0
43553,21.25,2204671,1.98,"2217784",36.3,117.1,61.9,"Self-employed","Mortgage","Vehicle",1
43565,23.25,502923,1.3,"824363",27.44,96.12,60.9,"Salaried","Rent","Other",0
43574,19.75,803435,2.15,"2577199",19.71,69.9,52.6,"Self-employed","Mortgage","Vehicle",0
43576,18.75,356237,1.48,"1316842",22.18,78.85,45.8,"Salaried","Rent","Vehicle",1
43594,22.25,370126,1.59,"738439",0.89,6.84,30.6,"Salaried","Rent","Vehicle",0
43598,19.25,151133,1.2,"335618",31.04,102.45,64.5,"Salaried","Mortgage","Vehicle",0
43600,23.75,2886971,2.17,"2119502",24.54,81.6,54.8,"Self-employed","Rent","Other",1
43602,17.75,425017,1.76,"165466",32.33,109.02,66.8,"Salaried","Rent","Vehicle",0
43611,23.75,2160991,1.53,"3355204",19.53,72.34,54,"Self-employed","Rent","Other",1
43631,18.75,562413,0.9,"379546",25.74,85.21,59.3,"Salaried","Rent","Vehicle",1
43634,17.75,516913,1.16,"1843482",16.75,60.23,45.1,"Salaried","Mortgage","Vehicle",0
43637,19.25,625820,1.81,"1781365",10.99,41.34,33.3,"Salaried","Own","Debt_consolidation",1
43640,17.25,656953,2.56,"343337",19.11,76.2,46.4,"Self-employed","Mortgage","Vehicle",1
43641,21.75,338288,1.32,"400484",35.75,118.68,59.8,"Salaried","Rent","Other",1
43642,25.25,552109,1.88,"2086622",28.92,94.79,52.1,"Contract","Rent","Other",1
43651,16.75,304937,1.18,"752100",16.26,63.39,51.3,"Salaried","Mortgage","Home_improvement",1
43652,24.75,2607196,1.81,"5725051",0.73,10.31,28.6,"Self-employed","Own","Debt_consolidation",0
43673,18.75,389749,1.22,"816308",11.94,46.5,44.6,"Salaried","Rent","Vehicle",0
43676,34.75,3516,0.54,"2464",7.41,37.97,33.6,"Unemployed","Mortgage","Debt_consolidation",0
43678,22.75,1365235,1.3,"2052007",31.93,104.08,58.5,"Contract","Own","Debt_consolidation",1
43683,18.75,639943,1.81,"252029",32.53,106.24,58.3,"Contract","Mortgage","Vehicle",0
43684,20.75,250332,0.92,"733885",35.72,112.74,60.8,"Salaried","Own","Debt_consolidation",0
43689,22.25,280580,1.58,"480596",1.95,17.45,32.1,"Salaried","Rent","Vehicle",0
43690,18.75,386542,1.61,"1394547",19.6,68.28,42.3,"Salaried","Rent","Vehicle",0
43692,35,1859,0.49,"4830",9.51,36.56,34.7,"Unemployed","Rent","Debt_consolidation",1
43715,16.75,344857,1.51,"1096908",23.06,73.78,51.5,"Salaried","Mortgage","Home_improvement",0
43725,26.75,440602,0.77,"322840",5.81,24.58,28.3,"Contract","Rent","Other",0
43727,19.25,466797,1.23,"1547458",28.33,96.13,60.6,"Salaried","Mortgage","Vehicle",1
43739,21.75,415828,1.5,"1112582",8.94,38.57,42.9,"Salaried","Rent","Other",0
43741,19.25,538058,1.57,"1494403",14.8,54.62,37.7,"Salaried","Own","Debt_consolidation",0
43762,19.25,412192,1,"802998",25.41,78.68,57.1,"Salaried","Own","Debt_consolidation",0
43763,23.75,1040984,1.16,"3873271",25.73,88.43,53.8,"Self-employed","Rent","Other",1
43776,22.75,1421245,2.25,"1041590",17.18,65.25,44.6,"Contract","Own","Debt_consolidation",1
43799,17.75,237617,1.55,"322230",15.67,58.25,47.2,"Salaried","Mortgage","Vehicle",0
43804,35,3984,0.65,"10798",31.41,104.55,56.4,"Unemployed","Rent","Debt_consolidation",1
43807,21.75,460665,1.95,"721339",21.49,73.79,51.2,"Salaried","Rent","Other",1
43819,32.25,1457,0.42,"2121",18.01,61.6,49.6,"Unemployed","Rent","Debt_consolidation",0
43825,20.25,602577,1.28,"2227140",37.02,122.24,65.5,"Salaried","Rent","Vehicle",1
43830,19.75,559191,2.07,"312060",15.16,53.85,48.4,"Contract","Rent","Vehicle",1
43831,19.25,309488,1.26,"751681",15.78,61.52,40.1,"Salaried","Own","Debt_consolidation",0
43833,18.75,656441,1.59,"1280533",29.3,99.7,54.5,"Self-employed","Mortgage","Home_improvement",1
43837,17.75,474225,1.45,"1676950",7.13,28.36,31.3,"Salaried","Mortgage","Vehicle",0
43844,18.75,310841,1.71,"956449",17.82,65.25,43.2,"Salaried","Rent","Vehicle",0
43847,18.75,222253,1.68,"322499",14.78,56.03,47.7,"Salaried","Rent","Vehicle",1
43850,20.75,230592,1.89,"484804",35.31,113.7,62.1,"Salaried","Own","Debt_consolidation",1
43862,16.75,249036,1.52,"563239",35.6,120.1,59.1,"Salaried","Mortgage","Home_improvement",1
43868,17.75,561899,1.69,"642449",19.8,66.54,47.7,"Salaried","Mortgage","Vehicle",0
43874,18.25,450564,1.4,"509373",5.38,28.66,34.2,"Salaried","Mortgage","Home_improvement",0
43875,19.25,142822,1.52,"301453",31.51,107.26,64.9,"Salaried","Mortgage","Vehicle",1
43876,19.25,577440,1.52,"620929",26.53,90.53,61.3,"Salaried","Mortgage","Vehicle",1
43905,35,4004,0.54,"11941",25.75,84.89,57.1,"Unemployed","Rent","Debt_consolidation",1
43924,16.75,354667,1.93,"1264812",31.6,101.25,54,"Salaried","Mortgage","Home_improvement",0
43933,19.25,427234,1.58,"285283",28.38,98.96,63.2,"Salaried","Mortgage","Vehicle",1
43938,18.25,259945,1.19,"259149",5.05,23.25,38,"Salaried","Mortgage","Home_improvement",0
43950,18.75,497446,1.66,"1049726",20.32,70.75,44.3,"Salaried","Rent","Vehicle",1
43963,21.75,343433,1.64,"594956",17.83,63.26,47.2,"Salaried","Rent","Other",0
43996,23.75,730595,1.06,"944116",4.78,24.38,35.4,"Contract","Rent","Vehicle",1
43997,23.25,1988080,2.24,"2804128",2.46,13.45,35.4,"Self-employed","Mortgage","Vehicle",1
44001,20.75,231431,1.03,"99430",25.85,85.35,60.6,"Salaried","Rent","Other",0
44012,16.75,558830,1.57,"1506739",21.3,74.45,49.7,"Salaried","Mortgage","Home_improvement",0
44019,19.25,441283,1.91,"392732",39.31,127.63,73.1,"Salaried","Mortgage","Vehicle",1
44022,18.75,104713,1.23,"347009",9.99,35.23,39.3,"Salaried","Rent","Vehicle",0
44044,22.75,1294842,1.51,"2322660",35.69,116.87,61.9,"Contract","Mortgage","Vehicle",1
44048,19.25,437614,1.5,"1265833",39.11,124.49,70.3,"Salaried","Mortgage","Vehicle",1
44051,16.75,256294,1.2,"391235",10.66,41.47,44.1,"Salaried","Mortgage","Home_improvement",1
44068,16.75,420295,1.47,"867912",20.12,67.15,43.4,"Salaried","Mortgage","Home_improvement",0
44073,18.75,213010,1.06,"635774",20.09,72.31,51.1,"Salaried","Rent","Vehicle",0
44090,35,3095,0.71,"6341",1.84,15.2,31.3,"Unemployed","Rent","Debt_consolidation",1
44102,19.25,1204708,1.93,"644834",24.34,79.52,57.9,"Self-employed","Mortgage","Debt_consolidation",1
44110,23.75,1588562,1.78,"5808194",34.71,115.88,59.7,"Self-employed","Rent","Other",0
44117,31.25,3607,0.3,"11831",33.77,114.5,67.3,"Unemployed","Rent","Debt_consolidation",1
44118,19.75,924901,2.61,"722419",11.54,41.83,35.4,"Self-employed","Mortgage","Vehicle",1
44152,25.25,2130218,2.42,"7270365",31.54,102.16,60.8,"Self-employed","Rent","Other",1
44157,16.75,595131,1.49,"1336120",10.88,43.31,39.7,"Salaried","Mortgage","Home_improvement",0
44159,19.25,319359,1.47,"1067004",39.94,128.04,74.7,"Salaried","Mortgage","Vehicle",0
44160,18.75,357413,2.12,"1332898",22.8,77.47,45.7,"Salaried","Rent","Vehicle",1
44171,23.75,896088,1.8,"3387040",4.87,27.06,33.8,"Contract","Rent","Vehicle",0
44176,23.25,321814,1.73,"727968",36.73,119.6,69.6,"Salaried","Rent","Other",0
44181,19.25,391486,1.55,"1401552",30.41,102.59,54.9,"Salaried","Own","Debt_consolidation",1
44183,22.25,582787,1.48,"1645089",20.24,68.63,46.8,"Contract","Rent","Vehicle",0
44198,34.75,8403,0.6,"20912",29.98,103.81,56.4,"Unemployed","Mortgage","Debt_consolidation",1
44200,16.25,228511,1.88,"131018",22.26,76.06,55.1,"Salaried","Rent","Vehicle",1
44206,16.75,488419,1.03,"1421345",22.86,73.29,46.8,"Salaried","Mortgage","Home_improvement",0
44210,19.25,500097,1.86,"662450",38.44,126.35,65.8,"Salaried","Mortgage","Vehicle",1
44214,23.25,284752,2.09,"670523",37.2,126.68,67.7,"Salaried","Rent","Other",1
44231,17.75,485381,1.41,"485343",19.34,64.42,53.4,"Salaried","Mortgage","Vehicle",0
44234,18.25,537769,1.78,"1156804",36.61,122.52,65.3,"Salaried","Mortgage","Home_improvement",1
44247,17.75,325532,1.27,"393689",21.76,74.68,53.1,"Salaried","Mortgage","Vehicle",0
44248,20.25,695903,1.52,"1765596",36.76,118.22,68.7,"Salaried","Rent","Vehicle",1
44254,18.75,252906,1.76,"391599",26.03,86.8,49.8,"Salaried","Rent","Vehicle",0
44268,35,3097,0.59,"5621",9.31,33.32,39.9,"Unemployed","Rent","Debt_consolidation",0
44274,23.25,96072,1.72,"314927",5.65,24.49,30.8,"Salaried","Rent","Other",1
44291,18.25,450672,1.58,"343323",5.3,29.75,31.8,"Salaried","Mortgage","Home_improvement",0
44304,19.75,1996667,1.26,"6127918",10.27,47.48,33.6,"Self-employed","Mortgage","Vehicle",1
44312,19.25,220590,1.32,"207661",4.35,24,33.5,"Salaried","Mortgage","Vehicle",0
44314,18.75,2144718,2.07,"4910718",23.38,75.13,57.5,"Self-employed","Mortgage","Home_improvement",0
44336,17.75,177463,1.56,"426939",30.63,101.82,59.8,"Salaried","Mortgage","Vehicle",0
44353,16.75,388918,1.18,"486755",19.22,70.84,51.6,"Salaried","Mortgage","Home_improvement",0
44358,35,7047,0.57,"8566",15.95,56.95,49.1,"Unemployed","Rent","Other",1
44359,21.25,506304,1.19,"623301",1.99,18.18,34.2,"Salaried","Mortgage","Vehicle",0
44364,19.25,331669,1.76,"515334",35.8,120.34,68.9,"Salaried","Mortgage","Vehicle",0
44366,32.25,2839,0.42,"8497",18.09,59.27,41.9,"Unemployed","Rent","Debt_consolidation",0
44368,22.25,205658,1.97,"234528",13.61,54.09,48.4,"Contract","Rent","Vehicle",1
44391,23.75,1059282,1.89,"2163855",28.24,92.93,56.2,"Self-employed","Rent","Other",1
44430,17.75,447811,1.4,"469655",13.7,54.77,46.6,"Salaried","Mortgage","Vehicle",0
44439,18.75,85833,1.66,"206808",13.13,51.92,39.2,"Salaried","Rent","Vehicle",1
44460,17.75,405945,1.62,"342978",27.26,95.02,52.4,"Salaried","Mortgage","Vehicle",1
44465,19.25,203154,1.24,"469715",37.54,121.53,61.3,"Salaried","Mortgage","Vehicle",0
44512,29.75,1994,0.33,"1526",15.79,55.38,44.4,"Unemployed","Rent","Debt_consolidation",1
44534,25.25,518512,1.88,"1490737",19.15,68.06,46.4,"Contract","Rent","Other",1
44547,23.75,1275361,2.13,"871700",27.33,95.13,59,"Self-employed","Rent","Other",0
44558,20.25,170723,1.8,"249837",29.48,96.51,62.3,"Salaried","Rent","Vehicle",1
44561,20.25,226128,1.18,"402936",4.07,23.33,38.4,"Salaried","Rent","Vehicle",1
44575,19.25,301923,1.41,"599879",14.02,48.71,43.2,"Salaried","Own","Debt_consolidation",0
44578,23.25,2564770,1.68,"2045381",33.01,109.49,67.4,"Self-employed","Mortgage","Debt_consolidation",1
44589,20.25,292406,1.48,"921482",2.84,16.54,34.1,"Salaried","Mortgage","Home_improvement",0
44611,21.75,558742,1.69,"1259689",21.38,72.89,44.3,"Salaried","Rent","Other",0
44613,23.75,643008,1.33,"888297",30.65,100.64,65.2,"Contract","Rent","Vehicle",1
44618,20.75,292447,1.35,"354456",33.48,115.17,67.7,"Salaried","Own","Debt_consolidation",1
44622,19.25,243608,1.79,"749521",8.85,34.78,39.3,"Salaried","Own","Debt_consolidation",0
44643,21.75,337450,1.49,"671580",23.67,77.01,48.7,"Salaried","Rent","Other",1
44678,16.75,268940,2.21,"965852",16.7,56.71,43.2,"Salaried","Mortgage","Home_improvement",0
44681,32.75,4331,0.39,"10471",39.66,129.02,73.2,"Unemployed","Mortgage","Debt_consolidation",1
44689,21.75,149249,1.07,"509060",13.11,49.95,41.9,"Salaried","Rent","Other",0
44692,21.75,463235,1.48,"663474",14.18,50.7,43.9,"Salaried","Rent","Other",0
44702,17.75,337833,1.43,"1275706",11.1,40.72,41.7,"Salaried","Mortgage","Vehicle",0
44706,15.25,475321,1.7,"292354",33.27,114.33,58,"Salaried","Mortgage","Vehicle",1
44709,20.75,264402,1.02,"748622",35.86,116.96,65.9,"Salaried","Own","Debt_consolidation",1
44710,33.75,3086,0.37,"2390",3.08,18.72,28.3,"Unemployed","Rent","Debt_consolidation",1
44737,16.75,191069,1.33,"374920",9.25,39.55,31.7,"Salaried","Mortgage","Home_improvement",0
44746,28.75,3182625,1.83,"3501809",0.89,14.28,23,"Self-employed","Rent","Other",1
44748,17.75,430401,1.6,"462229",7.42,35.09,33.6,"Salaried","Mortgage","Vehicle",0
44760,21.75,212622,1.67,"373157",14.41,57.35,47.7,"Salaried","Rent","Other",1
44767,18.25,222168,1.37,"666666",35.74,121.84,68.1,"Salaried","Mortgage","Home_improvement",1
44769,23.25,582445,1.01,"471205",36.48,124.45,69,"Salaried","Rent","Other",1
44771,18.75,343100,1.7,"525411",32.25,109.95,58,"Salaried","Rent","Vehicle",1
44780,20.75,273876,1.04,"182230",3.64,19.03,37.8,"Salaried","Rent","Other",0
44807,16.75,358039,2.07,"164942",9.96,37.46,37.7,"Salaried","Own","Debt_consolidation",0
44817,16.75,782270,1.38,"1496321",15.57,60.77,45.5,"Salaried","Mortgage","Home_improvement",0
44844,16.75,260376,1.35,"448274",24.65,85.36,54.6,"Salaried","Mortgage","Home_improvement",0
44845,17.75,661760,1.68,"1735979",17.58,65.08,52.1,"Salaried","Mortgage","Vehicle",1
44852,16.75,263007,1.65,"121459",6.02,28.4,38.7,"Salaried","Mortgage","Vehicle",0
44885,23.75,1161934,2,"1183764",5.55,27.48,31.1,"Contract","Rent","Vehicle",1
44913,22.75,261156,0.95,"852041",2.03,11.42,32.9,"Salaried","Own","Debt_consolidation",0
44920,18.75,288797,1.19,"261641",24.02,74.2,55.3,"Salaried","Rent","Vehicle",0
44921,18.75,212069,1.18,"209208",23.49,77.69,45.6,"Salaried","Rent","Vehicle",0
44934,21.25,647048,0.85,"1088171",29.41,90.76,52.7,"Contract","Mortgage","Vehicle",1
44937,22.25,426583,1.98,"448494",0.83,13.34,26.4,"Salaried","Rent","Vehicle",0
44938,15.75,317188,1.28,"148015",33.12,105.09,61.3,"Salaried","Mortgage","Home_improvement",0
44941,17.75,364815,1.3,"201978",39.82,133.1,62.8,"Salaried","Rent","Vehicle",1
44942,19.25,1358014,2.16,"667247",9.33,37.24,37.7,"Self-employed","Mortgage","Debt_consolidation",1
44956,24.75,710092,2.22,"1497621",5.22,24.3,30.3,"Contract","Mortgage","Debt_consolidation",1
44965,20.25,1599920,1.45,"2600079",38.61,128.86,62.8,"Self-employed","Mortgage","Home_improvement",0
44977,29.75,9059,0.43,"4080",28.64,88.16,59.2,"Unemployed","Rent","Debt_consolidation",1
44978,25.25,657450,2.19,"2190124",22.95,84.09,52.8,"Contract","Rent","Other",0
44981,19.25,363957,1.27,"1145811",4.47,23.8,33.9,"Salaried","Mortgage","Vehicle",0
44988,22.75,1255915,0.88,"2052503",5.64,26.29,29.4,"Contract","Mortgage","Vehicle",0
44996,25.25,725398,2.36,"2676355",24.24,82.4,47.6,"Contract","Rent","Other",1
45006,35,1840,0.68,"1312",13.81,51.3,36.7,"Unemployed","Rent","Debt_consolidation",1
45009,21.75,337534,1.38,"1174630",10.67,39.42,32.9,"Salaried","Rent","Other",0
45010,19.25,551614,1.67,"661063",7.45,28.96,42.4,"Salaried","Own","Debt_consolidation",1
45011,21.25,3264306,1.74,"4839379",4.29,27.02,27.6,"Self-employed","Mortgage","Vehicle",1
45013,16.75,559582,2.09,"510636",16.1,60.7,49.6,"Salaried","Mortgage","Home_improvement",1
45016,18.75,490716,1.77,"1662123",26.93,89.87,50.6,"Salaried","Rent","Vehicle",0
45032,16.75,195043,1.77,"530584",11.74,45.69,44.9,"Salaried","Mortgage","Home_improvement",0
45034,33.25,6513,0.44,"4459",8.67,36.46,37.4,"Unemployed","Rent","Other",0
45036,17.75,558890,1.01,"650658",32.73,105.91,54.8,"Salaried","Mortgage","Vehicle",1
45041,26.25,1360018,1.78,"4150411",0.79,10.97,31.2,"Contract","Own","Debt_consolidation",1
45047,16.75,351643,0.92,"174049",24.72,79.6,53.7,"Salaried","Own","Debt_consolidation",0
45048,35,4876,0.58,"17359",21.89,76.77,47.8,"Unemployed","Rent","Debt_consolidation",1
45062,35,1353,0.6,"1028",23.28,84.74,52.1,"Unemployed","Rent","Debt_consolidation",1
45088,17.75,655095,1.85,"1523364",19.87,65.93,43.1,"Salaried","Mortgage","Vehicle",0
45099,21.25,2691179,1.92,"7737685",15.9,52.95,46.1,"Self-employed","Own","Debt_consolidation",1
45101,20.25,1457252,2.29,"1710742",6.3,30.04,30.3,"Self-employed","Mortgage","Home_improvement",0
45110,22.75,1955689,1.44,"3204193",31.48,104.84,60.2,"Self-employed","Own","Debt_consolidation",0
45130,15.25,149694,1.66,"78169",24.53,85.79,47.1,"Salaried","Mortgage","Vehicle",0
45141,20.25,1791985,1.84,"5677564",5.53,28.86,30.6,"Self-employed","Mortgage","Home_improvement",1
45150,16.75,428565,2.28,"738118",27.12,89.98,58.1,"Salaried","Mortgage","Home_improvement",1
45152,17.75,307553,1.33,"599160",34.92,117.14,57.5,"Salaried","Mortgage","Vehicle",0
45156,20.25,179095,1.68,"597032",30,103.75,62.3,"Salaried","Rent","Vehicle",1
45170,17.75,550175,0.98,"1665758",21.33,76.13,53.6,"Salaried","Mortgage","Vehicle",0
45177,18.25,323142,1.42,"516434",4.45,25.75,29.2,"Salaried","Mortgage","Home_improvement",0
45205,21.25,1119708,1.63,"853170",32.33,108.81,63.5,"Self-employed","Mortgage","Vehicle",1
45207,31.25,3753,0.37,"1359",1.73,17.89,33.6,"Unemployed","Rent","Vehicle",1
45230,25.25,1414398,1.46,"2165640",37.45,123.45,65.9,"Self-employed","Rent","Other",1
45232,18.75,402990,0.88,"375082",20.92,69.94,53.1,"Salaried","Rent","Vehicle",0
45256,16.75,386934,1.32,"607498",27.98,87.01,60,"Salaried","Mortgage","Home_improvement",0
45262,18.25,63183,2.04,"106372",29.88,101.6,61.6,"Salaried","Mortgage","Home_improvement",1
45272,19.25,434287,1.41,"1416215",18.77,61.94,42.4,"Salaried","Own","Debt_consolidation",1
45278,14.25,526759,1.39,"214357",13.26,48.48,41.3,"Salaried","Mortgage","Home_improvement",1
45280,19.25,279225,1.82,"297132",15.64,62.79,38.2,"Salaried","Own","Debt_consolidation",0
45283,23.75,3218378,2.28,"3493319",35.46,113.77,58.7,"Self-employed","Rent","Other",1
45285,35,6016,0.48,"15597",24.14,79.05,57.3,"Unemployed","Rent","Debt_consolidation",1
45286,18.75,1979517,1.49,"6255987",16.8,62.7,47.7,"Self-employed","Mortgage","Home_improvement",1
45299,18.25,485049,2.03,"537126",4.1,25.65,35.5,"Salaried","Mortgage","Home_improvement",0
45335,17.75,202620,1.45,"485156",23.14,80.16,48.3,"Salaried","Mortgage","Vehicle",0
45336,25.25,1847070,0.78,"5682546",3.13,18.74,29.9,"Self-employed","Rent","Other",1
45339,21.25,1687634,1.15,"3307739",37.82,114.18,63.3,"Self-employed","Mortgage","Vehicle",0
45347,22.75,309868,1.3,"820484",39.17,129.98,69.9,"Contract","Mortgage","Vehicle",1
45365,20.25,279853,1.36,"362723",3.7,23.74,33.3,"Salaried","Rent","Vehicle",0
45371,35,3262,0.56,"4182",12.85,49.98,35.3,"Unemployed","Rent","Debt_consolidation",1
45372,17.75,439497,1.81,"1493427",31.05,109.6,57.3,"Salaried","Mortgage","Vehicle",1
45386,18.75,1361863,2.56,"1506476",27.77,96.41,53.5,"Self-employed","Mortgage","Home_improvement",1
45396,23.75,753193,2.02,"992294",28.21,99.67,52.5,"Self-employed","Rent","Other",1
45399,17.75,168036,1.71,"601197",22.32,78.38,45.3,"Salaried","Mortgage","Vehicle",1
45407,23.75,1346434,1.45,"4813173",17.13,64.79,40.5,"Self-employed","Rent","Other",0
45417,18.25,216775,1.45,"770717",35.76,121.7,68.8,"Salaried","Mortgage","Home_improvement",1
45423,34.75,5622,0.45,"5650",25.9,86.31,60.6,"Unemployed","Rent","Other",1
45432,15.25,650323,1.78,"329449",30.9,104.67,57.9,"Salaried","Mortgage","Vehicle",0
45433,18.75,1374116,2.28,"1766486",10.09,35.56,33.3,"Self-employed","Mortgage","Home_improvement",1
45440,21.75,219878,1.75,"659085",3.69,25.73,29.6,"Contract","Mortgage","Home_improvement",0
45450,19.25,309752,1.36,"849395",25.24,91.32,50.6,"Salaried","Own","Debt_consolidation",1
45463,22.75,1980132,1.86,"934139",31.92,111.3,65.7,"Self-employed","Rent","Other",1
45475,18.25,231016,1.66,"286380",39.82,129.22,64.8,"Salaried","Mortgage","Home_improvement",0
45476,19.25,229432,2.15,"498702",34.27,109.86,62.8,"Salaried","Mortgage","Vehicle",1
45483,18.25,246471,1.78,"372761",31.15,102.96,63.3,"Salaried","Mortgage","Home_improvement",1
45484,17.75,198421,1.22,"209440",10.59,42.68,36.2,"Salaried","Mortgage","Vehicle",1
45487,21.75,365300,1.93,"871398",16.6,55.26,41.4,"Salaried","Rent","Other",0
45488,24.25,143155,2.12,"502945",38.01,123.4,69,"Contract","Own","Debt_consolidation",1
45497,25.25,2904362,2.07,"2641713",31.44,104.58,62.7,"Self-employed","Rent","Other",1
45500,23.75,4064377,2.17,"9812389",10.55,40.52,42.7,"Self-employed","Rent","Other",0
45519,22.25,675720,2.66,"1717166",16.09,54.56,39,"Contract","Rent","Vehicle",1
45532,18.75,235397,1.71,"322907",18.83,67.59,43.6,"Salaried","Rent","Vehicle",0
45538,20.25,1369564,2.11,"2138319",4.93,29.87,34.5,"Self-employed","Mortgage","Home_improvement",0
45544,20.25,232163,2.04,"792093",4.05,21.56,28.1,"Salaried","Rent","Vehicle",1
45553,20.25,1461789,1.36,"4213089",4.78,26.14,38.7,"Self-employed","Mortgage","Home_improvement",0
45566,23.75,2156466,2.07,"5464082",27.03,97.13,55.8,"Self-employed","Rent","Other",1
45571,19.25,327066,1.4,"862683",22.22,77.37,51.5,"Salaried","Own","Debt_consolidation",0
45583,16.75,164735,1.68,"259653",26.71,91.46,58,"Salaried","Mortgage","Home_improvement",1
45591,21.25,1573376,1.83,"2698436",38.98,126.27,61.8,"Self-employed","Mortgage","Vehicle",1
45600,19.25,458246,1.35,"1551185",31.89,106.54,62.5,"Salaried","Mortgage","Vehicle",0
45601,34.75,2885,0.39,"7153",35.39,109.66,65.9,"Unemployed","Rent","Other",1
45608,25.25,2149525,2.11,"5892345",1.79,16.22,26,"Self-employed","Mortgage","Debt_consolidation",1
45615,26.75,122778,1.45,"111106",2,16.23,24.3,"Salaried","Rent","Other",1
45616,18.75,633077,1.77,"1057041",15.63,53.02,48.4,"Self-employed","Mortgage","Home_improvement",1
45629,18.75,283681,1.41,"791974",11.43,43.01,46,"Salaried","Rent","Vehicle",0
45634,21.25,504699,1.2,"1696934",9.93,40.85,42.2,"Contract","Mortgage","Vehicle",0
45642,22.25,832891,1.8,"2483256",2.21,22.08,34.5,"Salaried","Rent","Vehicle",1
45648,22.25,328455,1.32,"814544",1.35,12.92,31.7,"Salaried","Rent","Vehicle",0
45650,33.25,2076,0.49,"1309",9.56,34.37,32.9,"Unemployed","Rent","Debt_consolidation",0
45653,20.75,430387,1.17,"415667",4.08,19.5,37.6,"Salaried","Own","Debt_consolidation",1
45657,19.75,3383459,2.04,"9816812",11.15,42,42.8,"Self-employed","Mortgage","Vehicle",1
45661,20.75,341844,1.73,"953542",37.28,119.8,61.8,"Salaried","Own","Debt_consolidation",1
45662,21.25,278368,1.52,"687623",0.36,12.65,29.8,"Salaried","Mortgage","Vehicle",1
45686,18.75,147336,1.85,"549680",12.97,50.02,37.8,"Salaried","Rent","Vehicle",1
45691,21.25,198880,1.47,"600407",36.46,118.99,58.5,"Contract","Mortgage","Vehicle",1
45697,18.25,221682,1.16,"675386",39.58,127.29,70.5,"Salaried","Mortgage","Home_improvement",0
45710,17.75,330655,1.72,"228154",27.49,95.01,57.1,"Salaried","Mortgage","Vehicle",1
45711,18.75,371723,1.81,"1340789",20.32,64.49,54.7,"Salaried","Rent","Vehicle",0
45716,23.75,807521,2.47,"978563",21.55,75.88,53,"Self-employed","Rent","Other",1
45724,19.25,375448,1.79,"153294",18.23,67.94,43.5,"Salaried","Rent","Other",1
45730,23.25,764145,1.75,"498299",2.18,16.56,30.4,"Contract","Rent","Vehicle",1
45741,16.75,448941,1.31,"1372778",10.88,42.88,45.3,"Salaried","Mortgage","Home_improvement",0
45749,17.75,363900,1.68,"1344088",26.95,93.4,49.1,"Salaried","Mortgage","Vehicle",1
45752,21.75,158820,1.81,"373772",33.48,115.88,58.6,"Salaried","Rent","Other",0
45760,20.25,748923,0.9,"1730461",35.9,113.48,65.2,"Salaried","Rent","Vehicle",0
45761,20.25,705695,1.32,"1557264",2.4,18.3,26.4,"Salaried","Mortgage","Home_improvement",0
45770,35,4446,0.69,"12425",6.12,29.11,30.1,"Unemployed","Rent","Debt_consolidation",0
45775,23.25,477195,1.51,"1323029",5.24,25.4,30.5,"Salaried","Rent","Other",1
45777,19.25,191823,1.93,"680498",14.04,48.62,38.3,"Salaried","Own","Debt_consolidation",1
45789,22.75,466473,1.58,"1513428",26.63,88.68,58.9,"Contract","Own","Debt_consolidation",1
45796,35,4353,0.56,"6930",6.72,29.43,36,"Unemployed","Rent","Other",1
45804,21.75,279524,1.92,"1036913",18.17,63.83,42.6,"Salaried","Rent","Other",1
45827,16.75,485743,1.21,"1159772",17.62,64.2,46.5,"Salaried","Mortgage","Home_improvement",1
45832,35,7018,0.63,"21990",39.33,128.36,62.9,"Unemployed","Rent","Debt_consolidation",1
45847,18.75,133782,2.17,"94866",31.77,101.52,54.5,"Salaried","Rent","Vehicle",1
45854,18.25,784369,1.62,"2671116",33.92,108.62,62.5,"Salaried","Mortgage","Home_improvement",1
45903,21.75,179933,1.38,"144105",19.88,71.5,49.6,"Salaried","Rent","Other",1
45918,14.25,303303,1.6,"191226",11.38,50.65,44.4,"Salaried","Mortgage","Home_improvement",0
45921,20.75,368066,1.39,"1191724",32.93,116.3,66.3,"Salaried","Own","Debt_consolidation",1
45922,17.75,792241,1.72,"1499093",10.45,41.35,38,"Salaried","Mortgage","Vehicle",1
45947,23.25,586521,0.56,"1596760",6.04,27.41,29.9,"Salaried","Rent","Other",0
45951,15.25,203045,1.97,"75040",18.83,64.04,47.2,"Salaried","Mortgage","Vehicle",1
45961,34.25,3630,0.46,"11286",3,16.64,27.9,"Unemployed","Rent","Home_improvement",0
45962,15.75,170652,1.39,"67651",3.86,21.28,30.4,"Salaried","Mortgage","Home_improvement",0
45970,23.75,415766,2,"1393337",28.41,98.03,60.7,"Contract","Rent","Vehicle",1
45983,20.25,178665,1.66,"285068",6.73,28.77,33.7,"Salaried","Rent","Vehicle",1
45984,19.75,192555,2.43,"723059",36.62,123.48,58.9,"Self-employed","Mortgage","Vehicle",1
45989,21.25,743160,1.85,"1076349",24.13,86.75,51.2,"Contract","Mortgage","Vehicle",1
45990,21.75,3485426,1.85,"5214014",19.5,63.54,52.6,"Self-employed","Mortgage","Debt_consolidation",0
45992,22.75,1362798,1.21,"1030771",38.35,123.57,60.9,"Contract","Mortgage","Vehicle",0
45995,16.25,384932,1.65,"151614",9.35,35.03,33.6,"Salaried","Rent","Vehicle",0
46000,22.75,563967,1.99,"1758288",29.76,99.44,60.6,"Self-employed","Own","Debt_consolidation",0
46003,16.25,293665,1.68,"163910",24.63,81.34,56.2,"Salaried","Rent","Vehicle",0
46004,23.25,1957773,1.1,"4196595",32.91,109.28,65.4,"Self-employed","Mortgage","Debt_consolidation",0
46014,16.75,201654,2.13,"706010",30.15,96.54,52.7,"Salaried","Mortgage","Home_improvement",0
46019,18.75,634068,2.02,"1542417",26.44,89.74,59.7,"Salaried","Rent","Vehicle",1
46020,21.25,2246486,1.26,"1515729",6.28,29.78,38,"Self-employed","Mortgage","Vehicle",1
46026,22.25,454743,1.9,"338699",21.74,77.74,54.7,"Contract","Rent","Vehicle",0
46034,16.75,516043,1.59,"613253",8.73,35.19,34.3,"Salaried","Mortgage","Home_improvement",0
46040,21.25,1549470,1.91,"519953",16.91,59.83,39.3,"Self-employed","Rent","Other",1
46043,22.75,1310339,1.35,"3200706",29.69,97.28,59.3,"Contract","Own","Debt_consolidation",1
46053,27.25,1581599,1.58,"2393878",1.14,18.84,28.4,"Self-employed","Rent","Other",1
46058,18.75,1211048,2.41,"1840001",20.35,80.27,48.6,"Self-employed","Mortgage","Home_improvement",1
46066,21.25,909465,1.41,"2477795",30.02,99.15,59.5,"Contract","Mortgage","Vehicle",1
46070,20.25,1202586,1.65,"4372832",20.84,70.21,48.3,"Contract","Mortgage","Home_improvement",1
46087,16.75,291109,1.49,"437130",9.73,42.39,38,"Salaried","Mortgage","Home_improvement",1
46093,32.25,3278,0.4,"7740",9.78,39.92,43.4,"Unemployed","Rent","Debt_consolidation",0
46096,21.75,179453,1.16,"656923",8.06,35.54,30.5,"Salaried","Rent","Other",0
46102,18.75,173845,1.34,"499236",31.25,104.64,58.3,"Salaried","Rent","Vehicle",0
46108,35,1379,0.47,"1795",26.38,91.12,58.4,"Unemployed","Rent","Other",1
46112,19.25,274801,0.71,"718210",8.75,38.15,38.3,"Salaried","Own","Debt_consolidation",0
46119,32.25,1930,0.42,"3727",14.99,57.97,44.3,"Unemployed","Rent","Debt_consolidation",0
46123,21.75,354052,2.16,"547028",33.31,111.99,55.9,"Salaried","Rent","Other",1
46130,29.25,2034,0.41,"3043",18.6,67.95,42.3,"Unemployed","Rent","Home_improvement",0
46143,17.75,158238,1.51,"396529",14.23,53.59,45.8,"Salaried","Mortgage","Vehicle",0
46152,20.25,730238,1.88,"1671227",3.08,16.83,31.7,"Salaried","Rent","Vehicle",1
46175,22.25,600236,1.41,"1040356",2.93,20.4,31.3,"Salaried","Rent","Vehicle",0
46177,19.25,318338,1.65,"660716",33.31,104.82,57,"Salaried","Own","Debt_consolidation",0
46178,30.75,6326,0.37,"16917",34.11,114.26,60.1,"Unemployed","Rent","Home_improvement",1
46189,23.75,801955,2.57,"1870082",37.73,119.42,67.3,"Contract","Rent","Vehicle",0
46208,16.25,1382575,1.09,"780430",11.4,42.55,42.3,"Self-employed","Mortgage","Home_improvement",0
46212,18.25,406611,1.72,"565421",37.17,120.85,65.2,"Salaried","Mortgage","Home_improvement",1
46213,18.25,323205,1.85,"297621",36.74,118.42,66.6,"Salaried","Mortgage","Home_improvement",1
46216,17.75,169842,1.9,"608721",14.81,57.01,37.7,"Salaried","Mortgage","Vehicle",1
46221,18.25,428342,1.68,"1022344",32.68,114.17,67.4,"Salaried","Mortgage","Home_improvement",0
46222,35,7039,0.71,"23600",13.75,47.82,41.9,"Unemployed","Rent","Debt_consolidation",1
46235,31.75,5064,0.42,"12578",4.74,21.78,32.2,"Unemployed","Rent","Vehicle",1
46237,19.75,3443349,1.6,"2736614",32.32,110.27,55.4,"Self-employed","Mortgage","Vehicle",0
46259,21.25,806177,1.64,"1775656",14.6,53.08,43.6,"Contract","Mortgage","Vehicle",1
46273,14.25,228010,1.34,"97656",23.78,82.65,48.6,"Salaried","Mortgage","Home_improvement",0
46277,18.75,373103,1.12,"544130",7.07,23.7,41,"Salaried","Rent","Vehicle",0
46284,23.25,250166,1.64,"206971",30.74,101.25,63.4,"Salaried","Rent","Other",1
46291,23.25,565819,1.74,"426994",37.36,119.75,65.9,"Self-employed","Mortgage","Debt_consolidation",0
46298,19.75,3298685,1.55,"11361764",20.56,75.94,45.9,"Self-employed","Mortgage","Vehicle",0
46301,16.75,315580,1.76,"785911",13.33,56.03,44.1,"Salaried","Mortgage","Home_improvement",1
46302,20.25,501973,1.51,"1278724",33.99,109.55,61.3,"Salaried","Rent","Vehicle",1
46313,23.75,462120,1.66,"584563",34.83,120.57,63.2,"Contract","Rent","Vehicle",0
46326,18.25,532300,0.94,"1989277",35.25,118.96,70.2,"Salaried","Mortgage","Home_improvement",0
46329,16.75,442293,1.75,"1462919",9.29,41.78,34.3,"Salaried","Mortgage","Home_improvement",0
46342,25.25,834517,1.52,"1624400",13.16,50.39,39.9,"Contract","Rent","Other",1
46343,19.25,757326,1.86,"1166944",17.07,61.39,39.5,"Salaried","Own","Debt_consolidation",0
46350,19.25,623140,1.67,"861677",31.17,105.19,61.1,"Salaried","Mortgage","Vehicle",0
46353,17.75,67630,1.83,"217866",26.81,91.29,53.6,"Salaried","Mortgage","Vehicle",0
46361,21.75,2496904,2.57,"4837374",17.52,61.02,50.8,"Self-employed","Mortgage","Debt_consolidation",1
46367,23.75,2354840,2.25,"2576653",29.53,100.69,54.6,"Self-employed","Rent","Other",0
46368,17.75,518209,1.23,"1398436",9.81,39.61,37.8,"Salaried","Mortgage","Vehicle",1
46377,21.75,664171,1.51,"1969508",39.25,132.26,67.1,"Contract","Mortgage","Home_improvement",1
46382,15.25,409556,1.32,"124730",27.9,98.84,58.9,"Salaried","Own","Debt_consolidation",1
46390,18.75,297802,1.62,"293487",27.33,91.53,55.1,"Salaried","Rent","Vehicle",0
46402,16.75,580711,1.78,"1262504",7.6,31.42,38.6,"Salaried","Mortgage","Home_improvement",1
46404,17.75,506504,0.95,"697249",19.04,70.16,41.8,"Salaried","Mortgage","Vehicle",0
46405,23.25,470141,1.53,"993524",35.19,116.69,67.5,"Salaried","Rent","Other",1
46420,17.75,268586,0.81,"786476",33.16,107.71,55.8,"Salaried","Mortgage","Vehicle",0
46426,34.75,8767,0.58,"16861",28.17,96.21,59.8,"Unemployed","Mortgage","Debt_consolidation",1
46428,22.75,359358,1.64,"496590",4.22,21.88,29.5,"Contract","Mortgage","Vehicle",0
46443,21.75,2115639,1.2,"4735084",21.6,77.9,45,"Self-employed","Mortgage","Debt_consolidation",1
46462,18.75,169590,1.21,"308560",30.32,101.85,54.7,"Salaried","Rent","Vehicle",0
46465,18.75,392875,1.44,"349436",27.52,90.29,56.9,"Salaried","Rent","Vehicle",1
46485,35,7252,0.54,"11406",4.6,21.1,30.7,"Unemployed","Mortgage","Debt_consolidation",1
46502,32.25,6355,0.33,"9276",37.32,121.52,63.6,"Unemployed","Rent","Other",1
46508,16.75,95994,1.67,"198678",7.46,32.77,38.7,"Salaried","Mortgage","Home_improvement",0
46523,19.25,377497,1.5,"733773",29.86,102.37,63.3,"Salaried","Mortgage","Vehicle",1
46525,23.25,2079892,1.8,"4634571",39.57,133.37,65.7,"Self-employed","Mortgage","Debt_consolidation",1
46533,23.25,395049,1.03,"474641",5.56,24.32,31.4,"Salaried","Rent","Other",0
46545,18.75,204033,1.55,"400401",13.28,46.16,35.3,"Salaried","Rent","Vehicle",0
46547,17.75,132139,1.61,"488572",8.2,30.24,33.6,"Salaried","Mortgage","Vehicle",0
46556,14.25,513159,1.7,"273624",31,102.26,53,"Salaried","Mortgage","Home_improvement",0
46557,18.25,413923,1.7,"719794",5.36,23.77,28.3,"Salaried","Mortgage","Home_improvement",1
46562,25.25,1384033,1.74,"3927521",14.29,52.45,43.2,"Contract","Rent","Other",1
46569,17.75,363983,1.5,"319524",29.91,98.71,59.5,"Salaried","Mortgage","Vehicle",1
46576,25.25,2010585,2,"1425345",6.66,33.31,34.1,"Self-employed","Rent","Other",0
46579,18.75,1668512,2.38,"2800563",20.25,66.44,44.4,"Self-employed","Mortgage","Home_improvement",1
46580,16.75,369532,1.01,"1311263",10.86,45,45.5,"Salaried","Mortgage","Home_improvement",1
46601,17.75,422977,1.94,"1519510",22.67,81.09,56.9,"Salaried","Mortgage","Vehicle",1
46607,18.25,258699,1.06,"342253",39.97,129.28,63.2,"Salaried","Mortgage","Home_improvement",0
46618,35,2201,0.56,"7868",3.81,21.08,26,"Unemployed","Rent","Debt_consolidation",1
46619,19.25,382618,1.64,"731102",28.75,101.81,57.3,"Salaried","Own","Debt_consolidation",0
46641,19.25,335483,1.65,"946543",24.5,87.57,50,"Salaried","Own","Debt_consolidation",0
46649,20.25,923278,2.07,"588205",39.46,131.84,65.9,"Contract","Mortgage","Vehicle",1
46650,18.75,163412,1.36,"218530",20.5,74.51,50.4,"Salaried","Rent","Vehicle",0
46672,16.75,312427,1.14,"188537",10.72,42.22,33.8,"Salaried","Own","Debt_consolidation",0
46698,21.75,303610,1.92,"880541",21.01,75.22,45.5,"Salaried","Rent","Other",0
46708,16.75,267804,1.59,"448124",17.38,63.44,51.5,"Salaried","Mortgage","Home_improvement",1
46713,35,2203,0.59,"3255",29.17,96.81,63.8,"Unemployed","Rent","Debt_consolidation",1
46720,33.75,1957,0.44,"4835",36.81,121.85,64.7,"Unemployed","Rent","Debt_consolidation",1
46761,23.25,357523,1.17,"968709",5.63,26.09,35.7,"Salaried","Rent","Other",0
46764,19.25,200367,1.37,"532541",3.17,18.25,26.7,"Salaried","Mortgage","Vehicle",0
46772,19.25,245865,1.37,"465161",4.95,25.8,34.8,"Salaried","Mortgage","Vehicle",0
46801,16.75,177301,0.91,"319455",23.24,83.42,45.6,"Salaried","Mortgage","Home_improvement",0
46812,34.25,3842,0.57,"1604",31.25,107.14,56.8,"Unemployed","Rent","Other",1
46816,18.75,720195,1.46,"738303",12.96,50.68,36.5,"Salaried","Rent","Vehicle",0
46819,18.25,668652,2.07,"789270",6.29,27.72,31,"Salaried","Mortgage","Home_improvement",0
46824,19.75,417308,1.57,"981364",25.07,87.25,51.1,"Self-employed","Mortgage","Vehicle",0
46826,17.75,296791,1.48,"534138",21.82,72.53,44.6,"Salaried","Mortgage","Vehicle",1
46828,33.25,6082,0.57,"2788",27.27,89.23,56.4,"Unemployed","Rent","Debt_consolidation",1
46854,23.25,390923,1.43,"1391435",5.42,28.24,34.7,"Salaried","Rent","Other",0
46861,16.75,247146,1.67,"364878",20.46,71.71,50.7,"Salaried","Mortgage","Home_improvement",1
46862,23.75,1076643,1.36,"2997748",36.62,118.88,64.9,"Contract","Rent","Vehicle",1
46871,18.75,112756,1.52,"160845",19.08,70.56,41.4,"Salaried","Rent","Vehicle",0
46880,17.75,290560,1.56,"212899",32.9,107.7,56.1,"Salaried","Mortgage","Vehicle",1
46889,17.75,384071,1.37,"629502",13.07,49.76,45.9,"Salaried","Mortgage","Vehicle",0
46890,16.75,370563,1.48,"668379",9.29,41.45,36.1,"Salaried","Mortgage","Home_improvement",0
46893,35,3661,0.57,"8454",26.13,88.56,54.6,"Unemployed","Rent","Debt_consolidation",1
46905,21.75,1869807,2.22,"2017250",15.59,52.25,39.4,"Self-employed","Mortgage","Debt_consolidation",1
46911,19.25,287244,1.65,"1028525",37.05,121.59,71.4,"Salaried","Mortgage","Vehicle",1
46915,17.75,452318,1.8,"1074068",18.06,67.66,49.2,"Salaried","Mortgage","Vehicle",0
46919,21.75,623525,1.13,"648402",17.09,61.53,48.3,"Self-employed","Mortgage","Debt_consolidation",1
46967,20.75,412307,1.38,"300073",29.03,104.38,60.4,"Salaried","Own","Debt_consolidation",0
46973,16.75,599590,1.22,"2269886",12.64,51.36,41,"Salaried","Mortgage","Home_improvement",1
46987,25.25,869135,2.39,"2082182",24.61,81.9,48.6,"Contract","Rent","Other",0
46990,35,3340,0.56,"7321",21.56,77.29,54.7,"Unemployed","Rent","Debt_consolidation",1
46991,20.75,455546,1.58,"1340808",4.08,20.22,36.3,"Salaried","Own","Debt_consolidation",1
46996,21.25,810563,1.75,"612625",34.33,110.83,68.4,"Self-employed","Mortgage","Vehicle",1
47001,20.25,2082399,1.35,"6042759",38.54,125.05,71.2,"Self-employed","Mortgage","Home_improvement",1
47012,20.25,785826,1.6,"1206774",30.13,102.07,65,"Salaried","Rent","Vehicle",1
47018,20.25,280397,1.31,"623845",31.98,111.04,66.9,"Salaried","Rent","Vehicle",0
47024,20.25,369230,1.19,"671714",5.38,28.58,29.5,"Salaried","Rent","Vehicle",0
47030,25.25,431862,2.39,"1345487",0.46,16.18,34.5,"Salaried","Rent","Other",1
47034,25.25,1707273,1.51,"3696579",5.44,29.48,29.2,"Self-employed","Rent","Other",1
47037,18.75,209905,1.55,"591127",16.8,57.18,40.3,"Salaried","Rent","Vehicle",1
47038,20.75,2136609,1.17,"1131046",36.6,123.83,64,"Self-employed","Mortgage","Debt_consolidation",1
47039,16.25,532050,1.27,"307368",7.16,31.84,30.8,"Salaried","Rent","Vehicle",1
47048,23.25,311483,1.06,"862208",4.33,23.7,31.9,"Salaried","Rent","Other",0
47051,35,4798,0.47,"11942",29.11,96.77,51.4,"Unemployed","Rent","Debt_consolidation",0
47063,17.75,191774,1.32,"148933",19.46,65.97,52.3,"Salaried","Mortgage","Vehicle",1
47067,18.25,220443,1.39,"599676",35.53,117.64,68.7,"Salaried","Mortgage","Home_improvement",1
47082,16.75,518932,0.71,"546530",33.46,110.39,58,"Salaried","Mortgage","Home_improvement",0
47083,16.75,417008,1.23,"327673",13.4,46.59,37.7,"Salaried","Mortgage","Home_improvement",0
47098,24.25,898504,1.67,"2475181",3.93,18.89,34,"Contract","Own","Debt_consolidation",0
47099,16.75,149180,1.22,"306119",15.42,56.87,43.5,"Salaried","Mortgage","Home_improvement",0
47106,33.75,1664,0.4,"2779",37.14,120.15,67.6,"Unemployed","Rent","Debt_consolidation",1
47128,21.25,3201284,1.15,"10808681",3.34,15.11,35.9,"Self-employed","Mortgage","Vehicle",0
47134,24.75,324609,2.07,"487131",2.94,19.33,37.6,"Contract","Mortgage","Vehicle",1
47136,16.75,501881,1.41,"1728732",28.86,98.33,58.5,"Salaried","Mortgage","Home_improvement",0
47147,21.75,2174062,2.01,"3971116",10.01,34.36,32.5,"Self-employed","Mortgage","Debt_consolidation",1
47154,23.25,448129,1.25,"1613314",35.66,115.29,66.6,"Salaried","Rent","Other",1
47157,35,5590,0.54,"3385",0.87,9.55,33.8,"Unemployed","Rent","Debt_consolidation",0
47158,16.75,481025,1.58,"738041",20.89,67.08,55.7,"Salaried","Mortgage","Home_improvement",1
47170,21.75,290624,1.94,"1084305",8.91,31.99,41.8,"Salaried","Rent","Other",1
47193,17.75,149697,1.57,"85480",39.56,131.67,73.8,"Salaried","Rent","Vehicle",1
47199,34.75,3401,0.67,"1255",38.25,122.3,71.6,"Unemployed","Rent","Debt_consolidation",1
47216,16.75,293056,1.67,"206089",8.69,35.22,34.2,"Salaried","Mortgage","Home_improvement",1
47225,17.75,493037,1.49,"410731",23.17,75.92,57.9,"Salaried","Mortgage","Vehicle",0
47230,20.25,154313,1.54,"120179",34.61,114.26,66.4,"Salaried","Rent","Vehicle",1
47236,20.75,286750,1.12,"558892",35.74,118.61,70.6,"Salaried","Own","Debt_consolidation",1
47248,22.25,254875,1.41,"264464",0.64,7.5,32.2,"Salaried","Rent","Vehicle",0
47267,18.75,131749,1.58,"273785",9.02,33.67,37.1,"Salaried","Rent","Vehicle",0
47271,21.75,534142,1.66,"1550351",8.3,32.84,37.6,"Salaried","Rent","Other",0
47287,21.25,683482,2.09,"428780",2.63,17.09,35.5,"Contract","Mortgage","Home_improvement",0
47293,22.75,580414,1.51,"269054",2.39,20.16,30.4,"Salaried","Rent","Other",1
47302,17.75,254563,1.82,"944184",22.15,73.61,44.3,"Salaried","Mortgage","Vehicle",0
47304,35,3342,0.55,"4196",3.17,20.25,30.4,"Unemployed","Rent","Debt_consolidation",1
47305,14.75,540122,1.45,"175209",20.07,73.7,47.7,"Salaried","Rent","Vehicle",0
47307,16.75,643596,0.9,"1930876",26.92,89.32,57.8,"Salaried","Mortgage","Home_improvement",0
47310,19.75,878501,2.28,"1880101",17.16,63.65,45.6,"Self-employed","Mortgage","Vehicle",1
47311,22.75,2454680,1.84,"9033101",37.77,122.81,67,"Self-employed","Own","Debt_consolidation",1
47314,22.75,1019163,2.34,"1211173",32.38,109.56,66.1,"Contract","Mortgage","Vehicle",1
47315,16.75,282664,1.02,"201655",15.66,61.98,47.1,"Salaried","Mortgage","Home_improvement",1
47316,21.25,3474496,1.39,"7906744",26.66,90.11,52.4,"Self-employed","Own","Debt_consolidation",1
47323,16.75,208083,1.56,"636942",34.17,114.3,59.2,"Salaried","Mortgage","Home_improvement",1
47327,22.25,514370,1.34,"695911",0.98,11.72,29.7,"Salaried","Rent","Vehicle",0
47329,17.75,446877,1.55,"229312",5.47,29.35,34.3,"Salaried","Rent","Vehicle",0
47330,21.25,2530188,2.76,"977102",31.15,100.43,53.3,"Self-employed","Rent","Other",1
47335,22.75,835640,1.66,"3159652",5.42,26.84,39.2,"Contract","Mortgage","Vehicle",1
47341,20.75,153603,1.75,"208844",3.13,20.08,25.6,"Salaried","Own","Debt_consolidation",0
47343,35,4660,0.48,"1969",2.43,18.83,25.5,"Unemployed","Rent","Debt_consolidation",1
47357,22.75,1937210,2.16,"2632562",32.94,105.02,64.3,"Self-employed","Own","Debt_consolidation",1
47366,23.75,914455,1.35,"2133008",16.85,60.66,51,"Self-employed","Rent","Other",1
47380,25.25,345715,1.56,"585270",31.56,104.4,60.6,"Self-employed","Rent","Other",1
47385,17.75,389719,1.14,"309040",15.04,53.23,48.2,"Salaried","Mortgage","Vehicle",0
47389,20.25,438979,2.07,"1104218",20.23,74.37,49.2,"Contract","Mortgage","Home_improvement",1
47399,23.75,660776,1.75,"2025034",4.63,24.73,33,"Contract","Rent","Vehicle",0
47412,17.75,396776,2.19,"531748",20.22,74.37,52.7,"Salaried","Mortgage","Vehicle",0
47415,19.75,1282767,1.47,"4225120",14.41,57.74,41.1,"Self-employed","Mortgage","Vehicle",0
47417,20.75,345862,1.82,"843211",4.7,21.75,29.7,"Salaried","Own","Debt_consolidation",0
47424,23.75,3098224,1.51,"7500011",21.81,67.35,54.1,"Self-employed","Rent","Other",1
47433,25.25,1367602,1.13,"1686954",3.15,23.77,31.2,"Self-employed","Rent","Other",0
47442,31.25,4096,0.43,"14809",22.18,72.89,51.8,"Unemployed","Mortgage","Debt_consolidation",0
47450,25.25,2036914,1.67,"4946604",28.92,96.57,60.1,"Self-employed","Rent","Other",0
47458,16.75,184483,1.41,"696068",29.41,98.28,55.2,"Salaried","Mortgage","Home_improvement",0
47477,20.25,397526,1.26,"520131",0.87,9.58,35.6,"Salaried","Mortgage","Home_improvement",1
47480,19.75,447913,1.47,"211563",2.63,14.5,26.2,"Salaried","Rent","Vehicle",0
47502,19.25,736749,1.93,"2367049",13.65,50.02,48.3,"Salaried","Own","Debt_consolidation",0
47504,20.25,375942,1.78,"1024162",0.03,13.33,27.2,"Salaried","Mortgage","Home_improvement",0
47510,16.75,363902,1.61,"760541",16.32,62.19,39.2,"Salaried","Mortgage","Home_improvement",1
47525,21.75,345715,1.46,"813280",28.45,95.98,54.7,"Salaried","Rent","Other",1
47529,19.25,111193,1.25,"366888",6.05,25.61,32.8,"Salaried","Mortgage","Vehicle",0
47537,23.25,331649,1.56,"877306",35.39,113.93,61.4,"Salaried","Rent","Other",0
47539,17.75,454124,1.8,"776854",18.49,59.06,44.6,"Salaried","Mortgage","Vehicle",0
47541,22.75,131265,2.1,"497821",23.97,82.48,53.6,"Contract","Own","Debt_consolidation",1
47559,23.75,396053,1.61,"1019166",13.64,52.27,43.8,"Self-employed","Rent","Other",0
47562,19.25,487420,2,"1827540",8.85,35.9,32.7,"Salaried","Own","Debt_consolidation",0
47564,21.25,839194,1.83,"1757667",22.99,73.17,50.7,"Contract","Mortgage","Vehicle",1
47573,19.25,315046,1.12,"356657",23.21,81.05,53.2,"Salaried","Own","Debt_consolidation",1
47574,18.75,695763,2.58,"640459",14.24,52.71,41.1,"Self-employed","Mortgage","Home_improvement",0
47575,25.25,626831,1.36,"898024",13.37,49.49,48,"Contract","Rent","Other",1
47593,16.75,546473,1.7,"1673971",12.59,45.68,47.2,"Salaried","Mortgage","Home_improvement",0
47608,23.75,1064145,2.04,"3302821",11.6,45.45,36.3,"Self-employed","Rent","Other",0
47625,25.25,449560,1.23,"1649404",34.76,113.39,60.8,"Self-employed","Rent","Other",1
47632,19.25,394189,1.29,"417284",8.15,36.11,35.2,"Salaried","Own","Debt_consolidation",0
47633,17.75,200396,1.36,"614382",14.83,51.92,42.2,"Salaried","Mortgage","Vehicle",0
47655,32.75,7983,0.49,"6680",20.49,71.12,51.8,"Unemployed","Rent","Home_improvement",1
47665,16.75,301821,1.26,"743107",25.44,88.04,48.5,"Salaried","Mortgage","Home_improvement",0
47674,19.25,199257,1.84,"496042",24.73,82.91,51.9,"Salaried","Own","Debt_consolidation",0
47676,17.75,290569,1.65,"893355",15.96,57.34,49.6,"Salaried","Mortgage","Vehicle",0
47694,23.75,1487058,1.55,"1023244",14.88,55.87,47.2,"Self-employed","Rent","Other",1
47695,19.25,457678,1.78,"969511",4.39,24.42,31.4,"Salaried","Mortgage","Vehicle",0
47719,17.75,2169922,1.9,"1106665",4.51,24.32,38.9,"Self-employed","Mortgage","Home_improvement",0
47726,23.25,1738501,1.39,"4047496",2.61,11.18,29,"Self-employed","Mortgage","Vehicle",0
47736,18.25,440020,1.77,"661605",4.48,20.12,33.3,"Salaried","Mortgage","Home_improvement",0
47745,16.75,140212,1.82,"102890",15.7,54.75,49.1,"Salaried","Mortgage","Home_improvement",0
47753,20.75,406068,1.55,"1010859",37.05,120.05,65.9,"Salaried","Own","Debt_consolidation",0
47754,20.25,186598,2.27,"114781",0.53,13.54,27.2,"Salaried","Own","Debt_consolidation",0
47757,17.75,112427,2.2,"221949",32.75,107.86,57.5,"Salaried","Mortgage","Vehicle",0
47776,18.75,479363,1.6,"1608379",19,67.32,48.9,"Salaried","Rent","Vehicle",1
47789,15.25,369161,1.63,"197173",32.77,112.04,54.8,"Salaried","Mortgage","Vehicle",1
47796,19.25,602482,1.51,"1558289",39.28,127.42,69.9,"Salaried","Mortgage","Vehicle",0
47807,20.75,365323,1.95,"387244",4.01,21.66,36.3,"Salaried","Own","Debt_consolidation",0
47814,21.75,439664,0.87,"828318",22.8,74.86,53.5,"Salaried","Rent","Other",0
47829,18.75,284926,1.22,"1028907",28.29,97.82,52.4,"Salaried","Rent","Vehicle",0
47842,17.75,143305,2.02,"132257",15.1,55.96,46,"Salaried","Mortgage","Vehicle",0
47845,21.25,3215623,2.46,"10375987",35.47,117.56,68.4,"Self-employed","Mortgage","Vehicle",1
47847,32.25,7279,0.44,"5213",9.2,40.82,37.9,"Unemployed","Rent","Debt_consolidation",1
47852,20.25,892652,1.82,"3017094",20.32,71.11,50.3,"Contract","Mortgage","Home_improvement",0
47865,20.25,188110,1.42,"242826",3.86,22.69,29,"Salaried","Rent","Vehicle",0
47872,23.75,1669237,2.2,"5519617",7.98,29.15,35,"Self-employed","Rent","Other",0
47876,20.75,291837,1.58,"682076",5.82,24.76,35,"Salaried","Own","Debt_consolidation",1
47907,18.75,503762,1.33,"1168223",30.72,99.97,58.4,"Salaried","Rent","Vehicle",1
47909,18.75,537700,1.76,"1175599",35.99,118.18,58.7,"Self-employed","Mortgage","Home_improvement",1
47914,19.25,117728,0.61,"278425",5.4,25.96,31.3,"Salaried","Mortgage","Vehicle",0
47916,21.75,123174,1.19,"251789",29.6,98.3,55,"Salaried","Rent","Other",0
47935,21.75,453575,1.85,"529852",21.08,77.2,49.7,"Self-employed","Mortgage","Debt_consolidation",1
47947,22.25,300778,2.28,"771366",12.6,44.15,42.9,"Contract","Rent","Vehicle",0
47953,19.75,1665388,1.9,"3150425",9.77,33.78,34.7,"Self-employed","Mortgage","Vehicle",0
47964,20.25,341397,1.66,"192727",7.68,28.42,39.8,"Contract","Own","Debt_consolidation",1
47974,21.75,227171,1.05,"599050",7.56,36.26,41,"Salaried","Rent","Other",0
47977,35,1734,0.6,"4509",21.34,77.67,44,"Unemployed","Rent","Debt_consolidation",0
47981,20.25,3274099,1.37,"10225837",4.63,24.49,27.4,"Self-employed","Mortgage","Home_improvement",0
47985,16.75,392769,1.41,"898185",12.73,50.55,47,"Salaried","Mortgage","Home_improvement",1
47986,16.75,265886,1.11,"562610",22.05,78.03,46.6,"Salaried","Mortgage","Home_improvement",0
47995,17.75,235850,1.74,"460930",21.45,71.62,55.6,"Salaried","Mortgage","Vehicle",0
48009,16.75,496030,1.61,"1739998",21.46,64.96,46,"Salaried","Mortgage","Home_improvement",0
48035,35,5007,0.57,"14942",39.97,132.61,65.8,"Unemployed","Rent","Debt_consolidation",1
48039,21.75,1273931,1.73,"1531284",11.07,40.45,34.1,"Self-employed","Mortgage","Debt_consolidation",0
48042,22.25,1040639,1.47,"1498243",26.02,87.58,49.3,"Contract","Rent","Vehicle",0
48051,17.75,512073,1.65,"869562",13.86,48.84,47.3,"Salaried","Mortgage","Vehicle",0
48095,22.75,737803,1.65,"2402671",9.42,36.79,37.3,"Contract","Own","Debt_consolidation",0
48098,17.75,660389,1.74,"537404",7.44,34.17,37.4,"Salaried","Mortgage","Vehicle",0
48105,20.25,317590,1.11,"1202994",4.55,23.44,30.9,"Salaried","Rent","Vehicle",1
48123,20.25,1844345,1.41,"6430014",38.36,124.85,61.2,"Self-employed","Mortgage","Home_improvement",1
48135,18.75,712631,1.66,"2391278",33.59,105.53,57.7,"Salaried","Rent","Vehicle",0
48149,19.25,280391,1.72,"292680",3.82,17.36,26.7,"Salaried","Mortgage","Vehicle",1
48153,32.25,8170,0.41,"30498",23.1,80.88,55.4,"Unemployed","Rent","Debt_consolidation",0
48159,18.25,358396,1.22,"802433",37.96,120.97,62.8,"Salaried","Mortgage","Home_improvement",0
48168,25.25,111457,1.56,"378728",0.52,14.88,32.9,"Salaried","Rent","Other",0
48187,22.25,1198805,1.78,"4177286",0.94,21.54,35,"Self-employed","Mortgage","Home_improvement",0
48198,22.25,400762,1.73,"1385169",2.67,15.7,32.4,"Salaried","Rent","Vehicle",0
48200,19.25,317267,2.01,"887037",11.39,38.95,34.6,"Salaried","Own","Debt_consolidation",1
48207,20.25,526310,1.58,"1561581",2.08,20.71,35.9,"Salaried","Mortgage","Home_improvement",0
48213,29.75,1586,0.35,"5480",24.29,88.85,50,"Unemployed","Rent","Debt_consolidation",1
48214,21.75,1078367,1.75,"1390114",34.91,114.93,60.9,"Contract","Mortgage","Home_improvement",0
48220,18.25,137407,1.92,"209568",39.98,123.4,66,"Salaried","Mortgage","Home_improvement",0
48254,17.75,615193,1.71,"851039",8.4,41.8,35.1,"Salaried","Mortgage","Vehicle",1
48256,23.25,2594260,1.9,"8553143",34.85,116.9,68,"Self-employed","Mortgage","Debt_consolidation",1
48292,25.25,3391813,1.95,"4308798",28.29,95.05,60.7,"Self-employed","Rent","Other",1
48308,32.75,5416,0.44,"5010",28.79,91.58,61.2,"Unemployed","Mortgage","Debt_consolidation",1
48312,16.75,556718,1.61,"882643",33.92,117.51,58.5,"Salaried","Mortgage","Home_improvement",1
48322,35,9370,0.56,"8889",5.44,28.74,37.2,"Unemployed","Rent","Debt_consolidation",0
48323,23.75,2790977,1.91,"4423576",12.57,51.04,44.8,"Self-employed","Rent","Other",0
48341,22.75,2874313,1.64,"5091993",35.09,114.46,64.7,"Self-employed","Own","Debt_consolidation",0
48371,19.25,641020,2.06,"2271510",3.33,20.12,26.7,"Salaried","Mortgage","Vehicle",0
48375,20.25,284340,2.05,"839433",3.94,26.31,35.6,"Salaried","Rent","Vehicle",0
48388,20.25,348589,2.02,"340906",32.92,105.65,66.9,"Salaried","Rent","Vehicle",1
48410,19.25,570354,1.68,"1718203",21.48,76.17,55.3,"Salaried","Own","Debt_consolidation",0
48417,34.75,5976,0.61,"3230",33.13,105.77,63.6,"Unemployed","Rent","Debt_consolidation",0
48441,16.75,339377,1.62,"239644",17.31,60.74,51.8,"Salaried","Mortgage","Home_improvement",0
48454,16.75,494024,1.65,"878818",9.94,39.39,44.3,"Salaried","Mortgage","Home_improvement",0
48458,21.75,261878,0.96,"257021",16.82,64.66,43,"Salaried","Rent","Other",1
48478,16.75,733411,1.6,"1651624",21.68,74.65,48,"Salaried","Mortgage","Home_improvement",1
48486,17.75,239806,1.48,"606609",25.94,88.05,55.5,"Salaried","Mortgage","Vehicle",1
48498,21.75,518749,1.29,"424494",16.05,57.28,48.4,"Salaried","Rent","Other",1
48509,18.75,393080,1.74,"575397",26.33,83.63,55,"Salaried","Rent","Vehicle",0
48511,15.25,261028,1.09,"165994",15.22,56.17,44.9,"Salaried","Mortgage","Vehicle",0
48515,20.75,318552,1.79,"330300",28.46,95.78,62.9,"Salaried","Own","Debt_consolidation",1
48517,18.25,304992,1.77,"377774",36.68,120.64,64.5,"Salaried","Mortgage","Home_improvement",1
48518,35,4944,0.57,"14825",10.04,39,44.3,"Unemployed","Rent","Debt_consolidation",0
48522,20.25,359077,1.11,"651866",38.5,128.48,71.6,"Salaried","Rent","Vehicle",1
48556,34.75,5114,0.52,"18152",27.11,93.59,56.9,"Unemployed","Mortgage","Debt_consolidation",0
48561,35,3484,0.51,"6660",38.31,124.82,69.1,"Unemployed","Rent","Other",1
48564,17.75,603863,2.21,"1203541",20.57,73.4,43,"Salaried","Mortgage","Vehicle",1
48574,22.75,397716,1.2,"338314",0.48,12.82,22.7,"Salaried","Mortgage","Vehicle",0
48587,34.25,7402,0.54,"19898",6.53,27.93,38,"Unemployed","Rent","Home_improvement",1
48595,16.75,382244,1.49,"1328560",15.05,56.45,44.6,"Salaried","Mortgage","Home_improvement",0
48598,16.75,200592,1.54,"142024",20.72,73.17,55.1,"Salaried","Mortgage","Home_improvement",0
48601,17.75,574273,1.31,"1723021",16.39,55.76,50.5,"Salaried","Mortgage","Vehicle",0
48608,18.75,629133,1.28,"2154584",8.55,36.56,36.1,"Salaried","Rent","Vehicle",0
48612,15.25,255153,1.48,"112532",11.33,36.55,39.5,"Salaried","Mortgage","Vehicle",0
48616,16.75,291800,1.69,"610665",22.56,79.28,54.5,"Salaried","Mortgage","Home_improvement",0
48619,19.25,308490,2,"998761",10.38,45.43,40.8,"Salaried","Own","Debt_consolidation",1
48623,20.25,2684321,1.29,"1380022",37.19,125.99,67.2,"Self-employed","Own","Debt_consolidation",0
48631,25.25,862994,1.9,"1840035",25.3,88.75,48.3,"Contract","Rent","Other",1
48646,18.75,423721,1.92,"1244223",14.17,53.05,40.3,"Salaried","Rent","Vehicle",0
48668,18.25,174357,1.72,"172910",38.27,123.6,66.5,"Salaried","Mortgage","Home_improvement",1
48698,19.25,568510,1.41,"1170781",17.85,66.63,45.1,"Salaried","Own","Debt_consolidation",1
48717,35,5405,0.74,"11453",7.96,34.32,32.5,"Unemployed","Rent","Debt_consolidation",1
48728,34.75,3284,0.59,"7127",29.75,96.45,54.5,"Unemployed","Mortgage","Debt_consolidation",1
48732,32.25,4235,0.71,"2001",14.79,54.55,49.4,"Unemployed","Mortgage","Debt_consolidation",1
48734,19.25,316509,1.92,"770660",6.77,33.05,35.8,"Salaried","Mortgage","Vehicle",0
48746,16.75,475096,1.22,"1171517",20.04,71.74,43.9,"Salaried","Mortgage","Home_improvement",1
48757,22.25,648179,0.81,"1811242",7.57,31.93,30,"Contract","Rent","Vehicle",0
48766,17.75,289381,1.19,"270225",13.35,50.65,37.5,"Salaried","Mortgage","Vehicle",1
48770,21.25,202981,1.99,"168121",1.03,16.11,35.4,"Salaried","Mortgage","Vehicle",0
48776,18.25,217806,1.47,"435105",31.32,104.6,64.7,"Salaried","Mortgage","Home_improvement",1
48778,18.25,272040,1.45,"239190",34.05,113.18,67.2,"Salaried","Mortgage","Home_improvement",0
48782,35,3779,0.56,"10731",38.39,123.55,63.3,"Unemployed","Rent","Debt_consolidation",1
48799,22.25,379368,1.61,"1397418",9.27,40.53,35.4,"Contract","Rent","Vehicle",1
48802,17.75,78730,1.05,"64796",26.81,87.98,51.5,"Salaried","Mortgage","Vehicle",0
48811,16.75,221575,1.35,"811508",10.26,39.99,38.2,"Salaried","Mortgage","Home_improvement",0
48813,31.25,2487,0.31,"8661",5.93,29.1,30.8,"Unemployed","Rent","Debt_consolidation",0
48819,17.75,550579,1.26,"627896",27.44,89.33,54.5,"Salaried","Mortgage","Vehicle",0
48820,21.25,672684,1.71,"1315877",3.8,22.13,37.5,"Self-employed","Mortgage","Vehicle",1
48827,21.75,433019,1.72,"1510723",11.55,43.01,35.9,"Salaried","Rent","Other",0
48829,17.75,458766,1.49,"1115417",25.37,86.33,55.6,"Salaried","Mortgage","Vehicle",1
48867,18.25,343994,1.59,"1125181",34.89,112.09,68.3,"Salaried","Mortgage","Home_improvement",1
48872,18.75,285784,1.12,"899616",20.35,72.98,55.1,"Salaried","Rent","Vehicle",0
48876,19.75,597695,1.63,"2073550",24.01,82.89,51.2,"Self-employed","Mortgage","Vehicle",1
48886,20.25,428641,1.42,"475418",38.98,127.69,63.1,"Salaried","Rent","Vehicle",1
48888,21.25,1005190,1.98,"721390",4.33,26.17,35.1,"Self-employed","Mortgage","Vehicle",1
48914,35,5229,0.55,"14870",31.3,107.02,63.9,"Unemployed","Rent","Vehicle",1
48919,17.75,149942,1.52,"269738",27.12,96.7,55.6,"Salaried","Mortgage","Vehicle",0
48930,20.25,701589,1.21,"2324846",5.53,27.33,36.8,"Salaried","Rent","Vehicle",0
48933,18.25,601021,1.16,"1198053",32.8,110.31,62.4,"Salaried","Mortgage","Home_improvement",1
48949,25.25,1988711,1.9,"6892042",3.82,20.62,28.9,"Self-employed","Rent","Other",1
48952,20.75,172157,1.53,"477370",6.55,35.79,31.4,"Salaried","Own","Debt_consolidation",0
48961,21.25,1504413,1.6,"5572820",35.57,124.98,65.2,"Self-employed","Mortgage","Vehicle",1
48962,21.75,3300620,1.8,"2276116",27.5,86.89,58,"Self-employed","Mortgage","Debt_consolidation",1
48966,18.75,186850,2.25,"222271",23.85,84.37,57,"Salaried","Rent","Vehicle",0
48983,32.25,2803,0.4,"3778",8.75,31.23,37.7,"Unemployed","Rent","Debt_consolidation",0
48986,32.25,3717,0.39,"11408",14,50.09,43.2,"Unemployed","Rent","Debt_consolidation",0
48990,35,3579,0.5,"6679",27.05,87.71,59.1,"Unemployed","Rent","Debt_consolidation",1
49033,24.75,853968,1.72,"1996229",1.1,12.96,33.8,"Self-employed","Own","Debt_consolidation",0
49048,16.75,295039,1.39,"549542",11.67,43.07,41.9,"Salaried","Mortgage","Home_improvement",0
49050,23.75,2389529,0.67,"4862621",19.14,66.23,44.3,"Self-employed","Rent","Other",1
49051,20.75,304880,1.13,"788311",4.53,25.77,35.3,"Salaried","Own","Debt_consolidation",0
49060,18.75,368005,1.12,"1207126",14.98,57.19,46,"Salaried","Rent","Vehicle",1
49082,21.25,1903781,2.52,"3991786",15.7,55.06,44.2,"Self-employed","Own","Debt_consolidation",1
49089,21.75,1306212,2.19,"2145608",30.06,102.81,54.4,"Self-employed","Mortgage","Debt_consolidation",1
49099,18.75,521409,1.76,"1590453",12.53,47.28,36.3,"Salaried","Rent","Vehicle",0
49103,18.25,664130,1.49,"2027594",33.71,107.67,63.9,"Salaried","Mortgage","Home_improvement",0
49105,21.75,609764,1.62,"784457",14.03,59.75,38.6,"Salaried","Rent","Other",0
49106,18.25,347790,1.51,"870688",30.95,99.08,60.2,"Salaried","Mortgage","Home_improvement",1
49109,17.75,328034,1.3,"612401",33.38,111.91,60,"Salaried","Mortgage","Vehicle",1
49118,22.25,452428,1.37,"1229037",2.39,24.32,31.3,"Salaried","Rent","Vehicle",0
49120,18.75,254029,1.16,"800520",27.3,93.29,55.9,"Salaried","Rent","Vehicle",1
49130,17.75,218608,1.56,"270671",7.18,35.06,37.9,"Salaried","Mortgage","Vehicle",0
49135,17.75,572609,1.51,"1481122",9.53,37.63,38.2,"Salaried","Mortgage","Vehicle",0
49154,18.25,719185,1.5,"482155",3.42,16.59,26.9,"Salaried","Mortgage","Home_improvement",0
49156,17.75,485178,1.28,"1388041",26.64,86.89,50.2,"Salaried","Mortgage","Vehicle",0
49166,20.25,319794,1.26,"802912",2.49,20.04,32.6,"Salaried","Mortgage","Home_improvement",0
49167,22.25,916016,1.66,"2088771",33.35,111.3,58,"Contract","Rent","Vehicle",1
49186,18.75,355659,1.64,"339694",21.18,68.68,51.2,"Salaried","Rent","Vehicle",0
49190,18.75,374508,1.64,"544036",11.97,41.45,43.4,"Salaried","Rent","Vehicle",0
49196,21.25,2589445,1.69,"5703478",19.45,69.9,47,"Self-employed","Own","Debt_consolidation",0
49217,16.75,436203,1.82,"131293",31.27,109.45,63.3,"Salaried","Own","Debt_consolidation",1
49218,31.25,3822,0.39,"8216",7.71,28.54,31.3,"Unemployed","Mortgage","Debt_consolidation",1
49236,17.75,233589,1.28,"131821",12.61,49.23,45.6,"Contract","Mortgage","Home_improvement",0
49243,21.75,1635765,1.83,"1659458",19.95,70.04,51.2,"Self-employed","Mortgage","Debt_consolidation",1
49248,17.75,251422,1.22,"252996",22.56,78.18,45.7,"Salaried","Mortgage","Vehicle",0
49254,23.25,343069,1.36,"1117030",28.33,95.75,62.8,"Salaried","Rent","Other",1
49263,16.75,161780,1.67,"191204",20.69,72.14,51.7,"Salaried","Mortgage","Home_improvement",0
49279,22.75,2504820,2.67,"3097441",33.99,113.08,66.8,"Self-employed","Own","Debt_consolidation",1
49282,18.75,168206,1.16,"152856",32.34,107.17,58.6,"Salaried","Rent","Vehicle",1
49299,23.75,2784180,1.55,"6114155",13.08,46.99,38.2,"Self-employed","Rent","Other",0
49302,20.25,367382,1.16,"532144",5.05,25.42,38.8,"Salaried","Rent","Vehicle",0
49317,17.75,515272,1.88,"510155",24.86,82.32,56,"Salaried","Mortgage","Vehicle",1
49332,25.25,1216163,2.22,"2329404",4.12,19.96,33.3,"Self-employed","Rent","Other",1
49334,19.25,576680,1.64,"401554",38.84,125.05,64,"Salaried","Mortgage","Vehicle",0
49342,12.75,386814,1.85,"123912",26.8,86.18,57.2,"Salaried","Mortgage","Home_improvement",0
49346,20.25,258105,1.76,"284860",36.07,117.15,67.4,"Salaried","Rent","Vehicle",1
49355,23.75,763991,1.75,"2248729",6.27,21.43,35.9,"Contract","Rent","Vehicle",1
49356,19.75,1331064,1.39,"2607203",14.76,57.27,41.1,"Self-employed","Mortgage","Vehicle",0
49357,19.25,328139,1.32,"895344",36.03,122.99,67.9,"Salaried","Mortgage","Vehicle",1
49378,17.75,636768,1.81,"1795105",14.76,58.57,48.5,"Salaried","Mortgage","Vehicle",1
49379,17.75,548790,1.11,"449391",16.63,62.27,44.7,"Salaried","Mortgage","Vehicle",1
49388,21.25,558047,1.96,"258774",32.41,110.17,62.8,"Contract","Rent","Vehicle",1
49404,21.25,2080868,2.65,"1540537",30.26,94.56,61.7,"Self-employed","Mortgage","Vehicle",1
49405,23.75,1409061,2.24,"1277322",29.23,103.23,54.3,"Self-employed","Rent","Other",1
49425,16.75,361811,1.34,"236118",6.19,23.93,35.9,"Salaried","Mortgage","Vehicle",0
49439,16.75,191999,1.3,"501688",12.82,42.89,42.7,"Salaried","Mortgage","Home_improvement",1
49457,21.25,4130026,1.77,"2439529",16.69,61.95,43.7,"Self-employed","Rent","Other",0
49464,34.25,6264,0.48,"12105",38.28,118.37,62.9,"Unemployed","Rent","Home_improvement",1
49484,31.25,10161,0.4,"36698",26.82,88.56,52.2,"Unemployed","Mortgage","Debt_consolidation",1
49501,17.75,421536,1.46,"1168418",23.55,80.83,53,"Salaried","Mortgage","Vehicle",0
49512,21.25,518102,1.59,"1478361",24.45,81.06,50.3,"Contract","Mortgage","Vehicle",0
49522,23.75,893793,1.37,"719868",5.73,29.32,30.9,"Contract","Rent","Vehicle",1
49547,21.75,1506685,1.32,"3060133",21.05,76.45,43.7,"Self-employed","Mortgage","Debt_consolidation",1
49558,16.75,528168,1.49,"434665",27.14,89.11,57.8,"Salaried","Mortgage","Home_improvement",1
49573,19.75,2853603,1.23,"3410944",23.02,80.29,51,"Self-employed","Mortgage","Vehicle",1
49583,18.75,367327,1.6,"805691",29.11,103.01,55.4,"Salaried","Rent","Vehicle",0
49592,21.75,246553,1.55,"392495",25.13,85.58,50.2,"Salaried","Rent","Other",0
49594,23.75,634323,1.26,"653644",19.08,69.44,41.5,"Self-employed","Rent","Other",0
49596,18.25,222247,1.46,"842588",6.91,32.1,32.7,"Salaried","Mortgage","Home_improvement",1
49600,35,5182,0.55,"5468",38.63,124.48,69,"Unemployed","Rent","Debt_consolidation",1
49603,32.25,4216,0.43,"15752",25.47,87.67,53,"Unemployed","Rent","Debt_consolidation",1
49606,22.75,1098508,1.58,"2048939",36.61,122.55,66.2,"Contract","Mortgage","Vehicle",1
49620,17.75,395738,1.67,"386581",8.66,36.02,38.5,"Salaried","Mortgage","Vehicle",1
49627,23.25,640598,1.13,"1073234",39.52,133.8,71.5,"Salaried","Rent","Other",0
49643,21.25,297325,2.07,"975351",6.4,30.6,34.8,"Self-employed","Mortgage","Vehicle",1
49652,17.75,146855,1.4,"299728",21.41,72.26,45.7,"Salaried","Mortgage","Vehicle",0
49656,18.75,228208,1.36,"352862",9.78,37.31,40.3,"Salaried","Rent","Vehicle",0
49660,17.75,400157,1.64,"800290",10.69,46.43,44,"Salaried","Mortgage","Vehicle",0
49664,19.25,397517,1.33,"864509",36.53,118.28,60.4,"Salaried","Mortgage","Vehicle",0
49680,18.75,578394,1.85,"1807035",7.18,37.58,37,"Salaried","Rent","Vehicle",1
49699,16.75,236089,1.45,"183153",18.42,63.36,43.3,"Salaried","Mortgage","Home_improvement",0
49700,23.75,1216966,1.77,"1398730",10.71,43.59,41,"Self-employed","Rent","Other",1
49702,16.25,327252,1.86,"202451",26.07,86.99,50.6,"Salaried","Rent","Vehicle",0
49703,18.75,787430,1.4,"553988",19.51,73.13,42.5,"Salaried","Rent","Vehicle",1
49707,20.25,155820,1.21,"108996",33.14,110.59,67.4,"Salaried","Rent","Vehicle",0
49712,23.75,1734850,2.14,"5623886",20,71.68,52.2,"Self-employed","Rent","Other",1
49731,19.75,751535,1.27,"1116246",30.89,100.16,57.7,"Self-employed","Mortgage","Vehicle",1
49743,22.75,1200408,1.7,"2109043",33.39,108.93,67.1,"Contract","Mortgage","Vehicle",1
49754,15.75,1244358,1.49,"409691",25.94,86.7,49.5,"Self-employed","Mortgage","Vehicle",1
49778,20.75,2359129,1.88,"1398810",31.17,97.14,63.9,"Self-employed","Mortgage","Debt_consolidation",1
49806,21.25,1631964,1.54,"1881444",10.45,39.79,45.2,"Self-employed","Own","Debt_consolidation",0
49807,23.75,1865946,1.39,"1714839",23.5,74.04,55.4,"Self-employed","Rent","Other",0
49817,16.75,314335,1.84,"1130178",30.37,100.84,59.2,"Salaried","Mortgage","Home_improvement",0
49822,23.75,3021506,2.15,"6637985",7.59,27.49,33.5,"Self-employed","Rent","Other",0
49850,23.75,2064701,1.9,"3521290",27.92,94.87,52,"Self-employed","Rent","Other",1
49884,25.25,2749249,2.11,"3480639",38.57,125.76,65.9,"Self-employed","Rent","Other",1
49886,17.75,440000,1.42,"328109",21.92,78.4,48.2,"Salaried","Mortgage","Vehicle",1
49897,23.75,2818549,1.83,"9513308",25.86,91.98,53.9,"Self-employed","Rent","Other",1
49901,26.25,229644,1.68,"827727",2.99,20.69,36.6,"Contract","Own","Debt_consolidation",0
49909,16.75,371652,1.26,"286331",23.2,79.18,47.8,"Salaried","Mortgage","Home_improvement",0
49911,20.25,142641,1.55,"210801",37.44,121.89,61.1,"Salaried","Rent","Vehicle",1
49917,35,6076,0.5,"4768",9.09,35.63,37.7,"Unemployed","Rent","Debt_consolidation",1
49918,24.25,239442,1.6,"347299",1.19,18.35,24.8,"Salaried","Own","Debt_consolidation",0
49926,16.75,480483,1.49,"1128704",10.12,38.88,33.8,"Salaried","Mortgage","Home_improvement",0
49983,23.25,326638,1.76,"889765",30.53,100.97,63.7,"Salaried","Rent","Other",1
49986,23.75,802009,1.66,"2107795",7.61,34.88,35.2,"Self-employed","Rent","Other",1
49995,23.75,1688101,1.6,"3275724",30.53,101.17,58.2,"Self-employed","Rent","Other",1
50004,21.25,2331823,1.72,"2494786",14.75,52.05,38.1,"Self-employed","Own","Debt_consolidation",1
50005,17.75,509532,1.1,"265664",35.6,115.03,63.6,"Salaried","Rent","Vehicle",0
50011,17.75,347523,1.36,"345452",19.09,72.71,44.6,"Salaried","Mortgage","Vehicle",1
50013,17.75,344969,1.15,"1073248",22.67,79.28,56.5,"Salaried","Mortgage","Vehicle",0
50021,18.25,614562,1.46,"949983",39.94,130.98,62.9,"Salaried","Mortgage","Home_improvement",1
50024,17.75,608133,1.48,"2093318",24.21,85.42,49.1,"Salaried","Mortgage","Vehicle",0
50025,19.25,745283,1.35,"2140984",10.42,42.73,38.8,"Salaried","Own","Debt_consolidation",1
50026,19.25,430829,1.32,"1626311",22.14,75.59,47.4,"Salaried","Own","Debt_consolidation",0
50042,19.25,1108320,1.41,"702668",29.75,99.52,53.5,"Self-employed","Mortgage","Debt_consolidation",0
50081,18.75,125711,1.14,"84113",15.39,57.5,48.5,"Salaried","Rent","Vehicle",0
50090,22.75,963519,1.48,"3046933",26.7,92.73,50,"Contract","Own","Debt_consolidation",1
50099,16.75,195188,1.93,"160174",16.84,65.18,42.6,"Salaried","Mortgage","Home_improvement",0
50106,16.75,403044,2.04,"1440548",29.73,102.96,54.8,"Salaried","Mortgage","Home_improvement",1
50107,23.75,1355636,1.64,"1113313",31.13,109.2,57.7,"Self-employed","Rent","Other",1
50124,17.75,661815,0.97,"2175955",17.11,63.41,50.3,"Salaried","Mortgage","Vehicle",0
50127,22.25,1406445,1.57,"2610292",2.03,16.63,29.4,"Self-employed","Mortgage","Home_improvement",0
50134,19.25,462849,1.63,"1497059",29.79,101.3,64.1,"Salaried","Mortgage","Vehicle",1
50141,13.75,627893,1.45,"195283",23.67,84.18,52.4,"Salaried","Mortgage","Vehicle",0
50160,18.75,650599,1.2,"1773332",13.71,49.48,37,"Salaried","Rent","Vehicle",0
50170,20.75,273220,1.66,"370208",37.86,124.55,65.2,"Salaried","Own","Debt_consolidation",1
50185,25.25,290139,1.29,"773864",0.48,13.06,26.8,"Salaried","Rent","Other",1
50192,16.75,500289,0.73,"1095192",27.72,90.15,50.5,"Salaried","Mortgage","Home_improvement",1
50196,21.75,96010,1.05,"110154",19.96,68.42,48.6,"Salaried","Rent","Other",0
50219,18.75,516079,1.86,"1242890",19.65,69.85,45.8,"Salaried","Rent","Vehicle",0
50221,22.75,774172,1.17,"1365839",27.66,94.4,62.6,"Contract","Mortgage","Vehicle",1
50222,21.25,293522,1.37,"616935",2.34,19.58,32.5,"Salaried","Mortgage","Vehicle",0
50223,23.25,1890693,1.97,"1643815",6.58,22.69,34.4,"Self-employed","Mortgage","Debt_consolidation",1
50231,22.75,1628225,2.23,"2766644",34.07,118.05,61.1,"Self-employed","Own","Debt_consolidation",0
50237,16.75,75708,1.87,"67497",7.7,33.7,31.1,"Salaried","Mortgage","Home_improvement",0
50246,18.75,337935,1.06,"1082225",23.01,77.09,54.9,"Salaried","Rent","Vehicle",0
50249,18.75,377492,1.65,"1295637",36.48,115.36,58.8,"Salaried","Rent","Vehicle",1
50257,21.25,1010475,2.24,"2905629",15.37,53.66,45.3,"Self-employed","Own","Debt_consolidation",0
50278,18.25,254672,1.39,"105057",33.73,112.52,68.5,"Salaried","Own","Debt_consolidation",1
50283,19.25,401075,1.74,"1245786",8.95,31.94,37.3,"Salaried","Own","Debt_consolidation",0
50291,32.75,7068,0.54,"6353",8.41,36.22,31.1,"Unemployed","Rent","Home_improvement",1
50301,18.75,2814067,1.77,"1352067",6.79,34.86,35.5,"Self-employed","Mortgage","Vehicle",0
50311,21.75,1322769,1.33,"1827146",24.83,82.88,49.7,"Self-employed","Mortgage","Debt_consolidation",1
50321,20.25,511295,1.65,"1301797",23.31,84.42,54.2,"Contract","Mortgage","Home_improvement",0
50324,33.25,6531,0.34,"19180",2.68,22.15,29.5,"Unemployed","Rent","Debt_consolidation",1
50330,20.25,236542,1.39,"472548",38.21,123.44,60.9,"Salaried","Rent","Vehicle",1
50331,17.75,343833,2.23,"122729",37.94,122.19,64.2,"Salaried","Rent","Vehicle",1
50340,20.25,410786,0.78,"1481784",6.06,25.09,37.8,"Salaried","Rent","Vehicle",0
50350,17.75,465452,1.14,"933067",23.82,78.99,58.3,"Salaried","Mortgage","Vehicle",1
50351,18.75,260124,1.01,"200318",12.03,41.18,40.6,"Salaried","Rent","Vehicle",0
50355,16.75,258054,1.81,"412665",22.24,82.24,49.1,"Salaried","Mortgage","Home_improvement",0
50356,20.25,310968,1.23,"454941",38.32,127.62,70.8,"Salaried","Rent","Vehicle",0
50392,21.25,350281,1.03,"1123074",0.51,7.78,29.1,"Salaried","Mortgage","Vehicle",0
50394,18.25,448486,0.86,"1191775",34.42,109.7,60.1,"Salaried","Mortgage","Home_improvement",1
50396,14.25,393214,2.19,"261743",18.22,61.49,51.8,"Salaried","Mortgage","Home_improvement",0
50399,16.75,472361,1.66,"437193",12.23,49.91,44.6,"Salaried","Mortgage","Home_improvement",0
50402,25.25,1246915,1.81,"2518041",36.97,125.89,60.1,"Self-employed","Rent","Other",1
50415,24.75,1315192,1.95,"4277483",1.93,19.32,30.9,"Self-employed","Own","Debt_consolidation",1
50430,17.75,400674,1.73,"1409314",17.64,62.73,42.9,"Salaried","Mortgage","Vehicle",1
50443,24.75,1648888,1.68,"3833994",2.04,17.59,30.6,"Contract","Mortgage","Vehicle",1
50452,23.25,440709,0.87,"1219746",37.58,118.46,63.8,"Salaried","Rent","Other",0
50454,18.75,203945,1.5,"594595",23.57,84.51,51.7,"Salaried","Rent","Vehicle",1
50456,17.75,311932,1.54,"436369",16.63,58.6,47.1,"Salaried","Mortgage","Vehicle",0
50458,18.25,236345,1.23,"250010",34.24,108.81,68.3,"Salaried","Mortgage","Home_improvement",0
50462,18.75,1392295,2.17,"800496",14.86,54.56,47.8,"Self-employed","Own","Debt_consolidation",0
50478,22.75,479990,1.6,"1687041",2.61,18.16,25.3,"Salaried","Own","Debt_consolidation",0
50482,20.25,656896,1.51,"1898730",18.71,65.2,53.3,"Contract","Mortgage","Home_improvement",1
50491,21.25,2010308,1.64,"4092086",9.59,40.28,34.5,"Self-employed","Own","Debt_consolidation",1
50495,20.25,101785,1.14,"318075",32.1,109.68,64.2,"Salaried","Rent","Vehicle",1
50496,17.75,535134,0.47,"1795020",21.8,77.49,45.3,"Salaried","Mortgage","Vehicle",0
50498,20.25,432310,1.63,"904330",36.52,118.54,70.1,"Salaried","Rent","Vehicle",0
50505,17.75,830981,1.41,"288192",4.88,20.49,39.8,"Salaried","Rent","Vehicle",0
50514,18.75,220441,1.81,"406051",27.3,93.89,49.5,"Salaried","Rent","Vehicle",1
50531,18.75,484355,1.11,"1773884",30.4,101.68,58.2,"Salaried","Rent","Vehicle",0
50533,21.75,240697,1.86,"643417",16.34,55.52,38.8,"Salaried","Rent","Other",0
50535,35,3464,0.52,"2542",5.76,27.36,31.7,"Unemployed","Rent","Debt_consolidation",1
50537,21.75,197871,1.45,"584735",18.55,66.51,49.6,"Salaried","Rent","Other",1
50541,21.75,408135,1.76,"307236",30.32,100.13,61.6,"Contract","Mortgage","Home_improvement",1
50554,21.75,618249,1.05,"994598",18.75,66.9,45.9,"Self-employed","Mortgage","Debt_consolidation",1
50555,20.25,346506,1.64,"655416",30.82,98.77,62.4,"Salaried","Rent","Vehicle",0
50557,22.25,1049848,1.81,"2155538",35.66,118.27,60,"Contract","Rent","Vehicle",1
50579,35,4055,0.46,"10049",36.47,122.98,69.6,"Unemployed","Rent","Debt_consolidation",1
50581,20.25,649855,1.35,"1137263",6.63,31.81,33.7,"Salaried","Rent","Vehicle",0
50597,19.25,281795,1.16,"752174",33.3,109.4,62.9,"Salaried","Mortgage","Vehicle",0
50600,17.75,631678,0.98,"689056",17.48,60.67,48.2,"Salaried","Mortgage","Vehicle",0
50614,23.25,752465,1.29,"1330422",3.45,21.58,33.1,"Self-employed","Mortgage","Debt_consolidation",0
50619,16.75,495713,1.73,"753306",16.81,60.99,45.6,"Salaried","Mortgage","Home_improvement",1
50629,20.75,519202,1.49,"1396675",34,114.57,66.4,"Salaried","Own","Debt_consolidation",1
50633,25.75,230925,2.07,"174618",2.1,15.58,35.4,"Contract","Rent","Vehicle",0
50658,18.75,256450,1.02,"397808",25.38,84.26,49.6,"Salaried","Rent","Vehicle",1
50671,20.75,728076,1.99,"1918545",33.37,104.98,61.5,"Salaried","Own","Debt_consolidation",0
50672,18.75,289429,1.68,"203154",9.78,40.6,41.7,"Salaried","Rent","Vehicle",1
50680,27.25,912124,2.23,"2787734",0,11.73,32.4,"Self-employed","Rent","Other",0
50681,20.25,443402,1.49,"1522318",2.32,6.09,30.2,"Salaried","Mortgage","Home_improvement",0
50688,17.75,119703,1.51,"226710",8.32,35.75,42.8,"Salaried","Mortgage","Vehicle",0
50713,23.25,861485,2.02,"950379",28.02,92.98,50.4,"Contract","Mortgage","Debt_consolidation",1
50717,34.75,3394,0.67,"10253",17.24,66.54,39.6,"Unemployed","Mortgage","Debt_consolidation",1
50743,19.25,123099,1.41,"336441",32.27,105.45,67.1,"Salaried","Mortgage","Vehicle",1
50765,23.25,1197155,2.02,"2212305",35.7,116.14,62.5,"Self-employed","Mortgage","Debt_consolidation",1
50775,21.25,1919178,2,"5734797",5.48,31.21,35.3,"Self-employed","Mortgage","Vehicle",0
50778,18.75,362849,1.87,"1181845",22.64,75.33,54.8,"Salaried","Rent","Vehicle",0
50791,27.25,127763,1.11,"225591",1.2,17.1,34.1,"Self-employed","Rent","Other",0
50794,19.25,273959,1.17,"304497",27.44,95.11,61.3,"Salaried","Mortgage","Vehicle",1
50802,21.25,447473,1.54,"1240703",15.51,57.42,43.8,"Contract","Mortgage","Vehicle",0
50804,21.75,900154,1.37,"1503915",8.76,32.35,32.4,"Salaried","Rent","Other",1
50812,20.25,949864,1.07,"2737629",16.5,55.99,41.2,"Contract","Mortgage","Home_improvement",0
50813,19.25,316316,1.65,"549166",19.14,66.02,50.7,"Salaried","Own","Debt_consolidation",0
50818,22.25,581259,2.22,"231528",6.88,28.6,30.4,"Contract","Mortgage","Debt_consolidation",0
50819,20.25,396424,1.03,"494046",3.79,23.53,27.7,"Salaried","Rent","Vehicle",0
50821,23.75,1509023,1.73,"5607941",13.38,45.33,40.8,"Self-employed","Rent","Other",1
50824,25.25,3463680,2.21,"11668747",39.14,128.75,70.3,"Self-employed","Rent","Other",1
50829,21.75,587952,1.84,"2153247",21.12,71.82,52.9,"Self-employed","Mortgage","Debt_consolidation",1
50841,18.75,760352,1.76,"2213176",22.23,78.96,51.3,"Salaried","Rent","Vehicle",1
50847,18.75,1989062,1.77,"1503218",10.28,44.78,32.8,"Self-employed","Mortgage","Home_improvement",1
50868,19.25,490532,1.74,"1035941",13.36,54.69,43.5,"Salaried","Own","Debt_consolidation",0
50869,18.75,753197,1.67,"335649",0.84,17.52,30.1,"Salaried","Mortgage","Vehicle",1
50879,21.25,1531509,2.32,"4614545",34.89,116.48,65,"Self-employed","Mortgage","Vehicle",0
50885,23.75,2946037,1,"3165277",27.86,94.86,59.4,"Self-employed","Rent","Other",1
50913,16.75,460387,1.81,"661213",26.73,87.09,56.1,"Salaried","Mortgage","Home_improvement",1
50915,23.75,2503848,1.76,"3470502",21.1,73.41,44,"Self-employed","Rent","Other",1
50920,18.75,189778,1.26,"447250",20.09,68.38,48.2,"Salaried","Rent","Vehicle",0
50924,23.75,1730197,1.46,"2876036",20.43,70.13,43.2,"Self-employed","Rent","Other",1
50927,18.25,177588,1.45,"106349",4.11,20.54,36.7,"Salaried","Own","Debt_consolidation",0
50928,17.75,432002,1.69,"332877",32.15,109.61,57.2,"Salaried","Mortgage","Vehicle",1
50942,20.25,290389,1.72,"562671",38.18,122.72,72.9,"Salaried","Rent","Vehicle",1
50950,23.25,1910921,1.38,"7055200",33.25,108.1,67.8,"Self-employed","Mortgage","Debt_consolidation",1
50952,35,4968,0.51,"7005",34.2,111.63,67.3,"Unemployed","Rent","Debt_consolidation",1
50972,16.75,433056,0.98,"1003389",13.1,47.78,39.1,"Salaried","Mortgage","Home_improvement",0
50991,23.25,232591,1.74,"703408",16.07,58.31,38.1,"Contract","Mortgage","Debt_consolidation",0
51004,22.75,315443,1.9,"115777",28.5,96.64,55.7,"Contract","Rent","Other",1
51026,21.25,507044,1.59,"1803332",8.49,41.34,33.8,"Contract","Mortgage","Vehicle",1
51032,25.25,765284,1.8,"1083814",5.13,26.54,29.9,"Self-employed","Rent","Other",1
51055,18.25,186521,1.17,"93439",5.93,22.85,32.5,"Salaried","Own","Debt_consolidation",0
51057,22.75,2094442,1.22,"5762271",34.19,112.08,63.4,"Self-employed","Own","Debt_consolidation",0
51093,16.75,616844,1.78,"409564",19.42,65.71,47.9,"Salaried","Own","Debt_consolidation",0
51101,18.75,277615,1.61,"531004",20.29,69.77,47.8,"Salaried","Rent","Vehicle",0
51105,17.75,463467,1.15,"1714347",22.91,78.35,49.1,"Salaried","Mortgage","Vehicle",1
51107,18.25,459529,1.81,"1436295",28.56,93.81,60.4,"Salaried","Mortgage","Home_improvement",1
51147,16.75,510221,1.04,"1834559",32.49,105.22,55.5,"Salaried","Mortgage","Home_improvement",0
51163,22.25,333188,1.77,"1183957",11.25,44.5,40.3,"Contract","Rent","Vehicle",0
51184,19.25,288969,1.81,"900419",29.76,96.93,62.9,"Salaried","Mortgage","Vehicle",0
51185,21.75,155628,1.39,"587166",29.76,97.8,59.5,"Salaried","Rent","Other",0
51191,19.25,270847,1.43,"915101",15.83,57.92,50.1,"Salaried","Own","Debt_consolidation",1
51245,31.25,4647,0.54,"2072",14.88,61.33,42,"Unemployed","Rent","Vehicle",1
51246,19.25,358552,1.81,"544374",19.4,67.32,52.6,"Salaried","Own","Debt_consolidation",1
51267,18.75,245251,1.19,"432960",11.37,47.62,37.2,"Salaried","Rent","Vehicle",0
51274,17.75,178914,1.27,"677614",15.91,63.38,42.5,"Salaried","Mortgage","Vehicle",0
51301,25.25,283027,2.55,"942968",15.64,56.38,45.6,"Contract","Rent","Other",1
51304,19.25,231581,1.8,"797459",22.52,77.05,46.9,"Salaried","Own","Debt_consolidation",0
51333,16.75,151919,1.31,"519324",13.23,50.22,37.9,"Salaried","Mortgage","Home_improvement",0
51334,21.75,354013,1.69,"900314",23.09,77.52,51.5,"Salaried","Rent","Other",1
51335,16.75,354471,1.91,"591834",13.97,53.65,45,"Salaried","Mortgage","Home_improvement",0
51338,23.75,1213249,2.01,"4015857",22.77,77.29,48.6,"Self-employed","Rent","Other",1
51339,25.25,1913657,1.97,"6049335",35.27,111.8,66.4,"Self-employed","Rent","Other",1
51382,16.75,459561,1.46,"635477",17.56,61.22,45.4,"Salaried","Mortgage","Home_improvement",0
51389,21.25,690794,2.47,"975135",7.37,31.31,35.9,"Contract","Mortgage","Vehicle",0
51393,18.75,594366,1.97,"1886870",27.58,92.93,53.1,"Self-employed","Mortgage","Home_improvement",1
51416,23.25,236999,2.31,"695943",18.4,64.39,52.1,"Contract","Mortgage","Debt_consolidation",1
51419,16.75,224863,1.45,"151557",16.71,59.3,50.5,"Salaried","Mortgage","Home_improvement",0
51422,16.75,594226,1.72,"1732719",25.68,88.81,59.1,"Salaried","Mortgage","Home_improvement",1
51451,35,7088,0.68,"16872",10.93,41.38,45.8,"Unemployed","Rent","Debt_consolidation",1
51455,17.75,65334,1.67,"88115",10.84,47.1,36.6,"Salaried","Mortgage","Vehicle",1
51456,19.75,1271734,1.64,"4406433",11.16,45.01,35.3,"Self-employed","Mortgage","Vehicle",0
51460,16.25,251052,1.65,"164913",11.84,43.14,36.6,"Salaried","Rent","Vehicle",0
51467,18.75,298032,1.82,"648702",9.77,40.18,42.4,"Salaried","Rent","Vehicle",0
51500,32.25,3928,0.42,"4817",19.76,66.68,41.9,"Unemployed","Rent","Debt_consolidation",1
51508,20.25,1248091,1.45,"2417028",36.86,117.41,68.3,"Self-employed","Mortgage","Home_improvement",1
51530,21.25,3795866,2.57,"3861330",9.03,41.94,34.4,"Self-employed","Own","Debt_consolidation",1
51531,17.75,381527,1.34,"1046478",11.02,40.08,41.4,"Salaried","Mortgage","Vehicle",1
51554,18.75,194260,2.24,"326772",21.12,70,47.3,"Salaried","Rent","Vehicle",0
51561,18.75,248119,1.49,"499780",7.57,30.91,36.1,"Salaried","Rent","Vehicle",0
51562,19.75,2030211,2.03,"2051451",27.72,94.15,54.3,"Self-employed","Mortgage","Vehicle",1
51582,16.75,339152,2.19,"691636",24.4,76.8,51.7,"Salaried","Mortgage","Home_improvement",0
51583,21.75,195490,1.79,"606847",26.87,93.65,50.1,"Salaried","Rent","Other",1
51585,20.25,506068,1.7,"1810685",35.41,112.19,69.8,"Salaried","Rent","Vehicle",0
51593,20.75,290855,1.14,"130760",6.2,29.68,36.4,"Salaried","Rent","Other",0
51602,20.25,2147174,1.4,"6840244",35.24,113.01,64.3,"Self-employed","Mortgage","Home_improvement",1
51610,19.25,523533,2.25,"422687",6.53,37.94,41.5,"Salaried","Mortgage","Vehicle",0
51615,18.25,187887,2.01,"697080",38.77,124.15,66,"Salaried","Mortgage","Home_improvement",0
51630,27.25,1835598,1.56,"6041336",0.35,12.66,28.3,"Self-employed","Rent","Other",1
51644,23.75,2749706,1.8,"10229048",18.29,61.87,46.7,"Self-employed","Rent","Other",0
51650,32.25,2292,0.43,"5115",32.62,108.98,55.5,"Unemployed","Rent","Debt_consolidation",1
51658,16.75,364916,1.51,"647132",18.84,65.13,45.1,"Salaried","Mortgage","Home_improvement",1
51666,33.75,2902,0.45,"3204",4.3,21.52,34.8,"Unemployed","Rent","Debt_consolidation",0
51683,23.75,899186,1.72,"3411910",38.73,124.73,61.6,"Contract","Rent","Vehicle",1
51705,20.25,224318,1.61,"747893",39.7,122.41,63,"Salaried","Rent","Vehicle",1
51706,18.75,315708,1.41,"369582",9.32,32.18,32.7,"Salaried","Rent","Vehicle",0
51713,23.75,968904,1.66,"2939186",0.58,14.76,30.8,"Contract","Mortgage","Home_improvement",0
51715,25.25,874948,1.03,"2332808",24.37,83.77,59.2,"Contract","Rent","Other",0
51731,16.75,380552,1.44,"1295264",16.87,54.25,44.9,"Salaried","Mortgage","Home_improvement",0
51732,21.25,818361,0.78,"1658214",11.16,44.43,40,"Contract","Mortgage","Vehicle",0
51757,18.25,210412,1.2,"579978",5.07,23.59,32.1,"Salaried","Mortgage","Home_improvement",0
51762,20.75,379495,0.95,"170584",3.98,30.63,27.2,"Salaried","Rent","Other",0
51769,18.25,549067,1.62,"1657190",31.3,106.85,60.9,"Salaried","Mortgage","Home_improvement",0
51776,21.25,2146521,1.94,"4003161",16.21,57.06,38.6,"Self-employed","Own","Debt_consolidation",1
51779,19.25,713106,0.91,"1698612",20.9,73.23,54.1,"Salaried","Own","Debt_consolidation",0
51781,22.25,649158,1.54,"585283",0.5,5.54,34.2,"Salaried","Rent","Vehicle",0
51786,20.25,332498,1.4,"269056",26.08,86.93,49.9,"Contract","Mortgage","Home_improvement",0
51812,27.25,2274566,1.75,"2904046",2.95,21.51,30.6,"Self-employed","Rent","Other",1
51834,19.25,504852,1.3,"1605713",28.63,96.22,61.5,"Salaried","Mortgage","Vehicle",1
51838,18.25,405324,1.92,"1217748",39.41,130.1,64.4,"Salaried","Mortgage","Home_improvement",0
51842,18.75,139863,1.21,"110185",20.49,65.69,52,"Salaried","Rent","Vehicle",0
51849,19.25,337731,1.52,"950091",19.57,67.01,53.3,"Salaried","Own","Debt_consolidation",0
51864,17.25,2648108,1.39,"1205965",16.62,59.5,44.2,"Self-employed","Mortgage","Vehicle",1
51866,16.75,591962,1.84,"280673",29.24,99.82,54.6,"Salaried","Own","Debt_consolidation",1
51869,25.25,645576,2.32,"1173945",2.73,20.9,31.1,"Salaried","Rent","Other",1
51915,17.75,347336,1.09,"487161",14.44,47.42,37,"Salaried","Mortgage","Vehicle",0
51920,14.25,116704,1.26,"63719",13.05,49.58,38,"Salaried","Mortgage","Home_improvement",1
51931,16.75,229838,1.48,"261931",15.56,51.15,46.8,"Salaried","Mortgage","Home_improvement",1
51937,20.25,276484,1.18,"857852",37.53,121.96,66,"Salaried","Rent","Vehicle",0
51946,22.75,485215,2.1,"410958",38.56,126,62.2,"Contract","Mortgage","Vehicle",1
51948,22.75,307854,1.35,"773234",0.48,11.8,24.9,"Salaried","Mortgage","Vehicle",1
51959,17.75,202883,1.57,"266860",9.92,44.78,37.9,"Salaried","Mortgage","Vehicle",1
51967,21.75,303289,1.92,"529549",27.45,89.37,53.1,"Salaried","Rent","Other",1
51973,23.75,2598720,2.53,"8918374",16.05,56.25,48.6,"Self-employed","Rent","Other",1
51975,17.25,321288,1.86,"189758",35.76,118.91,59.8,"Self-employed","Mortgage","Vehicle",1
51981,17.75,346362,1.6,"1007705",16.64,55.96,43.3,"Salaried","Mortgage","Vehicle",0
51990,29.75,4230,0.24,"4158",13.62,53.67,37.8,"Unemployed","Rent","Debt_consolidation",1
52001,21.25,1852786,1.1,"6355663",5.32,20.91,31.9,"Self-employed","Mortgage","Vehicle",1
52011,20.25,681680,1.12,"2321178",4.54,23.03,29.1,"Salaried","Rent","Vehicle",0
52043,18.25,368956,1.62,"765748",39.16,130.13,73.2,"Salaried","Mortgage","Home_improvement",1
52049,17.75,546276,2.15,"1079465",17.62,64.97,52.2,"Salaried","Mortgage","Vehicle",1
52058,21.75,176875,1.38,"161620",23.16,80.08,57.3,"Salaried","Rent","Other",1
52059,19.25,289152,1.17,"484920",39.34,127.36,64.7,"Salaried","Mortgage","Vehicle",1
52061,30.25,7438,0.57,"3701",7.25,28.44,36.8,"Unemployed","Rent","Home_improvement",0
52063,23.25,307537,1.46,"587606",38.58,129.38,67.7,"Salaried","Rent","Other",1
52064,17.75,156082,1.53,"429758",17.77,64.16,46.5,"Salaried","Mortgage","Vehicle",0
52065,18.75,339721,1.48,"926249",19.81,68.8,51.7,"Salaried","Rent","Vehicle",1
52066,21.75,913441,2.54,"2571385",37.04,116.62,66.4,"Contract","Mortgage","Home_improvement",1
52081,18.75,857516,1.07,"2676333",28.67,94.53,57.6,"Salaried","Rent","Vehicle",1
52087,20.25,243683,2.01,"606613",36.63,116.72,64.5,"Salaried","Rent","Vehicle",1
52090,16.75,576657,1.62,"936162",19.63,66.02,53.6,"Salaried","Mortgage","Home_improvement",1
52104,21.25,1974846,1.39,"3782543",33.11,111.76,64.8,"Self-employed","Mortgage","Vehicle",1
52129,17.75,377720,1.88,"269161",25.02,77.04,47.2,"Salaried","Mortgage","Vehicle",0
52130,19.25,644353,1.56,"2428043",34.27,111.71,61.6,"Salaried","Mortgage","Vehicle",1
52140,18.75,106520,1.59,"186794",30.81,99.71,55.1,"Salaried","Rent","Vehicle",0
52146,23.25,385220,1.09,"833670",38.91,123.33,67,"Salaried","Rent","Other",1
52150,15.75,245220,1.06,"90144",39.33,128.04,67.2,"Salaried","Mortgage","Home_improvement",0
52154,19.25,108030,1.49,"303420",17.59,63.76,48.5,"Salaried","Own","Debt_consolidation",0
52157,23.25,1701336,2.68,"1924950",31.41,103.91,63.9,"Self-employed","Mortgage","Debt_consolidation",0
52180,16.75,95402,1.82,"193763",11.15,40.74,34.8,"Salaried","Mortgage","Home_improvement",1
52213,20.25,326487,1.49,"876647",31.93,104.81,63.3,"Salaried","Rent","Vehicle",0
52216,17.75,180385,1.38,"446959",15.01,55.02,43.3,"Salaried","Mortgage","Vehicle",1
52220,19.25,670088,1.42,"1291428",27.62,92.02,58.9,"Salaried","Own","Debt_consolidation",0
52229,35,8162,0.65,"8772",34.09,114.6,60.3,"Unemployed","Rent","Debt_consolidation",1
52240,18.75,1608805,1.59,"1940186",7.33,26.97,31.5,"Self-employed","Mortgage","Home_improvement",0
52246,17.75,320367,1.51,"433256",15.08,45.89,44.6,"Salaried","Mortgage","Vehicle",0
52249,20.25,732286,1.51,"2734297",35.56,116.94,64.3,"Salaried","Rent","Vehicle",1
52251,20.25,144026,1,"62413",1.56,15.84,35.6,"Salaried","Own","Debt_consolidation",0
52262,22.75,371995,1.32,"1218667",2.16,15.62,30.9,"Salaried","Own","Debt_consolidation",0
52265,22.25,562877,1.41,"1428378",19.2,65.08,51,"Contract","Rent","Vehicle",1
52266,25.25,98445,1.77,"130724",22.5,80.31,50.9,"Contract","Rent","Other",0
52290,20.75,384179,1.59,"556242",36.04,118.41,68.5,"Salaried","Own","Debt_consolidation",0
52291,23.75,2311485,1.99,"6964094",12.52,45.62,35.5,"Self-employed","Rent","Other",1
52316,34.75,4805,0.49,"3139",35.17,114.31,62.4,"Unemployed","Rent","Debt_consolidation",0
52319,15.75,94788,1.27,"43584",37.22,125.09,65.3,"Salaried","Mortgage","Home_improvement",0
52364,22.25,406034,1.6,"1012014",1.01,12.79,26.1,"Salaried","Rent","Vehicle",1
52369,17.75,319709,1.38,"590570",23.36,75.21,49.1,"Salaried","Mortgage","Vehicle",0
52372,17.75,527091,1.79,"1830792",8.49,36.48,32.8,"Salaried","Mortgage","Vehicle",0
52379,18.75,632028,1.5,"920050",8.81,37.17,32.7,"Salaried","Rent","Vehicle",0
52385,21.75,204252,1.65,"753059",32.69,104.94,57.5,"Salaried","Rent","Other",1
52388,25.25,2630536,2.28,"6392727",5.41,27.91,29.1,"Self-employed","Rent","Other",0
52391,19.75,2279012,2.25,"8193800",15.46,54.02,48.8,"Self-employed","Mortgage","Vehicle",1
52396,18.75,1636829,1.68,"3397475",30.91,100.03,57.1,"Self-employed","Mortgage","Home_improvement",1
52425,19.25,127847,1.78,"59528",20.41,69.67,42.7,"Salaried","Rent","Other",0
52432,23.25,1164393,1.2,"944156",2.75,21.13,31.4,"Self-employed","Mortgage","Vehicle",0
52435,18.75,170565,1.62,"265937",13.46,52.78,44.7,"Salaried","Rent","Vehicle",0
52436,20.75,648271,1.64,"639708",37.47,117.09,66,"Salaried","Own","Debt_consolidation",1
52450,16.75,383915,1.58,"1105121",9.09,34.56,32.9,"Salaried","Mortgage","Home_improvement",0
52512,19.25,176144,1.25,"648862",8.02,36.39,32.6,"Salaried","Own","Debt_consolidation",0
52513,20.25,180142,1.88,"228387",2.02,18.56,28,"Salaried","Mortgage","Home_improvement",0
52523,23.25,106508,1.15,"197203",31,106.39,63,"Salaried","Rent","Other",0
52524,17.75,174976,1.76,"161792",31.78,101.33,55.1,"Salaried","Mortgage","Vehicle",1
52525,19.25,383363,1.56,"1211770",36.35,112.76,64.2,"Salaried","Mortgage","Vehicle",0
52541,20.75,596185,1.47,"2239063",6.74,33.89,36,"Salaried","Own","Debt_consolidation",0
52551,17.75,81005,1.79,"175196",7.66,30.71,31.7,"Salaried","Mortgage","Vehicle",0
52559,23.25,322286,1.7,"1024139",37.78,119.1,64.6,"Salaried","Rent","Other",1
52565,26.75,1117054,1.9,"1365289",30.49,99.35,63,"Contract","Rent","Other",0
52571,35,1845,0.67,"5243",5.72,24.96,31.7,"Unemployed","Rent","Debt_consolidation",0
52575,20.25,201473,1.28,"441020",31.06,102.28,60.9,"Salaried","Rent","Vehicle",1
52582,18.25,669490,1.53,"881502",4.9,20,38.9,"Salaried","Mortgage","Home_improvement",1
52583,19.75,1365970,1.53,"2570873",29.78,103.8,56.6,"Self-employed","Mortgage","Vehicle",1
52586,16.75,182564,1.63,"201536",33.65,114.54,56.4,"Salaried","Mortgage","Home_improvement",0
52590,33.25,2419,0.48,"1131",10.59,46.95,36.7,"Unemployed","Rent","Debt_consolidation",0
52619,19.25,477505,1.53,"493366",26.04,87.6,55.2,"Salaried","Own","Debt_consolidation",0
52633,34.75,5210,0.5,"3564",16.03,56.85,41.8,"Unemployed","Mortgage","Debt_consolidation",0
52635,16.75,326633,1.81,"1105422",27.51,89.47,53.5,"Salaried","Mortgage","Home_improvement",1
52636,15.25,487844,1.39,"286525",32.95,115.39,55,"Salaried","Mortgage","Vehicle",1
52661,20.25,328936,1.15,"654775",0.85,15.33,32.1,"Salaried","Mortgage","Home_improvement",0
52681,20.25,624681,1.76,"814238",39.76,132.48,71,"Salaried","Rent","Vehicle",1
52704,21.25,2755177,2.17,"1143639",21.79,74.76,55.9,"Self-employed","Rent","Other",1
52709,29.25,4928,0.35,"17205",34.34,114.84,60.8,"Unemployed","Rent","Vehicle",1
52726,18.75,659587,2.09,"1258184",33.67,113.84,57.7,"Self-employed","Mortgage","Home_improvement",0
52728,20.25,581947,1.49,"1653482",35.45,118.63,63.4,"Salaried","Rent","Vehicle",1
52737,17.75,963265,1.47,"1431076",8.84,32.01,39.1,"Salaried","Mortgage","Vehicle",0
52743,25.25,679678,1.82,"2204470",36.52,115.65,59.8,"Contract","Rent","Other",1
52744,16.75,353067,1.11,"468118",35.38,116.31,57.9,"Salaried","Mortgage","Home_improvement",0
52745,20.75,106425,1.3,"281268",4.93,20.12,28.4,"Salaried","Own","Debt_consolidation",1
52759,16.75,591254,1.57,"1214147",34.52,109.9,57.2,"Salaried","Mortgage","Home_improvement",0
52764,24.25,362053,1.51,"1135293",0.93,14.92,24.9,"Salaried","Own","Debt_consolidation",0
52768,17.75,256207,1.66,"763776",7.74,37.53,38.7,"Salaried","Mortgage","Vehicle",0
52775,23.25,164537,1.31,"129588",39.31,126.91,70.6,"Salaried","Rent","Other",1
52779,18.75,185351,1.19,"422553",27.55,89.91,56.9,"Salaried","Rent","Vehicle",0
52783,18.75,232065,1.74,"777353",22.01,78.76,47.3,"Salaried","Rent","Vehicle",0
52786,19.25,620443,2.08,"385893",34.59,118.91,60.2,"Contract","Mortgage","Home_improvement",1
52813,19.25,414655,1.17,"731457",9.53,32.94,31.6,"Salaried","Own","Debt_consolidation",0
52816,17.75,281188,1.03,"801652",16.62,59.65,42.2,"Salaried","Mortgage","Vehicle",0
52824,19.25,150671,1.48,"110247",31.3,103.06,61.6,"Salaried","Mortgage","Vehicle",0
52834,23.25,403950,1.64,"671917",25.94,87.51,60.8,"Salaried","Rent","Other",1
52846,22.75,158107,1.78,"169090",37.12,115.85,67.1,"Contract","Mortgage","Vehicle",1
52853,35,7931,0.49,"25292",1.02,6.33,26,"Unemployed","Rent","Debt_consolidation",0
52854,18.75,913086,1.51,"2959235",20.05,72.18,54.6,"Self-employed","Mortgage","Home_improvement",1
52865,22.75,297057,1.46,"881964",1.87,18.03,24.7,"Salaried","Mortgage","Vehicle",1
52895,18.25,233636,1.66,"675530",33.66,105.68,68.3,"Salaried","Mortgage","Home_improvement",0
52917,20.25,746521,1.53,"1326808",37.12,125.73,63,"Salaried","Rent","Vehicle",1
52920,14.25,156269,1.45,"55509",7.06,33.12,40.5,"Salaried","Mortgage","Home_improvement",0
52921,20.25,415421,1.95,"1327773",38.41,124.57,67.7,"Salaried","Rent","Vehicle",0
52925,25.25,1250661,2.08,"4210501",38.27,126.38,73.1,"Self-employed","Rent","Other",0
52946,18.75,1427283,1.64,"1569543",32.74,107.48,57.2,"Self-employed","Mortgage","Home_improvement",1
52951,16.75,322629,1.54,"948471",21.88,74.48,50.8,"Salaried","Mortgage","Home_improvement",1
52959,18.75,538874,1.51,"726057",7.04,25.95,40.7,"Salaried","Rent","Vehicle",1
52971,31.25,4389,0.26,"11194",31.06,99.94,63.1,"Unemployed","Rent","Debt_consolidation",1
52973,18.25,350491,1.69,"1221519",35.75,115.03,62.2,"Salaried","Mortgage","Home_improvement",1
52991,18.25,245741,1.84,"619682",31.74,103.02,65.9,"Salaried","Mortgage","Home_improvement",1
52998,18.75,420940,1.47,"789782",34.82,114.08,59.7,"Salaried","Rent","Vehicle",1
53003,23.25,468895,1.2,"581686",13.3,54.3,38.5,"Contract","Mortgage","Debt_consolidation",0
53009,21.25,346205,1.32,"201306",38.07,120.06,70.6,"Contract","Rent","Vehicle",1
53011,17.75,309711,1.79,"1015234",28.7,91.93,54.8,"Salaried","Mortgage","Vehicle",1
53016,19.25,363801,1.52,"924897",31.99,105.23,66.3,"Salaried","Mortgage","Vehicle",1
53025,23.75,962479,1.68,"3173368",26.4,93.95,52.5,"Self-employed","Rent","Other",1
53027,20.25,608946,1.44,"573838",39.81,126.1,72,"Salaried","Rent","Vehicle",0
53042,22.75,1439392,2.13,"1769873",22.61,76.18,44.7,"Contract","Own","Debt_consolidation",0
53049,18.75,338500,1.34,"1214765",27.85,97.03,58.1,"Salaried","Rent","Vehicle",1
53050,16.75,450700,1.26,"998552",9.64,42.23,41.7,"Salaried","Mortgage","Home_improvement",0
53054,18.25,382914,1.57,"1053181",35.11,118.01,65.2,"Salaried","Mortgage","Home_improvement",1
53086,19.75,292112,1.64,"160904",2.12,18.65,27.2,"Salaried","Rent","Vehicle",0
53094,18.75,475529,1.33,"848463",16.13,63.27,42.3,"Salaried","Rent","Vehicle",1
53102,18.75,88097,0.66,"135636",10.45,37.19,33.1,"Salaried","Rent","Vehicle",1
53127,19.25,319159,1.46,"496589",7.3,25.15,33.6,"Salaried","Own","Debt_consolidation",0
53150,19.25,545641,1.36,"607513",37,119.11,64.2,"Salaried","Mortgage","Vehicle",1
53158,20.25,622890,1.65,"1891032",1.95,18.92,29.9,"Salaried","Mortgage","Home_improvement",0
53160,21.75,486437,1.68,"1271810",32.67,105.91,57.8,"Salaried","Rent","Other",1
53168,23.25,210772,2.16,"540634",33.54,114.78,65.3,"Self-employed","Mortgage","Debt_consolidation",1
53188,23.25,770356,1.76,"1751062",35.72,115.4,62.1,"Salaried","Rent","Other",1
53190,22.75,373795,1.86,"520518",0.34,12.05,24.5,"Salaried","Mortgage","Vehicle",0
53197,23.75,2853599,1.66,"2333787",25.92,91.13,53.3,"Self-employed","Rent","Other",1
53203,16.75,189558,1.31,"79114",9.17,38.86,31.9,"Salaried","Own","Debt_consolidation",0
53227,19.25,697262,1.41,"2369245",7.92,33.3,37.4,"Salaried","Own","Debt_consolidation",1
53234,25.25,866574,2.56,"1368856",34.77,117.23,68.9,"Self-employed","Rent","Other",1
53238,19.25,589872,1.66,"1900272",35.54,116.59,61,"Salaried","Mortgage","Vehicle",1
53252,35,4399,0.53,"2549",38.32,132.29,68.1,"Unemployed","Rent","Other",1
53274,21.25,1430218,0.96,"5182901",31.15,104.2,65,"Self-employed","Mortgage","Vehicle",1
53285,21.75,420547,1.27,"1173353",18.73,63.63,52.9,"Salaried","Rent","Other",1
53292,23.75,1628274,1.74,"1925791",28.79,96.68,51.6,"Self-employed","Rent","Other",1
53302,23.25,388196,1.4,"659158",39.19,126.76,65.7,"Salaried","Rent","Other",1
53307,23.25,155397,1.24,"122419",33.76,107.07,64,"Salaried","Rent","Other",1
53308,35,5082,0.51,"9959",39.07,130.21,66.2,"Unemployed","Rent","Debt_consolidation",1
53315,16.75,375667,1.68,"1194401",28.79,100.72,58,"Salaried","Mortgage","Home_improvement",0
53335,18.75,178995,1.65,"295382",9.71,45.92,38.9,"Salaried","Rent","Vehicle",0
53354,32.75,2256,0.55,"5113",25.23,85.66,60,"Unemployed","Rent","Home_improvement",0
53359,22.25,537585,1.61,"2033718",1.61,12.45,26.3,"Salaried","Rent","Vehicle",1
53372,23.25,2489167,1.18,"2938916",6.22,26.78,36.2,"Self-employed","Mortgage","Debt_consolidation",1
53373,16.75,106450,1.4,"339152",23.81,78.37,50.7,"Salaried","Mortgage","Home_improvement",1
53374,23.25,455756,1.35,"355469",38.33,129.82,65.3,"Salaried","Rent","Other",1
53379,18.75,155495,1.55,"149886",7.36,34.98,38.7,"Salaried","Rent","Vehicle",0
53381,34.75,4017,0.49,"10725",29.74,94.91,54.3,"Unemployed","Mortgage","Debt_consolidation",1
53384,22.75,552145,1.37,"443530",1.69,16.92,36.2,"Salaried","Own","Debt_consolidation",0
53411,24.75,929812,2.09,"1063105",0.7,12.27,31.3,"Contract","Mortgage","Vehicle",1
53415,18.75,381518,1.67,"1427015",9.18,36.65,34.7,"Salaried","Rent","Vehicle",0
53420,16.75,697639,0.73,"371647",38.39,126.5,73.1,"Salaried","Mortgage","Vehicle",0
53444,20.75,490465,1.6,"853519",3.14,19.73,25.8,"Salaried","Own","Debt_consolidation",0
53453,35,6997,0.49,"18028",6.59,25.89,33.7,"Unemployed","Rent","Debt_consolidation",0
53455,18.75,530922,1.73,"1543508",27.1,86.44,56,"Salaried","Rent","Vehicle",1
53461,19.25,541263,1.83,"666886",37.15,122.97,69.8,"Salaried","Mortgage","Vehicle",1
53475,18.75,568292,1.46,"359381",4.18,27.03,37.9,"Self-employed","Mortgage","Vehicle",1
53507,17.75,145725,1.59,"142026",9.22,34.57,32.9,"Salaried","Mortgage","Vehicle",0
53514,19.25,604497,1.63,"2177550",12.62,52.34,35.3,"Salaried","Own","Debt_consolidation",1
53520,19.25,92172,1.47,"229339",19.51,69.08,53.6,"Salaried","Own","Debt_consolidation",0
53529,17.75,121881,1.37,"219964",18.63,68.05,44.1,"Salaried","Mortgage","Vehicle",0
53548,17.75,499913,1.82,"1027821",26.06,88.32,58.1,"Salaried","Mortgage","Vehicle",0
53551,23.25,694185,1.81,"818932",37.15,123.41,67.7,"Salaried","Rent","Other",1
53554,22.25,235178,1.69,"603032",2.9,14.47,32.5,"Salaried","Rent","Vehicle",0
53560,23.25,785505,1.67,"1943703",5.18,24.94,37.7,"Salaried","Rent","Other",0
53563,18.75,227530,1.39,"777015",13.73,55.02,40.9,"Salaried","Rent","Vehicle",0
53577,17.25,2864952,2.67,"1164426",29.14,93.73,59.4,"Self-employed","Mortgage","Vehicle",1
53583,15.25,473668,1.64,"308055",13.15,50.9,39.4,"Salaried","Mortgage","Vehicle",0
53586,33.75,2045,0.42,"1571",5.72,23.26,31.2,"Unemployed","Rent","Debt_consolidation",1
53590,18.75,434529,1.8,"711824",23.62,75.5,48.2,"Salaried","Rent","Vehicle",1
53607,17.75,606155,1.11,"592879",12.01,47.53,46.3,"Salaried","Mortgage","Vehicle",0
53614,17.75,290750,1.61,"867227",19.81,69.63,46.3,"Salaried","Mortgage","Vehicle",0
53616,17.75,174274,1.4,"258966",18.24,61.48,42.5,"Salaried","Mortgage","Vehicle",1
53626,16.75,410481,1.51,"585074",34,116.47,59.7,"Salaried","Mortgage","Home_improvement",0
53630,18.75,126636,1.58,"456035",11.25,40.48,34.4,"Salaried","Rent","Vehicle",1
53637,19.25,537355,1.78,"1451856",5.85,28.3,40.6,"Salaried","Mortgage","Vehicle",0
53645,21.75,3222543,1.9,"9317989",16.25,63.59,46.9,"Self-employed","Mortgage","Debt_consolidation",0
53679,20.25,1022014,2.04,"881402",29.09,95.65,53.9,"Contract","Mortgage","Home_improvement",0
53684,25.25,880291,2.23,"2352972",6.08,26.61,39.4,"Self-employed","Rent","Other",0
53719,18.25,325626,1.28,"341730",36.8,121.58,64.3,"Salaried","Mortgage","Home_improvement",1
53721,20.25,482909,1.16,"1755702",33.02,107.69,64.5,"Salaried","Rent","Vehicle",1
53732,17.75,384023,1.97,"1251013",19.26,67.8,43.3,"Salaried","Mortgage","Vehicle",0
53740,19.25,257683,2.06,"286447",9.82,41.2,44.4,"Salaried","Own","Debt_consolidation",1
53741,13.75,471325,1.59,"141974",11.94,40.19,45,"Salaried","Mortgage","Vehicle",0
53742,18.75,213495,1.87,"638077",16.14,55.55,43.5,"Salaried","Rent","Vehicle",0
53756,22.75,1008863,2.22,"972251",29.11,94.29,60.3,"Self-employed","Own","Debt_consolidation",0
53761,23.75,2075552,1,"4071206",8.43,36.53,39.6,"Self-employed","Rent","Other",0
53770,16.75,551588,1.69,"661730",21.54,81.09,47.1,"Salaried","Mortgage","Home_improvement",0
53773,21.75,317972,1.02,"288138",15.5,56.93,40.8,"Salaried","Rent","Other",0
53787,21.75,560556,2.06,"1442516",11.99,47.89,40.3,"Salaried","Rent","Other",1
53789,21.75,318993,1.29,"570756",23.02,75.72,52.8,"Salaried","Rent","Other",1
53798,18.75,126316,1.32,"391029",28.84,101.54,51.9,"Salaried","Rent","Vehicle",0
53817,21.25,2922285,2.2,"8644483",27.25,93.27,52.1,"Self-employed","Own","Debt_consolidation",1
53828,21.75,284308,2.19,"715604",9.33,37.8,35.7,"Salaried","Rent","Other",0
53833,20.25,464327,1.32,"587347",6.96,33.02,34.8,"Salaried","Rent","Vehicle",0
53836,16.75,226294,1.41,"204342",20.88,74.23,54,"Salaried","Mortgage","Home_improvement",1
53837,33.75,3362,0.54,"10267",7.35,34.79,31.6,"Unemployed","Rent","Vehicle",1
53849,21.75,152313,1.61,"331737",28.29,95.56,50.9,"Salaried","Rent","Other",1
53854,23.75,533428,1.13,"1210164",32.56,106.67,57.9,"Self-employed","Rent","Other",0
53866,23.75,1304535,1.87,"3731852",15.53,56.33,37.9,"Self-employed","Rent","Other",1
53884,20.25,2293641,2.07,"2680734",4.12,23.21,34.1,"Self-employed","Mortgage","Home_improvement",1
53905,16.25,268156,1.75,"156658",11.76,47.75,38.6,"Salaried","Rent","Vehicle",0
53916,21.75,410566,1.33,"1136881",14.54,53.33,37.8,"Salaried","Rent","Other",0
53920,24.25,549634,1.39,"1925074",0.52,11.13,23,"Salaried","Own","Debt_consolidation",1
53923,17.75,470645,1.69,"1097032",11.6,35.97,40.1,"Salaried","Mortgage","Vehicle",0
53933,21.25,1246585,2.04,"382160",38.85,126.37,62.3,"Self-employed","Rent","Other",0
53951,20.25,187728,1.75,"655763",6.21,27.11,32.2,"Salaried","Rent","Vehicle",1
53956,26.75,4512,0.35,"2163",3.65,19.97,30.6,"Unemployed","Rent","Vehicle",0
53972,17.75,278516,1.13,"85436",24.59,90.32,53.4,"Salaried","Rent","Other",0
53979,22.75,1105044,1.75,"501327",36.32,114.8,68.3,"Self-employed","Rent","Other",0
53982,23.75,720671,2.09,"852664",28.16,100.71,52.9,"Self-employed","Rent","Other",1
53987,17.75,369322,1.74,"441670",33.55,109.92,57.2,"Salaried","Mortgage","Vehicle",1
53992,23.75,966670,1.31,"3320464",39.61,126.27,73.9,"Contract","Rent","Vehicle",1
54030,21.75,117041,1.72,"268831",25.15,80.32,59.2,"Salaried","Rent","Other",1
54037,22.25,556465,1.52,"1404370",0.97,17.19,29,"Salaried","Rent","Vehicle",0
54040,23.75,529307,2.37,"1341707",36.14,117.41,58.1,"Self-employed","Rent","Other",0
54046,16.75,264255,1.4,"320317",18.97,64.1,46.6,"Salaried","Mortgage","Home_improvement",0
54058,14.25,125086,1.68,"76752",28.07,97.8,55.6,"Salaried","Mortgage","Home_improvement",1
54065,33.75,3436,0.45,"5943",5.04,23.96,36.4,"Unemployed","Rent","Debt_consolidation",1
54066,21.75,402351,1.79,"537014",14.73,51.76,39.1,"Salaried","Rent","Other",0
54071,18.25,620715,0.92,"1384561",36.6,122.85,65.6,"Salaried","Mortgage","Home_improvement",0
54072,23.75,2891342,1.47,"5077444",29.07,101.35,55.9,"Self-employed","Rent","Other",1
54090,22.75,1416694,2.27,"666766",33.84,106.14,60.2,"Self-employed","Rent","Other",0
54091,22.75,305475,0.82,"248163",32.07,108.85,66.2,"Contract","Mortgage","Vehicle",1
54094,23.25,1527180,1.58,"1486239",2.21,18.86,25.1,"Self-employed","Mortgage","Vehicle",1
54098,25.25,773912,1.33,"568528",19.98,71.92,48.2,"Contract","Rent","Other",0
54112,16.75,380657,1.42,"628126",13.98,46.92,44.4,"Salaried","Mortgage","Home_improvement",0
54122,22.25,1034184,1.68,"2721404",28.07,91.56,55.2,"Contract","Rent","Vehicle",1
54142,16.75,599758,1.5,"1322561",26.54,88.89,57.1,"Salaried","Mortgage","Home_improvement",1
54144,21.25,163311,1.64,"312568",28.43,96.35,50.7,"Contract","Mortgage","Vehicle",0
54146,16.75,326902,1.3,"1209534",22.3,82.51,53.3,"Salaried","Mortgage","Home_improvement",0
54175,25.25,472962,1.23,"1047237",34.2,108.8,64.7,"Self-employed","Rent","Other",1
54183,27.25,3366057,1.84,"11052151",0.13,7.22,25.4,"Self-employed","Rent","Other",1
54192,19.25,520719,1.54,"656302",25.98,83.71,59.6,"Salaried","Own","Debt_consolidation",0
54194,15.75,370553,1.38,"246460",38.74,123.2,69.5,"Salaried","Mortgage","Home_improvement",1
54201,17.75,210915,1.73,"258258",9.96,42.84,43.8,"Salaried","Mortgage","Vehicle",1
54229,19.25,110020,1.11,"340156",37.02,122.16,67.7,"Salaried","Mortgage","Vehicle",1
54241,20.75,404262,1.44,"1247155",3.89,24.41,26,"Salaried","Own","Debt_consolidation",0
54248,21.25,2150874,1.5,"1568754",16.09,60.78,39.1,"Self-employed","Own","Debt_consolidation",0
54249,18.75,206105,1.57,"645911",14.59,52.27,46.1,"Salaried","Rent","Vehicle",0
54256,17.75,415280,1.39,"712971",21.08,75.64,46.2,"Salaried","Mortgage","Vehicle",0
54260,21.75,273471,1.03,"966468",18.41,68.53,50.7,"Salaried","Rent","Other",1
54262,19.25,499464,1.32,"1821663",31.84,111,66,"Salaried","Mortgage","Vehicle",1
54284,21.75,927841,1.77,"2993860",16.98,62.81,45.1,"Self-employed","Mortgage","Debt_consolidation",1
54299,23.75,2084135,2.35,"4059190",16.43,57.22,43,"Self-employed","Rent","Other",0
54306,20.25,258921,1.84,"590822",33.56,107.19,65.5,"Salaried","Rent","Vehicle",0
54307,27.25,1482063,1.3,"3354382",0.96,14.72,26.3,"Self-employed","Rent","Other",1
54310,18.75,906622,2.83,"1650512",24.01,80.67,49.4,"Self-employed","Mortgage","Home_improvement",1
54316,20.25,262281,1.25,"339411",1.19,13.79,27.2,"Salaried","Mortgage","Home_improvement",0
54318,19.25,281171,1.17,"850375",22.51,73.58,55.5,"Salaried","Own","Debt_consolidation",0
54324,17.75,468667,1.59,"1546185",33.96,111.38,56.6,"Salaried","Mortgage","Vehicle",0
54326,25.25,523289,1.77,"1212600",2.18,15.7,32.2,"Self-employed","Mortgage","Debt_consolidation",1
54329,33.75,6719,0.45,"24407",6.34,25.79,39.5,"Unemployed","Rent","Debt_consolidation",1
54352,22.25,354139,1.6,"1196089",1.63,18.01,36.3,"Salaried","Rent","Vehicle",1
54355,21.25,749224,2.25,"2025422",12.01,47.14,42,"Contract","Mortgage","Vehicle",1
54356,33.75,4005,0.46,"6378",24.53,86.1,49.3,"Unemployed","Rent","Vehicle",0
54359,19.75,2297314,2.05,"6051723",8.04,30.85,30.1,"Self-employed","Mortgage","Vehicle",0
54395,18.75,521372,1.49,"852845",30.91,106.31,53.8,"Salaried","Rent","Vehicle",0
54402,16.75,307249,1.55,"498334",18.11,67.01,45.8,"Salaried","Mortgage","Home_improvement",1
54423,21.25,762096,2.08,"981653",37.97,129.32,70.7,"Self-employed","Mortgage","Vehicle",0
54430,19.25,174081,1.27,"86252",35.32,116.44,59,"Salaried","Rent","Other",1
54449,18.75,328330,1.66,"779088",14.35,57.86,44.7,"Salaried","Rent","Vehicle",1
54455,24.75,369601,1.79,"264643",0.22,5.34,29.2,"Self-employed","Own","Debt_consolidation",0
54460,25.25,1338612,1.45,"1237856",33.46,111.89,64,"Self-employed","Rent","Other",1
54461,20.25,353366,1.54,"1225346",33.74,120.12,62.1,"Salaried","Rent","Vehicle",0
54476,23.75,1011159,2.29,"2184612",15.98,55.47,46.9,"Self-employed","Rent","Other",1
54477,14.25,441112,1.81,"135693",37.97,123.49,66.2,"Salaried","Mortgage","Home_improvement",1
54483,25.25,1535772,2,"2420322",34.88,112.18,60.3,"Self-employed","Rent","Other",1
54490,25.25,1891053,1.58,"5408281",34.61,110.9,63.5,"Self-employed","Rent","Other",0
54500,17.75,240928,1.52,"284521",22.79,75.73,48.5,"Salaried","Mortgage","Vehicle",0
54507,17.75,314064,1.42,"866634",36.69,110.03,58.9,"Salaried","Mortgage","Vehicle",0
54516,35,3912,0.52,"13146",8.59,35.74,42.4,"Unemployed","Rent","Other",1
54521,21.75,217591,1.09,"602983",23.58,84.06,46.2,"Salaried","Rent","Other",0
54527,21.25,1711593,1.8,"2122330",30.42,101.78,56.2,"Self-employed","Own","Debt_consolidation",1
54542,21.25,1643657,2.14,"1578089",39.81,127.24,62.4,"Self-employed","Mortgage","Vehicle",1
54552,18.75,205094,1.53,"721177",23.53,77.69,47.6,"Salaried","Rent","Vehicle",1
54558,21.25,3918309,2.1,"10695680",27.26,91.23,58.9,"Self-employed","Own","Debt_consolidation",1
54566,21.75,458664,1.87,"967344",21.85,75.12,48.6,"Salaried","Rent","Other",0
54578,21.75,194530,1.96,"709023",18.31,66.71,51.4,"Salaried","Rent","Other",1
54588,32.25,3375,0.41,"7941",29.47,98.11,53.3,"Unemployed","Rent","Debt_consolidation",0
54599,18.75,391204,1.52,"541262",12.72,48.59,36.9,"Salaried","Rent","Vehicle",0
54610,16.75,712109,1.46,"270926",39.22,126.05,61.9,"Salaried","Mortgage","Vehicle",0
54611,16.75,213355,1.87,"545317",26.51,85.71,55.1,"Salaried","Mortgage","Home_improvement",1
54619,16.75,185814,1.61,"236403",31.36,106.98,54,"Salaried","Mortgage","Home_improvement",1
54620,17.75,268836,1.55,"585419",11.43,41.3,43.8,"Salaried","Mortgage","Vehicle",0
54621,22.25,784387,2.01,"1590167",17.99,58.7,44.3,"Contract","Rent","Vehicle",1
54629,25.25,1707142,2.21,"3088544",34.44,113.53,62.6,"Self-employed","Rent","Other",1
54632,16.75,559675,1.78,"1647548",34.88,106.44,58.8,"Salaried","Mortgage","Home_improvement",0
54639,15.75,497462,1.29,"179981",26.97,88.38,61.9,"Salaried","Mortgage","Home_improvement",1
54644,16.75,472475,2.07,"703712",15.39,54.61,46.6,"Salaried","Mortgage","Home_improvement",0
54645,16.75,120016,1.32,"157382",31.8,102.32,55.1,"Salaried","Mortgage","Home_improvement",1
54646,35,5875,0.48,"14931",28.04,95.3,59.7,"Unemployed","Rent","Debt_consolidation",1
54652,20.25,343595,1.67,"449399",28.56,98.06,60.9,"Salaried","Rent","Vehicle",0
54658,18.75,1248427,1.74,"588251",25.85,87.11,52.2,"Contract","Mortgage","Vehicle",1
54662,20.25,1071351,1.58,"2308064",10.39,41.16,33.9,"Contract","Mortgage","Home_improvement",0
54670,21.25,470507,1.85,"1623678",21.87,73.56,56.5,"Contract","Mortgage","Vehicle",0
54672,31.25,3248,0.33,"8869",35.62,116.4,68.4,"Unemployed","Rent","Debt_consolidation",1
54675,17.75,362979,2.42,"279393",34.65,115.28,57.5,"Salaried","Mortgage","Vehicle",1
54689,20.25,338137,1.64,"1022834",37.38,126.62,66.6,"Salaried","Rent","Vehicle",1
54690,23.75,1130819,2.17,"4250917",17.31,66.75,40.9,"Self-employed","Rent","Other",0
54693,20.25,678324,1.68,"1988869",2.37,16.12,30,"Salaried","Mortgage","Home_improvement",1
54698,19.25,110460,1.74,"178429",18.96,71.71,44.4,"Salaried","Own","Debt_consolidation",0
54708,18.75,283209,1.38,"1005630",18.9,66.03,43.7,"Salaried","Rent","Vehicle",0
54710,32.25,2666,0.38,"4527",12.32,50.66,43,"Unemployed","Rent","Debt_consolidation",1
54711,19.75,3430040,1.66,"9915406",16.88,61.87,50,"Self-employed","Mortgage","Vehicle",1
54715,30.75,7592,0.34,"6312",16.99,57.26,40.4,"Unemployed","Rent","Other",0
54720,21.75,263801,1.78,"525255",34,110.09,58.3,"Salaried","Rent","Other",1
54722,18.75,388528,1.69,"879639",14.14,51.98,49,"Salaried","Rent","Vehicle",0
54730,16.75,194806,0.9,"122889",12.82,53.77,37.3,"Salaried","Own","Debt_consolidation",0
54741,33.25,2097,0.48,"1255",14.03,51.74,36.8,"Unemployed","Rent","Debt_consolidation",0
54759,14.75,330127,1.4,"104045",24.1,82.36,58.1,"Salaried","Rent","Vehicle",0
54764,21.75,3384125,1.61,"6034318",18.11,59.14,52.2,"Self-employed","Mortgage","Debt_consolidation",1
54768,18.25,484623,1.66,"1598552",35.96,118.63,69.7,"Salaried","Mortgage","Home_improvement",0
54794,21.25,1708049,1.45,"5812864",27.55,90.13,50.8,"Self-employed","Own","Debt_consolidation",1
54797,22.25,188559,1.97,"641303",14.56,52.38,41,"Contract","Rent","Vehicle",1
54798,35,1715,0.49,"2898",6.45,27.38,40,"Unemployed","Rent","Debt_consolidation",0
54801,16.75,702993,1.76,"1352359",8.64,38.75,40.8,"Salaried","Mortgage","Home_improvement",1
54802,25.25,4004252,1.26,"14471522",2.11,19.73,36.8,"Self-employed","Mortgage","Debt_consolidation",1
54814,22.75,599293,1.69,"1285058",24.72,89.22,58.5,"Contract","Own","Debt_consolidation",1
54827,33.25,2418,0.52,"1217",27.46,90.93,51.9,"Unemployed","Rent","Debt_consolidation",1
54829,16.75,448626,1.72,"800841",28.63,91.37,59,"Salaried","Mortgage","Home_improvement",0
54832,18.75,275817,1.18,"207149",8.8,31.97,34.2,"Salaried","Rent","Vehicle",0
54848,16.75,282042,0.94,"921917",18.51,68.36,42,"Salaried","Mortgage","Home_improvement",0
54849,20.25,495287,1.66,"1494343",39.15,128.45,62.9,"Salaried","Rent","Vehicle",1
54854,16.75,735515,2.01,"1309185",10.28,41.02,43.8,"Salaried","Mortgage","Home_improvement",0
54859,21.75,841740,1.9,"2941965",30.24,99.98,57.8,"Self-employed","Mortgage","Debt_consolidation",1
54860,15.25,541199,1.58,"205527",17.97,66.75,40.4,"Salaried","Mortgage","Vehicle",1
54866,21.25,1043731,2.25,"3433644",21.51,75.46,44.3,"Self-employed","Own","Debt_consolidation",1
54872,20.25,138832,2.24,"341035",36.44,116.43,69.1,"Salaried","Rent","Vehicle",1
54873,25.25,2922570,1.38,"9854210",5.21,28.08,31.4,"Self-employed","Rent","Other",1
54875,16.75,604077,1.31,"1284181",20.6,72.6,49.3,"Salaried","Mortgage","Home_improvement",1
54877,18.25,313466,1.52,"654138",4.66,25.47,35.8,"Salaried","Mortgage","Home_improvement",0
54883,20.25,252716,1.65,"485744",38.38,123.29,73,"Salaried","Rent","Vehicle",0
54886,16.75,305304,1.31,"893937",12.01,50.25,39.9,"Salaried","Mortgage","Home_improvement",0
54887,16.75,359534,1.35,"773617",10.58,40.15,41.1,"Salaried","Mortgage","Home_improvement",1
54905,21.75,194407,1.45,"586447",11.47,40.96,34.9,"Salaried","Rent","Other",1
54935,16.75,665091,0.7,"399534",5.6,26.3,39.8,"Salaried","Mortgage","Vehicle",0
54936,20.25,439296,2.1,"516004",32.27,107.22,65.4,"Salaried","Rent","Vehicle",1
54947,25.25,412913,2.21,"706826",36.38,124.75,65.8,"Self-employed","Rent","Other",1
54972,19.25,173911,1.85,"624676",39.43,129.37,70.3,"Salaried","Mortgage","Vehicle",1
54975,34.75,2276,0.4,"4344",34.09,108.74,68.2,"Unemployed","Rent","Other",1
54978,21.75,531649,1.58,"577757",25.76,82.15,56.7,"Salaried","Rent","Other",0
54981,22.25,358918,1.47,"814726",2.12,18.58,28.1,"Salaried","Rent","Vehicle",1
54998,18.75,364691,1.07,"915103",30.68,101.53,58.6,"Salaried","Rent","Vehicle",1
55009,16.75,255486,1.43,"532423",14.83,49.33,39,"Salaried","Mortgage","Home_improvement",1
55012,35,10638,0.54,"12044",15.1,52.01,46.3,"Unemployed","Rent","Debt_consolidation",1
55019,29.25,5398,0.45,"15798",20.09,70.01,47,"Unemployed","Rent","Home_improvement",1
55053,35,3542,0.59,"3792",9.92,39.16,34.3,"Unemployed","Rent","Debt_consolidation",1
55058,21.25,1388245,1.92,"1478862",8.6,36.73,33.6,"Self-employed","Own","Debt_consolidation",1
55061,20.75,521623,1.71,"294664",38.1,119.6,62.9,"Salaried","Rent","Other",1
55066,20.25,246614,1.55,"795638",6.08,34.42,40.8,"Salaried","Rent","Vehicle",0
55070,18.75,353921,1.19,"510413",17.88,66.78,41.5,"Salaried","Rent","Vehicle",0
55074,18.25,158865,1.24,"262946",5.38,29.23,36.4,"Salaried","Mortgage","Home_improvement",0
55083,19.25,423252,1.16,"1243495",34.47,117.26,62,"Salaried","Mortgage","Vehicle",1
55084,18.75,450959,0.92,"326284",15.43,61.37,41.8,"Salaried","Rent","Vehicle",1
55085,21.25,691552,1.87,"1108702",14.99,59.23,43.7,"Contract","Mortgage","Vehicle",0
55090,23.75,470342,2.01,"509032",5.2,26.79,33.9,"Contract","Rent","Vehicle",1
55100,17.75,602636,1.76,"411823",17.2,63.33,50.9,"Salaried","Mortgage","Vehicle",0
55101,18.25,217708,1.25,"375424",6.29,29.01,29,"Salaried","Mortgage","Home_improvement",0
55109,18.75,1249575,1.95,"2300265",26.28,92.97,51.6,"Self-employed","Mortgage","Home_improvement",1
55112,19.25,669112,1.33,"487636",24.21,82.72,58.6,"Salaried","Own","Debt_consolidation",0
55117,34.75,6801,0.49,"10708",33.87,112.3,58.6,"Unemployed","Mortgage","Debt_consolidation",1
55134,18.75,409729,1.57,"688802",20.21,70.86,52.4,"Salaried","Rent","Vehicle",0
55141,19.25,223327,1.27,"90185",18.45,64.49,44.4,"Salaried","Rent","Other",0
55143,23.75,657205,1.95,"2096799",3.98,22.55,37.1,"Contract","Rent","Vehicle",0
55151,16.75,233689,1.04,"600506",22.99,79.79,52.9,"Salaried","Mortgage","Home_improvement",0
55173,17.75,233260,1.71,"875561",16.22,60.43,38.9,"Salaried","Mortgage","Vehicle",0
55184,17.75,318024,1.59,"250411",34.35,116.75,57.2,"Salaried","Mortgage","Vehicle",0
55186,34.75,2944,0.59,"1977",16.87,57.1,43.2,"Unemployed","Mortgage","Debt_consolidation",1
55196,21.25,935552,1.86,"1424365",38.26,123.42,61.6,"Self-employed","Mortgage","Vehicle",1
55197,15.25,420841,1.63,"138424",37.43,121.19,61.9,"Salaried","Mortgage","Vehicle",0
55209,20.25,1528705,2.01,"3971768",21.22,76.52,53.9,"Contract","Mortgage","Home_improvement",0
55212,26.75,1504764,1.14,"5117432",0.87,13.37,23.6,"Self-employed","Mortgage","Debt_consolidation",0
55219,16.75,128019,1,"449875",11.37,44.7,33.8,"Salaried","Mortgage","Home_improvement",0
55234,25.25,2188659,2.02,"5023855",6.33,26.4,37.1,"Self-employed","Rent","Other",1
55249,16.75,466898,1.02,"713450",20.74,74.88,45.8,"Salaried","Mortgage","Home_improvement",0
55260,16.25,561227,1.13,"249569",11.76,49.98,36,"Salaried","Rent","Vehicle",1
55270,35,5864,0.48,"8839",1.65,19.63,32.8,"Unemployed","Rent","Other",0
55285,35,6726,0.55,"20230",36.55,122.48,70.6,"Unemployed","Rent","Debt_consolidation",1
55290,22.75,1251183,2.2,"688661",37.22,123.74,61.3,"Self-employed","Rent","Other",1
55291,18.75,311151,1.25,"227799",19.18,59.1,50.4,"Salaried","Rent","Vehicle",1
55302,28.75,3526,0.35,"6969",10.32,43.93,40.8,"Unemployed","Mortgage","Debt_consolidation",1
55331,21.25,1734280,1.97,"4774843",7.6,32.66,30.5,"Self-employed","Own","Debt_consolidation",0
55335,32.75,4107,0.57,"15383",12.33,43.82,43,"Unemployed","Rent","Home_improvement",0
55354,25.25,859666,1.5,"1144843",8.52,29.76,33.2,"Contract","Rent","Other",0
55380,23.25,484122,1.47,"948588",23.54,76.8,52.7,"Contract","Mortgage","Debt_consolidation",1
55381,25.25,3413171,1.31,"9392387",36.17,116.59,67.4,"Self-employed","Rent","Other",1
55385,16.75,298629,1.76,"174900",6.09,29.34,31.6,"Salaried","Mortgage","Vehicle",0
55396,19.25,408308,1.22,"489412",19.58,68.8,43.8,"Salaried","Own","Debt_consolidation",1
55404,21.75,434492,1.81,"1186216",9.75,34.81,33.7,"Salaried","Rent","Other",1
55408,18.25,489306,1.22,"687622",36.26,120.65,66.9,"Salaried","Mortgage","Home_improvement",0
55413,18.75,2776991,1.21,"7576047",16.6,57.42,43.7,"Self-employed","Mortgage","Home_improvement",0
55415,17.75,384325,1.45,"207527",35.45,117.01,65.5,"Salaried","Rent","Vehicle",1
55423,25.25,1730747,1.61,"2387360",35.16,109.78,60.2,"Self-employed","Rent","Other",1
55434,20.25,246435,1.44,"180710",37.63,121.78,68.1,"Salaried","Rent","Vehicle",1
55444,20.25,2119998,2.56,"6827575",35.32,118.66,63.9,"Self-employed","Mortgage","Home_improvement",1
55446,33.75,7972,0.42,"23015",38.62,123.4,72.4,"Unemployed","Rent","Debt_consolidation",1
55471,20.25,1255088,1.8,"3845412",5.63,24.64,28,"Self-employed","Mortgage","Home_improvement",0
55508,20.75,156232,2.03,"94290",5.49,27.55,31.3,"Salaried","Rent","Other",1
55510,17.75,531283,1.63,"593378",22.81,80.49,48.2,"Salaried","Mortgage","Vehicle",1
55526,20.25,221337,1.99,"827295",36.3,117.66,67,"Salaried","Rent","Vehicle",1
55532,23.25,107364,1.74,"324848",3.65,24.43,36.1,"Salaried","Rent","Other",0
55533,25.25,2867886,1.67,"9381686",5.02,27.85,28.8,"Self-employed","Rent","Other",0
55539,18.25,651375,0.98,"1705022",33.09,107.39,62.2,"Salaried","Mortgage","Home_improvement",0
55544,18.75,572051,1.54,"2031451",28.51,96.73,53.4,"Salaried","Rent","Vehicle",1
55594,19.25,396528,2.11,"847654",9.59,40.11,42.1,"Salaried","Own","Debt_consolidation",0
55622,17.75,554604,1.55,"1506617",22.19,75.26,49.9,"Salaried","Mortgage","Vehicle",0
55625,17.75,144962,1.76,"275214",12.84,48.67,45,"Salaried","Mortgage","Vehicle",0
55630,32.25,3132,0.36,"5693",32.3,106,60.7,"Unemployed","Rent","Other",0
55635,25.25,3561144,1.54,"11223073",30.71,106.19,60.8,"Self-employed","Rent","Other",1
55639,18.75,521912,1.41,"424740",8.94,43.58,35.8,"Salaried","Rent","Vehicle",0
55642,23.75,3092030,2.22,"7272554",20.65,67.68,47.1,"Self-employed","Rent","Other",0
55669,16.75,453579,1.54,"1447482",13.45,52.85,40.1,"Salaried","Mortgage","Home_improvement",1
55681,35,8017,0.48,"9141",3.41,16.44,29.2,"Unemployed","Rent","Debt_consolidation",1
55683,18.75,1362896,2.02,"4188260",17.14,61.46,41.2,"Self-employed","Mortgage","Home_improvement",1
55691,19.25,352046,1.42,"1316981",6.77,30.91,35.1,"Salaried","Mortgage","Vehicle",1
55710,18.25,225510,1.05,"352496",29.06,99.07,63.8,"Salaried","Mortgage","Home_improvement",0
55715,21.75,2492056,1.24,"2127776",30.96,100.77,58.1,"Self-employed","Mortgage","Debt_consolidation",1
55726,20.25,434135,1.1,"880715",6.3,27.13,29.5,"Salaried","Rent","Vehicle",0
55731,18.75,669859,1.55,"1917860",9.94,45.97,41,"Salaried","Rent","Vehicle",0
55737,18.75,509375,1.63,"1747933",25.95,82.39,58.8,"Salaried","Rent","Vehicle",1
55739,19.25,725699,1.27,"2208385",21.83,73.8,52.2,"Salaried","Own","Debt_consolidation",0
55747,24.75,902593,1.9,"2342076",2.74,19.73,26.3,"Contract","Mortgage","Vehicle",1
55750,23.25,593675,0.98,"2068222",5.13,24.4,32.6,"Salaried","Rent","Other",0
55757,18.75,777300,1.94,"2035722",16.99,64.14,40.6,"Salaried","Rent","Vehicle",0
55759,19.25,459300,1.15,"858227",9.11,32.62,40.8,"Salaried","Own","Debt_consolidation",0
55761,24.25,514747,2.03,"1093093",32.61,106.48,67.4,"Contract","Own","Debt_consolidation",1
55786,20.75,1769899,1.41,"871040",2.28,15.85,30.5,"Self-employed","Mortgage","Vehicle",1
55790,18.25,464800,1.67,"551311",33.75,112.3,61.8,"Salaried","Mortgage","Home_improvement",1
55795,23.25,1610097,1.24,"1541554",1.81,17.77,26.8,"Self-employed","Mortgage","Vehicle",0
55798,21.25,642451,1.21,"1349254",9.98,38.08,40.2,"Self-employed","Own","Debt_consolidation",0
55814,25.25,1968061,2.11,"1811675",37.63,123.43,69.1,"Self-employed","Rent","Other",1
55819,20.25,473034,1.97,"663319",1.98,17.67,33.2,"Salaried","Mortgage","Home_improvement",0
55825,22.25,778102,1.01,"2465256",8.4,34.18,37.3,"Contract","Rent","Vehicle",0
55830,15.25,396572,1.21,"131699",32.3,109.48,63.9,"Salaried","Mortgage","Vehicle",1
55839,20.25,504870,1.95,"1554170",36.7,120.36,65.2,"Salaried","Rent","Vehicle",1
55840,21.25,534156,1.45,"2018447",16.99,63.01,49.8,"Contract","Mortgage","Vehicle",1
55845,19.25,678736,0.84,"2156298",38.07,120.47,66.9,"Salaried","Mortgage","Vehicle",0
55850,18.25,734646,1.7,"684410",37,125.86,63.8,"Salaried","Mortgage","Home_improvement",0
55889,19.75,885288,1.56,"2097160",24.96,76.66,48.7,"Self-employed","Mortgage","Vehicle",1
55892,25.25,2218223,1.13,"5988191",29.59,95.95,62.7,"Self-employed","Rent","Other",0
55905,17.75,203691,1.78,"576667",15.23,53.01,47.1,"Salaried","Mortgage","Vehicle",0
55906,19.25,250042,1.12,"453004",26.77,94.05,54.7,"Salaried","Own","Debt_consolidation",1
55922,25.25,618811,1.54,"1420889",1.53,13.29,27.2,"Salaried","Rent","Other",0
55937,21.25,503547,1.72,"1251667",0.43,11.98,34.7,"Salaried","Mortgage","Vehicle",1
55938,34.25,5298,0.62,"3248",13.52,55.87,46.9,"Unemployed","Rent","Other",1
55943,16.75,412722,1.64,"1547527",16.14,63.96,49.2,"Salaried","Mortgage","Home_improvement",1
55945,17.75,254993,2.24,"252941",24.02,80.77,56.9,"Salaried","Mortgage","Vehicle",0
55957,19.75,834562,2.27,"1473646",32.32,112.72,54.4,"Self-employed","Mortgage","Vehicle",1
55961,21.75,798315,1.31,"869610",35.54,116.67,69.7,"Contract","Mortgage","Home_improvement",1
55963,23.25,755674,1.64,"2428378",14.87,50.94,43.4,"Contract","Mortgage","Debt_consolidation",1
55966,18.75,344807,1.4,"953515",22.03,76.51,45.1,"Salaried","Rent","Vehicle",0
55982,19.25,437482,1.17,"713894",5.98,27.1,33.8,"Salaried","Mortgage","Vehicle",0
55997,21.75,2888941,1.63,"3341024",22.27,74.94,46.1,"Self-employed","Mortgage","Debt_consolidation",1
55999,18.75,408926,1.64,"1228633",24.54,81.75,49.1,"Salaried","Rent","Vehicle",0
56007,18.75,700029,1.28,"809109",26.77,93.76,58.4,"Salaried","Rent","Vehicle",0
56008,35,3907,0.53,"3975",31.4,107.11,55.2,"Unemployed","Rent","Other",1
56011,18.75,190141,1.14,"138552",22.15,74.47,46.4,"Salaried","Rent","Vehicle",0
56015,20.25,563223,1.98,"1443528",18.84,69.6,48.7,"Contract","Mortgage","Home_improvement",1
56036,22.75,1014529,1.35,"3567587",33.98,112.97,68.5,"Contract","Mortgage","Vehicle",1
56039,18.25,232563,1.26,"577030",37.65,129.2,64.6,"Salaried","Mortgage","Home_improvement",0
56044,19.25,357197,1.2,"863626",36.38,121.24,63,"Salaried","Mortgage","Vehicle",0
56046,35,3321,0.46,"10103",38.14,122.17,66.5,"Unemployed","Rent","Other",1
56063,23.75,3210791,2.24,"3031959",23.65,81.16,54,"Self-employed","Rent","Other",1
56067,20.25,1220119,1.68,"1911881",36.9,121.67,62.3,"Self-employed","Mortgage","Home_improvement",1
56095,23.75,506933,1.46,"1039566",15.68,59.05,43.2,"Self-employed","Rent","Other",1
56107,21.75,525338,1.39,"1967651",30.2,97.36,59.8,"Salaried","Rent","Other",1
56110,22.25,264960,1.69,"550412",0.76,13.04,34.1,"Salaried","Rent","Vehicle",0
56115,20.25,356686,1.55,"398769",35.35,118.22,66.8,"Salaried","Rent","Vehicle",1
56119,20.75,100160,1.7,"296471",6.11,29.07,34.4,"Salaried","Own","Debt_consolidation",0
56125,18.75,556406,1.7,"1056192",19.73,69.38,53.6,"Salaried","Rent","Vehicle",1
56136,25.75,745329,1.1,"1326076",2.07,22.02,25.2,"Contract","Rent","Vehicle",0
56138,18.75,95260,1.39,"205266",28.6,91.13,59,"Salaried","Rent","Vehicle",1
56139,18.25,527894,1.54,"385945",37.12,123.27,63.9,"Salaried","Mortgage","Home_improvement",0
56150,20.75,169741,1.21,"195407",35.15,119.22,65,"Salaried","Own","Debt_consolidation",0
56164,16.75,385025,1.57,"928155",12.88,51.67,45.6,"Salaried","Mortgage","Home_improvement",1
56192,20.25,283622,1.99,"831070",6.58,29.94,39.4,"Salaried","Rent","Vehicle",1
56200,21.75,846973,1.47,"667782",32.22,108.09,61.5,"Contract","Mortgage","Home_improvement",1
56207,21.75,399427,1.28,"1364436",7.62,28.98,34.4,"Salaried","Rent","Other",0
56212,23.75,2041407,1.64,"4513263",10.43,42.67,34.1,"Self-employed","Rent","Other",1
56218,18.75,472459,1.31,"1337161",11.8,46.46,43.4,"Salaried","Rent","Vehicle",1
56248,22.75,535450,0.98,"2016807",2.44,16,36.3,"Salaried","Own","Debt_consolidation",1
56250,20.25,277686,1.33,"825578",1.17,12.69,35.4,"Salaried","Mortgage","Home_improvement",0
56260,23.25,228365,0.96,"699250",34.2,112.11,63.1,"Salaried","Rent","Other",1
56261,22.25,1403354,2.05,"1330270",14.65,51.84,41.7,"Contract","Rent","Vehicle",0
56267,16.75,204652,1.84,"260729",10.25,45.67,44.7,"Salaried","Mortgage","Home_improvement",1
56277,35,5492,0.59,"16985",10.63,43.5,43.9,"Unemployed","Rent","Debt_consolidation",1
56284,35,1907,0.58,"2827",14.2,55.08,43.1,"Unemployed","Rent","Other",1
56301,23.75,1893316,2.43,"6146610",14.51,52.55,40.9,"Self-employed","Rent","Other",1
56328,19.25,311643,1.49,"340158",23.37,78.35,56.2,"Salaried","Own","Debt_consolidation",0
56339,18.25,238755,1.24,"608837",32.22,109.02,65.4,"Salaried","Mortgage","Home_improvement",1
56352,19.25,297932,1.09,"138131",23.8,77.89,54,"Salaried","Rent","Other",1
56361,35,7396,0.54,"9788",36.63,120.87,63.1,"Unemployed","Rent","Other",1
56366,23.25,337700,1.44,"984398",6.79,28.12,36.5,"Salaried","Rent","Other",0
56382,20.75,215421,1.48,"770595",37.3,119.52,67.3,"Salaried","Own","Debt_consolidation",0
56397,21.75,412787,1.34,"774525",33.77,108.24,57.5,"Salaried","Rent","Other",1
56413,16.75,354386,2.6,"1184528",31.74,104.15,55.9,"Salaried","Mortgage","Home_improvement",0
56437,35,3682,0.51,"12589",7.76,37.04,39,"Unemployed","Rent","Other",0
56450,21.25,426063,1.52,"465023",0.93,8.5,25.6,"Salaried","Mortgage","Vehicle",0
56473,16.75,101623,1.53,"137352",15.7,56.12,42.8,"Salaried","Mortgage","Home_improvement",1
56474,23.25,320962,1.35,"1028281",39.74,130.02,67.4,"Salaried","Rent","Other",1
56476,18.25,120045,1.19,"86534",38.56,122.2,73,"Salaried","Mortgage","Home_improvement",1
56497,21.25,997068,1.52,"3641560",15.03,52.36,38.9,"Contract","Mortgage","Vehicle",1
56540,23.75,328710,1.87,"300549",28.04,94.53,61.6,"Contract","Rent","Vehicle",1
56549,16.75,483150,1.53,"1581779",29.78,99.98,52.4,"Salaried","Mortgage","Home_improvement",1
56552,32.25,3096,0.45,"5895",29.71,95.17,57.1,"Unemployed","Rent","Debt_consolidation",1
56560,21.25,2530631,1.57,"2854671",3.83,17.07,35.6,"Self-employed","Mortgage","Vehicle",1
56561,22.25,259574,1.62,"783816",1.08,15.48,30.6,"Salaried","Rent","Vehicle",0
56577,19.25,196527,1.26,"429467",3.88,21.07,26.5,"Salaried","Mortgage","Vehicle",0
56580,21.25,601987,1.76,"1934625",21.8,78.53,51.3,"Contract","Mortgage","Vehicle",1
56585,16.25,314853,1.99,"205007",28.65,97.09,51.6,"Salaried","Rent","Vehicle",0
56615,32.25,4226,0.44,"7500",17.14,62.34,45.6,"Unemployed","Rent","Debt_consolidation",0
56633,19.75,516115,1.83,"352285",25.69,84.19,50,"Self-employed","Mortgage","Vehicle",1
56640,17.75,175519,1.35,"302784",21.8,68.84,50.6,"Salaried","Mortgage","Vehicle",0
56661,35,5569,0.65,"12532",14.43,55.93,41.9,"Unemployed","Rent","Debt_consolidation",1
56663,25.25,206736,1.51,"381773",1.14,13.47,26,"Salaried","Rent","Other",0
56672,16.75,210405,1.31,"271641",25.42,87.01,52.3,"Salaried","Mortgage","Home_improvement",0
56685,16.75,463715,1.25,"554421",22.91,84.2,56.2,"Salaried","Mortgage","Home_improvement",0
56695,19.75,1703591,2.4,"2951946",20.39,66.14,49.9,"Self-employed","Mortgage","Vehicle",1
56703,18.75,176668,1.64,"472381",28.87,98.11,59.1,"Salaried","Rent","Vehicle",1
56707,17.75,243327,0.83,"815572",11.76,46.7,40.5,"Salaried","Mortgage","Vehicle",0
56749,21.25,520062,1.91,"1607946",2.48,17.38,35.5,"Salaried","Mortgage","Vehicle",1
56754,34.75,2828,0.57,"1117",37.61,125.61,62.4,"Unemployed","Rent","Debt_consolidation",1
56760,24.75,1110834,1.9,"2565986",3.23,21.15,36.8,"Contract","Mortgage","Debt_consolidation",1
56763,20.75,187628,0.96,"637117",31.55,104.96,65.6,"Salaried","Own","Debt_consolidation",0
56773,20.75,232960,1.32,"189337",5.45,23.99,35.5,"Salaried","Own","Debt_consolidation",1
56778,19.25,666532,1.44,"1169870",12.74,45.37,46.8,"Salaried","Own","Debt_consolidation",1
56792,17.75,183379,1.28,"589964",15.17,54.72,42,"Salaried","Mortgage","Vehicle",1
56793,18.25,412469,1.84,"502033",32.56,108.57,60.1,"Salaried","Mortgage","Home_improvement",1
56795,35,3420,0.47,"7184",0.67,9.84,29.4,"Unemployed","Rent","Debt_consolidation",1
56811,16.75,265143,1.4,"435338",29.45,98.77,58.3,"Salaried","Mortgage","Home_improvement",1
56813,25.25,1581224,1.59,"2073848",37.39,118.09,68,"Self-employed","Rent","Other",1
56821,20.75,196989,1.77,"274469",34.27,108.77,66.4,"Salaried","Own","Debt_consolidation",1
56858,17.75,269919,1.56,"708061",24.63,86.43,54.3,"Salaried","Mortgage","Vehicle",1
56868,21.25,2916809,1.55,"1188974",15.25,58.28,43.8,"Self-employed","Rent","Other",0
56870,19.75,467418,1.44,"242452",2.37,17.18,29.1,"Salaried","Rent","Vehicle",1
56874,21.75,659145,1.63,"2282451",11.7,49.76,41.9,"Salaried","Rent","Other",0
56893,17.75,605204,1.06,"1153410",10.26,42.31,38.7,"Salaried","Mortgage","Vehicle",1
56895,35,3966,0.62,"10176",6.62,32.88,29.5,"Unemployed","Rent","Debt_consolidation",1
56897,20.75,474124,1.29,"422616",27.6,93.24,62.2,"Salaried","Own","Debt_consolidation",0
56904,16.75,476017,1.99,"349124",11.45,46.32,37.2,"Salaried","Mortgage","Home_improvement",1
56906,18.75,393915,1.16,"582849",14.17,56.55,44.6,"Salaried","Rent","Vehicle",0
56908,17.75,200436,1.38,"148171",33.43,108.42,59.2,"Salaried","Mortgage","Vehicle",1
56910,21.25,1007754,1.91,"3338546",35.46,115.94,59.2,"Contract","Mortgage","Vehicle",1
56912,35,6489,0.43,"5846",1.9,14.44,28.6,"Unemployed","Rent","Debt_consolidation",0
56917,25.25,767629,2.04,"978249",39.81,128.26,72,"Self-employed","Rent","Other",1
56945,35,4792,0.6,"4648",22.16,78.98,47.2,"Unemployed","Rent","Debt_consolidation",1
56957,23.25,3702219,2.45,"5438278",0.56,14.79,32.9,"Self-employed","Mortgage","Vehicle",1
56967,34.75,3167,0.46,"9307",15.88,57.88,45.1,"Unemployed","Mortgage","Debt_consolidation",0
57004,21.25,1151706,2.3,"1567644",28.5,97.34,62.3,"Self-employed","Mortgage","Vehicle",0
57013,23.75,2197242,2.57,"3274587",32.95,114.96,58,"Self-employed","Rent","Other",1
57028,19.25,337465,1.36,"207923",2.69,19.34,24.8,"Salaried","Mortgage","Home_improvement",0
57061,20.75,361144,1.39,"934839",6.73,31.94,38.4,"Salaried","Own","Debt_consolidation",0
57067,18.75,294929,1.54,"477238",29.33,102.53,58.2,"Salaried","Rent","Vehicle",1
57081,19.25,342360,1.27,"1228981",13.92,54.05,44,"Salaried","Own","Debt_consolidation",0
57087,16.25,194308,1.96,"106719",7.57,32.42,32.6,"Salaried","Rent","Vehicle",0
57098,20.25,519069,1.52,"1799767",38.99,131.79,69.9,"Salaried","Rent","Vehicle",1
57109,20.75,183368,1.41,"417489",6.75,30.43,39.7,"Salaried","Own","Debt_consolidation",1
57119,16.75,626801,1.32,"1168159",22.56,81.35,55.5,"Salaried","Mortgage","Home_improvement",1
57143,21.75,152772,1.6,"381881",26.43,90.96,51.8,"Salaried","Rent","Other",0
57157,17.75,181661,1.22,"142599",24.95,79.78,57,"Salaried","Mortgage","Vehicle",0
57169,17.75,351657,0.8,"1313751",28.53,98.84,56,"Salaried","Mortgage","Vehicle",0
57175,18.25,380201,1.68,"369216",37.98,124.68,65.8,"Salaried","Mortgage","Home_improvement",0
57178,21.75,169220,1.99,"273818",11.19,42.18,41.6,"Salaried","Rent","Other",1
57188,18.75,163674,1.46,"596267",10.72,38.17,37.7,"Salaried","Rent","Vehicle",0
57192,16.75,365781,1.33,"891346",19.13,67.23,49,"Salaried","Mortgage","Home_improvement",1
57201,17.75,1099327,1.96,"343195",8.94,40.74,34.7,"Self-employed","Mortgage","Debt_consolidation",0
57206,20.25,585515,1.39,"380582",30.77,104.38,53.1,"Contract","Own","Debt_consolidation",0
57209,18.75,601859,1.91,"2236274",19.87,71.79,44.9,"Salaried","Rent","Vehicle",0
57220,20.25,278933,1.55,"673584",34.02,112.72,61.7,"Salaried","Rent","Vehicle",1
57228,21.25,1201331,1.49,"3510163",33.54,109.72,66.5,"Self-employed","Mortgage","Vehicle",1
57240,16.75,128235,1.55,"66791",3.46,18.58,27.3,"Salaried","Mortgage","Vehicle",0
57253,22.25,369751,2.45,"377156",15.97,57.34,45,"Contract","Rent","Vehicle",1
57262,35,4607,0.52,"11744",30.53,99.44,64.6,"Unemployed","Rent","Debt_consolidation",1
57279,18.75,317937,1.4,"520393",28.74,96.78,53.6,"Salaried","Rent","Vehicle",1
57289,21.75,252998,1.51,"443476",34.89,111.39,58.9,"Self-employed","Mortgage","Debt_consolidation",1
57295,17.25,921631,1.3,"499701",19.5,68.12,42.4,"Self-employed","Mortgage","Vehicle",1
57309,17.75,592534,1.4,"994554",7.33,32.37,35.2,"Salaried","Mortgage","Vehicle",0
57315,16.75,212282,1.26,"233757",17.13,61.33,41.5,"Salaried","Mortgage","Home_improvement",0
57317,19.25,150859,1.03,"479686",31.45,101.93,64.3,"Salaried","Mortgage","Vehicle",0
57318,23.75,1524312,2.54,"3623340",24.66,82.32,58.2,"Self-employed","Rent","Other",1
57334,25.25,2718575,1.84,"2952407*.",34.75,107.35,66.4,"Self-employed","Rent","Other",1
57336,25.25,997396,0.98,"1133315",16.71,59.56,49.4,"Contract","Rent","Other",1
57337,19.25,260994,0.83,"492199",11.52,46.68,41.7,"Salaried","Own","Debt_consolidation",0
57372,25.25,471447,1.52,"1392329",0.55,12.72,31.7,"Salaried","Rent","Other",0
57391,21.25,3137678,1.28,"3208965",14.41,54.89,46.6,"Self-employed","Own","Debt_consolidation",0
57392,17.75,157506,1.49,"158583",10.63,42.54,44.3,"Salaried","Mortgage","Vehicle",0
57397,18.75,194844,1.93,"155074",31.55,102.05,55.1,"Salaried","Rent","Vehicle",1
57410,19.25,300785,1.74,"435760",24.14,86.25,57.1,"Salaried","Own","Debt_consolidation",1
57438,20.25,705436,1.63,"1163031",3.39,24.51,26.3,"Salaried","Rent","Vehicle",0
57439,18.75,457501,1.36,"887210",32.19,104.85,54.8,"Salaried","Rent","Vehicle",1
57451,22.25,210578,1.43,"494477",15.39,57.02,50,"Contract","Rent","Vehicle",0
57452,25.25,1537197,1.19,"2910955",6.45,26.3,36.6,"Self-employed","Rent","Other",0
57455,16.75,172441,1.89,"599157",28.5,95.74,53.4,"Salaried","Mortgage","Home_improvement",1
57470,21.25,3328521,2.28,"11578778",12.06,49.87,46.5,"Self-employed","Own","Debt_consolidation",0
57473,22.75,489879,1.38,"1585865",0.39,7.09,24.9,"Salaried","Mortgage","Vehicle",0
57476,20.25,171980,1.4,"648350",3.75,25.19,38.3,"Salaried","Rent","Vehicle",1
57491,32.25,1597,0.38,"4753",29.71,96.17,58.5,"Unemployed","Rent","Debt_consolidation",1
57496,18.75,431544,2.04,"1474221",24.72,87.54,54.5,"Salaried","Rent","Vehicle",0
57509,19.25,225748,1.72,"797565",3.6,20.67,31.1,"Salaried","Mortgage","Vehicle",0
57511,18.75,240566,1.19,"677508",7.69,36.94,33.5,"Salaried","Rent","Vehicle",0
57520,18.75,161799,1.6,"183992",25.86,89.18,54.6,"Salaried","Rent","Vehicle",1
57530,23.25,738999,1.4,"2158931",17.07,62.15,51.3,"Contract","Mortgage","Debt_consolidation",1
57532,16.75,515553,1.85,"661104",25.16,81.43,52.7,"Salaried","Mortgage","Home_improvement",1
57533,18.75,265800,2.08,"481813",18.08,66.93,41.3,"Salaried","Rent","Vehicle",0
57534,16.75,304429,1.07,"234950",32.12,104.76,56.9,"Salaried","Mortgage","Home_improvement",0
57541,19.25,520362,1.97,"1335128",3.9,19.37,27.9,"Salaried","Mortgage","Vehicle",1
57543,25.25,1699000,1.79,"1666489",3.16,18.35,32,"Self-employed","Rent","Other",0
57544,20.75,80626,1.2,"289102",34.37,109.94,65.9,"Salaried","Own","Debt_consolidation",1
57555,23.75,643572,1.58,"1779455",5.63,30.07,40.4,"Contract","Rent","Vehicle",1
57583,19.75,1283159,1.56,"3832832",17.42,57.18,47.5,"Self-employed","Mortgage","Vehicle",1
57600,34.75,3861,0.62,"12198",11.67,44.62,45.3,"Unemployed","Mortgage","Debt_consolidation",1
57602,17.75,248975,1.51,"882075",7.66,32.44,39.1,"Salaried","Mortgage","Vehicle",0
57616,24.75,688987,2.01,"1311239",38.36,130.38,72.8,"Contract","Mortgage","Debt_consolidation",1
57658,19.25,405441,1.45,"332608",4.1,18.81,38.5,"Salaried","Mortgage","Vehicle",0
57659,32.25,3931,0.51,"2007",25.46,86.8,50.2,"Unemployed","Mortgage","Debt_consolidation",0
57666,20.25,137283,2.04,"488826",0.87,11.91,35.8,"Salaried","Mortgage","Home_improvement",0
57668,21.75,320612,1.68,"807374",13.18,46.97,36.5,"Self-employed","Mortgage","Debt_consolidation",1
57681,17.75,295147,1.15,"878304",7.3,31.2,34.8,"Salaried","Mortgage","Vehicle",0
57693,35,2464,0.55,"3560",33.75,103.94,59.6,"Unemployed","Rent","Debt_consolidation",1
57719,25.25,1349423,2.49,"2348726",1.01,16.2,25.9,"Self-employed","Mortgage","Debt_consolidation",0
57734,25.25,2258058,2.14,"2345780",5.75,30.08,39.8,"Self-employed","Rent","Other",1
57741,21.75,3038591,1.56,"5987209",9.54,42.86,36.2,"Self-employed","Mortgage","Debt_consolidation",1
57750,20.25,678129,1.47,"1029381",37.7,121.64,70,"Salaried","Rent","Vehicle",0
57753,19.25,172919,1.49,"550381",14.22,55.76,39.3,"Salaried","Own","Debt_consolidation",0
57760,34.75,1031,0.52,"578",5.23,29.49,31.3,"Unemployed","Rent","Debt_consolidation",1
57775,23.25,477735,1.1,"475607",31.73,106.87,64.9,"Salaried","Rent","Other",0
57795,22.75,136124,1.44,"349723",2.69,14.86,36.6,"Salaried","Own","Debt_consolidation",0
57798,18.75,467786,1.38,"-1468937",8.69,38.76,35.3,"Salaried","Rent","Vehicle",0
57816,18.25,310891,1.51,"1061017",39.14,129.83,62,"Salaried","Mortgage","Home_improvement",1
57818,18.75,401225,1.42,"653120",11.44,46.54,36.7,"Salaried","Rent","Vehicle",0
57821,21.75,453423,1.22,"832359",15.27,61.41,39.3,"Salaried","Rent","Other",1
57834,20.75,333457,1.26,"615660",34.33,110.06,60.3,"Salaried","Own","Debt_consolidation",0
57838,18.25,525994,1.45,"502899",5.24,27.36,30.9,"Salaried","Mortgage","Home_improvement",0
57839,17.75,335735,1.32,"743679",16.35,61.77,46.9,"Salaried","Mortgage","Vehicle",1
57841,21.75,2016106,1.54,"4942649",9.91,42.05,34.4,"Self-employed","Mortgage","Debt_consolidation",0
57845,14.25,86441,1.28,"40224",16.79,60.3,39,"Salaried","Mortgage","Home_improvement",0
57851,23.75,674064,0.99,"864026",8.67,39.87,41.2,"Self-employed","Rent","Other",1
57879,21.25,2013738,1.33,"2341491",31.35,106.26,57.8,"Self-employed","Own","Debt_consolidation",1
57897,23.75,912106,1.84,"613323",29.5,97.47,56.8,"Self-employed","Rent","Other",1
57911,34.25,5457,0.57,"1827",19.85,68.43,50.7,"Unemployed","Rent","Other",1
57915,21.25,1156808,1.76,"3275549",4.88,22.6,32.8,"Self-employed","Mortgage","Vehicle",1
57920,19.25,265106,1.4,"540231",8.77,36.87,31.8,"Salaried","Own","Debt_consolidation",0
57923,29.75,2429,0.36,"3572",22.11,78.98,56.7,"Unemployed","Rent","Debt_consolidation",1
57926,22.25,285823,1.13,"804921",0.12,10.84,30.6,"Salaried","Rent","Vehicle",0
57929,23.75,2322592,1.8,"3218866",15.17,61.1,41.1,"Self-employed","Rent","Other",1
57931,18.75,688111,1.98,"2365659",32.62,109.91,55.3,"Self-employed","Mortgage","Home_improvement",0
57938,25.25,615280,1.68,"2166745",18.04,67.24,48.2,"Contract","Rent","Other",0
57940,17.75,466993,1.61,"1577831",7.63,32.22,34.2,"Salaried","Mortgage","Vehicle",0
57948,23.75,2805906,1.82,"2424130",11.33,40.56,37.9,"Self-employed","Rent","Other",1
57954,21.75,1811439,1.37,"5919216",14.35,50.32,41.7,"Self-employed","Mortgage","Debt_consolidation",1
57956,18.75,628905,1.52,"1645219",18.56,64.35,49,"Salaried","Rent","Vehicle",0
57959,23.25,1412655,1.53,"4687997",32.58,108.01,60.3,"Self-employed","Mortgage","Debt_consolidation",0
57962,16.75,270929,1.94,"465052",12.71,50.18,43.3,"Salaried","Mortgage","Home_improvement",0
57989,18.75,570890,1.58,"1460238",27.23,92.87,52.9,"Salaried","Rent","Vehicle",0
57990,19.25,230432,1.51,"598154",17.09,59.52,42.4,"Salaried","Own","Debt_consolidation",0
57997,18.75,376165,1.16,"392563",21.01,75.98,48.2,"Salaried","Rent","Vehicle",0
57998,17.75,159338,1.48,"169513",21.38,75.44,51.3,"Salaried","Mortgage","Vehicle",0
58009,21.25,1317125,2.31,"4253761",6.72,35,33.4,"Self-employed","Mortgage","Vehicle",0
58022,20.75,152521,1.19,"123989",28.56,95.68,60.6,"Salaried","Own","Debt_consolidation",0
58023,17.75,242607,1.34,"446851",17.15,59.54,46.7,"Salaried","Mortgage","Vehicle",0
58066,16.75,164772,2.18,"331448",24.89,84.44,50.6,"Salaried","Mortgage","Home_improvement",0
58070,18.25,343362,1.82,"403154",37.71,120,66.2,"Salaried","Mortgage","Home_improvement",1
58075,18.75,2972001,1.02,"4353078",28.16,95.27,58.9,"Self-employed","Mortgage","Home_improvement",0
58083,17.75,279190,1.68,"131941",32.59,101.36,64,"Salaried","Rent","Vehicle",0
58085,23.25,436449,1.96,"1157381",6.01,29.5,33.5,"Salaried","Rent","Other",1
58091,18.75,112870,0.86,"371368",11.9,48.63,34.3,"Salaried","Rent","Vehicle",0
58102,35,1620,0.61,"6020",17.78,65.43,41.2,"Unemployed","Rent","Debt_consolidation",1
58112,16.75,269330,1.66,"783952",7.43,33.06,33.4,"Salaried","Mortgage","Home_improvement",1
58113,29.25,3244,0.43,"6197",17.74,69.09,41.8,"Unemployed","Rent","Home_improvement",1
58116,18.25,397962,1.19,"710564",37.48,123.99,69.7,"Salaried","Mortgage","Home_improvement",1
58122,21.75,1152643,2.62,"3310237",27.99,93.85,59.7,"Self-employed","Mortgage","Debt_consolidation",1
58134,19.25,391490,0.81,"257400",21.61,77.62,48.8,"Salaried","Rent","Other",1
58138,22.75,1086656,1.98,"1591449",31.18,108.46,55.4,"Contract","Own","Debt_consolidation",1
58166,35,3014,0.51,"5100",17.4,59.89,41.7,"Unemployed","Rent","Debt_consolidation",1
58172,20.25,573676,1.43,"1120833",37.45,121.19,65.3,"Salaried","Rent","Vehicle",0
58175,20.25,162726,1.2,"480118",35.36,117.23,69.9,"Salaried","Rent","Vehicle",1
58216,18.75,586459,1.34,"1844910",13.51,53.06,36.8,"Salaried","Rent","Vehicle",1
58217,18.75,626280,1.88,"1767158",16.3,58.85,48.8,"Self-employed","Mortgage","Home_improvement",1
58227,17.75,410237,1.32,"589609",8.58,34.51,43.4,"Salaried","Mortgage","Vehicle",0
58228,21.75,686514,2.19,"1988176",18.54,64.16,51.8,"Salaried","Rent","Other",0
58231,19.75,1162987,1.56,"1748003",16.21,53.44,50.6,"Self-employed","Mortgage","Vehicle",0
58238,21.75,2357264,2.25,"1703683",25.75,85.99,52.5,"Self-employed","Mortgage","Debt_consolidation",1
58247,18.25,272067,2.06,"195919",6.16,28.22,34,"Salaried","Mortgage","Home_improvement",1
58249,23.75,1394594,1.81,"3246454",19.91,68.82,46.4,"Self-employed","Rent","Other",0
58259,19.25,72919,2.23,"180503",33.63,113,58,"Salaried","Own","Debt_consolidation",1
58262,20.25,565256,1.46,"436012",37.73,122.06,70.2,"Salaried","Rent","Vehicle",0
58265,23.25,431893,1.82,"1301514",30.78,104.47,62.3,"Salaried","Rent","Other",1
58286,17.75,267189,2.09,"990659",15.87,59.9,48.1,"Salaried","Mortgage","Vehicle",1
58288,18.75,357903,1.27,"1131126",14.99,55.72,37.4,"Salaried","Rent","Vehicle",0
58306,23.75,2496210,2.68,"2478263",31.89,101.37,57.1,"Self-employed","Rent","Other",1
58313,23.75,1188543,1.48,"4098370",13.74,50.96,38.1,"Self-employed","Rent","Other",1
58315,34.75,5120,0.52,"17890",25.92,89.19,52.7,"Unemployed","Mortgage","Debt_consolidation",1
58316,16.25,155757,0.58,"91764",24.34,78.9,58.5,"Salaried","Rent","Vehicle",0
58326,22.75,407875,2.29,"13177940000000",23.62,81.04,50.5,"Contract","Own","Debt_consolidation",1
58327,16.25,763552,1.33,"257574",31.45,106.21,53.8,"Self-employed","Mortgage","Home_improvement",1
58337,16.75,427162,1.44,"274970",29.11,94.7,64.1,"Salaried","Mortgage","Vehicle",0
58340,17.75,138850,1.39,"285864",26.76,92.01,54.6,"Salaried","Mortgage","Vehicle",1
58372,16.75,347659,1.71,"1040845",25.06,82.77,47.9,"Salaried","Mortgage","Home_improvement",1
58376,19.75,1889795,2.44,"2188834",28.18,96.18,53.7,"Self-employed","Mortgage","Vehicle",1
58377,17.75,283618,1.33,"781447",13.9,54.29,43.8,"Salaried","Mortgage","Vehicle",0
58394,14.25,729170,1.28,"391273",8.81,33.79,38.4,"Salaried","Mortgage","Home_improvement",1
58401,17.75,466000,1.9,"486837",20.68,74.29,45.9,"Salaried","Mortgage","Vehicle",1
58407,21.25,1040220,1.55,"2110919",16.69,55.99,43,"Contract","Mortgage","Vehicle",1
58414,20.25,306093,1.16,"613716",29.02,97.44,60.9,"Salaried","Rent","Vehicle",1
58435,19.75,2715725,2.04,"2015626",22.27,77.38,50.5,"Self-employed","Mortgage","Vehicle",1
58445,23.75,1578237,1.47,"4028053",13.39,51.29,38.2,"Self-employed","Rent","Other",1
58449,31.25,6260,0.41,"16041",23.32,78.88,56.3,"Unemployed","Mortgage","Debt_consolidation",0
58464,17.75,498120,1.5,"1178096",18.55,64.12,52.7,"Salaried","Mortgage","Vehicle",0
58465,16.75,110541,1.13,"275965",23.63,82.7,47.4,"Salaried","Mortgage","Home_improvement",1
58468,23.75,496305,1.42,"1453311",9.48,37.34,41.8,"Self-employed","Rent","Other",0
58475,20.25,190067,2.17,"469694",35.86,124.26,67.4,"Salaried","Rent","Vehicle",1
58478,23.25,251791,0.88,"728419",6,31.38,30.9,"Salaried","Rent","Other",0
58488,26.75,402629,1.58,"840935",1.8,19.64,30.3,"Contract","Mortgage","Debt_consolidation",0
58496,20.25,878966,2.1,"3284623",16.01,54.6,48.9,"Contract","Mortgage","Home_improvement",0
58503,35,5727,0.39,"18560",2.08,11.55,34.8,"Unemployed","Rent","Debt_consolidation",1
58515,20.25,440884,1.87,"555343",6.08,29.13,35.4,"Salaried","Rent","Vehicle",1
58526,34.75,1234,0.49,"595",35.17,113.37,63.8,"Unemployed","Rent","Debt_consolidation",1
58531,16.75,158786,2.03,"292792",34.59,113.93,57.6,"Salaried","Mortgage","Home_improvement",1
58535,21.25,1243079,1.79,"4185916",25.37,84.78,50.5,"Self-employed","Own","Debt_consolidation",0
58538,18.75,220115,1.72,"391007",14.45,46.98,39.7,"Salaried","Rent","Vehicle",0
58550,16.75,259390,1.82,"358531",9.77,41.72,42.2,"Salaried","Mortgage","Home_improvement",1
58555,19.75,724884,1.8,"424379",2.26,9.04,33.5,"Salaried","Rent","Vehicle",0
58560,19.25,148676,1.53,"195931",33.91,110.16,67.9,"Salaried","Mortgage","Vehicle",1
58569,16.75,201483,1.86,"301042",26.18,86.58,57.9,"Salaried","Mortgage","Home_improvement",0
58573,19.75,2401034,1.36,"6570784",37.58,119.49,59.7,"Self-employed","Mortgage","Vehicle",0
58577,23.75,1735703,2.21,"4858729",23.75,79.87,56.9,"Self-employed","Rent","Other",0
58579,25.25,1337586,1.61,"4587827",11.95,49.61,35.2,"Contract","Rent","Other",1
58580,18.75,2911598,1.64,"8989358",14.97,55.26,50,"Self-employed","Mortgage","Home_improvement",0
58586,25.25,1964002,1.86,"2835839",3.84,17.57,30.6,"Self-employed","Rent","Other",1
58594,16.75,786405,1.67,"907301",24.6,87.51,54.5,"Salaried","Mortgage","Home_improvement",0
58603,20.25,302105,1.77,"573652",33.85,113.4,64.1,"Salaried","Rent","Vehicle",1
58604,16.75,329534,1.51,"683263",11.26,39.87,39.6,"Salaried","Mortgage","Home_improvement",1
58610,19.75,2064865,1.9,"4369730",22.8,81.85,55.3,"Self-employed","Mortgage","Vehicle",1
58628,35,7961,0.57,"21919",36.32,122.16,66.8,"Unemployed","Rent","Debt_consolidation",1
58636,16.75,326787,1.97,"175459",15.68,54.72,48.5,"Salaried","Own","Debt_consolidation",0
58637,18.75,179095,1.3,"378606",29.73,97.57,57.4,"Salaried","Rent","Vehicle",0
58641,17.75,189083,1.79,"134931",22.72,70.18,46.1,"Salaried","Mortgage","Vehicle",0
58645,16.75,320850,1.43,"994111",15.48,59.4,49.5,"Salaried","Mortgage","Home_improvement",0
58653,19.25,549574,1.7,"681196",18.1,65.15,46.1,"Salaried","Own","Debt_consolidation",1
58659,19.25,330610,1.58,"651586",39.72,131.46,71.1,"Salaried","Mortgage","Vehicle",1
58666,19.75,1282139,1.21,"3636275",10.5,43.73,39.2,"Self-employed","Mortgage","Vehicle",1
58669,19.25,328768,1.26,"558242",29.5,97.45,56.5,"Salaried","Own","Debt_consolidation",0
58674,23.75,1504485,2.07,"5037705",16.38,56.82,39.7,"Self-employed","Rent","Other",1
58681,22.25,331183,1.71,"409296",0.39,13.6,34.5,"Salaried","Rent","Vehicle",0
58682,23.25,219050,1.14,"460177",35.72,117.3,62.9,"Salaried","Rent","Other",0
58684,18.25,239808,1.45,"548514",38.74,127.85,68.5,"Salaried","Mortgage","Home_improvement",0
58685,16.75,793979,1.15,"2077049",7.95,29.3,42.3,"Salaried","Mortgage","Home_improvement",0
58689,35,5797,0.64,"20838",11.72,44.71,35.7,"Unemployed","Rent","Debt_consolidation",1
58698,21.25,1305326,1.17,"4053717",35.91,117.35,70.2,"Self-employed","Mortgage","Vehicle",1
58699,21.25,2593104,1.53,"9847582",29.98,98.78,61.7,"Self-employed","Mortgage","Vehicle",1
58702,22.75,679023,1.66,"785716",15.14,50.88,46.5,"Contract","Own","Debt_consolidation",1
58714,21.25,1387855,1.83,"2476297",24.63,80.73,58.8,"Self-employed","Own","Debt_consolidation",0
58715,19.25,684483,1.98,"1294891",33.11,115.72,60.9,"Salaried","Mortgage","Vehicle",1
58774,21.75,1084462,1.32,"1369773",20.83,75.91,48,"Self-employed","Mortgage","Debt_consolidation",0
58777,35,5070,0.59,"9422",2.4,17.5,30.6,"Unemployed","Mortgage","Debt_consolidation",1
58781,20.75,282639,1.61,"856449",37.22,114.96,61.5,"Salaried","Own","Debt_consolidation",1
58814,19.75,1540474,2.18,"5593216",9.04,39.3,32.1,"Self-employed","Mortgage","Vehicle",1
58826,19.75,2303836,2.08,"4625463",16.84,57.93,42,"Self-employed","Mortgage","Vehicle",0
58834,16.75,326403,1.47,"555948",18.75,66.48,44.3,"Salaried","Mortgage","Home_improvement",0
58837,16.75,176342,1.55,"322663",9.93,44.52,39.6,"Salaried","Mortgage","Home_improvement",0
58843,18.75,111485,0.99,"245752",30.6,102.09,58.5,"Salaried","Rent","Vehicle",0
58844,35,4435,0.71,"11342",9.58,42.47,34.4,"Unemployed","Rent","Debt_consolidation",1
58849,23.25,269248,1.52,"503106",37.48,124.77,66.8,"Salaried","Rent","Other",1
58863,35,5009,0.58,"3991",0.54,11.35,33.8,"Unemployed","Rent","Debt_consolidation",1
58872,22.75,588422,1.55,"225787",12.94,51.8,38.1,"Contract","Rent","Other",0
58880,17.75,84994,1.44,"271439",14.21,54.35,42.3,"Salaried","Mortgage","Vehicle",0
58892,33.75,4055,0.43,"8376",33.37,115.28,64.1,"Unemployed","Rent","Debt_consolidation",1
58918,26.75,771084,1.85,"2687663",6.74,33.26,40.2,"Contract","Rent","Other",1
58919,23.25,733156,1.96,"1875692",39.19,130.63,69.8,"Salaried","Rent","Other",1
58923,21.75,304608,2.14,"933511",28.75,94.59,60,"Salaried","Rent","Other",1
58930,16.75,317521,2.03,"369504",20.27,72.51,52.9,"Salaried","Mortgage","Home_improvement",1
58931,35,2730,0.58,"7418",23.86,82.99,48,"Unemployed","Rent","Debt_consolidation",1
58933,16.25,506327,1.89,"317725",17.67,57.73,43.9,"Salaried","Rent","Vehicle",0
58954,20.25,610997,1.53,"2236364",29.99,97.56,54.4,"Contract","Mortgage","Home_improvement",1
58961,15.25,534817,1.31,"242497",21.32,72.48,52.4,"Salaried","Mortgage","Vehicle",1
58985,22.75,280324,1.08,"410465",1.93,16.81,25.5,"Salaried","Own","Debt_consolidation",1
58988,21.75,202177,1.71,"459023",21.15,72.36,45.4,"Salaried","Rent","Other",1
58997,18.75,396413,1.49,"1083488",8.87,31.33,39.6,"Salaried","Rent","Vehicle",1
59009,21.75,286231,1.42,"1080907",24.68,84.59,54.8,"Salaried","Rent","Other",0
59012,24.75,607506,1.86,"1149937",6.65,26.18,37.9,"Contract","Mortgage","Debt_consolidation",0
59026,18.75,365639,1.53,"692996",7.09,35.35,33.5,"Salaried","Rent","Vehicle",0
59029,16.25,640087,1.95,"275752",18.88,63.03,48.4,"Salaried","Rent","Vehicle",1
59040,16.75,565212,0.74,"1377470",25.29,87.76,55.7,"Salaried","Mortgage","Home_improvement",0
59045,22.25,494373,1.1,"1414034",1.44,8.83,31.6,"Salaried","Rent","Vehicle",0
59056,26.75,690771,1.66,"1448094",1.73,13.85,34.2,"Contract","Mortgage","Debt_consolidation",0
59066,16.75,459248,1.96,"1158968",35.52,117.97,57.8,"Salaried","Mortgage","Home_improvement",1
59075,18.75,546976,1.25,"1916606",15.85,64.72,47.7,"Salaried","Rent","Vehicle",0
59076,16.75,405142,1.83,"137738",38.81,125.55,61,"Salaried","Mortgage","Vehicle",1
59083,19.25,213557,1.65,"761775",37.68,126.86,72.5,"Salaried","Mortgage","Vehicle",0
59087,20.25,892824,1.63,"1078622",31.31,102.88,59.5,"Contract","Mortgage","Home_improvement",1
59099,21.75,786679,1.49,"2201403",9.76,39.96,39.1,"Salaried","Rent","Other",0
59101,23.25,678452,1.45,"1660343",3.73,22.63,26,"Salaried","Rent","Other",1
59104,18.75,181217,0.8,"452921",33.11,108.13,56.3,"Salaried","Rent","Vehicle",1
59115,22.25,308069,1.68,"387843",2.26,16.81,30.2,"Salaried","Rent","Vehicle",0
59118,16.75,570656,2.19,"2009342",27.34,96.58,52.1,"Salaried","Mortgage","Home_improvement",1
59121,35,1164,0.47,"1252",33.6,113.43,65.8,"Unemployed","Rent","Debt_consolidation",1
59130,23.75,3079725,2.2,"10507871",26.82,91.28,58.1,"Self-employed","Rent","Other",0
59135,18.75,899502,1.21,"1235521",19.16,62.15,47.2,"Self-employed","Mortgage","Home_improvement",0
59156,19.25,400170,1.27,"1198965",19.86,71.15,43.4,"Salaried","Own","Debt_consolidation",1
59165,23.75,2578425,1.51,"4799799",7.82,34.81,40.7,"Self-employed","Rent","Other",0
59177,32.25,5082,0.4,"7682",12.51,51.55,44.3,"Unemployed","Rent","Debt_consolidation",1
59193,21.75,421484,1.83,"1554760",17.2,62.93,39.8,"Salaried","Rent","Other",1
59194,18.25,637503,1.05,"1632424",33.7,112.03,66.4,"Salaried","Mortgage","Home_improvement",0
59213,20.25,1148914,2.16,"2695669",28.97,96.32,54,"Contract","Mortgage","Home_improvement",1
59216,19.75,2769237,1.4,"5851291",35.96,121.29,59.9,"Self-employed","Mortgage","Vehicle",1
59220,20.25,3713170,1.42,"5125052",31.75,102.89,60.9,"Self-employed","Mortgage","Home_improvement",0
59241,16.75,202488,2.07,"547734",25.34,85.22,52.4,"Salaried","Mortgage","Home_improvement",0
59244,21.75,808446,1.92,"1560621",10.47,42.72,39.2,"Salaried","Rent","Other",0
59251,24.75,2436460,1.6,"5753099",0.68,13.96,24.2,"Self-employed","Mortgage","Vehicle",0
59259,12.75,229880,1.07,"72760",22.94,77.27,50.3,"Salaried","Mortgage","Home_improvement",0
59274,18.25,629893,1.2,"456969",3.03,16.34,34.4,"Salaried","Mortgage","Home_improvement",1
59275,23.75,500799,2.33,"1432676",29.79,98.28,54.1,"Self-employed","Rent","Other",0
59285,16.75,155661,1.65,"378022",11.82,50.54,35.5,"Salaried","Mortgage","Home_improvement",0
59292,35,4283,0.48,"9767",0.81,13.21,23.2,"Unemployed","Rent","Debt_consolidation",0
59297,35,4348,0.6,"5594",13.41,47.71,35.8,"Unemployed","Rent","Other",1
59299,32.25,3592,0.44,"7701",27.45,90.9,59.4,"Unemployed","Rent","Debt_consolidation",0
59301,21.75,178661,1.68,"290391",19.36,70.11,44.5,"Salaried","Rent","Other",0
59317,19.25,524326,1.37,"1561715",10.45,41.67,34.4,"Salaried","Own","Debt_consolidation",1
59319,23.75,153296,1.27,"573092",12.56,49.33,36.2,"Self-employed","Rent","Other",1
59320,20.75,702274,1.82,"282726",1.82,19.43,32.5,"Self-employed","Mortgage","Vehicle",0
59334,18.25,589699,1.54,"1251783",35.5,119.25,67.4,"Salaried","Mortgage","Home_improvement",1
59359,16.75,716880,1.48,"454334",39.45,128.28,67.7,"Salaried","Mortgage","Vehicle",0
59364,18.25,493061,1.16,"1202536",32.83,105.16,60.8,"Salaried","Mortgage","Home_improvement",1
59396,21.25,883560,2.16,"2346873",10.08,38.16,39.1,"Self-employed","Own","Debt_consolidation",1
59403,30.75,4108,0.26,"14647",22.03,77.28,48.2,"Unemployed","Rent","Other",1
59406,31.25,6978,0.74,"2556",25.27,90.83,52.6,"Unemployed","Rent","Vehicle",1
59410,23.75,2587951,2.11,"8036070",10.55,39.18,42.9,"Self-employed","Rent","Other",1
59412,22.25,1017420,2.21,"2754526",8.54,38.4,31.8,"Contract","Rent","Vehicle",0
59419,17.75,189714,1.72,"92213",34.98,115.33,68.9,"Salaried","Rent","Vehicle",1
59422,23.75,2962246,1.45,"7825148",8.23,34.82,42.2,"Self-employed","Rent","Other",0
59437,21.25,334538,1.57,"471990",0.23,19.47,35.1,"Salaried","Mortgage","Vehicle",1
59443,21.25,3954727,1.52,"9307338",30.64,98.24,65.5,"Self-employed","Mortgage","Vehicle",0
59449,24.25,438464,2.07,"1300594",3.73,21.82,26.4,"Contract","Own","Debt_consolidation",0
59456,25.25,1744900,1.37,"1776904",35.05,121.03,60.8,"Self-employed","Rent","Other",1
59488,18.75,368743,1.88,"954720",20.71,72.82,49.9,"Salaried","Rent","Vehicle",0
59497,19.25,445438,1.52,"1373635",22.46,75.59,51.8,"Salaried","Own","Debt_consolidation",1
59518,16.75,437521,1.46,"525545",14.78,57.36,37.5,"Salaried","Mortgage","Home_improvement",0
59522,19.25,289292,1.81,"319260",10.99,46.89,45.5,"Salaried","Own","Debt_consolidation",0
59536,16.75,351488,1.76,"587922",14.83,54.37,39.1,"Salaried","Mortgage","Home_improvement",1
59552,17.75,110444,1.52,"399896",10.41,37.17,41.7,"Salaried","Mortgage","Vehicle",1
59575,21.75,273688,1.43,"1038059",35,113.77,62.8,"Contract","Mortgage","Home_improvement",1
59577,19.25,508483,1.6,"1886132",36.72,125.13,59.4,"Salaried","Own","Debt_consolidation",0
59615,18.25,191549,1.32,"680705",34.12,113.86,68.6,"Salaried","Mortgage","Home_improvement",0
59622,32.25,3515,0.41,"7005",18.6,67.13,47.2,"Unemployed","Rent","Debt_consolidation",1
59633,16.75,342576,1.21,"1298446",12.54,49.71,45.3,"Salaried","Mortgage","Home_improvement",0
59644,17.75,342339,1.84,"246994",7.03,35.85,30.8,"Salaried","Mortgage","Vehicle",0
59649,16.75,322483,1.56,"309142",25.85,89.55,48.6,"Salaried","Mortgage","Home_improvement",0
59671,35,5285,0.66,"9885",27.62,94.14,59.7,"Unemployed","Rent","Debt_consolidation",1
59686,16.75,703876,1.75,"1256550",26.41,86.77,55.1,"Salaried","Mortgage","Home_improvement",0
59696,19.25,359861,1.64,"256619",28.72,98.22,53,"Salaried","Own","Debt_consolidation",1
59702,23.75,871568,1.5,"2837536",29.11,91.55,52,"Self-employed","Rent","Other",1
59736,21.25,1978450,2.56,"5192693",34.82,114.5,62.2,"Self-employed","Mortgage","Vehicle",1
59743,19.75,654998,1.89,"637510",8.64,29.74,37.4,"Self-employed","Mortgage","Vehicle",1
59746,18.25,279565,2.01,"620673",3.48,20.6,35.6,"Salaried","Mortgage","Home_improvement",0
59754,31.25,6085,0.4,"22701",28.4,95.96,59.5,"Unemployed","Mortgage","Debt_consolidation",0
59760,18.75,97506,2,"73301",9.84,41.09,44.4,"Salaried","Rent","Vehicle",0
59779,22.75,2557965,1.33,"1810249",33.25,116.06,65.5,"Self-employed","Own","Debt_consolidation",1
59791,23.25,661430,2.25,"2421635",2.1,12.32,25.2,"Self-employed","Mortgage","Vehicle",0
59792,23.25,701462,1.51,"1955798",38.79,124.3,71.5,"Salaried","Rent","Other",0
59805,35,4884,0.46,"4180",27.66,97.44,49.9,"Unemployed","Rent","Debt_consolidation",1
59812,18.75,488374,2.25,"738619",30.55,100.02,59.8,"Salaried","Rent","Vehicle",1
59817,20.75,2618984,1.73,"1575848",5.42,27.39,32.6,"Self-employed","Mortgage","Debt_consolidation",1
59824,34.25,4320,0.46,"13771",38.97,128.35,67.6,"Unemployed","Rent","Home_improvement",1
59837,16.75,187629,1.66,"452647",25.13,82.43,55.4,"Salaried","Mortgage","Home_improvement",1
59840,16.75,452037,1.88,"179058",6.06,25.54,37.6,"Salaried","Mortgage","Vehicle",0
59843,17.75,423618,1.17,"1444244",15.47,49.95,39,"Salaried","Mortgage","Vehicle",1
59844,17.75,231811,1.34,"266095",21.05,75.37,46.7,"Salaried","Mortgage","Vehicle",0
59846,22.75,317460,1.64,"696276",3.04,21.51,32,"Self-employed","Own","Debt_consolidation",1
59861,19.75,974355,2.26,"884371",16.52,58.81,50.6,"Self-employed","Mortgage","Vehicle",1
59864,17.75,319295,1.55,"438739",23.52,83.67,47.7,"Salaried","Mortgage","Vehicle",0
59866,16.75,420545,1.65,"956999",18.86,69.27,42.8,"Salaried","Mortgage","Home_improvement",0
59885,23.75,588212,1.87,"1668050",38.46,125.33,64.3,"Contract","Rent","Vehicle",0
59891,22.75,758690,1.85,"2444756",4.47,21.74,31.8,"Self-employed","Own","Debt_consolidation",0
59895,21.75,1353650,1.84,"3667157",8.67,37.93,40.7,"Self-employed","Mortgage","Debt_consolidation",1
59906,22.75,207413,1.9,"627712",20.57,72.01,45.1,"Contract","Own","Debt_consolidation",1
59922,18.75,471971,1.6,"1468149",24.25,82.48,55.4,"Salaried","Rent","Vehicle",1
59929,19.75,1734723,1.8,"4380923",11.04,42.18,41.3,"Self-employed","Mortgage","Vehicle",1
59951,18.75,458592,0.85,"506543",23.63,79.64,51.5,"Salaried","Rent","Vehicle",0
59957,18.75,1554996,1.91,"4040464",13.45,47.41,42.9,"Self-employed","Mortgage","Home_improvement",1
60971,13.75,197120,1.36,"65208",24.75,80.58,59.4,"Salaried","Mortgage","Vehicle",1
66511,14.25,202640,1.49,"83371",11.17,34.27,33.7,"Salaried","Mortgage","Home_improvement",0
65017,14.25,205520,1.76,"115495",13.3,50.23,48,"Salaried","Mortgage","Home_improvement",0
68901,14.25,219586,1.81,"102643",33.41,107.92,55.4,"Salaried","Mortgage","Home_improvement",0
65389,14.25,288800,1.83,"117710",35.29,109.27,58.4,"Salaried","Mortgage","Home_improvement",1
68343,14.25,409320,1.52,"157774",22.05,78.61,52.5,"Salaried","Mortgage","Home_improvement",0
63121,14.25,457676,1.61,"150871",32.89,109.53,65.1,"Salaried","Mortgage","Home_improvement",1
69026,14.25,516320,1.4,"195325",15.32,54.8,38.8,"Salaried","Mortgage","Home_improvement",0
62977,14.25,559960,1.18,"187856",8.62,36.59,34,"Salaried","Mortgage","Home_improvement",0
64703,14.25,597266,1.14,"254973",23.27,73.42,47.5,"Salaried","Mortgage","Home_improvement",0
60636,14.25,620803,2.1,"332493",24.29,79.6,51.9,"Salaried","Mortgage","Home_improvement",1
62336,14.75,2337874,1.63,"718014",12.24,47.48,42,"Self-employed","Mortgage","Home_improvement",0
63029,15.25,127919,1.62,"76731",22,75.63,45.3,"Salaried","Mortgage","Vehicle",0
68880,15.25,141007,2.02,"65712",7.05,30.54,30.2,"Salaried","Mortgage","Vehicle",1
62947,15.25,141248,1.61,"57380",11.94,46.72,42.8,"Salaried","Mortgage","Vehicle",0
66764,15.25,155867,1.54,"52930",15.38,54.33,50.2,"Salaried","Mortgage","Vehicle",0
62198,15.25,161928,1.41,"95618",28.96,93.49,58.2,"Salaried","Mortgage","Vehicle",0
69930,15.25,197733,0.73,"110102",31.24,103.79,56.1,"Salaried","Mortgage","Vehicle",0
67353,15.25,254827,1.3,"146870",10.69,40.49,43.4,"Salaried","Mortgage","Vehicle",1
60333,15.25,324455,0.99,"200969",26.65,87.5,54.2,"Salaried","Mortgage","Vehicle",0
66480,15.25,345625,1.25,"135004",20.14,67.61,53.8,"Salaried","Mortgage","Vehicle",0
69013,15.25,391886,1.26,"171333",18.23,69.11,45.2,"Salaried","Mortgage","Vehicle",0
62447,15.25,486812,0.88,"295702",23.35,81.91,49.1,"Salaried","Mortgage","Vehicle",0
61184,15.25,495922,1.12,"265674",27.69,94.71,59.4,"Salaried","Mortgage","Vehicle",0
68979,15.25,558758,1.51,"232711",24.41,84.87,57.2,"Salaried","Mortgage","Vehicle",0
66210,15.75,198730,1.17,"86723",39.31,127.72,72.8,"Salaried","Mortgage","Home_improvement",0
64291,15.75,215719,1.23,"101778",33.45,108.91,63.7,"Salaried","Mortgage","Home_improvement",0
64531,15.75,559649,1.21,"226910",3.19,17.08,27.1,"Salaried","Mortgage","Home_improvement",0
66726,15.75,595335,1.89,"192264",27.41,91.11,50.4,"Self-employed","Mortgage","Vehicle",0
61149,16.25,253102,0.92,"115942",8.96,38.33,32.1,"Salaried","Rent","Vehicle",0
67055,16.25,306289,1.4,"95053",4.82,22.89,33.1,"Salaried","Rent","Vehicle",1
68155,16.25,307213,1.48,"130406",15.96,51.87,45.9,"Salaried","Rent","Vehicle",0
65986,16.25,428386,1.36,"202526",25.14,83.67,48.5,"Salaried","Rent","Vehicle",0
66317,16.25,432763,1.51,"207069",26.6,85.61,59.7,"Salaried","Rent","Vehicle",1
67793,16.25,451047,1.39,"143530",3.47,21.1,36.8,"Salaried","Rent","Vehicle",0
68490,16.25,493639,1.53,"194524",19.23,73.29,53.6,"Salaried","Rent","Vehicle",0
67407,16.25,556129,1.72,"218378",10.67,42.61,43.4,"Salaried","Rent","Vehicle",0
61454,16.25,752711,1.57,"403958",14.13,48.81,39.5,"Salaried","Rent","Vehicle",1
67949,16.25,1164043,2.01,"420628",22.68,75.2,55.5,"Self-employed","Mortgage","Home_improvement",1
65820,16.75,74826,1.46,"120397",16.3,58.78,48.4,"Salaried","Mortgage","Home_improvement",0
61577,16.75,89334,1.35,"170972",7.19,34.45,32.2,"Salaried","Mortgage","Home_improvement",0
65347,16.75,93931,1.22,"330593",26.06,86.71,57,"Salaried","Mortgage","Home_improvement",0
68017,16.75,119846,1.63,"295535",18.76,65.3,52.4,"Salaried","Mortgage","Home_improvement",0
68531,16.75,136073,1.75,"421130",16.96,64.59,47,"Salaried","Mortgage","Home_improvement",1
67359,16.75,138837,1.44,"189561",20.24,65.9,45.7,"Salaried","Mortgage","Home_improvement",1
65203,16.75,141240,1.46,"115317",10.18,47.7,42.6,"Salaried","Mortgage","Home_improvement",1
66006,16.75,150179,1.26,"451541",9.76,34.03,40.4,"Salaried","Mortgage","Home_improvement",0
67741,16.75,155186,1.56,"76788",33.61,109.16,56.2,"Salaried","Own","Debt_consolidation",1
64528,16.75,158590,1.63,"300288",24.58,84.18,52.7,"Salaried","Mortgage","Home_improvement",0
63918,16.75,167168,2.31,"296323",28.99,98.95,57.1,"Salaried","Mortgage","Home_improvement",1
66476,16.75,169205,1.01,"406944",32.11,107.14,55.6,"Salaried","Mortgage","Home_improvement",0
67718,16.75,175604,1.38,"523696",24.21,76.92,52.4,"Salaried","Mortgage","Home_improvement",1
65072,16.75,175869,1.6,"282694",21.04,70.78,50.6,"Salaried","Mortgage","Home_improvement",1
63621,16.75,176122,1.52,"651391",8.5,32.08,34.9,"Salaried","Mortgage","Home_improvement",1
61176,16.75,181292,1.42,"407269",32.5,111.38,59.4,"Salaried","Mortgage","Home_improvement",0
60604,16.75,182725,1.61,"272778",25.52,90.8,58.3,"Salaried","Mortgage","Home_improvement",1
65196,16.75,185917,1.8,"540156",25.03,81.62,59.2,"Salaried","Mortgage","Home_improvement",1
68713,16.75,185967,1.4,"329144",24.7,85.46,56.4,"Salaried","Mortgage","Home_improvement",0
62340,16.75,187471,0.53,"220949",32.74,108.29,59.1,"Salaried","Mortgage","Home_improvement",0
66773,16.75,188820,1.71,"571276",20.6,71.51,42.6,"Salaried","Mortgage","Home_improvement",0
66601,16.75,190085,1.1,"448531",11.06,43.53,35.7,"Salaried","Mortgage","Home_improvement",0
64937,16.75,194986,1.51,"227560",25.11,86.04,56.7,"Salaried","Mortgage","Home_improvement",1
63867,16.75,195796,1.59,"153111",26.12,84.93,57.9,"Salaried","Mortgage","Home_improvement",0
64182,16.75,201691,1.41,"430675",16.53,52.9,39.1,"Salaried","Mortgage","Home_improvement",1
68752,16.75,204862,2.2,"179718",28.25,88.3,52.1,"Salaried","Mortgage","Home_improvement",1
69848,16.75,215697,1.72,"536909",28.58,97.94,58.6,"Salaried","Mortgage","Home_improvement",1
61832,16.75,225434,1.61,"237254",15.12,55.03,39,"Salaried","Mortgage","Home_improvement",1
65515,16.75,233450,0.96,"815376",17.14,61.87,39.4,"Salaried","Mortgage","Home_improvement",0
67396,16.75,235721,1.56,"137535",9.85,41.36,36.8,"Salaried","Own","Debt_consolidation",0
60628,16.75,245924,0.85,"223643",13.76,43.12,47.7,"Salaried","Mortgage","Home_improvement",0
60647,16.75,248840,1.4,"540430",10.99,40.11,43,"Salaried","Mortgage","Home_improvement",0
67986,16.75,249568,1.76,"219907",20.25,68.61,47.2,"Salaried","Mortgage","Home_improvement",0
66766,16.75,252839,1.27,"363272",11.88,46.33,44.7,"Salaried","Mortgage","Home_improvement",0
61203,16.75,253248,1.67,"481436",19.49,67.92,45.6,"Salaried","Mortgage","Home_improvement",1
67470,16.75,253679,1.37,"121312",5.06,27.4,29.3,"Salaried","Mortgage","Vehicle",0
60320,16.75,254354,1.65,"824931",16.82,62.51,45.4,"Salaried","Mortgage","Home_improvement",1
69690,16.75,256743,1.27,"641415",25.91,89.34,52.6,"Salaried","Mortgage","Home_improvement",1
60680,16.75,261993,1.13,"312577",29.37,95.24,59.1,"Salaried","Mortgage","Home_improvement",0
63276,16.75,264041,2.19,"829109",21.99,79,51.5,"Salaried","Mortgage","Home_improvement",0
63699,16.75,264928,1.29,"785903",17.34,65.61,40.8,"Salaried","Mortgage","Home_improvement",0
60872,16.75,265120,1.45,"876054",22.6,77.03,46.5,"Salaried","Mortgage","Home_improvement",1
60179,16.75,269346,1.36,"983129",7.52,35.16,40.4,"Salaried","Mortgage","Home_improvement",1
60874,16.75,270381,1.92,"489349",26.84,88.95,49.4,"Salaried","Mortgage","Home_improvement",0
60646,16.75,271239,1.47,"454514",22.44,80.32,51.5,"Salaried","Mortgage","Home_improvement",0
63426,16.75,271622,1.06,"315891",30.76,100.67,59.6,"Salaried","Mortgage","Home_improvement",0
62437,16.75,276818,1.96,"490735",21.54,72.87,45.6,"Salaried","Mortgage","Home_improvement",0
65628,16.75,277941,1.37,"881974",25.33,84.49,57,"Salaried","Mortgage","Home_improvement",0
61221,16.75,278554,1.36,"478645",13.11,49.22,48,"Salaried","Mortgage","Home_improvement",0
60154,16.75,279389,1.31,"318958",17.3,56.27,49.8,"Salaried","Mortgage","Home_improvement",1
65862,16.75,288640,2.17,"824185",15.46,60.89,43.3,"Salaried","Mortgage","Home_improvement",1
63351,16.75,293765,1.61,"537085",11.89,48.07,40.4,"Salaried","Mortgage","Home_improvement",1
69243,16.75,316205,1.99,"482055",11.23,39.54,36.1,"Salaried","Mortgage","Home_improvement",1
66503,16.75,316834,1.67,"560226",27.17,92.76,50.1,"Salaried","Mortgage","Home_improvement",1
60272,16.75,319824,1.67,"124590",38.77,123.9,63.3,"Salaried","Mortgage","Vehicle",0
60416,16.75,320222,0.95,"356242",33.66,108.75,57.2,"Salaried","Mortgage","Home_improvement",1
61949,16.75,342648,1.74,"737932",19.86,71.9,44.8,"Salaried","Mortgage","Home_improvement",0
67680,16.75,344827,2.12,"650630",22.07,80.75,51.1,"Salaried","Mortgage","Home_improvement",1
68982,16.75,345342,1.55,"1256909",22.64,76.93,50.4,"Salaried","Mortgage","Home_improvement",0
63128,16.75,345360,1.31,"447013",11.57,47.75,41.6,"Salaried","Mortgage","Home_improvement",1
60724,16.75,346703,1.83,"163061",4.61,27.29,27.2,"Salaried","Mortgage","Vehicle",0
68749,16.75,348468,1.77,"1277008",27.03,90.58,52.9,"Salaried","Mortgage","Home_improvement",1
63202,16.75,349851,2,"1316888",7.07,30.08,38.8,"Salaried","Mortgage","Home_improvement",0
65023,16.75,351761,1.78,"560047",10.78,42.04,33.6,"Salaried","Mortgage","Home_improvement",0
68884,16.75,355924,1.49,"1271423",16.61,56.88,44.8,"Salaried","Mortgage","Home_improvement",1
69103,16.75,356511,1.59,"289745",27.3,96.02,51.5,"Salaried","Mortgage","Home_improvement",1
61647,16.75,358393,1.32,"450932",10.02,42.34,43.2,"Salaried","Mortgage","Home_improvement",1
62980,16.75,361169,1.82,"857150",8.05,36.66,32.8,"Salaried","Mortgage","Home_improvement",0
61945,16.75,369572,0.94,"1293805",35.98,116.91,58.2,"Salaried","Mortgage","Home_improvement",0
68124,16.75,377260,0.9,"487027",11.81,46.45,43.4,"Salaried","Mortgage","Home_improvement",0
65450,16.75,378697,1.52,"1056533",11.25,39.5,44.1,"Salaried","Mortgage","Home_improvement",0
62453,16.75,378917,1.36,"549667",18.3,66.72,49.9,"Salaried","Mortgage","Home_improvement",1
60837,16.75,380014,0.94,"1279472",22.49,76.35,46.1,"Salaried","Mortgage","Home_improvement",0
62139,16.75,391717,2.31,"663538",8.29,35.58,40.6,"Salaried","Mortgage","Home_improvement",0
60590,16.75,391773,1.52,"1416254",29.94,101.01,58,"Salaried","Mortgage","Home_improvement",1
69117,16.75,398723,1.18,"494415",11.69,40.86,35.4,"Salaried","Mortgage","Home_improvement",0
63688,16.75,399006,1.74,"506783",14.12,47.56,37.8,"Salaried","Mortgage","Home_improvement",0
63932,16.75,408711,1.44,"985963",29.71,100.66,57.9,"Salaried","Mortgage","Home_improvement",1
65536,16.75,408948,1.34,"1413479",21.3,75.41,47.2,"Salaried","Mortgage","Home_improvement",0
67084,16.75,409680,2.01,"912482",17,57.24,45,"Salaried","Mortgage","Home_improvement",0
63900,16.75,416884,1.53,"1449528",15.13,55.19,42.6,"Salaried","Mortgage","Home_improvement",1
68285,16.75,419620,1.84,"1381189",14.05,56.7,40.6,"Salaried","Mortgage","Home_improvement",1
65581,16.75,429059,1.3,"367051",22.12,74.85,52.8,"Salaried","Mortgage","Home_improvement",0
64765,16.75,433481,1.17,"192275",39.38,129.2,64.8,"Salaried","Mortgage","Vehicle",1
67329,16.75,437989,1.05,"489444",25.12,86.24,48.5,"Salaried","Mortgage","Home_improvement",0
63322,16.75,446257,1.63,"1274393",34.98,121.59,57.5,"Salaried","Mortgage","Home_improvement",0
64741,16.75,454758,0.94,"919219",24.42,80.35,52.7,"Salaried","Mortgage","Home_improvement",0
64852,16.75,456115,1.36,"171927",4.46,18.37,37.9,"Salaried","Mortgage","Vehicle",0
67531,16.75,460404,1.26,"1428931",30.74,104.81,59.7,"Salaried","Mortgage","Home_improvement",0
60251,16.75,461298,1.42,"1454905",14.1,51.69,39.6,"Salaried","Mortgage","Home_improvement",0
62024,16.75,465885,1.64,"1540212",12.19,42.27,40.4,"Salaried","Mortgage","Home_improvement",0
68498,16.75,470406,1.92,"357013",28.6,92.42,56.1,"Salaried","Mortgage","Home_improvement",1
64761,16.75,491036,1.78,"186111",4.71,20.58,35.3,"Salaried","Mortgage","Vehicle",1
69999,16.75,493792,2.11,"1831445",22.44,80.93,46.8,"Salaried","Mortgage","Home_improvement",1
61800,16.75,494177,2.25,"1422674",18.68,65.89,50.5,"Salaried","Mortgage","Home_improvement",1
69724,16.75,494871,0.9,"189607",5.58,28.27,27.6,"Salaried","Mortgage","Vehicle",0
66242,16.75,495179,1.82,"1774107",17.3,63.71,40.4,"Salaried","Mortgage","Home_improvement",0
68349,16.75,498562,1.67,"1148824",18.72,66.17,45.8,"Salaried","Mortgage","Home_improvement",0
60202,16.75,499781,1.53,"723442",21.11,75.06,45.1,"Salaried","Mortgage","Home_improvement",1
69844,16.75,500798,1.29,"1575303",28.18,93.62,54.1,"Salaried","Mortgage","Home_improvement",0
67984,16.75,510309,1.14,"1235660",8.49,35.31,34.8,"Salaried","Mortgage","Home_improvement",0
66697,16.75,514092,1.92,"632665",17.41,63.58,46.9,"Salaried","Mortgage","Home_improvement",0
62467,16.75,520275,1.69,"1255854",29.76,100.66,54.7,"Salaried","Mortgage","Home_improvement",0
62974,16.75,532843,1.26,"1345805",22.47,77.34,47.1,"Salaried","Mortgage","Home_improvement",0
67414,16.75,542091,1.45,"1330352",13.14,49.57,38,"Salaried","Mortgage","Home_improvement",0
67454,16.75,548602,1.24,"2006601",16.33,59,51.3,"Salaried","Mortgage","Home_improvement",1
64231,16.75,583212,1.67,"1169771",23.96,86.87,51,"Salaried","Mortgage","Home_improvement",0
67253,16.75,585091,1.5,"335905",29.95,96.44,56.2,"Salaried","Own","Debt_consolidation",1
63085,16.75,609802,1.13,"299183",37.48,121.49,68.4,"Salaried","Mortgage","Vehicle",1
67119,16.75,614390,1.36,"2058558",27.16,89.55,51.1,"Salaried","Mortgage","Home_improvement",0
63550,16.75,663179,2.07,"1115025",8.3,35.14,39.4,"Salaried","Mortgage","Home_improvement",1
60790,16.75,669965,1.78,"1994811",16.94,51.42,49,"Salaried","Mortgage","Home_improvement",1
66453,16.75,699152,1.6,"864217",29.85,100.79,58.8,"Salaried","Mortgage","Home_improvement",0
63321,16.75,711675,1.51,"714008",35.27,117.6,59.9,"Salaried","Mortgage","Home_improvement",0
63678,16.75,747219,1.47,"2561075",32.82,106.56,56.8,"Salaried","Mortgage","Home_improvement",1
67920,16.75,757522,2.21,"2160207",17.02,61.03,48.1,"Salaried","Mortgage","Home_improvement",1
67383,16.75,780466,1.13,"2764695",14.12,52.1,36.2,"Salaried","Mortgage","Home_improvement",0
61760,16.75,832009,1.56,"1322821",8.62,24.91,36.9,"Salaried","Mortgage","Home_improvement",0
64766,17.25,372771,1.72,"120874",2.47,10.63,33.9,"Salaried","Mortgage","Vehicle",0
65371,17.25,1117714,1.48,"433022",22.85,75.47,45.7,"Self-employed","Mortgage","Vehicle",1
62967,17.25,1330897,0.98,"490865",19.22,73.44,49.1,"Self-employed","Mortgage","Vehicle",1
63154,17.25,1396351,1.42,"777072",14.94,55.99,41.7,"Self-employed","Mortgage","Vehicle",0
60356,17.25,1754255,1.05,"1153227",24.23,80.93,58.4,"Self-employed","Mortgage","Vehicle",0
66314,17.75,89469,1.89,"255661",27.01,91.17,50.7,"Salaried","Mortgage","Vehicle",0
63735,17.75,94094,1.53,"232298",22.39,81.24,52.3,"Salaried","Mortgage","Vehicle",0
60972,17.75,102268,1.26,"353172",26.6,90.75,49.4,"Salaried","Mortgage","Vehicle",0
63805,17.75,107233,1.37,"146567",16.79,63.46,48.3,"Salaried","Mortgage","Vehicle",1
68998,17.75,108993,1.84,"302918",26.86,88.29,52.1,"Salaried","Mortgage","Vehicle",1
67714,17.75,113672,1.57,"276684",24.99,84.01,51.2,"Salaried","Mortgage","Vehicle",1
63499,17.75,117414,1.68,"428789",9.15,35.39,42.7,"Salaried","Mortgage","Vehicle",0
65870,17.75,122736,2.03,"170943",18.99,65.02,49.3,"Salaried","Mortgage","Vehicle",0
64066,17.75,127482,1.68,"275654",20.85,73.67,42.9,"Salaried","Mortgage","Vehicle",0
65672,17.75,135600,0.97,"405641",14.7,51.93,49.4,"Salaried","Mortgage","Vehicle",0
65795,17.75,161538,1.55,"231559",13.86,50.79,46.5,"Salaried","Mortgage","Vehicle",0
65949,17.75,161613,1.08,"444583",25.85,91.9,56.5,"Salaried","Mortgage","Vehicle",1
67642,17.75,171423,1.66,"204706",8.81,41.54,33.6,"Salaried","Mortgage","Vehicle",0
64299,17.75,172846,2.01,"513928",8.82,32.4,42.4,"Salaried","Mortgage","Vehicle",0
61563,17.75,177432,1.43,"520797",18.22,63.98,49.5,"Salaried","Mortgage","Vehicle",0
63470,17.75,182161,1.8,"344199",13.15,52.89,36.4,"Salaried","Mortgage","Vehicle",1
60196,17.75,190224,1.26,"428387",32.02,107.54,55.3,"Salaried","Mortgage","Vehicle",0
62894,17.75,191807,1.52,"664442",22.94,80.18,54.8,"Salaried","Mortgage","Vehicle",1
63132,17.75,198235,1.51,"276127",28.59,98.52,55.9,"Salaried","Mortgage","Vehicle",1
66889,17.75,199459,1.51,"253869",35.31,122.77,58.2,"Salaried","Mortgage","Vehicle",1
62733,17.75,203158,1.59,"695211",20.55,70.28,53.7,"Salaried","Mortgage","Vehicle",0
67938,17.75,205694,1.5,"461949",8.87,39.26,43.8,"Salaried","Mortgage","Vehicle",0
64235,17.75,207254,0.82,"755791",10.98,44.82,35.3,"Salaried","Mortgage","Vehicle",0
65065,17.75,208557,1.51,"166188",13.29,45.06,47.6,"Salaried","Mortgage","Vehicle",0
66866,17.75,208677,1.81,"773932",10.36,40.27,32.7,"Salaried","Mortgage","Vehicle",0
61759,17.75,218441,1.15,"288422",16.47,59.05,49.5,"Salaried","Mortgage","Vehicle",0
69860,17.75,227722,1.75,"624540",25.14,87.95,51.2,"Salaried","Mortgage","Vehicle",0
69078,17.75,230776,1.58,"299371",31.51,103.2,57.2,"Salaried","Mortgage","Vehicle",0
67031,17.75,231921,1.82,"160085",19.23,69.49,49.1,"Salaried","Mortgage","Vehicle",0
62899,17.75,243481,1.24,"246488",13.36,50,44.9,"Salaried","Mortgage","Vehicle",0
66920,17.75,247200,1.85,"549423",17.11,58.7,40.7,"Salaried","Mortgage","Vehicle",1
68404,17.75,250851,1.19,"577760",17.59,64.67,44.2,"Salaried","Mortgage","Vehicle",1
61171,17.75,251271,1.33,"91393",35.73,114.37,68.7,"Salaried","Rent","Vehicle",0
66938,17.75,252837,1.35,"946119",10.12,39.29,34.3,"Salaried","Mortgage","Vehicle",0
60820,17.75,259950,1.23,"611265",19.45,68.16,43.6,"Salaried","Mortgage","Vehicle",1
61215,17.75,261506,1.88,"711768",10.74,41.62,38.8,"Salaried","Mortgage","Vehicle",0
65813,17.75,262674,1.35,"469815",30.96,103.82,56.9,"Salaried","Mortgage","Vehicle",0
63921,17.75,268141,1.75,"559243",28.93,96.59,57.5,"Salaried","Mortgage","Vehicle",1
66936,17.75,279094,1.78,"976717",27.7,95.19,53,"Salaried","Mortgage","Vehicle",1
66640,17.75,279554,1.47,"662073",22.42,78.55,49.5,"Salaried","Mortgage","Vehicle",1
60620,17.75,282214,1.53,"132391",6.15,32.29,39.9,"Salaried","Rent","Vehicle",1
65210,17.75,285732,1.23,"887400",23.3,84.16,48.4,"Salaried","Mortgage","Vehicle",0
62532,17.75,290151,1.22,"358639",20.62,64.55,44.1,"Salaried","Mortgage","Vehicle",0
60323,17.75,290916,1.91,"424002",25.9,88.14,50.8,"Salaried","Mortgage","Vehicle",1
68928,17.75,291559,1.52,"604143",7.76,27.85,41.8,"Salaried","Mortgage","Vehicle",0
67759,17.75,298715,1.53,"788241",32.12,107.8,54.6,"Salaried","Mortgage","Vehicle",1
61526,17.75,308525,1.65,"1028473",8.12,33.81,41.8,"Salaried","Mortgage","Vehicle",0
69195,17.75,308938,1.33,"694954",30.15,102.33,59.6,"Salaried","Mortgage","Vehicle",1
64424,17.75,315763,1.77,"168166",39.9,127.11,68.5,"Salaried","Rent","Vehicle",1
66808,17.75,316825,1.74,"107980",2.7,18.51,27,"Salaried","Mortgage","Home_improvement",0
65170,17.75,319822,1.23,"488133",13.24,50.7,39.5,"Salaried","Mortgage","Vehicle",0
68036,17.75,323675,1.48,"1152152",31.04,106.14,57,"Salaried","Mortgage","Vehicle",0
63852,17.75,326483,1.85,"1115081",26.21,88.97,52.2,"Salaried","Mortgage","Vehicle",1
69404,17.75,331941,1.53,"1046478",11.56,42.59,45.5,"Salaried","Mortgage","Vehicle",0
61174,17.75,339608,1.81,"620553",7.24,26.4,35.8,"Salaried","Mortgage","Vehicle",0
61624,17.75,351073,1.65,"299572",22.58,77.21,50.4,"Salaried","Mortgage","Vehicle",0
64690,17.75,352474,1.46,"280907",20.49,71.73,51.7,"Salaried","Mortgage","Vehicle",0
69356,17.75,364107,1.32,"490655",21.08,71.81,49.1,"Salaried","Mortgage","Vehicle",0
64375,17.75,371047,1.16,"321500",25.79,84.85,55.1,"Salaried","Mortgage","Vehicle",1
63187,17.75,382079,1.49,"1256559",13.49,48.16,37.2,"Salaried","Mortgage","Vehicle",0
62879,17.75,382997,1.75,"403553",20.1,71.4,45.8,"Salaried","Mortgage","Vehicle",1
61455,17.75,396062,1.24,"556801",25.42,90.91,48.5,"Salaried","Mortgage","Vehicle",0
61933,17.75,398335,0.93,"300633",8.44,34.45,42,"Salaried","Mortgage","Vehicle",0
66312,17.75,400448,1.92,"413239",20.44,67.69,48.5,"Salaried","Mortgage","Vehicle",0
66057,17.75,402030,1.73,"538874",21.39,73.69,52.8,"Salaried","Mortgage","Vehicle",0
62542,17.75,402606,2.06,"1019056",12.91,44.64,43.5,"Salaried","Mortgage","Vehicle",0
62622,17.75,407895,1.51,"433816",29.88,99.56,59.5,"Salaried","Mortgage","Vehicle",0
60938,17.75,410271,1.99,"884781",12.4,51.08,38,"Salaried","Mortgage","Vehicle",1
66957,17.75,414647,1.46,"588850",8.17,34.26,36.2,"Salaried","Mortgage","Vehicle",0
63078,17.75,416939,1.51,"544264",30.04,102.6,56.2,"Salaried","Mortgage","Vehicle",1
61264,17.75,423819,1.17,"1555277",9.6,40.75,32.8,"Salaried","Mortgage","Vehicle",1
65256,17.75,426877,1.63,"1522531",26.35,88.3,55.2,"Salaried","Mortgage","Vehicle",1
68310,17.75,427925,1.5,"1084767",34.13,111,57.7,"Salaried","Mortgage","Vehicle",0
66617,17.75,429140,1.17,"1483417",17.32,59.1,43.8,"Salaried","Mortgage","Vehicle",0
66586,17.75,433133,1.05,"874048",37.04,118.78,59.2,"Salaried","Mortgage","Vehicle",1
66360,17.75,433400,1.5,"416418",27.53,93.58,50.4,"Salaried","Mortgage","Vehicle",0
63635,17.75,433973,1.33,"623075",13.95,56.55,36.1,"Salaried","Mortgage","Vehicle",1
62486,17.75,442881,1.26,"1348811",20.37,68.55,51.1,"Salaried","Mortgage","Vehicle",0
66762,17.75,448673,1.42,"1395218",8.15,33.4,34.4,"Salaried","Mortgage","Vehicle",0
69366,17.75,450543,1.57,"544012",23.32,80.59,56.4,"Salaried","Mortgage","Vehicle",0
67316,17.75,452767,1.81,"734523",28.56,98.65,54.1,"Salaried","Mortgage","Vehicle",0
69660,17.75,456840,1.37,"350200",31.18,100.34,55.1,"Salaried","Mortgage","Vehicle",1
62951,17.75,461551,1.44,"1235983",9.45,42.49,31.7,"Salaried","Mortgage","Vehicle",0
64344,17.75,461982,1.41,"1001111",9.34,37.13,36.8,"Salaried","Mortgage","Vehicle",0
63857,17.75,465671,1.72,"1087368",19.5,63.51,49.5,"Salaried","Mortgage","Vehicle",1
62711,17.75,473361,1.4,"730840",30.45,105.96,54.6,"Salaried","Mortgage","Vehicle",0
64228,17.75,485965,1.75,"1247984",11.77,38.66,40.6,"Salaried","Mortgage","Vehicle",1
61606,17.75,488873,1.48,"187242",34.99,109.72,62.3,"Salaried","Rent","Vehicle",1
62233,17.75,492870,1.35,"753509",31.53,109.18,57.2,"Salaried","Mortgage","Vehicle",0
62496,17.75,520140,1.44,"941233",12.62,53.19,38.9,"Salaried","Mortgage","Vehicle",1
67238,17.75,527559,1.1,"721650",25.58,83.87,51.4,"Salaried","Mortgage","Vehicle",1
67899,17.75,543448,1.09,"1334935",14.48,52.26,36.7,"Salaried","Mortgage","Vehicle",0
67034,17.75,547710,1.43,"2060406",10.31,45.91,38.5,"Salaried","Mortgage","Vehicle",1
63601,17.75,548434,1.8,"1109966",18.91,70.98,45.6,"Salaried","Mortgage","Vehicle",1
66819,17.75,566919,1.55,"827290",12.1,52.39,42.5,"Salaried","Mortgage","Vehicle",1
64164,17.75,567854,1,"1229261",20.36,75.09,51.5,"Salaried","Mortgage","Vehicle",0
65320,17.75,573681,1.57,"181983",1.25,12.59,24.8,"Salaried","Mortgage","Home_improvement",0
67178,17.75,589945,1.8,"2146198",14.52,52.58,47.8,"Salaried","Mortgage","Vehicle",1
67394,17.75,594277,1.2,"1226414",33.38,109.44,59.7,"Salaried","Mortgage","Vehicle",0
66133,17.75,662502,1.35,"1465277",31.29,107.73,56.8,"Salaried","Mortgage","Vehicle",0
64145,17.75,676718,1.09,"1746625",17.22,59.77,48.7,"Salaried","Mortgage","Vehicle",1
65582,17.75,711733,1.06,"1983689",7.31,29.73,38.2,"Salaried","Mortgage","Vehicle",0
68302,17.75,712366,1.4,"2495794",14.07,53.71,38.7,"Salaried","Mortgage","Vehicle",0
63762,17.75,718163,1.89,"1757846",31.6,102.69,60,"Salaried","Mortgage","Vehicle",0
66570,17.75,749293,1.4,"1367090",8.9,38.19,43.1,"Salaried","Mortgage","Vehicle",1
63092,17.75,770392,1.23,"1485819",26.1,86.95,56.4,"Salaried","Mortgage","Vehicle",0
66628,17.75,822531,1.09,"2556278",25.07,80.64,54.2,"Salaried","Mortgage","Vehicle",0
66005,17.75,1670962,1.79,"660960",37.93,124.27,62.1,"Self-employed","Mortgage","Home_improvement",0
61350,17.75,1971182,1.85,"1230286",38.01,125.35,61.4,"Self-employed","Mortgage","Home_improvement",1
60675,17.75,2116760,1.27,"817834",39.16,126.53,67.8,"Self-employed","Mortgage","Home_improvement",0
61873,18.25,112158,1.48,"203711",35.96,122.16,62.5,"Salaried","Mortgage","Home_improvement",0
63461,18.25,113268,1.79,"396675",39.33,128.78,71.4,"Salaried","Mortgage","Home_improvement",0
67774,18.25,134068,1.59,"161060",27.13,94.13,60.6,"Salaried","Mortgage","Home_improvement",0
64473,18.25,137172,1.31,"369276",39.17,130.21,62.9,"Salaried","Mortgage","Home_improvement",1
60968,18.25,162078,1.56,"112895",37.81,124.9,61.9,"Salaried","Mortgage","Home_improvement",0
61283,18.25,191898,1.65,"250182",5.3,29.43,29.9,"Salaried","Mortgage","Home_improvement",0
69967,18.25,210414,0.86,"463098",3.93,19.73,33.4,"Salaried","Mortgage","Home_improvement",0
61585,18.25,213517,2.24,"697587",38.05,119.79,63.3,"Salaried","Mortgage","Home_improvement",1
66381,18.25,216880,1.01,"483235",33.73,107.56,60.2,"Salaried","Mortgage","Home_improvement",0
61958,18.25,242287,1.36,"317716",3.65,19.71,37,"Salaried","Mortgage","Home_improvement",0
61584,18.25,243346,1.66,"689820",39.84,130.56,67.8,"Salaried","Mortgage","Home_improvement",0
63379,18.25,254526,1.42,"408332",4.05,24.45,29.3,"Salaried","Mortgage","Home_improvement",1
67968,18.25,256622,1.12,"455308",33.34,108.55,67.4,"Salaried","Mortgage","Home_improvement",0
67327,18.25,257567,1.9,"622160",29.77,100.43,63,"Salaried","Mortgage","Home_improvement",0
64557,18.25,274891,1.27,"661175",31.52,107.05,63.6,"Salaried","Mortgage","Home_improvement",0
66471,18.25,277212,1.65,"944165",36.92,118.81,64.8,"Salaried","Mortgage","Home_improvement",0
63631,18.25,297620,1.88,"456801",32.86,108.77,66.7,"Salaried","Mortgage","Home_improvement",0
60147,18.25,308461,1.55,"754954",31.83,100.91,65.2,"Salaried","Mortgage","Home_improvement",1
68579,18.25,337435,1.45,"543896",3.65,17.63,29,"Salaried","Mortgage","Home_improvement",0
67922,18.25,345598,0.88,"552695",3,17.79,27.8,"Salaried","Mortgage","Home_improvement",0
68061,18.25,348835,2.01,"839692",38.73,127.47,63.7,"Salaried","Mortgage","Home_improvement",0
60961,18.25,350882,0.76,"815077",37.33,122.88,61.8,"Salaried","Mortgage","Home_improvement",0
62593,18.25,353557,1.5,"455154",28.98,97.02,60.7,"Salaried","Mortgage","Home_improvement",1
67216,18.25,357582,1.77,"569380",3.48,14.07,25.6,"Salaried","Mortgage","Home_improvement",0
66980,18.25,362755,1.46,"1048883",37.8,125.33,61.7,"Salaried","Mortgage","Home_improvement",0
65193,18.25,363776,1.19,"625138",27.6,92.02,60.8,"Salaried","Mortgage","Home_improvement",1
60918,18.25,374354,1.64,"1359509",33.41,110.88,65.2,"Salaried","Mortgage","Home_improvement",0
67337,18.25,385063,1.84,"467706",38.8,125.09,71.3,"Salaried","Mortgage","Home_improvement",0
68101,18.25,414568,1.71,"765347",36.25,116.17,65.3,"Salaried","Mortgage","Home_improvement",0
66392,18.25,430422,1.14,"1456664",39.86,131.35,69.7,"Salaried","Mortgage","Home_improvement",0
60065,18.25,436529,1.17,"1187768",33.42,110.87,67,"Salaried","Mortgage","Home_improvement",0
66975,18.25,472872,1.65,"1691889",5.11,23.72,29.5,"Salaried","Mortgage","Home_improvement",0
61823,18.25,476847,1.09,"552000",3.13,14.03,32.5,"Salaried","Mortgage","Home_improvement",1
67390,18.25,494900,1.43,"1050633",39.86,132.07,73.6,"Salaried","Mortgage","Home_improvement",1
62332,18.25,498294,1.3,"455457",29.06,98.08,61.6,"Salaried","Mortgage","Home_improvement",0
67038,18.25,500734,1.45,"465056",34.72,112.67,67.7,"Salaried","Mortgage","Home_improvement",0
67739,18.25,501512,1.74,"1544516",36.28,116.37,62,"Salaried","Mortgage","Home_improvement",0
60523,18.25,510478,1.21,"463709",36.71,117.6,67.7,"Salaried","Mortgage","Home_improvement",1
67251,18.25,512589,1.5,"575350",39.75,134.17,74.4,"Salaried","Mortgage","Home_improvement",1
68550,18.25,521454,1.55,"1488859",33.86,114.06,64.2,"Salaried","Mortgage","Home_improvement",0
61858,18.25,522772,1.61,"582434",37.04,123.87,61.8,"Salaried","Mortgage","Home_improvement",1
69255,18.25,537249,1.36,"760447",30.33,99.21,63.7,"Salaried","Mortgage","Home_improvement",0
64290,18.25,572769,1.73,"1438491",6.31,32.2,33.7,"Salaried","Mortgage","Home_improvement",0
62942,18.25,590238,1.87,"1620669",39.3,128.77,64.7,"Salaried","Mortgage","Home_improvement",1
62344,18.25,640817,1.48,"1260973",3.56,21.81,30.6,"Salaried","Mortgage","Home_improvement",0
63111,18.25,689346,1.53,"530422",36.54,118.42,67.3,"Salaried","Mortgage","Home_improvement",0
69520,18.25,694517,1.39,"2307395",29.66,96.02,62,"Salaried","Mortgage","Home_improvement",0
63710,18.25,796062,1.16,"1828909",28.66,94.87,61,"Salaried","Mortgage","Home_improvement",0
68693,18.25,841093,1.41,"773420",34.55,117.41,60.3,"Salaried","Mortgage","Home_improvement",0
68354,18.75,86113,1.5,"124253",18.1,66.18,49.5,"Salaried","Rent","Vehicle",0
62352,18.75,99006,1.14,"142143",13.61,49.63,40.1,"Salaried","Rent","Vehicle",0
64421,18.75,110718,1.16,"189804",23.74,86.84,55.6,"Salaried","Rent","Vehicle",0
64324,18.75,124159,0.93,"236597",34.11,114.09,57.7,"Salaried","Rent","Vehicle",1
65902,18.75,135501,1.3,"400852",16.55,58.77,44.3,"Salaried","Rent","Vehicle",1
68951,18.75,141074,1.65,"312588",17.75,63.61,45.6,"Salaried","Rent","Vehicle",0
67144,18.75,142402,1.17,"398840",16.76,59.87,39.4,"Salaried","Rent","Vehicle",0
68929,18.75,148786,1.7,"411358",15.49,55.27,46.3,"Salaried","Rent","Vehicle",0
68878,18.75,149353,0.88,"559714",11.86,51.39,35.2,"Salaried","Rent","Vehicle",0
68875,18.75,157745,1.27,"166524",25.1,82.37,58.2,"Salaried","Rent","Vehicle",1
60237,18.75,161654,1.13,"273409",7.62,38.07,33.2,"Salaried","Rent","Vehicle",1
66603,18.75,184824,1.42,"444531",26,88.52,58.1,"Salaried","Rent","Vehicle",0
65269,18.75,196104,1.58,"229742",10.64,44.14,44.3,"Salaried","Rent","Vehicle",0
62215,18.75,201873,2.07,"648202",24.87,82.11,51.3,"Salaried","Rent","Vehicle",0
68733,18.75,202206,0.93,"758165",11.91,52.57,41.2,"Salaried","Rent","Vehicle",1
62781,18.75,206690,1.57,"356927",35.84,115.18,59.5,"Salaried","Rent","Vehicle",1
62291,18.75,213501,1.44,"349402",13.94,52.98,40.2,"Salaried","Rent","Vehicle",1
68546,18.75,216224,1.27,"455206",17.94,68.96,40.2,"Salaried","Rent","Vehicle",0
61710,18.75,254480,1.24,"544267",19.19,66.5,48.1,"Salaried","Rent","Vehicle",0
61178,18.75,274838,1.32,"614015",33.34,108.61,57,"Salaried","Rent","Vehicle",0
60867,18.75,289373,1.35,"726997",21.82,76.12,51.9,"Salaried","Rent","Vehicle",0
62861,18.75,293726,1.48,"830757",8.73,38.05,33.1,"Salaried","Rent","Vehicle",1
64254,18.75,299438,2.05,"981486",18.04,67.62,50.7,"Salaried","Rent","Vehicle",1
65278,18.75,307090,1.27,"873259",12.23,41.14,41.3,"Salaried","Rent","Vehicle",0
67430,18.75,313265,1.71,"205989",1.88,14.63,35.6,"Salaried","Mortgage","Vehicle",0
64882,18.75,318987,0.96,"215557",12.96,46.32,39.3,"Salaried","Rent","Vehicle",0
68277,18.75,319779,1.5,"453362",24.52,85.73,56.4,"Salaried","Rent","Vehicle",1
63000,18.75,319954,1.72,"800323",28.21,94.16,58.3,"Salaried","Rent","Vehicle",1
64673,18.75,325239,1.36,"895755",14.31,52.74,40.6,"Salaried","Rent","Vehicle",0
63453,18.75,334738,1.69,"809543",10.41,36.4,37.2,"Salaried","Rent","Vehicle",1
61280,18.75,349807,1.4,"1184538",24.82,81.46,53.2,"Salaried","Rent","Vehicle",0
68836,18.75,369032,1.01,"350199",9.49,31.05,41.8,"Salaried","Rent","Vehicle",0
62550,18.75,370631,1.52,"632714",18.16,60.47,52.3,"Salaried","Rent","Vehicle",0
69570,18.75,379256,1.73,"985159",9.69,40.41,39.5,"Salaried","Rent","Vehicle",1
68801,18.75,385455,1.31,"600788",19.19,69.41,49.3,"Salaried","Rent","Vehicle",0
68289,18.75,392829,1.22,"406282",8.24,31.74,42.8,"Salaried","Rent","Vehicle",1
61469,18.75,396585,1.6,"1272234",13.11,52.28,47.8,"Salaried","Rent","Vehicle",0
69777,18.75,397679,1.91,"941461",15.65,54.31,50.2,"Salaried","Rent","Vehicle",1
66204,18.75,397878,1.15,"284697",8.47,31.77,36.8,"Salaried","Rent","Vehicle",0
61023,18.75,410446,2.1,"1290432",13,52.08,47.7,"Salaried","Rent","Vehicle",1
62509,18.75,414869,1.44,"455221",20.11,76.34,53.9,"Salaried","Rent","Vehicle",0
61961,18.75,424947,1.13,"1149114",22.23,81.02,56.3,"Salaried","Rent","Vehicle",0
68379,18.75,426358,0.94,"814873",32.8,107.37,55.1,"Salaried","Rent","Vehicle",0
67049,18.75,433977,0.5,"1464026",29.42,95.79,54,"Salaried","Rent","Vehicle",0
61742,18.75,435682,1.58,"435244",28.23,97.94,59.4,"Salaried","Rent","Vehicle",0
67876,18.75,438350,1.67,"1602998",26.69,95.91,49.8,"Salaried","Rent","Vehicle",1
61039,18.75,442015,1.25,"1584378",7.82,33.3,40.7,"Salaried","Rent","Vehicle",0
66843,18.75,449055,1.1,"1050111",19.18,64.47,50.6,"Salaried","Rent","Vehicle",1
61338,18.75,457200,1.38,"1126264",14.24,56.4,45.9,"Salaried","Rent","Vehicle",1
62667,18.75,460720,1.6,"1615583",22.76,80.24,52.3,"Salaried","Rent","Vehicle",0
66416,18.75,465223,1.44,"1714499",27.4,88.3,49.4,"Salaried","Rent","Vehicle",0
61980,18.75,484472,1.82,"1619425",22.65,77,45.8,"Salaried","Rent","Vehicle",0
65958,18.75,487442,1.45,"1437739",9.84,37.06,38,"Salaried","Rent","Vehicle",0
61587,18.75,490274,1.88,"444748",14.91,57.32,42.9,"Salaried","Rent","Vehicle",1
65570,18.75,492884,0.65,"1689315",28.93,90.76,56,"Salaried","Rent","Vehicle",0
63362,18.75,518602,2.21,"295971",36.59,116.93,66.1,"Self-employed","Mortgage","Vehicle",0
61407,18.75,520323,0.93,"1913819",18.64,71.07,45.2,"Salaried","Rent","Vehicle",0
69954,18.75,524448,1.86,"1931195",24.42,83.19,50.3,"Salaried","Rent","Vehicle",1
65782,18.75,546159,1.86,"1716240",22.53,82.76,46.2,"Salaried","Rent","Vehicle",0
68391,18.75,548471,1.64,"534062",22.98,78.44,55.1,"Salaried","Rent","Vehicle",0
66987,18.75,550425,1.69,"557329",30.89,101.57,56.7,"Salaried","Rent","Vehicle",1
63992,18.75,552910,1.46,"1560423",29.29,98.41,51.5,"Salaried","Rent","Vehicle",1
63313,18.75,579380,1.56,"1090431",13.26,47.65,43.9,"Salaried","Rent","Vehicle",0
69780,18.75,596953,2.35,"256879",0.66,11.77,30.9,"Salaried","Mortgage","Vehicle",0
69216,18.75,610102,1.5,"487488",27.67,92.44,56.4,"Salaried","Rent","Vehicle",0
60616,18.75,630727,1.71,"1518200",28.73,97.42,55.2,"Salaried","Rent","Vehicle",0
66469,18.75,632692,1.46,"1017561",14.67,52.83,40.9,"Salaried","Rent","Vehicle",1
67164,18.75,635403,0.94,"1982743",27.67,98.14,55.6,"Salaried","Rent","Vehicle",1
67919,18.75,635651,1.22,"909827",15.07,52.16,46.3,"Salaried","Rent","Vehicle",1
63859,18.75,658540,1.35,"1243136",33.04,106.01,57.2,"Salaried","Rent","Vehicle",1
67339,18.75,667375,1.52,"468040",14.09,52.36,44.3,"Salaried","Rent","Vehicle",0
67042,18.75,678680,1.54,"1612628",10.9,43.28,35.2,"Salaried","Rent","Vehicle",0
61267,18.75,698028,2.28,"1448008",14.24,53.43,40.4,"Salaried","Rent","Vehicle",0
68976,18.75,698071,1.65,"2565673",7.92,29.81,42,"Salaried","Rent","Vehicle",0
64134,18.75,714017,1.43,"2258613",14.25,53.59,41.5,"Salaried","Rent","Vehicle",0
60071,18.75,843217,1.55,"594525",16.58,62.28,48.1,"Salaried","Rent","Vehicle",0
67951,18.75,845139,1.18,"474616",24.36,78.31,53.3,"Contract","Mortgage","Vehicle",0
69716,18.75,1053593,1.64,"1276675",12.79,46.06,45.2,"Self-employed","Mortgage","Home_improvement",1
67009,18.75,1462624,1.49,"640388",20.57,71.05,52.4,"Self-employed","Own","Debt_consolidation",0
60117,18.75,1505447,2.06,"5218590",15.8,55.46,39.9,"Self-employed","Mortgage","Home_improvement",0
63500,18.75,1920821,1.32,"4913809",16.4,59.43,42,"Self-employed","Mortgage","Home_improvement",0
68251,18.75,1954523,1.32,"778832",18.48,65.68,46.8,"Self-employed","Own","Debt_consolidation",0
66811,18.75,2126073,1.95,"7771440",18.44,62.09,43.2,"Self-employed","Mortgage","Home_improvement",1
64236,18.75,2345650,1.42,"6495105",32.92,107.7,59.7,"Self-employed","Mortgage","Home_improvement",0
65600,19.25,88200,1.26,"297099",7.47,33.16,36.5,"Salaried","Own","Debt_consolidation",1
69808,19.25,100650,1.8,"270956",38.1,125,60.1,"Salaried","Mortgage","Vehicle",0
61675,19.25,106216,1.3,"352972",24.4,85.03,58.8,"Salaried","Own","Debt_consolidation",0
61580,19.25,106929,1.77,"278260",18.41,59.82,47.7,"Salaried","Own","Debt_consolidation",1
69797,19.25,121666,1.52,"145068",29.62,100.45,62.3,"Salaried","Mortgage","Vehicle",0
64807,19.25,130391,2.17,"333743",35.64,116.6,69.2,"Salaried","Mortgage","Vehicle",1
65889,19.25,145026,1.81,"359203",21.3,73.63,47.1,"Salaried","Own","Debt_consolidation",0
65157,19.25,145179,1.35,"368594",13.54,51.18,40.9,"Salaried","Own","Debt_consolidation",0
68290,19.25,151971,1.66,"114595",26.55,86.54,61.1,"Salaried","Mortgage","Vehicle",1
61346,19.25,155999,1.71,"139427",17.22,60.16,48.1,"Salaried","Own","Debt_consolidation",1
67947,19.25,159305,1.57,"226898",5.64,28.33,36.3,"Salaried","Mortgage","Vehicle",0
68663,19.25,167062,0.9,"523718",37.66,123.21,69.1,"Salaried","Mortgage","Vehicle",1
62032,19.25,183950,1.88,"478559",3.99,28.09,29,"Salaried","Mortgage","Vehicle",0
68788,19.25,185436,1.35,"364154",19.81,68.31,50.1,"Salaried","Own","Debt_consolidation",1
63652,19.25,187010,1.43,"195324",6.7,28.14,30.3,"Salaried","Mortgage","Vehicle",0
69851,19.25,189802,1.57,"220602",11.76,45.19,42.8,"Salaried","Own","Debt_consolidation",0
61232,19.25,192054,1.53,"122419",25.53,83.56,50.9,"Salaried","Rent","Other",0
66863,19.25,194883,1.99,"357627",12.51,48.36,42.6,"Salaried","Own","Debt_consolidation",0
62093,19.25,197144,1.86,"167936",31.45,103.79,65.7,"Salaried","Mortgage","Vehicle",1
60350,19.25,203445,1.81,"327137",39.76,131.47,62.4,"Salaried","Mortgage","Vehicle",1
67127,19.25,205190,1.6,"671217",11.26,49.75,36.9,"Salaried","Own","Debt_consolidation",0
67679,19.25,208903,1.28,"715983",19.54,67.51,53.8,"Salaried","Own","Debt_consolidation",0
69183,19.25,211460,1.23,"652254",7.01,28.42,37.7,"Salaried","Own","Debt_consolidation",0
68785,19.25,216338,1.21,"754569",5.63,24.93,40.6,"Salaried","Mortgage","Vehicle",0
61102,19.25,222879,0.87,"688239",6,30.18,37.6,"Salaried","Mortgage","Vehicle",0
63175,19.25,228091,1.55,"484742",20.15,71.43,43.4,"Salaried","Own","Debt_consolidation",1
60762,19.25,233232,1.48,"809098",39.43,125.71,68.6,"Salaried","Mortgage","Vehicle",0
69094,19.25,233682,2.15,"671503",33.91,112.13,66.6,"Salaried","Mortgage","Vehicle",0
64494,19.25,237923,1.67,"362065",34.3,117.84,66.8,"Salaried","Mortgage","Vehicle",0
61957,19.25,239350,1.43,"448668",19.89,71.91,49.7,"Salaried","Own","Debt_consolidation",0
65323,19.25,240092,1.51,"781239",18.57,64.84,53.3,"Salaried","Own","Debt_consolidation",0
66683,19.25,245447,1.3,"508403",5.15,24.28,27.5,"Salaried","Mortgage","Vehicle",1
67462,19.25,246005,2.24,"787120",39.73,132.36,72.3,"Salaried","Mortgage","Vehicle",0
67910,19.25,248244,1.37,"512636",11.01,44.24,44.6,"Salaried","Own","Debt_consolidation",0
67447,19.25,250521,1.14,"713064",17.02,62.8,48.4,"Salaried","Own","Debt_consolidation",0
67886,19.25,255469,1.81,"957027",6.64,31,37.4,"Salaried","Mortgage","Vehicle",1
67457,19.25,255588,1.91,"708178",33.27,107.25,60.6,"Salaried","Mortgage","Vehicle",1
67872,19.25,267372,1.73,"1008497",3.52,19.38,36.7,"Salaried","Mortgage","Vehicle",0
60414,19.25,269289,1.51,"681448",4.09,25.07,30.3,"Salaried","Mortgage","Vehicle",0
62979,19.25,285905,1.03,"888764",8.1,38.24,37.1,"Salaried","Own","Debt_consolidation",0
62213,19.25,289877,2.16,"653959",32.3,104.4,62.5,"Salaried","Mortgage","Vehicle",1
66178,19.25,290958,1.76,"129931",29.7,102.43,54.3,"Salaried","Rent","Other",0
66999,19.25,294163,1.5,"821627",11.02,41.69,36.7,"Salaried","Own","Debt_consolidation",0
69805,19.25,301837,1.21,"759938",28.51,97.47,61.6,"Salaried","Mortgage","Vehicle",0
60501,19.25,303969,1.8,"966961",39.56,127.28,68.1,"Salaried","Mortgage","Vehicle",1
61881,19.25,304352,1.45,"320272",30.29,103.84,55.2,"Salaried","Own","Debt_consolidation",0
66836,19.25,311311,2.14,"247506",35.93,119.78,61.8,"Salaried","Mortgage","Vehicle",1
65345,19.25,326057,1.3,"824608",32.21,111.44,62.1,"Salaried","Mortgage","Vehicle",1
68028,19.25,328835,1.28,"160531",18.98,69.98,42.8,"Salaried","Rent","Other",0
62869,19.25,332278,1.49,"683498",17.91,60.41,46.2,"Salaried","Own","Debt_consolidation",1
65905,19.25,334957,1.59,"1096189",32.76,105.14,63.1,"Salaried","Mortgage","Vehicle",0
66893,19.25,336177,1.41,"542141",3.05,12.95,27.9,"Salaried","Mortgage","Vehicle",0
67325,19.25,339599,2.16,"339256",18.54,69.35,53.4,"Salaried","Own","Debt_consolidation",1
68135,19.25,350431,1.59,"663387",31.45,103.87,63.6,"Salaried","Mortgage","Vehicle",0
68394,19.25,353697,1.71,"1142572",33.36,111.18,56.4,"Salaried","Own","Debt_consolidation",1
63355,19.25,359044,1.73,"839480",14.85,48.9,39.9,"Salaried","Own","Debt_consolidation",1
62353,19.25,366345,1.61,"1328348",5.58,29.47,27.7,"Salaried","Mortgage","Vehicle",0
63290,19.25,375580,1.67,"151298",14.6,49.77,48.4,"Salaried","Rent","Other",1
69315,19.25,379711,1.6,"349822",38.88,125.51,62.2,"Salaried","Mortgage","Vehicle",0
64638,19.25,382192,1.74,"1417104",38.43,124.86,65.5,"Salaried","Mortgage","Vehicle",1
61402,19.25,383227,1.07,"1347827",25.49,87.41,53,"Salaried","Own","Debt_consolidation",0
63282,19.25,383913,1.48,"1104527",38.13,125.43,65.6,"Salaried","Mortgage","Vehicle",1
67957,19.25,394418,1.43,"1025747",13.91,59.25,39.2,"Salaried","Own","Debt_consolidation",0
62741,19.25,395783,1.21,"1017327",33.58,102.39,58.3,"Salaried","Own","Debt_consolidation",0
68652,19.25,395970,1.34,"1453256",11.26,40.89,40.2,"Salaried","Own","Debt_consolidation",0
64523,19.25,399058,1.05,"231639",17.3,60.49,40.2,"Salaried","Rent","Other",0
65558,19.25,405906,1.9,"435021",32.31,107.7,65.5,"Salaried","Mortgage","Vehicle",0
61070,19.25,406358,1.51,"1401626",27.52,91.39,59.4,"Salaried","Own","Debt_consolidation",1
62179,19.25,407784,1.51,"362109",6.39,33.7,29.8,"Salaried","Mortgage","Vehicle",1
69268,19.25,408490,1.38,"1117951",17.53,57.11,51.4,"Salaried","Own","Debt_consolidation",0
68800,19.25,409651,1.54,"199909",17.68,62.96,51.4,"Salaried","Rent","Other",0
68876,19.25,418008,1.42,"1509236",27.63,92.21,57.5,"Salaried","Own","Debt_consolidation",0
69245,19.25,419329,1.29,"534295",36.55,117.18,70.4,"Salaried","Mortgage","Vehicle",0
69209,19.25,419915,2.03,"850204",36.94,122.45,59.4,"Salaried","Own","Debt_consolidation",0
66445,19.25,433558,2.15,"1553230",19.09,65.38,43,"Salaried","Own","Debt_consolidation",1
64978,19.25,438465,1.24,"816635",12.92,51.03,40.3,"Salaried","Own","Debt_consolidation",1
63858,19.25,441677,1.37,"877129",39.41,126.48,71.5,"Salaried","Mortgage","Vehicle",1
67753,19.25,442129,1.51,"192527",29.7,97.65,53.6,"Salaried","Rent","Other",0
67779,19.25,444400,1.15,"454551",33.73,109.72,62.4,"Salaried","Mortgage","Vehicle",0
63432,19.25,447730,1.61,"1592588",29.63,100.15,61,"Salaried","Mortgage","Vehicle",1
65509,19.25,448021,1.61,"1209879",23.38,84.31,48.9,"Salaried","Own","Debt_consolidation",1
60962,19.25,450533,1.9,"553054",38.93,127.95,70.3,"Salaried","Mortgage","Vehicle",1
67352,19.25,457550,2.1,"1149392",31.6,106.83,61.7,"Salaried","Mortgage","Vehicle",0
61554,19.25,476194,1.27,"1720276",7.63,35.45,32.1,"Salaried","Own","Debt_consolidation",0
61903,19.25,478769,1.55,"186227",9.43,40.08,40.2,"Self-employed","Mortgage","Debt_consolidation",0
68567,19.25,479899,1.44,"508206",38.66,128.86,73.6,"Salaried","Mortgage","Vehicle",1
63728,19.25,488372,1.15,"956808",20.59,71.1,43.6,"Salaried","Own","Debt_consolidation",0
68760,19.25,491900,1.4,"741590",34.49,109.57,60.3,"Salaried","Mortgage","Vehicle",0
65300,19.25,495009,1.58,"620934",7.53,37.38,31,"Salaried","Own","Debt_consolidation",0
67496,19.25,502789,1.51,"1468383",13.05,52.52,45,"Salaried","Own","Debt_consolidation",0
60059,19.25,519436,1.61,"939344",13.89,55.07,38.4,"Salaried","Own","Debt_consolidation",0
63176,19.25,531603,1.88,"1142501",13.09,49.35,35.9,"Salaried","Own","Debt_consolidation",0
66607,19.25,533934,1.5,"298431",11.76,47.97,42.6,"Salaried","Rent","Other",1
65924,19.25,534005,1.24,"1388768",18.35,61.97,43.8,"Salaried","Own","Debt_consolidation",0
64983,19.25,556349,1.02,"876849",38.04,128.15,71.6,"Salaried","Mortgage","Vehicle",0
62976,19.25,582945,1.4,"1117138",6.61,25.49,41.2,"Salaried","Mortgage","Vehicle",0
62472,19.25,584987,1.32,"1466018",37.06,123.99,60.3,"Salaried","Mortgage","Vehicle",0
63306,19.25,590555,1.37,"793299",4.34,26.16,28.1,"Salaried","Mortgage","Vehicle",0
66093,19.25,603240,1.86,"432138",39.27,126.89,61.7,"Salaried","Mortgage","Vehicle",1
66274,19.25,627308,1.26,"2080737",30.24,103.95,60.6,"Salaried","Mortgage","Vehicle",1
63388,19.25,652098,1.29,"2097693",20.82,71.2,49.6,"Salaried","Own","Debt_consolidation",1
62401,19.25,687167,1.56,"1551387",39.5,137.19,72.1,"Salaried","Mortgage","Vehicle",1
64953,19.25,703779,1.36,"2648779",32.24,103.17,60.1,"Salaried","Mortgage","Vehicle",1
63462,19.25,707992,1.56,"2383006",8.27,34.18,32.6,"Salaried","Own","Debt_consolidation",0
63020,19.25,711513,1.97,"2285022",13.31,51.35,46.6,"Salaried","Own","Debt_consolidation",1
66561,19.25,783269,1.14,"2594372",20.76,75.2,48.9,"Salaried","Own","Debt_consolidation",0
64032,19.25,864252,1.78,"2788591",28.91,94.89,62.9,"Salaried","Mortgage","Vehicle",0
67165,19.25,891194,1.38,"542087",32.96,107.32,55.7,"Self-employed","Mortgage","Debt_consolidation",0
61167,19.25,1039662,1.36,"492039",38.61,129.6,68.4,"Contract","Mortgage","Home_improvement",1
61783,19.25,1126806,1.97,"398579",22.18,78.17,50.9,"Self-employed","Mortgage","Debt_consolidation",1
63045,19.75,91715,0.94,"97241",17.31,64.36,46.6,"Self-employed","Mortgage","Vehicle",0
64101,19.75,155819,1.54,"60577",1.18,13.08,32.1,"Salaried","Rent","Vehicle",0
65475,19.75,156065,2.33,"82248",12.09,43.18,44.8,"Contract","Rent","Vehicle",1
67045,19.75,277889,0.99,"168867",2.29,17.33,31.5,"Salaried","Rent","Vehicle",0
60522,19.75,331061,2.08,"520753",16.61,60.93,42.3,"Self-employed","Mortgage","Vehicle",1
66790,19.75,384011,1.22,"1451832",8.15,36.51,35.7,"Self-employed","Mortgage","Vehicle",0
65309,19.75,391833,1.9,"1138177",22.62,74.52,51.3,"Self-employed","Mortgage","Vehicle",0
69859,19.75,540270,1.69,"219163",0.05,14.79,27.5,"Salaried","Rent","Vehicle",0
68819,19.75,546797,2.09,"289268",11.33,41.98,42.5,"Contract","Rent","Vehicle",0
60904,19.75,760439,2.26,"2427421",8.88,38.72,34.7,"Self-employed","Mortgage","Vehicle",1
69239,19.75,913296,2.4,"2815483",29.58,103.95,57.5,"Self-employed","Mortgage","Vehicle",1
60868,19.75,948195,1.97,"3398258",12.78,54.96,43,"Self-employed","Mortgage","Vehicle",0
68325,19.75,1069485,1.66,"339816",14.87,52.65,38.8,"Self-employed","Rent","Other",1
66846,19.75,1260039,2.39,"1307018",14.1,55.49,38.7,"Self-employed","Mortgage","Vehicle",1
65554,19.75,1300746,0.95,"396019",32.06,101.4,61.5,"Contract","Rent","Vehicle",0
65498,19.75,1376974,2.46,"4506053",17.54,66.61,52.5,"Self-employed","Mortgage","Vehicle",1
69684,19.75,1386407,1.46,"2420892",22.17,74.7,49.9,"Self-employed","Mortgage","Vehicle",1
68212,19.75,1501086,1.87,"5266410",14.39,54.21,49.3,"Self-employed","Mortgage","Vehicle",0
68367,19.75,1743536,1.82,"3706834",29.97,99.37,52,"Self-employed","Mortgage","Vehicle",0
67730,19.75,1769261,1.62,"4039566",27.63,88.86,58.2,"Self-employed","Mortgage","Vehicle",1
65051,19.75,1777026,1.75,"4679803",8.4,32.87,39.3,"Self-employed","Mortgage","Vehicle",0
64920,19.75,1789554,1.88,"2920409",32.43,106.84,58.2,"Self-employed","Mortgage","Vehicle",0
68569,19.75,1792672,1.09,"4919088",15.15,55.79,40.6,"Self-employed","Mortgage","Vehicle",1
65031,19.75,1807438,2.12,"5527314",17.67,64.12,40.4,"Self-employed","Mortgage","Vehicle",1
64989,19.75,2071150,2.05,"2342396",30.11,101.81,59,"Self-employed","Mortgage","Vehicle",1
66292,19.75,2121842,1.51,"5264662",15.54,58.3,39.3,"Self-employed","Mortgage","Vehicle",0
63944,19.75,2188569,2.07,"2150528",23.87,87.32,51.1,"Self-employed","Mortgage","Vehicle",1
66050,19.75,2244014,1.65,"5177951",13.68,49.16,41.3,"Self-employed","Mortgage","Vehicle",0
66970,19.75,2473568,1.59,"4945721",29.6,97.31,56.7,"Self-employed","Mortgage","Vehicle",1
67474,19.75,2522555,2.08,"1973793",34.07,115.14,58.4,"Self-employed","Mortgage","Vehicle",1
67648,19.75,2758384,1.39,"3611233",12.03,48.25,45.3,"Self-employed","Mortgage","Vehicle",0
69834,19.75,2906578,1.41,NA,20.24,67.75,46.3,"Self-employed","Mortgage","Vehicle",1
64478,19.75,3252924,2.44,NA,16.31,56.47,45.7,"Self-employed","Mortgage","Vehicle",0
67707,19.75,3348056,1.45,"10726142",18.96,66.85,46.8,"Self-employed","Mortgage","Vehicle",0
65012,19.75,NA,1.83,"11288363",22.13,75.4,56.4,"Self-employed","Mortgage","Vehicle",1
62256,19.75,NA,1.55,"4884841",30.75,103.52,54.8,"Self-employed","Mortgage","Vehicle",0
67705,19.75,NA,1.45,"2745492",1.11,15.59,33.7,"Self-employed","Mortgage","Home_improvement",0
64606,20.25,81776,1.63,"121542",39.73,133.68,72.8,"Salaried","Rent","Vehicle",1
65796,20.25,85541,1.66,"262599",6.76,24.21,29.3,"Salaried","Rent","Vehicle",1
63783,20.25,88933,1,"171348",2.03,18,35.2,"Salaried","Mortgage","Home_improvement",0
69250,20.25,151304,1.32,"192418",33.35,109.62,62,"Salaried","Rent","Vehicle",0
60327,20.25,152495,1.58,"495454",39.62,131.3,65.8,"Salaried","Rent","Vehicle",1
61181,20.25,176494,2.01,"438870",34.99,108.63,57.2,"Contract","Mortgage","Home_improvement",0
67764,20.25,190806,1.02,"449099",1.17,11.08,35.4,"Salaried","Mortgage","Home_improvement",0
62983,20.25,220820,1.62,"554302",36.86,119.5,66.6,"Salaried","Rent","Vehicle",0
68958,20.25,223647,1.09,"318202",37.65,119.19,69.6,"Salaried","Rent","Vehicle",0
66221,20.25,226272,1.53,"695107",35.41,117.33,70.4,"Salaried","Rent","Vehicle",0
66710,20.25,229276,1.71,"606116",32.71,109.39,60.1,"Salaried","Rent","Vehicle",0
64243,20.25,248079,1.78,"177260",38.72,121.52,64,"Salaried","Rent","Vehicle",0
66226,20.25,256255,1.93,"160965",39.36,122.28,63.4,"Contract","Mortgage","Vehicle",0
63767,20.25,260069,1.63,"692828",6.71,28.54,41.1,"Salaried","Rent","Vehicle",1
63522,20.25,264089,1.97,"646402",38.44,122.67,61.2,"Salaried","Rent","Vehicle",1
67435,20.25,279619,1.62,"728993",5.16,22.68,40.1,"Salaried","Rent","Vehicle",0
63349,20.25,285228,1.42,"683731",3.65,22.43,30,"Salaried","Rent","Vehicle",0
61332,20.25,297221,2.09,"934274",1.76,17.53,36.3,"Salaried","Mortgage","Home_improvement",0
60482,20.25,306991,1.33,"789143",31.87,108.68,65.4,"Salaried","Rent","Vehicle",0
62728,20.25,308662,1.62,"422344",0.65,6.26,32.1,"Salaried","Mortgage","Home_improvement",0
67837,20.25,316979,1.36,"1177207",39.42,127.53,73.3,"Salaried","Rent","Vehicle",0
65947,20.25,329371,1.83,"223936",4.77,18.8,39.3,"Salaried","Rent","Vehicle",0
62095,20.25,334751,1.72,"646568",3.79,18.79,35.6,"Salaried","Rent","Vehicle",0
69449,20.25,356366,1.6,"868508",36.25,120.77,63.6,"Salaried","Rent","Vehicle",0
60265,20.25,357238,1.76,"1119342",36.88,125.11,62,"Salaried","Rent","Vehicle",1
69165,20.25,358710,2.13,"688191",36.22,109.88,71.1,"Salaried","Rent","Vehicle",1
67902,20.25,358999,1.19,"1307244",28.01,91.17,60.4,"Salaried","Rent","Vehicle",0
65455,20.25,361703,1.15,"651189",39.37,128.79,73.8,"Salaried","Rent","Vehicle",0
65972,20.25,371721,1.46,"1067496",32.07,106.58,62,"Salaried","Rent","Vehicle",1
62597,20.25,379931,1.51,"1054446",0.7,18.28,25.9,"Salaried","Mortgage","Home_improvement",1
69505,20.25,387547,1.54,"310685",31.12,101.03,64.8,"Salaried","Rent","Vehicle",1
66966,20.25,395261,1.07,"909118",37.22,122.45,71.3,"Salaried","Rent","Vehicle",1
62305,20.25,402712,1.53,"1490175",13.04,48.92,43.5,"Contract","Mortgage","Home_improvement",1
60770,20.25,402782,1.34,"1194333",36.9,119.18,66.9,"Salaried","Rent","Vehicle",1
65587,20.25,403201,1.65,"674444",39.46,129.38,73.8,"Salaried","Rent","Vehicle",0
62249,20.25,421280,1.62,"599066",28.13,91.68,62.7,"Salaried","Rent","Vehicle",1
62438,20.25,431514,1.47,"1010672",38.39,123.03,67.7,"Salaried","Rent","Vehicle",0
65321,20.25,440158,1.96,"668059",33.78,114.36,67,"Salaried","Rent","Vehicle",1
65728,20.25,442076,0.94,"1399086",3.39,17.85,31.1,"Salaried","Rent","Vehicle",0
66064,20.25,455534,1.53,"174778",30.62,102.02,63.8,"Self-employed","Own","Debt_consolidation",0
69310,20.25,458204,1.67,"750670",32.17,108.38,61.9,"Salaried","Rent","Vehicle",0
60000,20.25,473740,1.11,"1569280",36.09,119.4,65.8,"Salaried","Rent","Vehicle",1
60956,20.25,494657,1.51,"1162547",36.82,121.78,68.3,"Salaried","Rent","Vehicle",1
62982,20.25,497113,1.71,"904970",34.44,112.24,65.1,"Salaried","Rent","Vehicle",1
61953,20.25,503170,0.91,"754956",6.43,26.57,29.7,"Salaried","Rent","Vehicle",0
62224,20.25,511125,1.35,"1840617",39.48,125.91,74,"Salaried","Rent","Vehicle",1
66627,20.25,518539,1.34,"1310861",6.19,28.38,33.7,"Salaried","Rent","Vehicle",1
66293,20.25,540755,1.31,"608401",29.14,97.11,60.3,"Salaried","Rent","Vehicle",1
65579,20.25,561738,1.58,"1169826",36.86,115.82,69.6,"Salaried","Rent","Vehicle",1
64504,20.25,584155,1.71,"851729",30.22,102.78,57.2,"Contract","Mortgage","Home_improvement",1
64786,20.25,585268,1.07,"1694827",36.35,117.19,66.5,"Salaried","Rent","Vehicle",0
67024,20.25,585774,2.04,"1840512",31.87,103.04,55,"Contract","Mortgage","Home_improvement",1
66280,20.25,587010,2.12,"755752",35.26,113.8,61.4,"Salaried","Rent","Vehicle",1
64554,20.25,591403,1.72,"1638498",6.5,30.26,39.7,"Salaried","Rent","Vehicle",0
66935,20.25,609050,1.81,"1565187",4.59,26.08,32.9,"Salaried","Rent","Vehicle",0
67092,20.25,643031,1.7,"981573",0.93,12.85,31.4,"Salaried","Mortgage","Home_improvement",0
64924,20.25,669907,1.68,"676580",34.55,116.36,65.9,"Salaried","Rent","Vehicle",1
61894,20.25,675527,1.18,"1935691",38.59,124.02,61.4,"Salaried","Rent","Vehicle",1
63878,20.25,689187,1.72,"2162905",34.55,115.85,61.3,"Salaried","Rent","Vehicle",1
69701,20.25,691357,1.46,"2252214",6.49,29.28,40.6,"Salaried","Rent","Vehicle",1
62159,20.25,697856,1.16,"1354265",36.65,123.04,65.4,"Salaried","Rent","Vehicle",1
64806,20.25,704006,1.08,"2634088",5.06,28.35,31.5,"Salaried","Rent","Vehicle",1
69311,20.25,732029,1.27,"840051",18.31,62.67,47.9,"Contract","Mortgage","Home_improvement",1
64418,20.25,744500,1.9,"1515708",2.64,17.74,37.1,"Salaried","Mortgage","Home_improvement",0
60682,20.25,799641,2.62,"1630314",7.76,31.37,35.8,"Contract","Mortgage","Home_improvement",1
68510,20.25,959832,1.91,"1919816",4.57,18.14,29.1,"Self-employed","Mortgage","Home_improvement",0
60488,20.25,1140116,2.04,"908532",29.44,96.58,60,"Contract","Mortgage","Home_improvement",1
66399,20.25,1277933,2.85,"1318726",38.21,121.28,70.2,"Self-employed","Mortgage","Home_improvement",1
68044,20.25,1727652,2.02,"5579034",5.17,27.99,39,"Self-employed","Mortgage","Home_improvement",1
68231,20.25,2067220,1.59,"4243895",3.61,21.66,34.5,"Self-employed","Mortgage","Home_improvement",1
69977,20.25,2089397,1.9,"6440831",39.27,125.95,64.5,"Self-employed","Mortgage","Home_improvement",1
63364,20.25,2236669,1.84,"7318640",38.66,125.91,67.2,"Self-employed","Mortgage","Home_improvement",1
61175,20.75,138582,1.05,"333943",4.52,23.32,27.2,"Salaried","Own","Debt_consolidation",0
68378,20.75,158005,1.42,"464371",4.05,20.37,27.5,"Salaried","Own","Debt_consolidation",0
60023,20.75,164040,1.65,"69074",35.33,115.5,67.9,"Salaried","Rent","Other",0
67421,20.75,198513,1.41,"704367",38.04,122.68,62.4,"Salaried","Own","Debt_consolidation",0
66673,20.75,204993,1.39,"220870",4.13,25.25,27.1,"Salaried","Own","Debt_consolidation",0
68479,20.75,205632,1.37,"653443",6.1,30.76,31.4,"Salaried","Own","Debt_consolidation",1
63284,20.75,217823,1.65,"167245",5.21,23.52,34.3,"Salaried","Own","Debt_consolidation",0
61653,20.75,275634,1.43,"965166",5.69,24.13,40.2,"Salaried","Own","Debt_consolidation",0
60722,20.75,278242,1.01,"1006565",39.61,125.93,65.3,"Salaried","Own","Debt_consolidation",1
60439,20.75,296390,1.06,"771964",33.02,108.87,62.9,"Salaried","Own","Debt_consolidation",1
66218,20.75,296404,1.41,"126270",5.19,24.73,37.4,"Salaried","Rent","Other",0
61816,20.75,309773,1.02,"752445",34.86,119.28,65.8,"Salaried","Own","Debt_consolidation",1
64464,20.75,314798,1.66,"284166",3.15,22.3,28,"Salaried","Own","Debt_consolidation",1
63112,20.75,348368,1.22,"422827",31.71,105.54,66.4,"Salaried","Own","Debt_consolidation",1
68356,20.75,369311,1.33,"431038",39.11,131.13,73.4,"Salaried","Own","Debt_consolidation",1
60579,20.75,378074,1.85,"257145",36.11,116.57,65.6,"Salaried","Own","Debt_consolidation",1
67635,20.75,384715,1.75,"1235978",38.99,130.08,65.5,"Salaried","Own","Debt_consolidation",0
69035,20.75,456087,1.49,"607698",5.43,19.3,35.4,"Salaried","Own","Debt_consolidation",1
62673,20.75,470953,1.43,"568774",32.05,104.7,63,"Salaried","Own","Debt_consolidation",1
63593,20.75,505252,1.42,"1727827",4.2,23.74,36.4,"Salaried","Own","Debt_consolidation",0
65591,20.75,505401,1.63,"1059891",35.57,117.95,69.6,"Salaried","Own","Debt_consolidation",1
63191,20.75,512995,1.75,"1758754",3.79,18.96,37.2,"Salaried","Own","Debt_consolidation",0
66151,20.75,565711,1.34,"1177126",38.26,123.21,70.8,"Salaried","Own","Debt_consolidation",0
67475,20.75,606206,1.18,"1182460",6.18,24.98,31.8,"Salaried","Own","Debt_consolidation",0
68931,20.75,700980,1.29,"455569",32.54,107.89,60.3,"Salaried","Rent","Other",1
63825,20.75,712904,1.21,"2325184",32.51,104.76,66.7,"Salaried","Own","Debt_consolidation",0
69643,20.75,1538643,1.5,"681622",33.69,115.99,61.2,"Self-employed","Mortgage","Debt_consolidation",1
66961,21.25,123022,1.69,"161003",2.29,19.19,30.6,"Salaried","Mortgage","Vehicle",1
65909,21.25,163267,1.04,"286095",1,11.43,30.1,"Salaried","Mortgage","Vehicle",0
62449,21.25,181774,0.92,"122906",0.01,13.78,32.7,"Salaried","Mortgage","Vehicle",0
62480,21.25,208630,1.55,"412646",1.5,21.21,33,"Salaried","Mortgage","Vehicle",0
61853,21.25,208801,1.54,"450584",1.77,18.32,34.2,"Salaried","Mortgage","Vehicle",1
66346,21.25,214934,1.78,"503331",10.47,40.69,36.4,"Contract","Mortgage","Vehicle",0
69680,21.25,216452,1.58,"322161",15.48,62.37,38.7,"Contract","Mortgage","Vehicle",0
65937,21.25,236978,1.52,"234378",2.5,21.94,31.7,"Salaried","Mortgage","Vehicle",1
65191,21.25,298373,1.31,"1014972",1.29,15.4,35.1,"Salaried","Mortgage","Vehicle",0
65561,21.25,306162,1.22,"1110623",0.19,14.15,26,"Salaried","Mortgage","Vehicle",0
63315,21.25,311104,1.72,"824550",39.03,127.9,64.6,"Self-employed","Mortgage","Vehicle",1
64651,21.25,312114,1.39,"1054683",31.86,107.08,55.2,"Self-employed","Own","Debt_consolidation",1
63863,21.25,342481,1.32,"1241844",2.12,19.84,29.7,"Salaried","Mortgage","Vehicle",0
62203,21.25,387978,1.86,"494532",5.92,31.97,40.4,"Self-employed","Mortgage","Vehicle",1
64171,21.25,392154,1.93,"1098686",20.75,67.81,48.5,"Contract","Mortgage","Vehicle",1
64888,21.25,442809,1.82,"875281",39.32,129.13,67.3,"Self-employed","Mortgage","Vehicle",0
67895,21.25,443729,1.75,"1606678",27.21,92.26,56.2,"Contract","Mortgage","Vehicle",1
61539,21.25,447831,1.97,"1664644",6.47,28.18,37.8,"Self-employed","Mortgage","Vehicle",1
65920,21.25,469296,1.9,"1138435",37.03,118.98,68.8,"Self-employed","Mortgage","Vehicle",1
66435,21.25,558351,2.07,"1450760",24.89,87.43,56.1,"Contract","Mortgage","Vehicle",1
61358,21.25,571862,1.59,"1433480",25.73,85.53,51.2,"Contract","Mortgage","Vehicle",1
67651,21.25,576963,1.91,"990364",24.52,81.79,52.8,"Contract","Mortgage","Vehicle",1
61331,21.25,579160,1.54,"1964926",28.6,96,51.3,"Contract","Mortgage","Vehicle",0
66410,21.25,665831,2.03,"1544780",22.93,78.77,56.4,"Contract","Mortgage","Vehicle",1
67542,21.25,675891,1.52,"1446210",31.06,107.2,60,"Contract","Mortgage","Vehicle",1
61659,21.25,755312,0.93,"1542474",11.17,48.59,37.1,"Contract","Mortgage","Vehicle",0
68023,21.25,762592,1.82,"2017571",7.16,32.68,31.6,"Self-employed","Own","Debt_consolidation",1
62008,21.25,815639,1.87,"489098",39.51,125.63,64.6,"Contract","Rent","Vehicle",1
66268,21.25,837373,1.25,"2187277",34.44,113.45,59.4,"Contract","Mortgage","Vehicle",0
63818,21.25,868180,1.7,"3291577",20.61,77.56,53.4,"Contract","Mortgage","Vehicle",0
63937,21.25,896466,1.71,"397297",22.04,74.44,48.7,"Self-employed","Rent","Other",1
68180,21.25,972481,1.73,"3130528",29.43,95.79,60.1,"Self-employed","Mortgage","Vehicle",1
65825,21.25,1064034,2.2,"1692824",30.7,95.03,58,"Contract","Mortgage","Vehicle",1
67204,21.25,1100369,1.44,"3559468",8.15,30.49,40.8,"Self-employed","Own","Debt_consolidation",1
66638,21.25,1123536,1.89,"1203018",36.31,121.28,63.4,"Self-employed","Mortgage","Vehicle",1
65646,21.25,1153011,2.18,"2577678",26.79,88.83,51.3,"Contract","Mortgage","Vehicle",1
65496,21.25,1205637,0.84,"2095077",24.4,80.78,49.8,"Self-employed","Own","Debt_consolidation",1
61352,21.25,1222541,2,"2745736",18.24,66.25,40.3,"Contract","Mortgage","Vehicle",1
64463,21.25,1285323,1.97,"1721435",5.38,27.21,34.7,"Self-employed","Mortgage","Vehicle",0
63365,21.25,1287934,1.8,"593752",22.82,82.71,48.3,"Self-employed","Rent","Other",1
67453,21.25,1336793,2.52,"4736334",12.42,48.86,42.2,"Self-employed","Own","Debt_consolidation",1
67169,21.25,1370372,1.46,"2695783",32.06,102.24,56.4,"Contract","Mortgage","Vehicle",0
61207,21.25,1386764,2.2,"3617612",22.74,79.52,54.3,"Self-employed","Own","Debt_consolidation",1
66429,21.25,1437843,2.2,"4766023",18.53,68.15,52.2,"Contract","Mortgage","Vehicle",1
68428,21.25,1441737,1.85,"1800253",33.37,110.49,63.9,"Self-employed","Mortgage","Vehicle",1
63624,21.25,1444098,1.62,"2126759",10.95,34.18,45.8,"Self-employed","Own","Debt_consolidation",0
69682,21.25,1480877,1.67,"3995405",11.47,41.23,46.2,"Self-employed","Own","Debt_consolidation",1
65562,21.25,1511398,1.64,"1031463",14.52,55.69,39.6,"Self-employed","Own","Debt_consolidation",0
68949,21.25,1648142,2.31,"3199514",17.88,61.39,47.2,"Self-employed","Own","Debt_consolidation",0
65263,21.25,1650339,1.41,"3843630",3.23,14.8,31.5,"Self-employed","Mortgage","Vehicle",0
69410,21.25,1670436,1.75,"2202894",30.66,94.01,63.2,"Self-employed","Mortgage","Vehicle",1
66408,21.25,1715203,1.74,"3594745",21.15,79.64,45.8,"Self-employed","Own","Debt_consolidation",0
65014,21.25,1744576,1.81,"2379962",15.69,63.52,40.2,"Self-employed","Own","Debt_consolidation",1
61401,21.25,1844391,1.72,"6809877",36.31,115.3,63.9,"Self-employed","Mortgage","Vehicle",1
68202,21.25,1845703,1.64,"3594684",8.35,30.2,30.6,"Self-employed","Own","Debt_consolidation",1
60769,21.25,1902694,2.03,"2745428",31.02,101.43,65.5,"Self-employed","Mortgage","Vehicle",1
61533,21.25,1934328,1.35,"5991998",31.89,105.25,56.7,"Self-employed","Own","Debt_consolidation",0
65415,21.25,1971386,1.58,"1022214",36.57,117.33,60,"Self-employed","Rent","Other",1
69371,21.25,2074148,1.69,"1188292",7.22,36.39,32.6,"Self-employed","Rent","Other",0
62371,21.25,2280515,1.39,"8445068",33.51,109.84,67.3,"Self-employed","Mortgage","Vehicle",1
68600,21.25,2434163,2.29,"6211370",31.33,103.48,60.5,"Self-employed","Mortgage","Vehicle",0
61798,21.25,2453959,0.99,"7030683",4.2,22.56,36.5,"Self-employed","Mortgage","Vehicle",0
66837,21.25,2935281,1.78,NA,26.3,85.79,50.1,"Self-employed","Rent","Other",1
68402,21.25,3359941,2.41,"6214301",9.75,31.72,34.9,"Self-employed","Own","Debt_consolidation",0
67529,21.75,91573,1.62,"295562",11.41,50,46.4,"Salaried","Rent","Other",0
63437,21.75,110241,1.15,"289665",13.89,52.53,40.3,"Salaried","Rent","Other",1
66304,21.75,112893,1.09,"389269",31.03,103.16,55.4,"Salaried","Rent","Other",1
65572,21.75,126268,1.49,"360687",7.82,33.17,31.8,"Salaried","Rent","Other",1
62407,21.75,135083,1.28,"241480",11.53,40.56,37.9,"Salaried","Rent","Other",1
66751,21.75,137589,1.43,"96721",20.64,71.83,50.8,"Salaried","Rent","Other",0
62123,21.75,202354,1.97,"311089",30,100.54,58.5,"Salaried","Rent","Other",1
60468,21.75,207538,1.2,"292154",16.52,53.97,50.3,"Salaried","Rent","Other",0
67365,21.75,215525,1.63,"792888",29.42,98.06,53.1,"Salaried","Rent","Other",1
61750,21.75,224090,0.99,"354554",23.71,84.29,49.6,"Salaried","Rent","Other",0
66061,21.75,234606,1.42,"789087",22.64,79.49,51.7,"Salaried","Rent","Other",0
66253,21.75,236578,1.88,"313587",15.32,56.82,46.3,"Salaried","Rent","Other",0
65593,21.75,238902,1.2,"555257",18.99,68.78,53.6,"Salaried","Rent","Other",1
66612,21.75,251736,1.57,"893044",29.75,100.01,54.2,"Salaried","Rent","Other",1
65366,21.75,254763,1.43,"572131",17.21,57.84,49.1,"Salaried","Rent","Other",0
63927,21.75,259599,1.18,"506661",17.59,60.08,48.6,"Salaried","Rent","Other",1
65292,21.75,292106,1.93,"578167",17.84,63.27,47.1,"Salaried","Rent","Other",0
64160,21.75,295865,1.29,"720098",29.38,99.75,57.4,"Salaried","Rent","Other",1
63422,21.75,300981,1.66,"1051532",34.89,110.32,58.7,"Salaried","Rent","Other",1
62012,21.75,321658,1.21,"1188829",10.97,46.91,36.4,"Salaried","Rent","Other",1
60711,21.75,325035,1.35,"890948",30.02,100.11,59.2,"Salaried","Rent","Other",1
62820,21.75,333242,1.6,"975955",13.67,52.25,41.2,"Salaried","Rent","Other",1
67632,21.75,353728,1.51,"1104700",10.47,44.14,38.2,"Salaried","Rent","Other",0
68730,21.75,372813,2.17,"1381063",24.44,84.98,48.5,"Salaried","Rent","Other",1
66084,21.75,379976,0.98,"1416064",33.54,106.16,57.2,"Salaried","Rent","Other",0
62318,21.75,391829,1.35,"411424",16.76,56.22,47.8,"Salaried","Rent","Other",1
65440,21.75,407182,1.48,"330305",16.4,55.52,41.4,"Salaried","Rent","Other",1
60500,21.75,423794,1.53,"1278237",24.01,77.27,58.1,"Salaried","Rent","Other",0
61501,21.75,451655,1.11,"1519099",17.01,61.4,41.1,"Salaried","Rent","Other",0
64775,21.75,467234,2.01,"1582410",17.26,63.37,50.7,"Salaried","Rent","Other",0
65647,21.75,476221,1.91,"562847",28.95,96.27,52.2,"Salaried","Rent","Other",0
62435,21.75,492353,1.34,"1428982",29.02,96.77,57,"Salaried","Rent","Other",0
60595,21.75,499381,1.89,"1729527",1.72,13.04,24.4,"Salaried","Mortgage","Home_improvement",0
66020,21.75,528098,1.2,"1101603",20.88,69.22,51.9,"Salaried","Rent","Other",0
60192,21.75,528803,1.03,"1340637",30.38,104.28,58.8,"Salaried","Rent","Other",0
63046,21.75,564592,1.67,"1959295",25.69,87.07,57.1,"Salaried","Rent","Other",0
69841,21.75,576354,1.64,"727147",30.16,98.99,53.5,"Salaried","Rent","Other",1
69499,21.75,604587,1.42,"1599964",25.95,87.97,58.8,"Self-employed","Mortgage","Debt_consolidation",1
69657,21.75,700869,1.03,"1833290",16.57,62.84,46.5,"Salaried","Rent","Other",0
65376,21.75,787184,0.78,"2444050",35.17,110.51,68.2,"Contract","Mortgage","Home_improvement",1
65238,21.75,790874,1.68,"1479332",39.28,126.05,69.7,"Contract","Mortgage","Home_improvement",0
69640,21.75,851898,1.37,"2172654",20.19,71.5,43.5,"Self-employed","Mortgage","Debt_consolidation",0
63524,21.75,871187,1.51,"1545964",24.41,84.13,51.4,"Self-employed","Mortgage","Debt_consolidation",0
64752,21.75,1121230,1.78,"1998482",32.76,109.96,56.9,"Self-employed","Mortgage","Debt_consolidation",1
62325,21.75,1127038,1.84,"2084168",15.01,47.72,49.7,"Self-employed","Mortgage","Debt_consolidation",0
69696,21.75,1220857,1.85,"1192023",13.64,50.55,35.7,"Self-employed","Mortgage","Debt_consolidation",1
66443,21.75,1386202,1.75,"2943723",16.62,57.55,47,"Self-employed","Mortgage","Debt_consolidation",0
67917,21.75,1675485,1.95,"2188585",27.4,91.47,50.3,"Self-employed","Mortgage","Debt_consolidation",1
60530,21.75,1710829,1.65,"2435539",27.76,95,53.6,"Self-employed","Mortgage","Debt_consolidation",1
66108,21.75,1716992,1.79,"2002556",10.24,39.75,40.1,"Self-employed","Mortgage","Debt_consolidation",0
62033,21.75,2583970,1.89,"4373221",11.79,49.58,34.2,"Self-employed","Mortgage","Debt_consolidation",0
65131,21.75,3040011,2.2,NA,7.18,33.58,39.3,"Self-employed","Mortgage","Debt_consolidation",0
62954,21.75,3070424,2.35,NA,19.07,67.1,47.1,"Self-employed","Mortgage","Debt_consolidation",1
60909,21.75,NA,1.35,"5162901",16.73,58.59,42.3,"Self-employed","Mortgage","Debt_consolidation",0
62266,22.25,99324,1.34,"365032",1.9,16.94,31.2,"Salaried","Rent","Vehicle",0
67187,22.25,193340,1.35,"724211",10.17,43.08,43.3,"Contract","Rent","Vehicle",0
66660,22.25,221230,2.06,"357845",2.39,22.51,32.3,"Salaried","Rent","Vehicle",1
60957,22.25,251376,1.83,"665571",24.4,84.73,50.1,"Contract","Rent","Vehicle",1
62052,22.25,259966,1.5,"237793",2.85,16.88,31.5,"Salaried","Rent","Vehicle",0
64005,22.25,267908,1.43,"929334",0.69,6.43,30.4,"Salaried","Rent","Vehicle",0
62128,22.25,291926,2.1,"427256",19.46,61.87,45.4,"Contract","Rent","Vehicle",1
61359,22.25,297906,2.05,"858938",14.96,51.86,41.5,"Contract","Rent","Vehicle",1
63556,22.25,300437,2.23,"1023389",8.9,35.08,40,"Contract","Rent","Vehicle",1
66849,22.25,312097,1.62,"524146",0.9,14.5,29.9,"Salaried","Rent","Vehicle",0
63632,22.25,327415,1.43,"461278",1.11,12.67,28.6,"Salaried","Rent","Vehicle",0
64331,22.25,344610,2,"400985",2.83,18.46,36.2,"Salaried","Rent","Vehicle",1
62335,22.25,348166,1.66,"539997",0.29,6.45,27.7,"Salaried","Rent","Vehicle",0
69882,22.25,401013,2.06,"1075599",15.53,54.18,44.7,"Contract","Rent","Vehicle",1
69934,22.25,409241,1.81,"395727",28.63,96.07,51.8,"Contract","Rent","Vehicle",1
63846,22.25,412296,1,"1211789",0.39,9.23,30.3,"Salaried","Rent","Vehicle",0
69488,22.25,423737,1.55,"841830",8.69,32.12,35.4,"Contract","Rent","Vehicle",1
60511,22.25,494160,1.6,"721922",2.61,16.99,34.5,"Salaried","Rent","Vehicle",1
62488,22.25,498001,1.58,"1472871",21.13,71.85,49,"Contract","Rent","Vehicle",1
66844,22.25,502707,2.35,"1839830",12.96,45.6,44.6,"Contract","Rent","Vehicle",1
68013,22.25,519668,2.25,"1322599",25.62,86.41,53.1,"Contract","Rent","Vehicle",1
64502,22.25,530476,1.15,"1953053",12.68,48.11,41.4,"Contract","Rent","Vehicle",1
63902,22.25,532871,1.26,"366489",11.3,44.36,40.8,"Contract","Rent","Vehicle",0
66909,22.25,552071,2.19,"210813",5.6,27.67,31.1,"Contract","Mortgage","Debt_consolidation",1
62846,22.25,559882,1.91,"737633",10.69,43.47,40.9,"Contract","Rent","Vehicle",1
68215,22.25,566280,1.66,"946863",1.06,13.8,26.3,"Salaried","Rent","Vehicle",0
65684,22.25,659234,1.96,"1228807",25.34,90.06,58.3,"Contract","Rent","Vehicle",0
61425,22.25,660577,1.4,"2395858",26.01,85.91,53.8,"Contract","Rent","Vehicle",1
61841,22.25,667646,2.12,"1153660",17.46,60.86,47.2,"Contract","Rent","Vehicle",0
67176,22.25,677742,1.43,"2464193",0.83,14.19,31,"Salaried","Rent","Vehicle",0
63660,22.25,684601,1.51,"1961475",20.88,73.57,52.4,"Contract","Rent","Vehicle",0
66630,22.25,693386,1.58,"695340",0.68,10.8,30,"Self-employed","Mortgage","Home_improvement",1
65927,22.25,754431,1.02,"2764921",0.69,8.28,30,"Salaried","Rent","Vehicle",0
68671,22.25,755030,1.73,"1730668",11.55,44.92,40,"Contract","Rent","Vehicle",1
68786,22.25,880724,2.04,"1942082",2.83,19.52,33.2,"Self-employed","Mortgage","Home_improvement",0
62483,22.25,978592,1.83,"1030139",35.98,119,59.1,"Contract","Rent","Vehicle",1
63869,22.25,1924873,0.86,"3210280",2.76,14.82,32.1,"Self-employed","Mortgage","Home_improvement",0
64946,22.25,2116429,1.54,"4420416",2.27,23.24,34.3,"Self-employed","Mortgage","Home_improvement",1
67409,22.75,214282,1.01,"173526",30.53,98.91,64.4,"Contract","Mortgage","Vehicle",1
68611,22.75,264136,2.14,"271240",2.86,15.54,25,"Salaried","Own","Debt_consolidation",0
64928,22.75,304270,1.35,"763631",38.01,121.29,69.1,"Contract","Mortgage","Vehicle",1
66270,22.75,378926,1.76,"893352",24.76,87.68,58.9,"Contract","Own","Debt_consolidation",0
64034,22.75,398961,1.45,"1494573",28.53,99.95,50.6,"Contract","Own","Debt_consolidation",1
60131,22.75,416981,2.3,"235706",10.92,46.04,38.2,"Contract","Rent","Other",0
65703,22.75,431522,2.05,"1271051",26.37,86.85,50.3,"Contract","Own","Debt_consolidation",1
62556,22.75,450870,1.42,"699048",0.91,12.9,33.6,"Salaried","Own","Debt_consolidation",1
68382,22.75,490879,1.74,"594119",35.63,117.78,66.2,"Self-employed","Own","Debt_consolidation",1
69906,22.75,507232,1.8,"1404760",3.53,20.63,31.4,"Self-employed","Own","Debt_consolidation",0
65603,22.75,542894,1.23,"941099",24.92,89.49,48.8,"Contract","Own","Debt_consolidation",1
61448,22.75,567918,1.77,"793760",0.04,8.69,28.1,"Salaried","Own","Debt_consolidation",1
67449,22.75,691519,2.04,"635809",0.74,14.29,33.1,"Salaried","Own","Debt_consolidation",0
65057,22.75,739532,2.29,"1423821",38.51,128.26,63.4,"Contract","Mortgage","Vehicle",0
61446,22.75,791628,1.2,"2608275",15.79,55.81,46.4,"Contract","Own","Debt_consolidation",1
61307,22.75,909553,1.96,"3149997",32.26,104.64,60.3,"Contract","Mortgage","Vehicle",1
62548,22.75,947697,2.21,"1162483",21.77,72.01,55.6,"Contract","Own","Debt_consolidation",1
63757,22.75,985490,1.11,"572345",31.54,109.37,56.6,"Contract","Rent","Other",1
69941,22.75,1025547,1.67,"1761178",6.73,30.88,38.9,"Self-employed","Own","Debt_consolidation",0
60019,22.75,1050933,1.82,"2511530",36.2,118.74,64.3,"Contract","Mortgage","Vehicle",1
65797,22.75,1062832,2.19,"601452",29.91,101.74,56.5,"Contract","Rent","Other",0
64881,22.75,1151625,1.14,"848541",17.62,63.79,46.7,"Contract","Own","Debt_consolidation",0
68147,22.75,1201264,1.3,"3715335",20.48,74.97,45.3,"Contract","Own","Debt_consolidation",0
67934,22.75,1272471,1.99,"4163997",36.39,120.55,61.6,"Self-employed","Own","Debt_consolidation",1
67708,22.75,1362916,1.99,"2836957",5.27,22.71,33,"Self-employed","Own","Debt_consolidation",0
62594,22.75,1524284,1.84,"4906733",37.17,120.65,61.1,"Self-employed","Own","Debt_consolidation",1
60638,22.75,1579452,2.43,"4443935",6.88,33.46,30.3,"Self-employed","Own","Debt_consolidation",1
60732,22.75,1640412,2.47,"925965",2.33,21.58,27,"Self-employed","Mortgage","Debt_consolidation",1
67592,22.75,2009056,1.92,"2810722",35.71,121.54,68.9,"Self-employed","Own","Debt_consolidation",0
63776,22.75,2215175,2.03,"2766296",6.68,31.2,31.1,"Self-employed","Own","Debt_consolidation",1
61722,23.25,224873,2.05,"215324",33.69,109.08,60.2,"Salaried","Rent","Other",1
67979,23.25,242730,1.62,"272126",32.89,105.74,65.2,"Salaried","Rent","Other",0
62871,23.25,264882,1.06,"520064",34.97,117.11,64.3,"Salaried","Rent","Other",1
61888,23.25,317730,1.17,"480519",35.75,123.47,62.2,"Salaried","Rent","Other",1
60076,23.25,358289,1.45,"531298",34.47,110.13,63.2,"Salaried","Rent","Other",1
64972,23.25,395748,1.36,"417573",31.17,99.51,64.8,"Salaried","Rent","Other",1
62427,23.25,404753,1.21,"957191",38.13,125.39,65.4,"Self-employed","Mortgage","Debt_consolidation",1
63856,23.25,457579,1.71,"1095324",28.5,95.15,63.3,"Salaried","Rent","Other",1
69251,23.25,481142,0.89,"1030026",35.42,111.54,68.2,"Salaried","Rent","Other",0
66062,23.25,489762,1.32,"568821",4.8,28.79,30,"Salaried","Rent","Other",1
64964,23.25,505437,1.72,"1116948",6.5,29.08,32.9,"Salaried","Rent","Other",0
63685,23.25,518246,1.07,"1818803",7.3,34.02,29.6,"Contract","Mortgage","Debt_consolidation",0
61831,23.25,526032,2.1,"692275",30.27,92.89,62.6,"Salaried","Rent","Other",0
64566,23.25,536534,1.92,"1940266",5.09,28.84,36.3,"Salaried","Rent","Other",0
64453,23.25,537765,1.38,"1117635",39.42,130.43,71.7,"Salaried","Rent","Other",0
61430,23.25,539267,2.5,"2042681",26.11,92.47,52.8,"Contract","Mortgage","Debt_consolidation",1
62273,23.25,542008,1.96,"1800545",12.75,48.63,44.9,"Contract","Mortgage","Debt_consolidation",1
60612,23.25,543312,1.29,"989591",28.84,98.4,61.5,"Salaried","Rent","Other",1
64981,23.25,571823,0.96,"902865",30.74,109.92,62.7,"Salaried","Rent","Other",0
61729,23.25,575432,1.2,"1243919",33.61,107.65,65,"Salaried","Rent","Other",1
69536,23.25,593471,1.7,"734079",37.92,125.09,62.4,"Salaried","Rent","Other",0
65105,23.25,662113,1.53,"2137794",35.72,115.85,61.6,"Salaried","Rent","Other",1
67747,23.25,695637,1.56,"603201",5.43,26.21,39.7,"Salaried","Rent","Other",1
67308,23.25,707348,1.74,"1423187",20.32,68.82,46,"Contract","Mortgage","Debt_consolidation",1
68307,23.25,766797,1.77,"1605260",17.34,64.31,50.7,"Contract","Mortgage","Debt_consolidation",1
67300,23.25,879355,1.82,"1578813",34.21,107.86,63.8,"Salaried","Rent","Other",1
67267,23.25,968965,0.88,"443315",1.86,17.41,33.6,"Contract","Rent","Vehicle",0
64529,23.25,969587,2.11,"2588252",18.61,65.41,49.4,"Contract","Mortgage","Debt_consolidation",1
64994,23.25,999564,1.22,"699461",9.57,43.03,37.6,"Contract","Mortgage","Debt_consolidation",1
65814,23.25,1000144,2.07,"1577980",34.16,111.16,62.2,"Self-employed","Mortgage","Debt_consolidation",1
69676,23.25,1013869,1.51,"1664507",29.99,97.88,64.5,"Self-employed","Mortgage","Debt_consolidation",1
67072,23.25,1319246,1.4,"4756521",5.24,26.95,40,"Self-employed","Mortgage","Debt_consolidation",1
66217,23.25,1588840,2.61,"3885419",1.99,14.79,34.7,"Self-employed","Mortgage","Vehicle",1
62946,23.25,1595396,2.08,"3713216",2.54,18.56,32.2,"Self-employed","Mortgage","Vehicle",1
61887,23.25,2344993,1.87,"4234482",1.86,13.5,28.2,"Self-employed","Mortgage","Vehicle",0
63663,23.25,2838166,2.12,NA,2.3,23.5,37,"Self-employed","Mortgage","Vehicle",0
67539,23.25,NA,1.63,"7231019",33.64,112.1,66.6,"Self-employed","Mortgage","Debt_consolidation",1
68610,23.75,205073,1.34,"246819",1.68,9.66,24.4,"Salaried","Rent","Vehicle",1
68306,23.75,273329,1.57,"618285",4.4,27.54,36.9,"Contract","Rent","Vehicle",1
64652,23.75,280849,2.21,"831365",28.25,91.1,59.8,"Self-employed","Rent","Other",1
60813,23.75,333249,2.33,"1055812",18.09,63.06,46.1,"Self-employed","Rent","Other",1
66177,23.75,386732,1.76,"580886",23.34,79.16,45.8,"Self-employed","Rent","Other",0
69559,23.75,407716,1.96,"1285156",11.12,41.36,42.9,"Self-employed","Rent","Other",1
64343,23.75,437726,1.03,"1348599",31.09,105.32,55.9,"Self-employed","Rent","Other",0
68710,23.75,465552,1.4,"948796",31.61,102.93,63.6,"Contract","Rent","Vehicle",0
69662,23.75,527831,2.16,"1186559",24.61,82.28,59.1,"Self-employed","Rent","Other",0
62457,23.75,541421,1.51,"1580121",20.32,74.43,54.8,"Self-employed","Rent","Other",1
61083,23.75,548665,2.38,"1188556",0.25,11.11,27.8,"Contract","Mortgage","Home_improvement",1
62638,23.75,629954,2.64,"557124",26.89,92.55,52,"Self-employed","Rent","Other",0
66968,23.75,797676,1.41,"1807169",32.78,110.58,65.7,"Contract","Rent","Vehicle",1
66613,23.75,874816,1.57,"3264325",24.67,87.8,49,"Self-employed","Rent","Other",1
64749,23.75,917960,2.26,"1470440",19.41,64.91,53.9,"Self-employed","Rent","Other",1
62539,23.75,990227,1.82,"3506477",26.55,91.9,49.8,"Self-employed","Rent","Other",0
65896,23.75,1004144,1.44,"2777163",10.57,39.91,38.9,"Self-employed","Rent","Other",1
63110,23.75,1004198,1.31,"3171750",31.63,101.24,56.7,"Self-employed","Rent","Other",0
60384,23.75,1017511,1.42,"855971",15.37,58.46,38.1,"Self-employed","Rent","Other",0
64729,23.75,1101788,1.93,"3443709",24.92,89.01,53.2,"Self-employed","Rent","Other",1
65052,23.75,1125040,1.18,"2994057",3.7,22.79,32.7,"Contract","Rent","Vehicle",0
60149,23.75,1133929,1.82,"1167570",17.69,68.36,52.1,"Self-employed","Rent","Other",0
66545,23.75,1255662,2.64,"863498",28,90.9,59.2,"Self-employed","Rent","Other",1
60653,23.75,1269018,2.05,"4580911",18.64,63.27,42.7,"Self-employed","Rent","Other",1
64710,23.75,1347713,1.47,"4532501",23.32,76,47.8,"Self-employed","Rent","Other",0
65255,23.75,1403550,2.36,"1616855",24.44,83,56.5,"Self-employed","Rent","Other",1
64496,23.75,1421622,1.76,"2051237",8.08,30.04,40.1,"Self-employed","Rent","Other",1
69475,23.75,1478015,0.72,"3567245",28.81,97.62,58,"Self-employed","Rent","Other",0
61527,23.75,1658339,1.53,"1421705",27,93.19,49.4,"Self-employed","Rent","Other",1
64258,23.75,1746801,2.28,"1942901",25.31,83.4,58.9,"Self-employed","Rent","Other",1
62121,23.75,1795649,2.13,"3486164",18.85,64.4,49,"Self-employed","Rent","Other",0
62609,23.75,1841067,1.79,"1453806",31.89,102.17,59.3,"Self-employed","Rent","Other",1
65418,23.75,1871738,0.91,"1422471",16.01,59.58,40.8,"Self-employed","Rent","Other",1
69149,23.75,1953842,1.37,"5793413",12.02,42.86,38.1,"Self-employed","Rent","Other",0
60929,23.75,2020531,1.86,"1422091",31.06,102.4,54.6,"Self-employed","Rent","Other",1
63773,23.75,2236746,1.76,"6785544",19.31,69.04,48.3,"Self-employed","Rent","Other",1
67838,23.75,2310217,1.83,"8605016",23.76,82.61,58.4,"Self-employed","Rent","Other",0
65129,23.75,2334967,2.25,"2313279",7.7,36.93,42.4,"Self-employed","Rent","Other",1
63659,23.75,2363981,1.34,"1708583",9.96,36.2,39.9,"Self-employed","Rent","Other",1
61777,23.75,2405643,1.67,"5554445",25.07,86.81,53.8,"Self-employed","Rent","Other",1
62431,23.75,2413771,1.95,"6158599",23.98,83.09,50.4,"Self-employed","Rent","Other",1
60766,23.75,2443355,1.4,"7522576",32.01,108.2,54.8,"Self-employed","Rent","Other",1
64803,23.75,2794045,2.1,"4160667",13.14,51.61,44.6,"Self-employed","Rent","Other",0
68587,23.75,2798302,1.52,"9033041",25.63,91.1,53.2,"Self-employed","Rent","Other",1
63993,23.75,2963549,2.01,NA,26.81,86.62,54.7,"Self-employed","Rent","Other",1
68165,23.75,3299095,2.63,"4527942",10.95,45.73,41.4,"Self-employed","Rent","Other",1
66365,23.75,3447927,1.78,"6754886",20.63,77.36,49.5,"Self-employed","Rent","Other",1
64620,24.25,299039,1.47,"387645",28.55,95.4,61.3,"Contract","Own","Debt_consolidation",1
63580,24.25,524722,1.47,"1319637",34.68,117.53,66.7,"Contract","Own","Debt_consolidation",1
68084,24.75,363894,1.58,"289974",33.28,106.66,68,"Contract","Mortgage","Debt_consolidation",1
67870,24.75,509001,1.71,"1143416",3.48,21.2,35.2,"Contract","Mortgage","Debt_consolidation",0
68340,24.75,855513,1.31,"574861",1.59,11.62,27.1,"Contract","Mortgage","Vehicle",1
62298,24.75,988658,1.89,"2579018",33.64,107.99,67.4,"Contract","Mortgage","Debt_consolidation",1
66680,25.25,208723,1.71,"272112",2.02,19.37,28.8,"Salaried","Rent","Other",0
62244,25.25,218859,1.51,"818059",0.7,11.22,26.6,"Salaried","Rent","Other",1
63840,25.25,227856,1.46,"422860",1.81,16.29,28.8,"Salaried","Rent","Other",1
67476,25.25,353010,1.81,"369332",26.07,83.96,54.7,"Contract","Rent","Other",1
68842,25.25,391305,1.4,"1263269",28.59,100.04,54.4,"Contract","Rent","Other",0
66147,25.25,408315,1.46,"1499466",2.93,14.48,30.5,"Salaried","Rent","Other",0
69708,25.25,439087,1.3,"553375",0.78,16.08,24.7,"Contract","Mortgage","Home_improvement",0
68114,25.25,452528,1.34,"1694502",0.1,5.86,34,"Salaried","Rent","Other",0
60734,25.25,472627,1.4,"862936",1.31,15.3,33.1,"Salaried","Rent","Other",0
67126,25.25,499483,1.7,"1117087",5.88,24.55,27.9,"Self-employed","Rent","Other",1
68799,25.25,505154,1.8,"1811611",36.95,115.49,71,"Self-employed","Rent","Other",1
60542,25.25,535953,1.84,"1686533",34.78,111.03,62,"Self-employed","Rent","Other",1
67853,25.25,583463,2.25,"500574",12.81,44.51,44.9,"Contract","Rent","Other",1
64576,25.25,617046,2.1,"1811619",0.36,15.33,23.7,"Contract","Mortgage","Home_improvement",1
65822,25.25,675820,2.2,"2056504",5.75,30.12,31,"Self-employed","Rent","Other",1
67823,25.25,717664,1.56,"927590",35.93,112.6,65.7,"Self-employed","Rent","Other",1
64440,25.25,789593,1.8,"2741036",0.86,10.43,31,"Salaried","Rent","Other",1
63047,25.25,848161,1.28,"1557584",17.2,63.26,44.1,"Contract","Rent","Other",0
65673,25.25,851250,1.83,"1976352",30.69,100.94,63.6,"Self-employed","Rent","Other",1
64140,25.25,947505,2.31,"3214459",5.28,23.94,40,"Self-employed","Rent","Other",1
66860,25.25,959480,2.07,"1357672",28.05,90.82,58.7,"Contract","Rent","Other",1
67556,25.25,993130,1.54,"2218573",27.55,91.55,61.3,"Self-employed","Rent","Other",1
63929,25.25,1116571,1.34,"3323995",17.13,63.65,45.5,"Contract","Rent","Other",1
68007,25.25,1142880,2.06,"2212997",6.09,33.76,38,"Self-employed","Rent","Other",0
69228,25.25,1425577,1.81,"1511774",35.44,118.35,69.4,"Self-employed","Rent","Other",1
62901,25.25,1473830,1.75,"4679420",25.84,96.56,60.6,"Self-employed","Rent","Other",1
68942,25.25,1725514,2.12,"3484383",37.02,118.87,66.5,"Self-employed","Rent","Other",1
66388,25.25,1813460,1.66,"5327989",29.18,99.98,63.7,"Self-employed","Rent","Other",1
64781,25.25,2207433,0.97,"7870936",39.14,121.41,63.4,"Self-employed","Rent","Other",1
60127,25.25,2265277,1.37,"6890590",35.49,119.59,66.3,"Self-employed","Rent","Other",1
63526,25.25,2286169,1.53,"4392293",29.19,94,61.7,"Self-employed","Rent","Other",1
66960,25.25,2703233,1.75,"6032917",36.95,119.06,70.8,"Self-employed","Rent","Other",0
60050,25.25,2778714,1.23,"5084070",33.45,105.35,62.4,"Self-employed","Rent","Other",1
68100,25.25,2979147,2.26,NA,34.41,107.52,63.6,"Self-employed","Rent","Other",1
64264,25.25,3092965,1.83,NA,26.19,88.84,60.4,"Self-employed","Rent","Other",0
68284,25.25,NA,2.35,"2489742",4.91,26.63,28.4,"Self-employed","Rent","Other",0
67013,25.25,NA,0.62,"3757029",3.73,20.27,30.8,"Self-employed","Rent","Other",0
63091,25.25,NA,1.76,"13057247",35.53,112.29,66.4,"Self-employed","Rent","Other",1
65786,25.25,NA,1.48,"9189747",4.92,22.38,31.6,"Self-employed","Rent","Other",1
67270,25.75,865225,2.38,"2857192",2.5,15.49,27.5,"Contract","Rent","Vehicle",0
67354,26.25,295512,1.28,"199963",2.58,14.35,35.1,"Contract","Own","Debt_consolidation",1
63255,26.25,545843,2.04,"1498982",2.4,13.59,29.4,"Contract","Own","Debt_consolidation",1
64059,26.25,1162594,1.8,"1901751",0.35,10,22.9,"Self-employed","Own","Debt_consolidation",1
69556,26.25,1284429,1.67,"2954265",0.2,13.87,26.1,"Contract","Own","Debt_consolidation",0
66029,26.75,426010,1.59,"441889",3.63,21.74,37.6,"Contract","Rent","Other",1
65064,26.75,701355,2.2,"2364023",0.08,9.49,28.5,"Contract","Mortgage","Debt_consolidation",0
63377,26.75,856723,1.51,"2783644",34.24,111.3,64.2,"Contract","Rent","Other",1
63578,26.75,1029569,2.13,"990880",0.67,9.53,30.1,"Contract","Mortgage","Debt_consolidation",0
61252,27.25,645929,2.44,"1517567",0.94,11.65,35,"Self-employed","Rent","Other",0
65788,27.25,1171841,2.46,"2312004",0.06,13.31,27.9,"Self-employed","Rent","Other",1
60392,27.25,2016520,1.6,"2533117",1.67,16.47,30.6,"Self-employed","Rent","Other",1
66512,27.25,2206751,2.14,"7422785",0.79,11.93,29,"Self-employed","Rent","Other",1
65526,27.25,2921004,1.71,NA,2.93,18.98,28.1,"Self-employed","Rent","Other",0
67973,27.25,3076278,1.97,NA,0.92,13.25,31.5,"Self-employed","Rent","Other",0
60662,27.25,NA,1.9,"9818336",2.82,16.83,27.9,"Self-employed","Rent","Other",0
61920,27.75,3667,0.3,"3508",8.78,32.1,43.4,"Unemployed","Rent","Vehicle",1
69282,27.75,819329,1.82,"908988",2.55,20.04,24.6,"Contract","Own","Debt_consolidation",1
64456,29.75,2296,0.35,"5431",25.56,83.02,53.6,"Unemployed","Rent","Debt_consolidation",1
63574,29.75,4153,0.36,"11100",12.16,47.06,34.3,"Unemployed","Rent","Debt_consolidation",0
69445,29.75,5994,0.39,"3466",12.35,44.98,43.9,"Unemployed","Rent","Debt_consolidation",0
62791,29.75,9616,0.32,"20376",36.25,117.75,59.8,"Unemployed","Rent","Debt_consolidation",0
62604,30.75,7442,0.25,"22082",17.59,67.36,44.3,"Unemployed","Rent","Other",1
66240,31.25,2212,0.41,"6621",19.65,68.68,50.3,"Unemployed","Mortgage","Debt_consolidation",1
66420,31.25,3251,0.28,"2964",39.3,124.51,65.2,"Unemployed","Rent","Debt_consolidation",0
64666,31.25,4117,0.38,"13609",25.27,89.05,58.3,"Unemployed","Mortgage","Debt_consolidation",0
66107,31.25,5140,0.42,"11496",7.53,35.49,39.8,"Unemployed","Mortgage","Debt_consolidation",1
69807,31.25,5751,0.47,"3804",19.32,70.58,51.3,"Unemployed","Rent","Vehicle",1
69017,31.25,6142,0.23,"9668",37.55,120.75,71.8,"Unemployed","Rent","Debt_consolidation",0
68054,31.25,6212,0.36,"19812",6.03,27.6,30,"Unemployed","Rent","Debt_consolidation",0
64221,31.25,7820,0.41,"5332",21.4,75.06,51,"Unemployed","Mortgage","Debt_consolidation",0
64443,31.75,1726,0.45,"553",1.87,16.02,35.3,"Unemployed","Rent","Debt_consolidation",0
67015,31.75,8493,0.42,"28413",38.51,122.63,67.7,"Unemployed","Rent","Vehicle",1
65402,32.25,1477,0.43,"4311",27.23,91.64,50.4,"Unemployed","Rent","Debt_consolidation",1
60164,32.25,3014,0.41,"2387",12.5,49.37,38.6,"Unemployed","Rent","Debt_consolidation",1
61540,32.25,3430,0.44,"7172",32.95,108.91,57.8,"Unemployed","Rent","Debt_consolidation",1
69073,32.25,3484,0.42,"2999",22.11,78.12,52.6,"Unemployed","Rent","Debt_consolidation",1
64825,32.25,4025,0.39,"13441",19.35,69.81,45.6,"Unemployed","Rent","Debt_consolidation",1
67598,32.25,5834,0.43,"2758",36.82,125.13,65.8,"Unemployed","Rent","Other",0
61506,32.25,9764,0.41,"12193",18.51,64.85,41.7,"Unemployed","Rent","Debt_consolidation",1
63565,32.75,1314,0.56,"2353",25.17,83.31,47.5,"Unemployed","Rent","Home_improvement",0
65107,32.75,9092,0.58,"18731",15.27,64.99,38.6,"Unemployed","Rent","Home_improvement",1
65285,33.25,1417,0.4,"3319",22.38,78.79,49.1,"Unemployed","Rent","Other",1
60040,33.25,2888,0.34,"6520",2.79,18.89,25.8,"Unemployed","Rent","Debt_consolidation",1
67117,33.25,3742,0.41,"9506",19.84,66.96,51.5,"Unemployed","Rent","Other",1
62485,33.25,3892,0.59,"2002",26.22,89.23,48.9,"Unemployed","Rent","Debt_consolidation",1
61411,33.25,4463,0.53,"2724",21.45,69.41,48.3,"Unemployed","Rent","Debt_consolidation",1
68938,33.25,5016,0.64,"2446",9.27,35.33,40,"Unemployed","Rent","Debt_consolidation",0
60207,33.25,5892,0.6,"2903",18.57,66.51,41.9,"Unemployed","Rent","Debt_consolidation",0
60143,33.25,6411,0.4,"10360",28.35,94.01,58.6,"Unemployed","Rent","Other",0
62063,33.25,9875,0.51,"5379",18.01,61.49,40.3,"Unemployed","Rent","Debt_consolidation",0
67450,33.75,1624,0.66,"1921",21.93,81.08,48.8,"Unemployed","Rent","Vehicle",1
61998,33.75,1780,0.44,"6342",28.48,96.05,62.3,"Unemployed","Rent","Debt_consolidation",1
67665,33.75,2051,0.42,"6992",3.1,21.06,25.2,"Unemployed","Rent","Debt_consolidation",0
62144,33.75,2339,0.44,"8027",29.88,97.33,64.5,"Unemployed","Rent","Debt_consolidation",1
60558,33.75,3175,0.42,"9836",0.7,13.11,26.5,"Unemployed","Rent","Vehicle",0
60395,33.75,3828,0.44,"12794",38.28,125.56,64.1,"Unemployed","Rent","Debt_consolidation",0
61511,33.75,5090,0.5,"6048",19.97,70.37,52.1,"Unemployed","Rent","Vehicle",1
66395,33.75,5281,0.46,"6899",23.57,80.1,46.7,"Unemployed","Rent","Vehicle",1
66595,33.75,5627,0.74,"9290",14.75,52.67,44.6,"Unemployed","Rent","Vehicle",0
66737,33.75,5695,0.38,"16010",3.38,18.72,30.8,"Unemployed","Rent","Debt_consolidation",0
62715,33.75,6396,0.45,"5846",34.57,113.17,63.6,"Unemployed","Rent","Debt_consolidation",1
67500,33.75,8469,0.41,"31579",39.04,126.85,67.2,"Unemployed","Rent","Debt_consolidation",1
66629,33.75,8588,0.43,"29257",3.84,19.14,26.1,"Unemployed","Rent","Debt_consolidation",1
65890,34.25,3032,0.48,"1773",8.85,38.56,35.4,"Unemployed","Rent","Other",0
69818,34.25,4114,0.46,"3544",32.9,107.08,63.7,"Unemployed","Rent","Home_improvement",0
66558,34.25,4176,0.7,"15032",3.63,17.24,31.3,"Unemployed","Rent","Home_improvement",0
61049,34.25,4287,0.73,"9527",39.35,125.33,65.6,"Unemployed","Rent","Home_improvement",1
67508,34.25,6470,0.65,"16806",6.69,26.3,35.3,"Unemployed","Rent","Home_improvement",1
65096,34.75,3967,0.53,"14845",35.82,117.71,58.3,"Unemployed","Mortgage","Debt_consolidation",1
66342,34.75,5217,0.5,"18038",21.72,72.72,47.2,"Unemployed","Mortgage","Debt_consolidation",1
62910,34.75,5940,0.61,"13422",23.06,81.31,56.9,"Unemployed","Mortgage","Debt_consolidation",1
61787,35,1203,0.65,"1886",10.2,44.24,44.3,"Unemployed","Rent","Debt_consolidation",1
64433,35,1891,0.47,"5103",21.66,76.11,54.5,"Unemployed","Rent","Debt_consolidation",1
62675,35,2037,0.46,"2141",5.71,25.8,35,"Unemployed","Mortgage","Debt_consolidation",1
64242,35,2114,0.47,"5650",8.33,33.28,38.1,"Unemployed","Rent","Debt_consolidation",0
67816,35,2123,0.49,"2073",3.3,10.75,28.6,"Unemployed","Rent","Debt_consolidation",0
69380,35,2274,0.42,"7126",0.08,12.81,24.7,"Unemployed","Rent","Debt_consolidation",0
64880,35,2368,0.55,"4318",39.52,128.39,62.7,"Unemployed","Rent","Debt_consolidation",1
69648,35,2593,0.47,"7184",15.02,54.77,37.4,"Unemployed","Rent","Debt_consolidation",0
61994,35,2853,0.47,"6192",25.82,83.97,50.9,"Unemployed","Rent","Debt_consolidation",1
67515,35,2885,0.54,"10190",30.98,102.65,57.7,"Unemployed","Rent","Debt_consolidation",0
65116,35,3069,0.5,"6087",16.4,59.11,40.3,"Unemployed","Rent","Debt_consolidation",0
69470,35,3368,0.52,"7157",17.78,61.77,51.1,"Unemployed","Rent","Other",1
67122,35,3370,0.58,"7124",37.03,118.04,70.4,"Unemployed","Rent","Debt_consolidation",0
69020,35,3750,0.52,"11159",2.14,16.47,34.5,"Unemployed","Mortgage","Debt_consolidation",0
63477,35,3943,0.55,"13200",19.34,69.67,50.5,"Unemployed","Rent","Debt_consolidation",1
62026,35,3949,0.65,"14143",2.9,17.55,35.2,"Unemployed","Rent","Debt_consolidation",1
67307,35,3974,0.68,"4044",29.79,97.86,60.9,"Unemployed","Rent","Debt_consolidation",1
63386,35,3982,0.57,"12080",31.82,102.57,56.8,"Unemployed","Rent","Debt_consolidation",1
62929,35,3995,0.5,"2891",34.51,116.05,66,"Unemployed","Rent","Debt_consolidation",1
67669,35,4033,0.49,"10452",2.46,22.6,33.8,"Unemployed","Rent","Debt_consolidation",1
63043,35,4066,0.48,"10890",37.29,122.13,60.7,"Unemployed","Rent","Debt_consolidation",1
64084,35,4158,0.65,"3065",35.23,116.74,63.4,"Unemployed","Rent","Debt_consolidation",1
65658,35,4165,0.55,"6802",13.01,48.66,47.4,"Unemployed","Rent","Debt_consolidation",1
66788,35,4260,0.49,"14708",1.5,17.85,35.9,"Unemployed","Rent","Debt_consolidation",0
65923,35,4281,0.8,"3699",16.55,60.82,46.4,"Unemployed","Rent","Debt_consolidation",1
60951,35,4298,0.5,"5094",30.6,98.36,59.7,"Unemployed","Rent","Debt_consolidation",0
63577,35,4402,0.53,"5922",17.73,61.07,42.3,"Unemployed","Rent","Debt_consolidation",1
69983,35,4512,0.5,"11744",31.93,107.51,66.1,"Unemployed","Mortgage","Debt_consolidation",0
65422,35,4735,0.54,"17643",14.22,53.23,38.3,"Unemployed","Rent","Debt_consolidation",1
63179,35,4749,0.46,"11080",3.28,17.97,35.2,"Unemployed","Rent","Debt_consolidation",0
66130,35,4777,0.54,"10570",0.33,8.95,23.8,"Unemployed","Rent","Home_improvement",0
61428,35,5378,0.5,"7117",37.77,118.7,60.9,"Unemployed","Rent","Debt_consolidation",1
64336,35,5424,0.52,"5790",9.53,36.24,35.4,"Unemployed","Rent","Debt_consolidation",0
66825,35,5430,0.49,"13549",15.59,60.09,38.8,"Unemployed","Rent","Debt_consolidation",0
68186,35,5478,0.56,"8876",19.87,70.4,52.1,"Unemployed","Rent","Debt_consolidation",0
60467,35,5540,0.46,"8190",39.06,126.16,65.5,"Unemployed","Rent","Debt_consolidation",1
65391,35,5549,0.59,"16981",35.82,115.68,66.8,"Unemployed","Rent","Debt_consolidation",1
62337,35,5633,0.71,"3838",9.69,37.85,39,"Unemployed","Rent","Debt_consolidation",0
69253,35,5720,0.56,"19292",8.66,38.92,41.2,"Unemployed","Rent","Debt_consolidation",1
63581,35,5827,0.55,"11131",17.66,65.32,45.2,"Unemployed","Rent","Debt_consolidation",1
69699,35,5887,0.73,"13526",6.53,26.27,39.7,"Unemployed","Rent","Other",0
61377,35,5978,0.48,"21661",17.21,62.93,46.7,"Unemployed","Rent","Debt_consolidation",1
61357,35,6239,0.53,"9872",23.07,78.94,46.4,"Unemployed","Rent","Debt_consolidation",0
66383,35,6330,0.49,"5970",26.38,99.81,55.2,"Unemployed","Rent","Debt_consolidation",1
63317,35,6449,0.55,"20034",15.36,53.53,50,"Unemployed","Rent","Debt_consolidation",1
68574,35,6766,0.68,"17053",2.81,19.15,37,"Unemployed","Rent","Debt_consolidation",0
66898,35,6822,0.55,"22412",32.38,110.03,59.6,"Unemployed","Rent","Debt_consolidation",1
67136,35,6963,0.54,"10925",26.24,86.54,52.6,"Unemployed","Rent","Other",1
62855,35,7359,0.6,"15335",36.44,115.21,67.3,"Unemployed","Mortgage","Debt_consolidation",1
63945,35,7975,0.44,"10662",1.26,13.7,24.5,"Unemployed","Rent","Debt_consolidation",1
61556,35,8124,0.54,"23296",3.8,19.53,36.5,"Unemployed","Rent","Debt_consolidation",0
69907,35,8211,0.38,"14257",2.88,15.58,29.6,"Unemployed","Rent","Debt_consolidation",1
70008,16.75,613131,1.61,"636251",7.72,31.61,37.7,"Salaried","Mortgage","Home_improvement",0
70016,23.75,839205,2.71,"575971",2.93,16.04,36.1,"Contract","Mortgage","Home_improvement",1
70020,20.25,2929472,1.91,"8142884",29.68,100.62,60.1,"Self-employed","Mortgage","Home_improvement",0
70039,19.25,397293,1.69,"718223",30.48,101.55,63.8,"Salaried","Mortgage","Vehicle",1
70040,19.25,478390,1.63,"1673786",7.65,35.45,37.2,"Salaried","Own","Debt_consolidation",0
70042,19.25,367053,1.71,"186445",32.67,105.32,56.2,"Salaried","Rent","Other",1
70046,23.75,1727130,1.84,"2011535",22.51,81.37,51,"Self-employed","Rent","Other",1
70048,19.75,2817257,1.44,"3804014",26.15,92.32,58.2,"Self-employed","Mortgage","Vehicle",1
70087,18.75,361318,1.5,"1302023",22.56,78.97,52,"Salaried","Rent","Vehicle",0
70094,19.25,334410,1.64,"670584",33.74,111.66,58.8,"Salaried","Own","Debt_consolidation",0
70100,23.75,238691,1.6,"381700",3.04,15.53,36.8,"Contract","Rent","Vehicle",0
70102,20.75,508403,1.32,"358250",39.69,128.62,62.2,"Salaried","Own","Debt_consolidation",1
70117,19.75,2641609,1.71,"8473536",28.27,97.07,58,"Self-employed","Mortgage","Vehicle",1
70126,21.25,2258550,1.68,"2714856",5.26,24.15,35.9,"Self-employed","Mortgage","Vehicle",0
70133,23.25,390237,1.25,"1165534",4.01,24.47,33,"Salaried","Rent","Other",0
70146,24.25,457501,1.41,"406900",38.26,121.3,67.2,"Contract","Own","Debt_consolidation",1
70147,17.75,244175,1.46,"831983",21.12,76.57,45.3,"Salaried","Mortgage","Vehicle",1
70151,21.75,968393,1.86,"747414",24.44,84.82,54.8,"Self-employed","Mortgage","Debt_consolidation",1
70172,14.25,349939,0.92,"218851",26.85,90.82,59.1,"Salaried","Mortgage","Home_improvement",0
70181,23.75,3586747,2.34,"10384539",26.57,89.69,57.4,"Self-employed","Rent","Other",1
70186,18.25,382228,1.48,"981357",37.28,121.67,67.1,"Salaried","Mortgage","Home_improvement",0
70187,22.75,360050,1.54,"148931",5.04,27.09,32.6,"Self-employed","Rent","Other",0
70199,21.25,459943,2.04,"1448741",13.7,51.58,46,"Contract","Mortgage","Vehicle",1
70217,35,4183,0.71,"15113",29.91,106.79,59.7,"Unemployed","Rent","Debt_consolidation",1
70245,19.25,611170,1.74,"1669124",22.37,77.43,50.8,"Salaried","Own","Debt_consolidation",1
70248,19.25,156888,1.4,"170907",9.24,33.83,34.1,"Salaried","Own","Debt_consolidation",0
70251,18.25,547717,2.08,"1434159",38.51,121.99,73.1,"Salaried","Mortgage","Home_improvement",1
70257,27.25,1179753,1.57,"1644378",0.63,12.71,31.9,"Self-employed","Rent","Other",1
70270,21.25,2661139,1.98,"7185170",38.54,129.81,70.1,"Self-employed","Mortgage","Vehicle",1
70280,19.75,3018831,1.93,"5679375",17.38,60.25,40.3,"Self-employed","Mortgage","Vehicle",1
70304,22.75,602336,1.76,"1628542",25.65,83.62,59.9,"Contract","Own","Debt_consolidation",1
70309,18.25,309872,2.05,"615930",4.09,18.92,32.1,"Salaried","Mortgage","Home_improvement",1
70311,33.25,4269,0.5,"2335",13.02,46.08,46.7,"Unemployed","Rent","Debt_consolidation",1
70314,18.25,464014,1.52,"1736730",35.1,113.67,65.1,"Salaried","Mortgage","Home_improvement",0
70327,31.25,4456,0.39,"8978",25,84.1,50.5,"Unemployed","Mortgage","Debt_consolidation",0
70328,27.75,7962,0.43,"2813",26.72,92.47,54.3,"Unemployed","Rent","Vehicle",0
70330,16.75,334215,1.4,"772975",20.62,70.1,51.1,"Salaried","Mortgage","Home_improvement",0
70335,21.75,305889,1.6,"980544",27.09,91.83,54.1,"Salaried","Rent","Other",0
70387,23.25,144083,1.98,"335068",37.53,124.89,63.8,"Salaried","Rent","Other",1
70389,23.75,804403,2,"853504",2.93,18.99,26.4,"Contract","Mortgage","Home_improvement",1
70391,19.25,350939,1.27,"129148",9.43,36.13,31.9,"Salaried","Rent","Other",0
70397,22.25,240040,0.8,"168391",34.86,110.78,58.7,"Contract","Rent","Vehicle",1
70411,21.25,2312450,1.74,"7011833",38.9,125.97,62,"Self-employed","Mortgage","Vehicle",1
70413,20.25,1096382,1.86,"2022907",34.35,114.18,68.2,"Self-employed","Mortgage","Home_improvement",0
70415,16.75,673191,1.44,"2075439",24.44,80.9,55,"Salaried","Mortgage","Home_improvement",0
70425,18.75,1178602,1.69,"1254536",19.41,66.61,42.7,"Self-employed","Mortgage","Home_improvement",0
70437,22.75,2564023,1.83,"2691495",37.67,123.3,64.5,"Self-employed","Own","Debt_consolidation",1
70445,21.75,535489,1.58,"577835",24.69,85.13,48.9,"Salaried","Rent","Other",0
70450,20.25,193751,1.59,"354889",38.82,128.47,69.7,"Salaried","Rent","Vehicle",1
70463,26.75,586197,0.88,"792399",32.86,114.5,64.4,"Contract","Rent","Other",1
70464,23.25,200511,1.58,"271772",5.58,27.74,35.9,"Salaried","Rent","Other",0
70467,23.75,859881,2.06,"3033464",34.95,117.78,68.5,"Contract","Rent","Vehicle",1
70469,18.75,573033,1.07,"1756175",11.59,47.75,41.9,"Salaried","Rent","Vehicle",1
70491,16.75,139327,1.94,"498513",7.22,27.81,39.5,"Salaried","Mortgage","Home_improvement",1
70504,18.25,214161,1.79,"566073",36.45,115.59,70.9,"Salaried","Mortgage","Home_improvement",0
70518,23.25,496027,1.36,"954745",38.78,125.03,62.8,"Salaried","Rent","Other",0
70522,19.75,2525034,1.78,"5544017",12.23,46.77,42.1,"Self-employed","Mortgage","Vehicle",1
70526,16.75,317688,1.98,"232832",7.69,30.29,40.1,"Salaried","Mortgage","Home_improvement",0
70527,21.25,309060,1.89,"938910",0.82,12.29,25.7,"Salaried","Mortgage","Vehicle",0
70532,22.75,199914,1.23,"375634",0.43,9.74,24,"Salaried","Mortgage","Vehicle",0
70534,19.25,190846,1.61,"249054",38.09,119.67,65.6,"Salaried","Mortgage","Vehicle",1
70539,17.75,254390,1.73,"491456",8.22,33.9,39,"Salaried","Mortgage","Vehicle",1
70541,16.75,170526,1.61,"242353",31.44,109.63,57.9,"Salaried","Mortgage","Home_improvement",1
70544,21.25,1658850,1.86,"2086883",7.16,29.23,31.7,"Self-employed","Own","Debt_consolidation",0
70550,25.25,956877,2.19,"3132450",30.56,102.21,64.4,"Self-employed","Rent","Other",1
70551,18.75,381797,1.27,"745881",12.67,51.45,47,"Salaried","Rent","Vehicle",1
70567,18.25,627771,1.58,"2330353",6.4,30.89,33.5,"Salaried","Mortgage","Home_improvement",0
70591,17.25,2066271,1.39,"638321",38.19,123.97,65.6,"Self-employed","Mortgage","Vehicle",1
70597,21.25,358733,1.37,"1285782",2.05,16.32,31.3,"Salaried","Mortgage","Vehicle",0
70599,32.25,5688,0.5,"3015",27.29,90.72,60,"Unemployed","Mortgage","Debt_consolidation",0
70609,25.25,1686071,2.37,"4406849",6.29,30.57,35.2,"Self-employed","Rent","Other",1
70615,21.25,267912,1.91,"305043",28.89,97.25,52,"Contract","Mortgage","Vehicle",1
70622,12.75,133684,1.48,"41354",31.31,104.7,58.7,"Salaried","Mortgage","Home_improvement",0
70627,18.75,401726,1.91,"1144347",12.78,48.57,45.2,"Salaried","Rent","Vehicle",1
70631,19.25,338166,1.66,"462966",6.48,32.56,30.2,"Salaried","Mortgage","Vehicle",1
70632,23.75,2446640,1.99,"6123116",20.96,75.17,51.2,"Self-employed","Rent","Other",1
70637,19.75,970741,1.6,"2779195",20.92,72.43,53,"Self-employed","Mortgage","Vehicle",0
70639,25.25,1380194,1.24,"1443504",37.36,122.4,61.2,"Self-employed","Rent","Other",0
70642,23.75,2852565,1.89,"8290098",18.57,63.89,44.6,"Self-employed","Rent","Other",0
70646,32.25,2178,0.45,"5157",10.37,39.84,41.5,"Unemployed","Rent","Debt_consolidation",0
70662,22.25,470944,1.5,"1012432",0.17,5.15,33.8,"Salaried","Rent","Vehicle",0
70667,25.25,1787040,2.04,"4836566",39.65,127.69,73.1,"Self-employed","Rent","Other",1
70676,30.25,4882,0.45,"11868",7.92,37.88,41.7,"Unemployed","Rent","Vehicle",0
70694,16.75,458616,1.31,"1016632",8.17,39.56,41.2,"Salaried","Mortgage","Home_improvement",0
70699,20.25,258462,1.68,"628519",34.15,112.51,65.3,"Salaried","Rent","Vehicle",1
70702,30.25,3303,0.35,"10725",6.64,27.61,31.6,"Unemployed","Mortgage","Debt_consolidation",1
70718,29.75,2795,0.27,"3978",30.57,103.5,56.5,"Unemployed","Rent","Debt_consolidation",1
70728,19.75,731393,1.4,"249145",2.15,17.13,30.9,"Salaried","Rent","Vehicle",0
70747,21.25,843887,1.59,"308643",33.35,111.01,63.8,"Contract","Rent","Vehicle",1
70752,34.75,2488,0.54,"5905",7.46,35.47,40.1,"Unemployed","Mortgage","Debt_consolidation",1
70763,19.25,427112,1.5,"1160298",18.47,67.95,41.7,"Salaried","Own","Debt_consolidation",1
70766,16.25,176014,1.86,"68652",19.95,69.71,51.6,"Salaried","Rent","Vehicle",1
70773,26.25,557398,1.65,"927158",0.82,12.72,33.8,"Contract","Own","Debt_consolidation",0
70774,19.75,2318361,2.23,"8077457",25.89,84.51,59.7,"Self-employed","Mortgage","Vehicle",0
70776,21.75,455029,1.79,"1584467",8.43,32.62,39.6,"Salaried","Rent","Other",0
70777,18.75,331603,1.4,"901363",10.21,39.8,38.3,"Salaried","Rent","Vehicle",0
70778,20.25,736800,1.88,"2502704",6.44,28.67,40.8,"Salaried","Rent","Vehicle",0
70793,35,6091,0.61,"8596",13.22,47.2,35.4,"Unemployed","Rent","Other",0
70799,19.25,364812,1.22,"1084817",16.06,56.6,47.5,"Salaried","Own","Debt_consolidation",0
70806,25.25,395489,2.44,"351992",24.34,79.82,56.4,"Contract","Rent","Other",1
70812,18.75,106172,1.54,"115653",29.65,99.59,58.9,"Salaried","Rent","Vehicle",1
70821,18.75,112436,1.43,"170528",25.02,86.88,52.6,"Salaried","Rent","Vehicle",0
70825,21.75,506996,1.6,"1675788",14.84,60.71,44.3,"Salaried","Rent","Other",0
70832,22.25,840947,1.57,"1311980",7.73,33.26,33.9,"Contract","Rent","Vehicle",1
70835,23.75,1068546,1.66,"1874597",14.93,44.28,39,"Self-employed","Rent","Other",1
70836,24.25,399381,1.51,"291212",33.46,113.35,62.4,"Contract","Own","Debt_consolidation",0
70838,14.25,181790,1.29,"89286",18.36,68.02,46.3,"Salaried","Mortgage","Home_improvement",0
70844,23.25,140690,1.49,"321982",37.09,122.35,66.2,"Salaried","Rent","Other",1
70845,16.75,557312,1.78,"1180505",24.72,88.7,55.1,"Salaried","Mortgage","Home_improvement",0
70849,21.25,495102,2.1,"442347",1.65,14.98,31.2,"Salaried","Mortgage","Vehicle",0
70851,18.75,666162,0.88,"1423608",20.34,72.1,52.3,"Salaried","Rent","Vehicle",1
70854,16.75,253349,1.37,"112241",27.6,98.4,50.7,"Salaried","Own","Debt_consolidation",1
70866,18.75,359734,1.62,"230516",27.51,95.4,50.2,"Self-employed","Own","Debt_consolidation",1
70888,21.75,405636,1.25,"373048",21.68,76.22,53.3,"Salaried","Rent","Other",1
70904,17.75,145567,1.09,"109923",29.75,99.5,56.3,"Salaried","Mortgage","Vehicle",1
70913,23.25,747173,1.23,"2683269",35.13,111.77,61.6,"Salaried","Rent","Other",0
70918,16.75,343595,1.2,"1301890",12.68,43.39,44.4,"Salaried","Mortgage","Home_improvement",1
70924,20.25,1460481,0.93,"4025703",6.34,29.69,33.4,"Self-employed","Mortgage","Home_improvement",0
70937,15.75,208291,1.68,"110818",31.44,105.63,64.2,"Salaried","Mortgage","Home_improvement",1
70953,22.25,373397,1.66,"554641",9.05,39.26,37.9,"Contract","Rent","Vehicle",1
70958,18.75,1753530,1.84,"4625155",15.29,56.94,41.9,"Self-employed","Mortgage","Home_improvement",1
70962,18.75,119206,2.48,"360295",14.53,50.28,38.8,"Salaried","Rent","Vehicle",0
70967,20.25,265281,1.53,"261938",5.19,17.7,35.4,"Salaried","Rent","Vehicle",0
70980,34.75,3032,0.43,"4517",35.69,118.78,63.7,"Unemployed","Rent","Other",0
70986,18.75,1423156,1.61,"1272311",21.99,72.97,52.7,"Self-employed","Mortgage","Home_improvement",1
70990,15.25,440918,1.68,"248402",24.79,84.07,47.5,"Salaried","Mortgage","Vehicle",0
70993,19.75,2150149,2,"3686108",35.63,113.43,58,"Self-employed","Mortgage","Vehicle",1
71015,19.75,3273859,2.34,"6871196",27.27,88.17,56.3,"Self-employed","Mortgage","Vehicle",1
71020,24.75,2037506,1.63,"904924",0.13,9.96,28,"Self-employed","Rent","Other",1
71025,19.25,101717,1.77,"241765",3.53,22.18,33.8,"Salaried","Mortgage","Vehicle",0
71028,19.75,1409693,1.97,"1175775",14.82,50.71,39.3,"Self-employed","Mortgage","Vehicle",1
71032,22.75,725222,1.53,"2026409",16.09,52.3,43.1,"Contract","Own","Debt_consolidation",1
71045,35,3035,0.68,"5634",19.08,64.09,45.9,"Unemployed","Rent","Debt_consolidation",1
71047,25.25,1707079,1.44,"6435885",3.04,17.07,36.8,"Self-employed","Rent","Other",0
71062,22.75,1776831,2.01,"2438483",36.65,119.52,60.2,"Self-employed","Own","Debt_consolidation",1
71093,17.75,229239,1.79,"407119",27.2,89.41,56,"Salaried","Mortgage","Vehicle",1
71098,21.25,499325,2.06,"799452",11.08,40.6,41.1,"Contract","Mortgage","Vehicle",0
71101,21.25,1518282,1.71,"4789222",23.99,85.34,52.8,"Contract","Mortgage","Vehicle",0
71106,18.75,441827,1.88,"975508",17.76,64.69,48.5,"Salaried","Rent","Vehicle",1
71109,22.75,288498,1.21,"538568",1.61,17.61,29.5,"Salaried","Own","Debt_consolidation",1
71124,21.75,397057,1.7,"641606",16.1,63.15,47.8,"Salaried","Rent","Other",1
71128,23.75,1078867,1.88,"2003968",8.73,37.67,38.9,"Self-employed","Rent","Other",1
71130,19.25,260091,1.54,"272933",35.69,118.08,59.7,"Salaried","Own","Debt_consolidation",1
71135,16.75,343562,1.79,"301872",19.58,65.92,49.2,"Salaried","Mortgage","Home_improvement",0
71145,17.75,224482,1.53,"370277",7.1,35.74,34.7,"Salaried","Mortgage","Vehicle",0
71146,21.75,235874,1.6,"251970",20.15,71.01,46.4,"Salaried","Rent","Other",0
71148,21.75,2673293,1.92,"8319017",10.74,41.45,44.8,"Self-employed","Mortgage","Debt_consolidation",1
71153,18.25,592353,1.5,"463429",35.29,115.37,65,"Salaried","Mortgage","Home_improvement",1
71167,17.25,2200027,1.94,"1444742",13.72,50.78,46.9,"Self-employed","Mortgage","Vehicle",1
71177,21.75,385423,1.91,"660168",25.86,84.34,50.2,"Salaried","Rent","Other",0
71178,16.75,242772,1.21,"391469",14.62,54.24,36.6,"Salaried","Mortgage","Home_improvement",1
71211,19.25,367726,1.46,"1010609",23,79.52,50.8,"Salaried","Own","Debt_consolidation",1
71212,21.25,1879909,1.15,"6355235",29.73,100.14,58.4,"Self-employed","Own","Debt_consolidation",0
71230,16.25,149076,1.67,"97998",14.94,52.96,43.7,"Salaried","Rent","Vehicle",1
71234,18.25,302893,1.64,"92186",1.31,12.79,34.5,"Salaried","Rent","Vehicle",0
71258,17.75,311355,1.48,"136512",6.19,33.17,32.5,"Salaried","Rent","Vehicle",0
71262,18.75,590656,1.23,"1961689",22.98,83.13,54,"Salaried","Rent","Vehicle",0
71263,20.75,288549,1.56,"232449",35.55,119.97,69.7,"Salaried","Own","Debt_consolidation",1
71267,23.75,1983596,1.31,"5862390",23.34,75.59,56,"Self-employed","Rent","Other",1
71268,20.25,621618,0.73,"2080344",2.9,15.67,35,"Salaried","Mortgage","Home_improvement",0
71274,25.75,860810,2.3,"1236204",2.44,15.43,27.7,"Contract","Rent","Vehicle",1
71291,20.25,582399,1.61,"1124549",39.22,122.87,63.7,"Salaried","Rent","Vehicle",0
71299,16.75,208837,1.82,"249217",23.16,81.76,57.4,"Salaried","Mortgage","Home_improvement",0
71324,21.25,1127626,1.76,"2296610",38.1,120.7,66,"Self-employed","Mortgage","Vehicle",1
71327,16.75,299221,1.24,"560457",16.26,58.38,39.7,"Salaried","Mortgage","Home_improvement",1
71332,18.25,446500,1.74,"1460275",31.53,100.56,66,"Salaried","Mortgage","Home_improvement",0
71336,18.75,220788,1.35,"732286",20.96,72.27,44.1,"Salaried","Rent","Vehicle",1
71341,16.75,482851,1.59,"488889",14.12,50.97,42.4,"Salaried","Mortgage","Home_improvement",0
71344,19.25,418009,1.73,"445950",12.01,45.36,46.5,"Salaried","Own","Debt_consolidation",1
71346,18.75,330904,1.79,"552696",17.12,60.2,40,"Salaried","Rent","Vehicle",0
71347,24.75,595830,2.43,"1224373",34.95,115.88,66.9,"Contract","Mortgage","Debt_consolidation",1
71351,18.75,356686,1.59,"469970",13.53,49.25,47.2,"Salaried","Rent","Vehicle",0
71362,20.75,527852,1.48,"745960",37.38,117.39,61.4,"Salaried","Own","Debt_consolidation",0
71363,25.25,193237,1.55,"637851",2.46,20.09,27,"Salaried","Rent","Other",1
71364,23.25,2327222,1.36,"7164895",37.33,124.66,69.5,"Self-employed","Mortgage","Debt_consolidation",0
71365,16.75,116088,1.61,"173418",16.57,59.12,47.7,"Salaried","Mortgage","Home_improvement",0
71378,19.25,431483,1.6,"1280396",4.03,21.58,38.4,"Salaried","Mortgage","Vehicle",0
71389,18.25,392452,1.54,"967997",33.27,115.68,64.8,"Salaried","Mortgage","Home_improvement",0
71400,20.25,143873,1.73,"503799",1.28,17.42,25.5,"Salaried","Mortgage","Home_improvement",0
71414,16.75,590148,1.42,"409068",12.76,50.81,45.6,"Salaried","Mortgage","Home_improvement",1
71421,17.75,107861,0.81,"226183",19.08,68.45,52.7,"Salaried","Mortgage","Vehicle",0
71437,18.25,421299,1.52,"496917",6.6,29.81,36.5,"Salaried","Mortgage","Home_improvement",0
71441,19.25,621746,1.06,"662512",27.75,97.53,53.7,"Salaried","Own","Debt_consolidation",0
71453,21.25,3795228,1.77,"13292407",27.02,90.85,52.3,"Self-employed","Own","Debt_consolidation",1
71462,19.25,490681,1.91,"1804529",31.92,104.39,62.6,"Salaried","Mortgage","Vehicle",1
71466,17.75,632685,1.47,"1750138",8.94,35.98,32.8,"Salaried","Mortgage","Vehicle",1
71495,19.25,253351,1.44,"562179",3.9,22.63,27.7,"Salaried","Mortgage","Vehicle",0
71498,34.75,5585,0.49,"7611",31.96,104.95,59.3,"Unemployed","Mortgage","Debt_consolidation",1
71502,20.25,555754,1.58,"1921884",1.27,10.39,31,"Salaried","Mortgage","Home_improvement",1
71513,19.75,610088,1.55,"190674",1.2,15.66,23.6,"Salaried","Rent","Vehicle",0
71532,20.25,441995,1.26,"960748",3.47,15.88,31.7,"Salaried","Rent","Vehicle",0
71562,22.25,346710,1.63,"299126",2.74,15.35,29,"Salaried","Rent","Vehicle",1
71565,20.25,2958709,2.15,"6981844",32.05,101.31,62,"Self-employed","Mortgage","Home_improvement",0
71568,19.25,498418,1.81,"555513",28.9,94.76,61.9,"Salaried","Mortgage","Vehicle",0
71572,19.25,177710,1.55,"233988",6.42,28.78,35.2,"Salaried","Mortgage","Vehicle",0
71575,21.25,450530,0.96,"1561237",9.59,40.04,40.4,"Contract","Mortgage","Vehicle",1
71585,22.75,1474721,1.86,"4758481",36.7,115.12,66.8,"Self-employed","Own","Debt_consolidation",1
71608,23.25,308501,1.45,"518417",34.64,109.04,62.9,"Salaried","Rent","Other",1
71610,35,3529,0.64,"6696",22.26,77.58,48.6,"Unemployed","Rent","Debt_consolidation",1
71619,23.75,1876298,1.69,"6258337",27.05,89.65,58.3,"Self-employed","Rent","Other",1
71623,25.25,3075422,1.9,"7893816",28.11,93,61.2,"Self-employed","Rent","Other",1
71631,23.25,716270,1.14,"1473897",33.28,106.59,64.9,"Salaried","Rent","Other",1
71645,16.75,491985,1.42,"1632491",23.62,81.78,54.9,"Salaried","Mortgage","Home_improvement",1
71659,20.25,208030,1.44,"338573",33.94,113.77,62,"Salaried","Rent","Vehicle",1
71663,17.75,504911,1.55,"178917",39.92,129,72.2,"Salaried","Rent","Vehicle",1
71664,21.25,746621,1.33,"802243",13.85,55.08,41.3,"Contract","Mortgage","Vehicle",1
71678,16.75,481335,1.19,"1630016",18.8,62.31,52.8,"Salaried","Mortgage","Home_improvement",0
71688,19.25,473017,1.4,"1373221",32.48,109.8,61.9,"Salaried","Mortgage","Vehicle",0
71690,21.75,1884520,1.43,"4157909",9.59,35.68,42.9,"Self-employed","Mortgage","Debt_consolidation",1
71692,19.25,354610,1.8,"260192",24.59,83.16,53.6,"Salaried","Own","Debt_consolidation",1
71707,20.75,692760,1.73,"2380669",3.7,18.39,33.3,"Salaried","Own","Debt_consolidation",0
71717,21.25,588457,1.47,"1118559",33.49,111.34,59.6,"Contract","Mortgage","Vehicle",0
71722,18.75,1727379,1.71,"2651715",15.49,56.12,47.5,"Self-employed","Mortgage","Home_improvement",0
71725,19.25,154522,1.73,"111341",30.53,105.31,54.8,"Salaried","Own","Debt_consolidation",1
71728,18.25,571344,1.81,"435734",34.67,112,61.1,"Salaried","Mortgage","Home_improvement",0
71737,22.75,1572320,1.71,"5010035",37.26,120.94,67.6,"Self-employed","Own","Debt_consolidation",1
71746,31.25,4640,0.36,"12370",33.27,111.2,66,"Unemployed","Rent","Debt_consolidation",0
71747,19.25,323157,1.3,"1141088",20.61,70.14,45.1,"Salaried","Own","Debt_consolidation",1
71755,23.75,347888,1.74,"1128219",4.73,23.39,35,"Contract","Rent","Vehicle",0
71761,16.75,215087,1.39,"816814",13.81,55.11,43.2,"Salaried","Mortgage","Home_improvement",0
71764,24.25,592908,2.22,"689880",39.31,127.69,73.5,"Contract","Own","Debt_consolidation",1
71785,17.75,555930,1.5,"2097670",21.49,73.31,49.6,"Salaried","Mortgage","Vehicle",0
71788,18.75,348790,1.41,"678414",14.34,56.32,46.4,"Salaried","Rent","Vehicle",1
71794,16.75,495304,1.97,"1283248",22.41,75.42,57.2,"Salaried","Mortgage","Home_improvement",1
71808,25.25,3304323,1.74,"3951371",39.14,128.02,73.5,"Self-employed","Rent","Other",1
71809,35,4241,0.51,"7179",24.6,86.62,59.4,"Unemployed","Rent","Debt_consolidation",1
71810,23.25,2674649,1.12,"7348244",39.28,124.24,73.8,"Self-employed","Mortgage","Debt_consolidation",1
71830,20.75,284960,2.24,"136310",34.43,115.06,62.2,"Salaried","Rent","Other",1
71840,19.25,230786,1.52,"396423",32.06,102.92,61,"Salaried","Mortgage","Vehicle",0
71841,23.75,3341526,2.16,"5889354",18.86,66.82,52.9,"Self-employed","Rent","Other",1
71843,16.75,115660,1.19,"278674",12.39,50.53,42.6,"Salaried","Mortgage","Home_improvement",0
71847,18.75,387391,1.81,"262625",24.91,85.68,50.3,"Salaried","Rent","Vehicle",1
71859,16.75,358662,1.45,"199882",6.52,27.02,40.1,"Salaried","Mortgage","Vehicle",0
71862,21.75,440468,1.21,"1151276",13.6,44.76,37,"Salaried","Rent","Other",1
71867,22.75,225362,1.15,"361180",1.99,17.68,36.5,"Salaried","Own","Debt_consolidation",0
71877,35,2925,0.65,"10930",20.33,73.57,47.5,"Unemployed","Rent","Debt_consolidation",0
71881,21.75,1437012,1.93,"2769902",15.65,54.7,46.3,"Self-employed","Mortgage","Debt_consolidation",0
71890,20.75,548659,1.38,"210637",37.13,118.68,69.7,"Salaried","Rent","Other",1
71906,24.75,1117217,1.58,"2326023",2.71,18.92,28,"Contract","Mortgage","Vehicle",0
71916,17.75,294510,1.59,"809868",13.6,44.48,45.6,"Salaried","Mortgage","Vehicle",0
71947,18.75,2703186,2.8,"4394734",16,58.46,49.4,"Self-employed","Mortgage","Home_improvement",1
71956,24.75,548670,1.95,"909449",0.37,18.05,32.2,"Self-employed","Own","Debt_consolidation",0
71962,16.75,501420,1.19,"404106",24.01,81.05,53.8,"Salaried","Mortgage","Home_improvement",0
71970,18.25,210762,1.65,"347413",5.4,23.37,28.6,"Salaried","Mortgage","Home_improvement",1
71996,16.75,239126,1.35,"760985",13.93,56.35,48.5,"Salaried","Mortgage","Home_improvement",0
72000,24.75,867288,1.29,"732422",2.79,18.39,35.3,"Self-employed","Own","Debt_consolidation",1
72006,21.25,526147,1.71,"1156415",31.94,104.15,59.9,"Contract","Mortgage","Vehicle",1
72011,18.75,119246,1.55,"428256",15.37,57.5,49.3,"Salaried","Rent","Vehicle",1
72021,21.75,565167,1.13,"1780857",17.79,65.61,44.4,"Self-employed","Mortgage","Debt_consolidation",0
72022,18.25,574565,1.31,"1479792",32.82,109.61,60.9,"Salaried","Mortgage","Home_improvement",0
72023,21.25,1888436,1.57,"2250867",5.04,21.34,34.4,"Self-employed","Mortgage","Vehicle",0
72028,17.75,280795,1.44,"1045273",19.02,62.16,47.1,"Salaried","Mortgage","Vehicle",1
72034,21.75,219414,2.22,"349306",22.66,82.64,54.6,"Self-employed","Mortgage","Debt_consolidation",1
72039,23.75,743223,1.57,"2624681",17.29,57.45,41.3,"Self-employed","Rent","Other",0
72046,19.25,513523,1.56,"1772378",26.07,85.03,57,"Salaried","Own","Debt_consolidation",0
72050,18.25,275302,1.29,"518965",5.85,28.85,33.3,"Salaried","Mortgage","Home_improvement",0
72059,33.75,3337,0.53,"10223",12.03,46.78,37.3,"Unemployed","Rent","Vehicle",0
72062,17.75,413663,1.79,"1217310",9.87,41.07,37.2,"Salaried","Mortgage","Vehicle",0
72064,28.75,1350790,1.41,"4876682",2.01,21.19,24.1,"Self-employed","Rent","Other",1
72082,21.75,227395,1.47,"267530",17,65.27,40.5,"Salaried","Rent","Other",0
72086,16.25,89164,2.02,"36419",32.57,105.05,57.2,"Self-employed","Mortgage","Home_improvement",1
72090,19.25,242832,1.36,"396905",18.62,67.85,50.6,"Salaried","Own","Debt_consolidation",0
72099,21.75,163744,2.08,"166367",35.05,116.29,63.1,"Contract","Mortgage","Home_improvement",1
72109,20.25,686984,1.23,"1078039",32.61,106.71,60.5,"Self-employed","Mortgage","Home_improvement",1
72131,20.25,752915,1.29,"608352",1.13,11.45,32.7,"Salaried","Mortgage","Home_improvement",0
72132,18.75,116195,2.08,"152058",29.15,96.21,54.5,"Salaried","Rent","Vehicle",1
72143,26.75,940920,1.32,"3056013",27.19,88.66,62,"Contract","Rent","Other",1
72151,18.75,2798536,2.17,"9334755",29.39,96.52,58.2,"Self-employed","Mortgage","Home_improvement",1
72155,21.75,680431,1.33,"2056989",20.4,69.17,50.1,"Salaried","Rent","Other",0
72156,21.25,121276,1.45,"406933",0.83,12.74,33,"Salaried","Mortgage","Vehicle",0
72159,20.25,743073,1.56,"1771594",6.99,27.31,35.2,"Salaried","Rent","Vehicle",0
72163,16.75,335490,2.01,"785515",19.38,73.35,49.5,"Salaried","Mortgage","Home_improvement",1
72167,18.25,573841,1.57,"525115",31.85,106.7,64.5,"Salaried","Mortgage","Home_improvement",0
72182,17.75,391381,1.57,"1061174",27.34,93.91,52.2,"Salaried","Mortgage","Vehicle",0
72189,21.75,422500,1.36,"1552615",26.89,91.36,51.7,"Salaried","Rent","Other",0
72199,20.25,1011618,1.45,"2615143",25.8,81.61,53,"Contract","Mortgage","Home_improvement",0
72200,17.75,122419,1.59,"191988",34.83,110.76,59.6,"Salaried","Mortgage","Vehicle",1
72203,19.25,444372,1.46,"1285788",24.5,80.68,48.3,"Salaried","Own","Debt_consolidation",1
72218,19.25,252409,1.96,"443811",12.63,46.38,40.3,"Salaried","Own","Debt_consolidation",0
72226,22.75,2774048,1.93,"5524380",29.85,98.7,61.6,"Self-employed","Own","Debt_consolidation",1
72227,19.75,680045,2.02,"2416991",10.89,40.82,42.5,"Self-employed","Mortgage","Vehicle",0
72234,20.25,230954,1.73,"818350",34.94,115.95,62.1,"Salaried","Rent","Vehicle",1
72257,21.25,639580,1.09,"1560994",4.77,22.59,27.7,"Self-employed","Mortgage","Vehicle",0
72269,16.75,381271,1.12,"192506",27.16,97.31,57.9,"Salaried","Own","Debt_consolidation",0
72271,18.25,603142,2.12,"593054",4.5,21.46,35.3,"Salaried","Mortgage","Home_improvement",1
72272,17.75,493556,1.49,"988989",17.69,60.02,48.7,"Salaried","Mortgage","Vehicle",1
72284,18.25,222418,1.49,"322399",38.56,125.45,62.2,"Salaried","Mortgage","Home_improvement",1
72289,20.25,129922,1.44,"277508",29.03,96.48,60.5,"Salaried","Rent","Vehicle",1
72298,16.75,319045,1.13,"701075",25.19,81.87,55.6,"Salaried","Mortgage","Home_improvement",0
72317,32.25,1557,0.37,"4270",13.18,50.8,40.2,"Unemployed","Rent","Debt_consolidation",1
72322,18.75,181886,1.28,"638940",24.22,78.24,52.6,"Salaried","Rent","Vehicle",0
72333,25.25,2744039,1.85,"5493531",33.51,112.09,65.9,"Self-employed","Rent","Other",1
72341,19.25,464142,1.48,"741811",9.26,40.59,39.1,"Salaried","Own","Debt_consolidation",0
72342,23.25,332331,2,"1058288",0.32,11.08,28.1,"Self-employed","Mortgage","Vehicle",1
72366,18.75,346493,1.64,"512945",30.46,98.6,58.1,"Salaried","Rent","Vehicle",0
72367,21.75,401181,1.59,"1520408",28.4,97.2,51.6,"Salaried","Rent","Other",1
72368,19.25,136629,0.98,"75902",33.21,108.6,55.5,"Salaried","Rent","Other",0
72381,18.75,688534,0.66,"999436",11.48,42.77,33.9,"Salaried","Rent","Vehicle",0
72386,22.25,779910,1.88,"1161192",10.17,42.32,34,"Contract","Rent","Vehicle",1
72387,20.75,430019,1.87,"479144",39.87,124.46,67,"Salaried","Own","Debt_consolidation",0
72388,21.25,665326,2.11,"1259552",1.62,9.94,28.9,"Salaried","Mortgage","Vehicle",1
72406,18.75,596762,1.3,"2071935",18.38,64.47,45.4,"Salaried","Rent","Vehicle",0
72413,20.25,296027,1.56,"620574",31.13,100.23,60.7,"Salaried","Rent","Vehicle",1
72421,22.75,1251079,1.03,"3243558",3.89,29.75,27.7,"Contract","Mortgage","Vehicle",0
72442,23.75,1728194,1.69,"1564578",23.65,82.19,47.9,"Self-employed","Rent","Other",1
72443,17.75,198082,1.92,"138935",13.41,52.16,45.8,"Salaried","Mortgage","Vehicle",0
72444,18.75,222813,1.9,"788538",25.86,90.72,50.2,"Salaried","Rent","Vehicle",1
72462,17.75,479111,1.42,"1158963",25.24,78.86,58,"Salaried","Mortgage","Vehicle",1
72491,23.75,682126,1.71,"1017300",22.13,75.95,54.2,"Self-employed","Rent","Other",0
72495,24.75,905029,1.45,"729093",34.33,111.23,66.3,"Contract","Mortgage","Debt_consolidation",1
72510,19.25,124593,1.15,"94604",6.78,29.89,28.9,"Salaried","Mortgage","Vehicle",0
72529,23.75,1152951,1.53,"3175560",26.87,87.61,60.9,"Contract","Rent","Vehicle",0
72532,16.75,228261,1.49,"841385",23.84,84.17,47.9,"Salaried","Mortgage","Home_improvement",1
72533,17.75,128366,1.38,"381987",20.1,72.12,49.3,"Salaried","Mortgage","Vehicle",0
72540,20.25,1019324,1.7,"630453",39.59,122.51,74,"Contract","Mortgage","Vehicle",1
72541,35,7031,0.54,"8975",2.88,18.49,33,"Unemployed","Rent","Debt_consolidation",0
72543,21.75,181598,1.2,"360410",13.59,50.51,40.3,"Salaried","Rent","Other",0
72547,16.75,586093,2.12,"1326817",20.2,69.3,45,"Salaried","Mortgage","Home_improvement",0
72561,22.75,677226,1.16,"1656279",30.41,103.64,55.4,"Contract","Own","Debt_consolidation",1
72568,21.25,363097,2.03,"977693",17.48,59.52,45.4,"Contract","Mortgage","Vehicle",1
72573,23.75,1674502,1.91,"3388172",23.25,78.77,45.6,"Self-employed","Rent","Other",1
72575,20.25,126726,1.45,"256999",5.76,28.21,28.6,"Salaried","Rent","Vehicle",1
72581,22.25,731941,1.82,"1496187",13.42,58.41,47.2,"Contract","Rent","Vehicle",0
72589,23.75,807178,2.34,"838044",16.64,61.19,39.6,"Self-employed","Rent","Other",1
72591,26.75,2550,0.36,"8883",11.9,53.58,35.4,"Unemployed","Rent","Home_improvement",0
72593,21.75,506706,1.84,"1593972",0.76,17.85,24.5,"Salaried","Mortgage","Home_improvement",0
72610,18.75,315432,1.33,"690876",11.53,47,42.8,"Salaried","Rent","Vehicle",0
72615,17.75,395473,1.33,"497306",8.29,34.2,39,"Salaried","Mortgage","Vehicle",1
72632,20.25,312116,1.24,"939132",38.04,124.62,71.8,"Salaried","Rent","Vehicle",1
72633,23.75,2047884,2.03,"3035143",8.29,30.54,41.3,"Self-employed","Rent","Other",0
72637,23.75,2744930,2.48,"2127406",7.7,38.2,38.6,"Self-employed","Rent","Other",1
72655,17.75,179328,1.55,"401541",10.76,41.45,34.1,"Salaried","Mortgage","Vehicle",0
72659,22.75,2357687,1.91,"8508101",33.6,112.13,63,"Self-employed","Own","Debt_consolidation",0
72664,20.75,245170,2.02,"899859",37.84,121.96,61.1,"Salaried","Own","Debt_consolidation",1
72674,20.75,2683026,2.23,"965930",34.96,117.94,69.2,"Self-employed","Mortgage","Debt_consolidation",1
72687,21.75,497868,1.31,"1306971",19.78,74.47,45.5,"Salaried","Rent","Other",1
72708,16.25,343146,1.91,"145971",28.53,95.88,55,"Salaried","Rent","Vehicle",0
72709,19.75,2767548,1.72,"7581856",11.8,44.53,37,"Self-employed","Mortgage","Vehicle",1
72722,18.75,339048,1.69,"975278",25.19,86.35,55.3,"Salaried","Rent","Vehicle",1
72737,19.75,1305918,1.81,"3242824",28.06,97.29,59.6,"Self-employed","Mortgage","Vehicle",0
72744,18.75,196191,1.49,"345168",8.32,32.62,37.8,"Salaried","Rent","Vehicle",0
72745,21.25,131246,1.41,"344311",0.53,14.23,29.9,"Salaried","Mortgage","Vehicle",0
72748,17.75,477959,1.41,"1095602",9.03,37.8,38.1,"Salaried","Mortgage","Vehicle",1
72750,35,7416,0.54,"27477",20.74,72.24,48.3,"Unemployed","Rent","Debt_consolidation",0
72760,17.75,349132,1.22,"400280",33.7,116.03,58.9,"Salaried","Mortgage","Vehicle",0
72771,22.25,581049,1.73,"2106534",0.07,9.79,30,"Salaried","Rent","Vehicle",0
72775,18.75,646529,1.91,"351086",32.36,101.34,55.4,"Contract","Mortgage","Vehicle",1
72781,23.75,2547145,2.07,"7961179",20.23,75.26,45,"Self-employed","Rent","Other",1
72791,21.25,486106,1.62,"402819",20.31,64.7,51.4,"Contract","Mortgage","Vehicle",1
72804,17.75,143654,1.43,"303944",11.7,49.98,41.5,"Salaried","Mortgage","Vehicle",0
72805,16.75,121824,2.15,"194931",26.45,93.14,53,"Salaried","Mortgage","Home_improvement",1
72808,28.75,746335,1.21,"1870335",0.08,4.64,24.2,"Self-employed","Rent","Other",1
72818,16.75,445240,1.78,"1251847",21.81,74.95,47.7,"Salaried","Mortgage","Home_improvement",0
72833,19.75,517297,1.91,"198307",14.85,55.33,46.7,"Contract","Rent","Vehicle",1
72841,17.75,594212,1.79,"807525",7.21,26.38,37.6,"Salaried","Mortgage","Vehicle",0
72845,19.75,732737,1.53,"1749835",28.08,90.81,56.9,"Self-employed","Mortgage","Vehicle",1
72873,21.75,279693,1.44,"473506",1.13,11.51,23.2,"Salaried","Mortgage","Home_improvement",0
72874,18.75,354763,1.82,"609312",19.7,64.86,42.6,"Salaried","Rent","Vehicle",0
72887,35,1490,0.63,"4795",11.58,43.99,43.7,"Unemployed","Rent","Debt_consolidation",1
72897,25.25,2461269,1.83,"1849902",36.39,115.81,71.1,"Self-employed","Rent","Other",1
72899,23.75,2498551,2.37,"9007913",8.79,33.1,36.1,"Self-employed","Rent","Other",0
72907,17.75,564953,1.18,"1753487",16.83,56.75,40.3,"Salaried","Mortgage","Vehicle",1
72908,21.75,600250,1.74,"1702676",10.72,42.82,41.5,"Salaried","Rent","Other",0
72912,17.75,610427,1.18,"1312555",32.33,111.51,56.9,"Salaried","Mortgage","Vehicle",0
72915,18.75,749676,1.59,"2046004",13.68,50.06,37.2,"Salaried","Rent","Vehicle",1
72921,20.75,624190,1.97,"744862",28.24,96.93,62,"Salaried","Own","Debt_consolidation",0
72922,23.75,664027,0.81,"2232555",31.45,96.93,66.4,"Contract","Rent","Vehicle",1
72923,16.75,123119,1.68,"391934",20.29,70.38,44.7,"Salaried","Mortgage","Home_improvement",0
72929,17.75,1005121,1.92,"528482",9.62,37.7,32.5,"Contract","Mortgage","Home_improvement",1
72940,18.25,513813,2.15,"887619",36.97,124.13,64.6,"Salaried","Mortgage","Home_improvement",0
72942,16.75,201207,1.29,"355183",28.33,96.15,50.4,"Salaried","Mortgage","Home_improvement",0
72962,19.25,437812,1.32,"1282964",30.92,101.79,65.7,"Salaried","Mortgage","Vehicle",1
72963,23.25,642078,2.27,"1112019",32.12,108.85,56.3,"Contract","Mortgage","Debt_consolidation",1
72980,18.75,431451,1.39,"1098879",21.85,75.33,48.8,"Salaried","Rent","Vehicle",0
72987,22.75,1133124,1.1,"4140949",6.22,30.33,39.9,"Contract","Mortgage","Vehicle",0
72997,16.75,226910,1.92,"150221",30.61,102.63,62,"Salaried","Mortgage","Vehicle",1
73015,17.75,513710,1.32,"1733681",19.33,64.9,49.8,"Salaried","Mortgage","Vehicle",0
73024,20.25,282066,1.43,"327649",2.29,13.01,25.1,"Salaried","Mortgage","Home_improvement",0
73028,19.75,1405432,1.1,"5335126",13.43,52.38,45.1,"Self-employed","Mortgage","Vehicle",1
73045,17.75,742409,1.57,"1967372",10.46,38.97,36.9,"Salaried","Mortgage","Vehicle",0
73057,16.75,525496,0.96,"1985465",19.86,70.84,45.6,"Salaried","Mortgage","Home_improvement",0
73070,33.25,2334,0.6,"837",28.95,96.1,56.5,"Unemployed","Rent","Debt_consolidation",1
73096,22.75,541563,1.8,"1227244",29.97,99.79,63,"Contract","Mortgage","Vehicle",1
73097,34.25,2131,0.61,"6864",6.94,36.64,29.1,"Unemployed","Rent","Home_improvement",0
73112,23.75,376208,1.35,"1100702",20.49,69.87,46.2,"Self-employed","Rent","Other",0
73126,35,1713,0.48,"4248",12.59,51.2,43.1,"Unemployed","Rent","Debt_consolidation",1
73158,19.25,112585,1.29,"236064",39.51,124.72,73.9,"Salaried","Mortgage","Vehicle",1
73164,35,4879,0.58,"13034",13.79,48.15,47.1,"Unemployed","Rent","Debt_consolidation",1
73165,19.25,359005,1.63,"333785",14.52,55.94,43.7,"Salaried","Own","Debt_consolidation",1
73169,35,6278,0.54,"7754",10.99,41.41,43.6,"Unemployed","Rent","Debt_consolidation",0
73170,20.75,282880,1.4,"961457",34.88,113.65,61.2,"Salaried","Own","Debt_consolidation",0
73173,34.75,4437,0.51,"10012",22.2,73.62,48.6,"Unemployed","Mortgage","Debt_consolidation",1
73174,35,1526,0.52,"3035",29.32,99.83,60.3,"Unemployed","Rent","Debt_consolidation",0
73177,18.75,148875,1.82,"113555",22.26,72.62,51.5,"Salaried","Rent","Vehicle",1
73179,20.25,2785012,1.98,"7177548",5.09,27.81,37.8,"Self-employed","Mortgage","Home_improvement",1
73195,20.25,410232,1.97,"621555",32.14,107.74,66,"Salaried","Rent","Vehicle",1
73200,18.75,490478,1.56,"1534178",20.89,71.74,48.9,"Salaried","Rent","Vehicle",1
73202,21.25,407914,1.59,"594968",2.02,19.55,34.9,"Salaried","Mortgage","Vehicle",1
73205,19.25,552416,1.69,"1917080",20.28,64.25,48.3,"Salaried","Own","Debt_consolidation",0
73206,17.75,439046,1.34,"1667438",20.25,70.66,53.4,"Salaried","Mortgage","Vehicle",0
73225,20.25,281133,1.95,"432320",27.54,92.4,62.1,"Salaried","Rent","Vehicle",1
73227,22.75,3721430,2.18,"2425649",32.18,107.81,65.2,"Self-employed","Rent","Other",1
73242,21.75,184950,1.84,"408478",16.06,60.68,42.6,"Salaried","Rent","Other",1
73245,16.75,221712,1.11,"785906",21.27,79.64,44.4,"Salaried","Mortgage","Home_improvement",0
73251,29.75,2638,0.32,"7403",33.96,113.26,56.1,"Unemployed","Rent","Debt_consolidation",1
73257,18.25,221410,1.58,"702810",37.94,119.7,61.1,"Salaried","Mortgage","Home_improvement",0
73263,23.75,1975694,1.75,"2730096",17.54,60.2,50.4,"Self-employed","Rent","Other",1
73279,25.25,468968,2.14,"962202",33.18,111.11,65.1,"Self-employed","Rent","Other",1
73294,16.75,410141,1.51,"442511",12.78,53.6,39.8,"Salaried","Mortgage","Home_improvement",1
73295,18.75,453339,1.05,"818786",12.74,48.01,35,"Salaried","Rent","Vehicle",0
73303,20.75,318697,1.35,"375746",37.12,121.51,63.4,"Salaried","Own","Debt_consolidation",0
73317,35,5591,0.62,"14124",11.62,48.39,34.6,"Unemployed","Rent","Debt_consolidation",0
73328,15.25,270498,2.03,"151648",9.68,38,41.2,"Salaried","Mortgage","Vehicle",0
73348,16.75,633856,1.97,"312335",31.55,102.97,61.2,"Salaried","Mortgage","Vehicle",0
73349,32.25,6511,0.4,"12782",7.42,34.61,41.9,"Unemployed","Rent","Debt_consolidation",0
73371,19.25,517071,1.45,"394268",39.19,125.96,70.6,"Salaried","Mortgage","Vehicle",0
73379,20.25,397968,1.49,"954011",29.1,91.58,61.2,"Salaried","Rent","Vehicle",0
73396,18.25,276585,1.56,"298327",35.16,112.33,63.6,"Salaried","Mortgage","Home_improvement",1
73408,19.75,164708,1.47,"450236",34.87,110.9,59.8,"Self-employed","Mortgage","Vehicle",1
73418,18.25,575823,1.54,"800227",38.9,119.76,67,"Salaried","Mortgage","Home_improvement",0
73420,18.25,428818,1.88,"719572",5.96,24.62,30.8,"Salaried","Mortgage","Home_improvement",0
73443,17.75,575306,1.16,"1769382",27.82,96.06,57.5,"Salaried","Mortgage","Vehicle",1
73449,16.75,212105,1.12,"226998",17.91,67.78,44.1,"Salaried","Mortgage","Home_improvement",1
73482,17.75,268699,1.2,"447797",24.01,77.87,49.7,"Salaried","Mortgage","Vehicle",0
73492,16.75,516481,1.75,"1421795",14.95,52.5,47.4,"Salaried","Mortgage","Home_improvement",0
73495,30.25,3078,0.71,"1363",12.65,45.65,41.4,"Unemployed","Rent","Home_improvement",1
73496,21.75,380476,1.55,"1414986",24.73,85.94,52.9,"Salaried","Rent","Other",1
73510,17.75,337278,1.67,"393892",13.69,47,46.4,"Salaried","Mortgage","Vehicle",0
73517,23.25,1731098,2.17,"5730506",5.19,23.26,32.4,"Self-employed","Mortgage","Debt_consolidation",0
73518,16.75,629755,1.25,"1616211",15.81,58.99,45.6,"Salaried","Mortgage","Home_improvement",1
73526,23.25,389077,1.46,"621408",25.31,84.61,51.7,"Contract","Mortgage","Debt_consolidation",1
73528,15.25,339138,1.85,"155824",10.34,37.54,37.1,"Salaried","Mortgage","Vehicle",0
73536,35,5234,0.5,"10515",19.19,64.18,48,"Unemployed","Rent","Debt_consolidation",0
73541,20.25,1225792,1.94,"2548993",20.78,70.7,44.2,"Contract","Mortgage","Home_improvement",1
73543,21.75,365936,0.86,"1330508",22.72,80.58,56.3,"Salaried","Rent","Other",0
73544,18.75,451686,1.84,"662638",27.21,91.15,59.9,"Salaried","Rent","Vehicle",1
73557,35,4890,0.51,"6276",28.32,99.06,57.9,"Unemployed","Rent","Debt_consolidation",1
73562,17.75,472961,1.23,"598556",10.48,43.07,35.5,"Salaried","Mortgage","Vehicle",0
73581,20.25,214778,1.49,"147627",31.26,101.51,65.5,"Salaried","Rent","Vehicle",1
73596,21.75,848583,2.31,"1177666",21.93,79.94,55,"Self-employed","Mortgage","Debt_consolidation",0
73605,16.75,265074,1,"994633",16.94,58.86,50.3,"Salaried","Mortgage","Home_improvement",0
73610,23.25,418955,1.26,"888640",6.32,32.43,38,"Salaried","Rent","Other",1
73615,16.75,586146,2.07,"1161945",9.28,39.94,33.4,"Salaried","Mortgage","Home_improvement",0
73617,16.75,729305,1.83,"1368601",22.99,80.1,54.9,"Salaried","Mortgage","Home_improvement",0
73627,16.25,2641076,1.83,"880558",22.93,77.3,54.5,"Self-employed","Mortgage","Home_improvement",0
73628,21.75,286290,1.3,"663225",14.08,53.17,48.9,"Salaried","Rent","Other",0
73645,21.75,167636,1.85,"286324",25.94,84.57,49.8,"Salaried","Rent","Other",1
73649,23.75,1870400,2.25,"2704300",7.43,29.67,40.4,"Self-employed","Rent","Other",0
73657,21.75,1892832,1.72,"5270532",22.91,81.2,45,"Self-employed","Mortgage","Debt_consolidation",1
73681,16.75,117260,1.36,"161230",14.62,55.74,44.1,"Salaried","Mortgage","Home_improvement",0
73690,19.25,473157,1,"1155764",38.46,122.17,71.3,"Salaried","Mortgage","Vehicle",0
73711,20.25,162284,1.24,"511379",33.94,110.62,62.1,"Salaried","Rent","Vehicle",1
73715,19.25,299102,1.15,"661881",6.56,28.36,29.5,"Salaried","Mortgage","Vehicle",1
73734,16.25,308336,1.73,"134992",32.23,106.88,54.5,"Salaried","Rent","Vehicle",0
73743,22.25,770737,1.87,"1427115",22.51,74.29,51.4,"Contract","Rent","Vehicle",0
73745,21.75,140881,1.07,"392339",18.65,66.11,44.1,"Salaried","Rent","Other",1
73749,20.25,570352,1.49,"618721",27.07,92.42,59.5,"Contract","Mortgage","Home_improvement",1
73757,19.25,352688,2.3,"250994",26.23,85.2,53.9,"Salaried","Own","Debt_consolidation",0
73759,17.75,927542,1.83,"2906113",29.18,100.62,55.1,"Salaried","Mortgage","Vehicle",0
73767,19.75,244006,1.14,"833887",22.34,73.59,48.7,"Self-employed","Mortgage","Vehicle",0
73771,17.75,355438,1.49,"680997",15.99,64.07,39.8,"Salaried","Mortgage","Vehicle",0
73775,18.75,345931,1.52,"481727",10.53,44.08,35.2,"Salaried","Rent","Vehicle",0
73781,23.75,2075428,1.52,"2373416",28.89,95.14,55.4,"Self-employed","Rent","Other",0
73782,22.75,750159,2.1,"2266442",25.77,86.04,60.4,"Contract","Mortgage","Vehicle",0
73787,32.75,6172,0.39,"18489",36.51,119.31,63.5,"Unemployed","Mortgage","Debt_consolidation",0
73789,16.75,259724,1.34,"796090",28.51,100.2,58.2,"Salaried","Mortgage","Home_improvement",0
73791,20.75,548709,1.49,"1317105",27.7,93.87,62.2,"Salaried","Own","Debt_consolidation",0
73793,31.75,4701,0.57,"1935",37.38,121.19,66.4,"Unemployed","Rent","Home_improvement",1
73822,23.25,173523,1.36,"575535",4.57,22.06,39.2,"Salaried","Rent","Other",0
73824,22.25,623364,2.09,"1038649",17.11,61.59,40.3,"Contract","Rent","Vehicle",1
73844,35,4655,0.52,"9745",34.4,111.55,65.4,"Unemployed","Rent","Vehicle",1
73872,22.25,216687,1.95,"578886",20.18,72.6,52.8,"Contract","Rent","Vehicle",0
73876,19.25,644147,1.88,"1243814",17.51,63.94,49,"Salaried","Own","Debt_consolidation",1
73877,17.75,544854,1.35,"907038",20.16,75.02,50.4,"Salaried","Mortgage","Vehicle",1
73888,22.25,1045419,2.35,"2969130",9.19,34.11,43.2,"Contract","Rent","Vehicle",1
73892,24.75,1144475,1.71,"1135493",36,120.73,60.1,"Contract","Mortgage","Debt_consolidation",0
73896,24.25,724153,1.99,"1235032",6.66,27.21,38.2,"Contract","Own","Debt_consolidation",0
73898,19.25,624695,1.25,"2029101",36.13,118.19,61.8,"Salaried","Mortgage","Vehicle",1
73929,16.75,173515,1.31,"95260",20.52,75.01,43.1,"Salaried","Own","Debt_consolidation",1
73935,19.75,705958,2.18,"2237114",16.85,67.8,43.2,"Self-employed","Mortgage","Vehicle",1
73941,19.75,1406478,2.12,"1449903",18.9,75.67,43.3,"Self-employed","Mortgage","Vehicle",0
73943,19.75,3091470,2.21,"5911354",17.52,66.46,42.1,"Self-employed","Mortgage","Vehicle",0
73962,17.75,205732,1.61,"636059",19.95,67.02,49.5,"Salaried","Mortgage","Vehicle",0
73966,17.75,627367,1.49,"784476",9.71,38.8,34.6,"Salaried","Mortgage","Vehicle",0
73971,17.75,608063,1.7,"1973197",35.58,118.26,58.9,"Salaried","Mortgage","Vehicle",0
73979,17.75,333433,1.89,"1233481",12.75,51.53,35.5,"Salaried","Mortgage","Vehicle",0
73985,23.75,1233288,1.77,"4138340",14.77,52.35,41.7,"Self-employed","Rent","Other",1
73991,34.75,4049,0.51,"3282",22.18,70.19,49.3,"Unemployed","Mortgage","Debt_consolidation",0
74003,23.25,363617,2.34,"738638",37.95,125.57,71.4,"Salaried","Rent","Other",1
74006,17.75,373000,1.44,"461196",23.25,78.91,57.9,"Salaried","Mortgage","Vehicle",0
74009,18.75,130454,1.68,"459471",18.33,69.49,43.5,"Salaried","Rent","Vehicle",1
74014,17.75,639125,1.61,"685044",15.87,61.75,41.6,"Salaried","Mortgage","Vehicle",0
74015,25.25,2003722,1.51,"5542453",39.49,131.39,63,"Self-employed","Rent","Other",1
74017,20.25,113403,1.6,"80897",3.23,14.2,30.2,"Salaried","Rent","Vehicle",0
74024,17.75,178468,1.73,"217116",15.58,51.08,47.7,"Salaried","Mortgage","Vehicle",0
74031,19.25,358056,1.46,"1288966",17.27,61.47,42.1,"Salaried","Own","Debt_consolidation",1
74037,21.25,328153,1.57,"1101224",2.63,22.48,37.5,"Salaried","Mortgage","Vehicle",0
74041,23.75,1799422,1.82,"4629336",10.38,40.17,41,"Self-employed","Rent","Other",1
74043,24.25,839209,1.63,"1308881",5.73,24.36,35.8,"Contract","Own","Debt_consolidation",1
74046,20.25,511709,1.4,"433405",0.6,11.42,34.4,"Salaried","Mortgage","Home_improvement",0
74064,17.75,540226,1.9,"1602272",33.67,114.69,59.1,"Salaried","Mortgage","Vehicle",1
74071,18.25,410577,1.19,"873727",5.25,27.14,32.2,"Salaried","Mortgage","Home_improvement",0
74090,27.25,1525927,1.29,"3522503",2.94,23.69,34.9,"Self-employed","Rent","Other",1
74104,21.75,618124,1.77,"1678496",20.16,69.79,45.5,"Salaried","Rent","Other",1
74139,23.25,2424932,1.97,"8495490",6.37,30.71,31.6,"Self-employed","Mortgage","Debt_consolidation",1
74142,19.25,243276,1.37,"319438",27.2,94.3,55.8,"Salaried","Own","Debt_consolidation",0
74149,19.75,1398197,1.86,"2500466",22.95,73.72,46.6,"Self-employed","Mortgage","Vehicle",0
74184,21.75,378739,1.66,"263267",32.84,110.64,57.8,"Salaried","Rent","Other",1
74185,16.75,524844,1.73,"245844",4.13,22.51,27.4,"Salaried","Mortgage","Vehicle",0
74192,21.75,457834,1.69,"1336339",36.42,120.34,58.9,"Salaried","Rent","Other",1
74194,21.75,1149581,1.75,"4161914",17.7,63.1,43.9,"Self-employed","Mortgage","Debt_consolidation",1
74197,34.75,2406,0.42,"6019",6.85,26.79,31.1,"Unemployed","Rent","Other",0
74207,21.75,363058,1.27,"243268",22.81,79.54,45.5,"Salaried","Rent","Other",0
74218,17.75,90991,1.88,"289628",33,108.6,56.1,"Salaried","Mortgage","Vehicle",0
74233,18.75,525253,2.05,"1397212",31.5,105.69,54.2,"Self-employed","Mortgage","Home_improvement",0
74239,18.75,2046770,1.47,"5236681",34.99,117.11,59.9,"Self-employed","Mortgage","Home_improvement",1
74240,22.75,423304,1.11,"968202",26.99,86.58,58.2,"Contract","Own","Debt_consolidation",0
74246,15.75,670159,1.28,"370808",3.06,14.41,25.1,"Salaried","Mortgage","Home_improvement",0
74247,16.75,353219,1.16,"1209678",27.05,89.17,55.1,"Salaried","Mortgage","Home_improvement",1
74251,19.25,119465,1.49,"188563",18.66,61.26,45.8,"Salaried","Own","Debt_consolidation",1
74254,25.25,1109251,2.47,"3324074",32.52,112.19,62.2,"Self-employed","Rent","Other",1
74261,24.75,1211748,2.22,"1171144",3.79,17.64,27.5,"Contract","Mortgage","Debt_consolidation",0
74262,18.75,420851,1.29,"410081",20.96,68.82,50.5,"Salaried","Rent","Vehicle",0
74265,18.75,133758,1.73,"200127",15.09,55.72,49,"Salaried","Rent","Vehicle",0
74270,16.75,458714,1.43,"1230615",9.6,43.62,44.5,"Salaried","Mortgage","Home_improvement",0
74272,23.75,2135224,1.56,"7595414",28.49,94.29,54.2,"Self-employed","Rent","Other",0
74276,19.25,524521,1.51,"1466406",34.1,114.92,58.3,"Salaried","Own","Debt_consolidation",0
74281,19.25,350132,1.57,"178447",17.41,70.82,49.1,"Salaried","Rent","Other",0
74291,23.75,1323390,1.96,"2811703",4.27,24.99,29.6,"Contract","Rent","Vehicle",1
74296,24.75,154514,1.79,"332895",37.07,123.11,60.1,"Contract","Mortgage","Debt_consolidation",1
74302,35,2771,0.54,"2219",20.83,70.82,49.9,"Unemployed","Rent","Debt_consolidation",1
74304,16.75,279373,1.66,"386951",13.18,54.92,37.1,"Salaried","Mortgage","Home_improvement",0
74310,26.75,7384,0.26,"21776",7.01,34.89,32.1,"Unemployed","Rent","Home_improvement",0
74311,19.25,431781,1.45,"334975",28.99,97.63,51.6,"Salaried","Own","Debt_consolidation",1
74317,21.75,240262,1.67,"384412",26.21,91.93,50.4,"Salaried","Rent","Other",0
74320,19.25,743668,1.98,"2300338",36.86,110.14,64.2,"Salaried","Mortgage","Vehicle",1
74331,17.25,1776494,1.28,"819190",11.66,39.23,44.4,"Self-employed","Mortgage","Vehicle",0
74332,16.75,135377,2.05,"227851",28.55,94.99,56.5,"Salaried","Mortgage","Home_improvement",0
74351,20.25,122454,1.93,"300330",28.55,100.06,61.4,"Salaried","Rent","Vehicle",1
74353,23.75,876149,2.26,"1214383",37.6,122.51,60.2,"Contract","Rent","Vehicle",1
74363,20.25,419011,2.09,"561344",38.57,125.89,71.9,"Salaried","Rent","Vehicle",1
74369,22.75,2920437,1.9,"8191286",31.16,107.79,63.6,"Self-employed","Own","Debt_consolidation",1
74372,19.25,380571,1.48,"403521",37.44,122.39,62.8,"Salaried","Mortgage","Vehicle",1
74378,22.25,637291,1.9,"884509",17.74,64.37,49,"Contract","Rent","Vehicle",0
74379,17.75,265662,1.35,"716629",31.31,100.1,58.9,"Salaried","Mortgage","Vehicle",0
74380,23.75,1787540,1.78,"1326489",20.36,68.17,53,"Self-employed","Rent","Other",0
74381,23.75,603659,2.34,"1208030",23.1,78.83,51.1,"Self-employed","Rent","Other",1
74391,16.75,264107,1.85,"984524",18.01,61.89,44,"Salaried","Mortgage","Home_improvement",1
74398,20.25,604785,1.14,"793365",4.92,28.69,36.8,"Salaried","Rent","Vehicle",1
74400,20.75,467960,1.06,"300436",15.62,53.9,43.7,"Contract","Mortgage","Debt_consolidation",0
74425,17.75,288736,0.9,"714411",7.88,36.22,39.8,"Salaried","Mortgage","Vehicle",1
74430,18.75,460341,2.02,"1179722",29.22,98.3,52.7,"Salaried","Rent","Vehicle",1
74433,18.25,280370,2.09,"265574",4.81,19.87,32.1,"Salaried","Mortgage","Home_improvement",1
74446,16.75,293372,1.47,"926473",29.56,95.66,55.3,"Salaried","Mortgage","Home_improvement",1
74461,17.75,260731,1.2,"880856",30.86,101,56.6,"Salaried","Mortgage","Vehicle",1
74481,22.25,2702609,2.52,"1340623",1.28,11.04,29.6,"Self-employed","Own","Debt_consolidation",1
74487,23.25,402370,0.73,"450145",4.54,25.4,32.2,"Salaried","Rent","Other",0
74515,18.75,857207,1.17,"1653509",11.62,44.35,43.8,"Salaried","Rent","Vehicle",0
74524,22.25,1203951,2.22,"2164799",8.17,34.71,39.5,"Contract","Rent","Vehicle",0
74525,17.75,415547,1.73,"886358",7.55,32.14,37.3,"Salaried","Mortgage","Vehicle",0
74530,21.75,288601,1.28,"1028044",11.51,46.82,33.8,"Salaried","Rent","Other",1
74552,19.25,87095,1.68,"98764",35.5,116.96,58.3,"Salaried","Own","Debt_consolidation",0
74555,16.75,353306,1.55,"1163951",16.1,57.58,42.8,"Salaried","Mortgage","Home_improvement",0
74557,25.25,285222,2.14,"818652",14.73,56.33,42.7,"Contract","Rent","Other",1
74568,18.25,602467,1.59,"1650263",35.53,118.9,60.8,"Salaried","Mortgage","Home_improvement",1
74570,16.75,469604,1.14,"895470",14.97,52.91,42.8,"Salaried","Mortgage","Home_improvement",0
74581,31.25,4380,0.38,"14386",16.61,59.85,39.9,"Unemployed","Mortgage","Debt_consolidation",0
74591,20.25,690732,0.96,"577303",23.79,86.31,54.2,"Contract","Mortgage","Home_improvement",1
74595,16.75,630578,1.33,"1022162",32.67,108.92,55.2,"Salaried","Mortgage","Home_improvement",0
74599,33.25,3396,0.39,"2015",2.56,17.86,33.5,"Unemployed","Rent","Debt_consolidation",1
74612,21.75,211048,1.63,"492344",22.73,78.35,48.9,"Salaried","Rent","Other",1
74624,22.75,1025132,1.26,"3402523",5.29,24.63,28,"Contract","Mortgage","Vehicle",0
74632,18.25,719858,1.4,"2474392",39.47,128.3,65.2,"Salaried","Mortgage","Home_improvement",1
74636,18.25,459497,1.13,"861353",34.26,114.09,66.2,"Salaried","Mortgage","Home_improvement",1
74638,35,3845,0.51,"5477",36,119.21,63.7,"Unemployed","Rent","Other",0
74641,19.25,216940,1.21,"598243",39.19,125.04,66.9,"Salaried","Mortgage","Vehicle",1
74642,17.75,169824,1.5,"443101",25.02,85.85,50.2,"Salaried","Mortgage","Vehicle",0
74654,20.75,329046,1.11,"335710",32.13,110.26,63,"Salaried","Own","Debt_consolidation",1
74662,21.75,669730,2.18,"2309906",16.73,56.69,40.6,"Self-employed","Mortgage","Debt_consolidation",1
74666,18.75,373818,2.11,"1331990",18.94,66.9,48.9,"Salaried","Rent","Vehicle",1
74675,17.75,687403,2.18,"1805461",8.23,30.4,33.7,"Salaried","Mortgage","Vehicle",0
74683,18.25,105967,1.89,"283251",38.23,124.46,69.7,"Salaried","Mortgage","Home_improvement",1
74687,17.75,280629,1.37,"149929",27.35,89.9,61.1,"Salaried","Rent","Vehicle",1
74695,17.75,538300,1.36,"659764",17.33,60.4,48.2,"Salaried","Mortgage","Vehicle",0
74709,20.25,570854,1.71,"1752785",12.11,44.89,39.2,"Contract","Mortgage","Home_improvement",1
74710,19.25,1818771,1.51,"622331",26.38,88.82,52.2,"Self-employed","Mortgage","Debt_consolidation",1
74728,17.75,472134,1.48,"1042685",21.47,68.43,51.7,"Salaried","Mortgage","Vehicle",0
74733,19.75,426522,1.85,"236425",10.59,41.82,42.1,"Contract","Rent","Vehicle",0
74735,19.25,467981,1.46,"794857",35.12,111.75,60.9,"Salaried","Mortgage","Vehicle",0
74744,17.75,140368,1.23,"141811",21.29,71.63,54.3,"Salaried","Mortgage","Vehicle",1
74747,18.75,1760714,1.91,"6263264",16.21,60.96,44.1,"Self-employed","Mortgage","Home_improvement",0
74748,21.25,262653,1.37,"902315",2.98,19.91,35.6,"Salaried","Mortgage","Vehicle",1
74749,15.25,163900,1.96,"53133",19.97,71.18,53.6,"Salaried","Own","Debt_consolidation",1
74753,17.75,290964,1.41,"404986",19.5,72.15,44.7,"Salaried","Mortgage","Vehicle",1
74757,19.25,156263,1.47,"449033",30.57,101.65,62.1,"Salaried","Mortgage","Vehicle",1
74769,35,5699,0.5,"20496",35.51,120.73,65.1,"Unemployed","Rent","Debt_consolidation",1
74774,17.75,737593,1.66,"861875",20.56,70.12,51.6,"Salaried","Mortgage","Vehicle",1
74777,22.75,446516,1.46,"1542776",0.26,5.86,23.2,"Salaried","Mortgage","Vehicle",0
74788,19.25,298013,1.73,"669520",7.82,33.36,37.9,"Salaried","Own","Debt_consolidation",0
74789,16.75,351438,1.72,"1125931",30.38,101.38,54.2,"Salaried","Mortgage","Home_improvement",1
74790,21.75,566452,1.64,"537686",10.44,39.19,36,"Salaried","Rent","Other",0
74798,19.25,357588,1.44,"144745",9.46,36.22,36.1,"Salaried","Rent","Other",1
74801,25.25,717439,2.05,"1108799",38.55,130.9,71.2,"Self-employed","Rent","Other",1
74805,18.75,820216,2.25,"546068",21.94,76.5,49.1,"Self-employed","Own","Debt_consolidation",1
74817,17.75,240530,2.01,"497501",26.25,88.94,58.8,"Salaried","Mortgage","Vehicle",1
74821,23.75,920548,1.29,"3294539",19.29,68.62,53.2,"Self-employed","Rent","Other",1
74823,14.25,429941,1.64,"268758",25.32,86.97,55.6,"Salaried","Mortgage","Home_improvement",1
74824,20.25,1236383,1.84,"1663464",36.63,117.99,69.1,"Self-employed","Mortgage","Home_improvement",1
74842,23.25,847278,1.4,"2882776",36.16,120.54,69.1,"Salaried","Rent","Other",1
74843,17.75,267426,1.03,"852688",17.98,63.07,45.6,"Salaried","Mortgage","Vehicle",0
74862,22.25,529550,1.52,"1308686",10.53,46.97,32.5,"Contract","Rent","Vehicle",1
74873,23.75,418071,1.8,"822425",36.35,119,70.8,"Contract","Rent","Vehicle",1
74878,21.25,1226110,0.95,"1389517",19.54,73.39,46.8,"Contract","Mortgage","Vehicle",0
74886,16.75,220148,1.05,"608027",10.61,41.07,43,"Salaried","Mortgage","Home_improvement",1
74901,20.25,364750,0.9,"548981",35.24,113.47,62.2,"Salaried","Rent","Vehicle",0
74906,19.25,372821,1.41,"347428",18.51,66.29,43.4,"Salaried","Own","Debt_consolidation",0
74923,20.75,1078342,1.4,"374876",0.38,14.68,27.4,"Self-employed","Mortgage","Vehicle",0
74943,25.25,2872890,2.4,"4012456",35.83,115.76,62.9,"Self-employed","Rent","Other",1
74946,25.25,772455,1.38,"1623764",4.47,24,31.9,"Self-employed","Rent","Other",0
74949,19.25,177141,1.88,"166873",5.92,24.18,39.4,"Salaried","Mortgage","Vehicle",0
74952,33.75,3461,0.45,"4216",29.28,94.06,63.4,"Unemployed","Rent","Debt_consolidation",1
74964,14.25,272031,1.39,"143395",16.14,56.59,46.5,"Salaried","Mortgage","Home_improvement",0
74966,19.25,184770,0.84,"350248",26.53,93.7,49.7,"Salaried","Own","Debt_consolidation",0
74973,35,5848,0.58,"12154",6.2,29.58,32.8,"Unemployed","Rent","Debt_consolidation",1
74978,21.25,200847,1.82,"573452",2.2,18.5,26.5,"Salaried","Mortgage","Vehicle",1
74984,17.75,251253,1.32,"268441",11.33,41.16,46.2,"Salaried","Mortgage","Vehicle",1
75015,18.75,1627689,1.83,"844104",7.61,30.23,40.7,"Self-employed","Own","Debt_consolidation",0
75017,23.25,830412,1.89,"2261694",6.67,26.65,33.9,"Self-employed","Mortgage","Debt_consolidation",1
75055,17.75,515742,1.79,"1549013",21.41,74.24,47,"Salaried","Mortgage","Vehicle",0
75056,21.75,1800066,2.13,"3379961",21.72,71.53,56.6,"Self-employed","Mortgage","Debt_consolidation",1
75057,16.75,369888,1.81,"840510",13.36,47.51,46.4,"Salaried","Mortgage","Home_improvement",0
75069,16.75,359784,1.62,"369470",8.58,35.66,36.8,"Salaried","Mortgage","Home_improvement",1
75080,16.75,277770,1.52,"580406",21.46,71.48,51.7,"Salaried","Mortgage","Home_improvement",0
75090,22.75,999207,1.52,"1567959",3.2,18.66,29,"Contract","Mortgage","Vehicle",1
75098,18.75,327557,1.29,"286727",29.99,101.26,56.6,"Salaried","Rent","Vehicle",1
75101,23.75,155326,1.79,"225790",8.96,35.67,36,"Self-employed","Rent","Other",1
75103,32.25,5424,0.39,"11577",12.23,46.69,43.3,"Unemployed","Rent","Debt_consolidation",1
75111,15.75,456283,2.04,"220861",37.9,128.44,64.2,"Salaried","Mortgage","Home_improvement",1
75117,16.75,309010,1.62,"487502",8.84,38.19,35.1,"Salaried","Mortgage","Home_improvement",1
75118,21.75,502019,1.72,"818651",17.8,63.34,45.2,"Salaried","Rent","Other",1
75121,22.75,1060215,1.33,"3233358",18.28,69.24,50.2,"Contract","Own","Debt_consolidation",0
75126,17.75,406110,1.76,"745298",18.04,63.29,48.6,"Salaried","Mortgage","Vehicle",0
75128,17.75,339238,1.43,"227243",16.93,60.51,42.6,"Salaried","Mortgage","Vehicle",0
75134,16.75,345539,1.52,"1131541",17.97,61.78,52.6,"Salaried","Mortgage","Home_improvement",1
75145,23.25,400903,1.54,"700664",6.19,32.63,37.5,"Salaried","Rent","Other",1
75157,17.75,158768,1.21,"553908",21.89,72.49,54.2,"Salaried","Mortgage","Vehicle",0
75158,19.25,220521,1.48,"210472",26.19,89.79,59,"Salaried","Own","Debt_consolidation",0
75160,21.25,849451,1.57,"2752354",21.64,79.84,56.3,"Contract","Mortgage","Vehicle",1
75171,18.75,549085,2.01,"1010619",7.21,30.55,40.4,"Salaried","Rent","Vehicle",1
75184,19.25,402900,1.51,"848430",30.9,103.71,62,"Salaried","Mortgage","Vehicle",0
75190,16.75,215606,1.32,"329597",18.48,62.8,49,"Salaried","Mortgage","Home_improvement",0
75194,21.25,463014,1,"503936",1.25,5.46,32.2,"Salaried","Mortgage","Vehicle",1
75219,35,3082,0.52,"10011",4.94,24.4,30.1,"Unemployed","Rent","Debt_consolidation",0
75241,22.75,796920,1.75,"1139869",32.18,105.01,63.5,"Contract","Mortgage","Vehicle",0
75247,20.75,336001,1.44,"859763",35.49,115.02,63.7,"Salaried","Own","Debt_consolidation",0
75253,25.25,3699237,1.56,"11681328",4.56,24.97,32.1,"Self-employed","Rent","Other",1
75257,19.25,2475158,1.83,"1089049",31.67,98.29,56.2,"Self-employed","Mortgage","Debt_consolidation",0
75264,16.75,504602,1.52,"851667",14.15,55.37,36.9,"Salaried","Mortgage","Home_improvement",0
75279,18.75,432164,0.96,"1077471",29.15,96.37,53.4,"Salaried","Rent","Vehicle",0
75281,17.75,533930,1.14,"1957910",31.14,107.09,57.4,"Salaried","Mortgage","Vehicle",1
75285,21.75,175251,1.26,"638015",20.9,73.09,44.9,"Salaried","Rent","Other",0
75294,19.25,313444,1.45,"1015830",25.97,84.59,51.4,"Salaried","Own","Debt_consolidation",0
75307,16.75,384957,1.02,"320727",25.75,87.22,59.2,"Salaried","Mortgage","Home_improvement",0
75313,33.75,6833,0.37,"24100",36.5,116.39,62.8,"Unemployed","Rent","Debt_consolidation",1
75324,18.75,314838,1.71,"1033193",23.58,79.6,49.9,"Salaried","Rent","Vehicle",1
75326,35,5360,0.54,"9991",2.05,12.31,32.8,"Unemployed","Mortgage","Debt_consolidation",1
75327,28.75,3595,0.67,"1196",7.03,28.35,31.6,"Unemployed","Rent","Home_improvement",0
75332,21.25,747706,2.04,"1145924",6.69,30.56,34.7,"Self-employed","Mortgage","Vehicle",0
75338,16.75,428478,1.08,"153079",39,125.21,63.2,"Salaried","Mortgage","Vehicle",0
75339,18.25,680245,0.91,"1330476",6.3,31.32,35.2,"Salaried","Mortgage","Home_improvement",0
75340,16.75,488971,1.54,"1374956",22.7,79.48,46.8,"Salaried","Mortgage","Home_improvement",0
75341,20.75,406177,1.92,"1113950",36.5,118.68,67.9,"Salaried","Own","Debt_consolidation",1
75356,21.75,370302,1.69,"1086955",28.83,97.21,58.3,"Salaried","Rent","Other",0
75360,19.25,454796,1.16,"1197361",6.25,24.93,30,"Salaried","Mortgage","Vehicle",1
75363,17.75,225768,1.84,"67913",16.53,61.98,51.5,"Salaried","Rent","Other",0
75366,23.75,720776,2.01,"1492472",33.4,110.29,61.1,"Contract","Rent","Vehicle",1
75383,16.25,497424,1.36,"279960",26.17,93.39,52.3,"Salaried","Rent","Vehicle",1
75394,19.75,1000294,1.56,"1777396",13.89,45.53,38.3,"Self-employed","Mortgage","Vehicle",1
75399,24.75,449322,1.84,"1020130",37.18,123.63,66.5,"Contract","Mortgage","Debt_consolidation",1
75403,25.25,2633903,1.47,"8689379",39.96,134.65,63.1,"Self-employed","Rent","Other",1
75404,20.25,887403,2.13,"1977469",29.26,96.32,61.9,"Salaried","Rent","Vehicle",0
75420,19.25,320900,1.61,"438632",5.18,28.78,27.5,"Salaried","Mortgage","Vehicle",0
75445,33.25,2231,0.39,"4143",27.81,97.76,54.3,"Unemployed","Rent","Other",1
75456,19.25,255266,1.33,"913730",37.78,119.39,72.5,"Salaried","Mortgage","Vehicle",0
75458,18.25,116493,2.1,"313749",34.88,114.78,66.6,"Salaried","Mortgage","Home_improvement",1
75465,23.25,351092,1.36,"1160180",4.24,23.05,38.4,"Salaried","Rent","Other",1
75475,21.25,664338,2.43,"205154",33.8,114.22,60.4,"Self-employed","Rent","Other",1
75476,22.75,615366,2.45,"2312296",25.49,82.48,54.8,"Contract","Own","Debt_consolidation",1
75482,16.25,610535,1.44,"268745",30.81,100.17,53.8,"Salaried","Rent","Vehicle",0
75487,20.25,493050,1.7,"1490385",2.52,15,28.4,"Salaried","Mortgage","Home_improvement",0
75495,23.75,504192,1.63,"1569806",36.67,120.49,69.4,"Contract","Rent","Vehicle",1
75507,24.25,855020,1.84,"2647176",39.61,125.69,73,"Contract","Own","Debt_consolidation",1
75513,16.75,608943,1.55,"313676",37.95,120.88,62.5,"Salaried","Mortgage","Vehicle",1
75520,20.75,153646,1.78,"139692",30.82,103.19,63.1,"Salaried","Own","Debt_consolidation",1
75541,25.25,751008,1.9,"1314275",6.11,29.64,34.2,"Self-employed","Rent","Other",0
75547,16.75,422886,2.23,"1067095",17.6,64.94,47.5,"Salaried","Mortgage","Home_improvement",1
75555,17.25,1582848,1.68,"943183",17.3,65.81,41.1,"Self-employed","Mortgage","Vehicle",1
75566,18.75,193186,2.29,"240391",22.47,82.96,52.7,"Salaried","Rent","Vehicle",0
75570,16.75,268882,1.31,"366884",22.78,85.42,52,"Salaried","Mortgage","Home_improvement",0
75572,35,4989,0.54,"6101",0.82,14.2,30,"Unemployed","Rent","Debt_consolidation",1
75583,17.75,198014,1.51,"673990",24.55,85.68,47.3,"Salaried","Mortgage","Vehicle",0
75590,19.25,242739,1.73,"916300",11.37,44.23,40.2,"Salaried","Own","Debt_consolidation",0
75597,25.25,1329649,1.63,"4064891",39.68,130.43,67.6,"Self-employed","Rent","Other",1
75599,16.75,599017,1.58,"1036980",28.26,100.49,57,"Salaried","Mortgage","Home_improvement",1
75603,21.75,600164,1.56,"736887",24.19,82.12,56,"Salaried","Rent","Other",1
75606,21.75,145222,1.29,"137256",13.79,52.4,48,"Salaried","Rent","Other",1
75612,35,2819,0.58,"9191",36.36,119.47,58.6,"Unemployed","Rent","Debt_consolidation",1
75614,34.25,2151,0.56,"4789",30.53,99.34,62.5,"Unemployed","Rent","Home_improvement",0
75616,24.75,294778,2.12,"633457",36.18,116.58,70.5,"Contract","Mortgage","Debt_consolidation",1
75630,32.25,5940,0.45,"9853",27.61,88.53,59.8,"Unemployed","Rent","Debt_consolidation",0
75633,20.25,523644,1.52,"1928293",30.97,105,66,"Salaried","Rent","Vehicle",0
75639,20.75,166185,1.72,"325421",4.28,24.94,37.5,"Salaried","Own","Debt_consolidation",0
75640,17.75,237405,1.48,"779190",22.39,72.62,51.7,"Salaried","Mortgage","Vehicle",0
75645,34.75,3790,0.66,"10756",14.73,51.27,44.4,"Unemployed","Mortgage","Debt_consolidation",1
75653,20.25,291712,1.51,"517955",4.29,19.07,32.9,"Salaried","Rent","Vehicle",0
75654,21.25,2052707,0.98,"7340395",5.33,27.86,38,"Self-employed","Mortgage","Vehicle",0
75671,19.25,383938,1.95,"1073025",27.67,96.14,61.7,"Salaried","Mortgage","Vehicle",1
75686,21.75,464817,1.53,"1096152",20.87,75.29,53.9,"Salaried","Rent","Other",1
75691,22.75,901806,1.25,"2409650",4.85,26.29,29.6,"Contract","Mortgage","Vehicle",0
75699,21.75,179480,1.58,"647118",8.12,34.7,31.2,"Salaried","Rent","Other",1
75705,35,1517,0.53,"2858",2.26,18.87,37,"Unemployed","Rent","Debt_consolidation",1
75730,21.75,356310,1.31,"1088333",14.85,54.08,47.1,"Salaried","Rent","Other",0
75739,21.25,669089,2.04,"2320573",4.37,25.62,33.3,"Self-employed","Mortgage","Vehicle",0
75765,17.75,215184,1.56,"455120",18.67,67.45,50.5,"Salaried","Mortgage","Vehicle",0
75766,20.75,408720,1.54,"1176347",32.58,110.18,67.4,"Salaried","Own","Debt_consolidation",1
75773,16.25,355218,1.27,"173555",25.06,89.27,58.3,"Salaried","Rent","Vehicle",0
75780,25.25,2944131,1.86,"8370095",4.08,22.63,30.5,"Self-employed","Rent","Other",0
75789,28.75,606442,2.21,"1390508",1.05,15.7,28.7,"Contract","Rent","Other",0
75796,35,5684,0.47,"17799",35.69,112.69,65.2,"Unemployed","Rent","Debt_consolidation",0
75804,20.25,400752,2.01,"1257574",32.6,103.1,63.5,"Salaried","Rent","Vehicle",0
75810,22.25,889279,1.53,"2618455",8.93,31.46,32.1,"Contract","Rent","Vehicle",0
75817,21.25,1600346,2.01,"2245650",5.74,21.15,30,"Self-employed","Mortgage","Vehicle",0
75834,17.75,220617,2.03,"211941",35.91,122.46,58.3,"Salaried","Mortgage","Vehicle",1
75836,17.75,514243,1.84,"1671119",14.88,52.3,44.2,"Salaried","Mortgage","Vehicle",1
75843,21.25,2558914,1.44,"5828201",7.55,33.04,41.1,"Self-employed","Own","Debt_consolidation",0
75847,16.25,444874,1.3,"164971",18.29,62.75,45.7,"Salaried","Rent","Vehicle",0
75868,19.25,198473,1.68,"142430",31.57,100.56,61.4,"Salaried","Mortgage","Vehicle",1
75872,19.75,945665,1.51,"424416",13.71,48.15,41.6,"Contract","Rent","Vehicle",1
75882,23.75,1026847,1.57,"1886793",21.37,73.46,51.4,"Self-employed","Rent","Other",1
75890,27.25,2962897,1.03,"10623138",0.09,13.15,25.9,"Self-employed","Rent","Other",1
75905,21.75,403926,1.71,"1088096",18.8,65.14,44.7,"Salaried","Rent","Other",1
75906,25.25,569252,1.82,"1108301",0.07,11.67,30.9,"Salaried","Rent","Other",0
75908,25.25,426819,1.64,"1584047",2.23,12.31,34,"Salaried","Rent","Other",0
75909,20.75,304371,1.06,"315327",5.81,27.27,27.8,"Salaried","Own","Debt_consolidation",0
75920,21.75,1885159,1.77,"1788172",23.98,79.48,48.3,"Self-employed","Mortgage","Debt_consolidation",0
75929,16.75,481516,1.72,"874338",14.64,54.19,49.6,"Salaried","Mortgage","Home_improvement",0
75931,17.75,330234,1.58,"246827",9.72,38.54,32.4,"Salaried","Mortgage","Vehicle",0
75934,16.75,585991,0.96,"651931",33.14,111.06,58.8,"Salaried","Mortgage","Home_improvement",0
75937,23.75,1008265,1.7,"1393463",16.17,63.02,39.2,"Self-employed","Rent","Other",1
75948,18.75,231348,1.72,"264241",14.5,54.93,42.3,"Salaried","Rent","Vehicle",0
75966,25.25,1563675,0.76,"5006104",3.73,17.09,37.5,"Self-employed","Rent","Other",1
75985,16.75,276149,1.43,"935177",17.07,61.67,40.9,"Salaried","Mortgage","Home_improvement",1
75991,21.25,1385523,1.55,"3467894",7.6,35.83,30.3,"Self-employed","Own","Debt_consolidation",1
76007,16.75,363534,1.55,"1220936",15.03,57.77,39.9,"Salaried","Mortgage","Home_improvement",0
76010,16.75,380322,1.81,"784357",22.71,77.38,46,"Salaried","Mortgage","Home_improvement",0
76024,20.25,364632,1.37,"717108",33.23,111.68,63.2,"Salaried","Rent","Vehicle",1
76037,18.75,543342,1.35,"1321663",25.69,90.61,48.4,"Salaried","Rent","Vehicle",1
76040,17.75,316376,1.53,"1057144",27.81,96.71,57.8,"Salaried","Mortgage","Vehicle",0
76061,16.75,198939,1.64,"645770",12.7,45.55,38,"Salaried","Mortgage","Home_improvement",0
76066,23.25,424841,1.1,"805072",5.38,28.68,34.9,"Salaried","Rent","Other",1
76075,16.75,467978,2.02,"958664",22.85,75.05,46.9,"Salaried","Mortgage","Home_improvement",1
76089,16.75,152391,1.82,"289479",14.95,51.18,43.5,"Salaried","Mortgage","Home_improvement",0
76094,33.25,8468,0.57,"5529",16.17,54.46,47,"Unemployed","Rent","Debt_consolidation",1
76101,19.25,261325,1.23,"914495",29.97,100.27,63.2,"Salaried","Mortgage","Vehicle",0
76108,21.25,346456,2.08,"892459",28.69,89.45,55.5,"Contract","Mortgage","Vehicle",1
76109,17.75,388937,1.07,"159170",38.86,129.1,73.1,"Salaried","Rent","Vehicle",0
76111,16.75,236656,1.93,"411966",14.28,52.86,48.8,"Salaried","Mortgage","Home_improvement",1
76113,19.75,853379,1.22,"1089945",17.37,57.41,42,"Self-employed","Mortgage","Vehicle",0
76126,21.75,274521,0.54,"1032711",29.78,104.7,55.4,"Salaried","Rent","Other",1
76139,14.25,620116,1.92,"352809",13.43,45.22,35.7,"Salaried","Mortgage","Home_improvement",0
76141,35,4308,0.54,"2301",1.66,19.06,31,"Unemployed","Rent","Debt_consolidation",0
76144,17.75,515627,1.64,"489640",16.27,63.73,39.7,"Salaried","Mortgage","Vehicle",0
76148,29.75,3082,0.35,"6569",13.89,55.42,42.9,"Unemployed","Rent","Debt_consolidation",0
76157,21.75,573952,1.82,"2047764",24.12,75.3,48.7,"Salaried","Rent","Other",0
76158,26.75,1525987,1.6,"2659434",5.64,29.71,38.9,"Contract","Rent","Other",1
76166,35,2699,0.58,"9120",33.2,111.05,64.7,"Unemployed","Rent","Other",1
76176,20.25,367091,1.21,"629219",39.71,128.21,68.5,"Salaried","Rent","Vehicle",1
76184,23.25,2721248,1.5,"6088580",5.66,22.08,29.8,"Self-employed","Mortgage","Debt_consolidation",0
76193,32.25,4562,0.43,"16087",22.85,82.57,52.2,"Unemployed","Rent","Debt_consolidation",1
76197,20.75,173558,1.43,"270374",6.72,26.26,37.9,"Salaried","Own","Debt_consolidation",0
76229,19.25,582373,1.27,"629463",8.08,39.36,33.8,"Salaried","Own","Debt_consolidation",1
76237,19.25,447433,1.28,"1094380",27.61,92.01,50.8,"Salaried","Own","Debt_consolidation",1
76244,23.75,1491873,1.83,"2248071",12.38,44.49,39.1,"Self-employed","Rent","Other",0
76258,35,7175,0.46,"16097",3.14,19.31,35.2,"Unemployed","Rent","Debt_consolidation",0
76264,17.75,124488,1.41,"470742",17.43,63.46,39.9,"Salaried","Mortgage","Vehicle",1
76274,21.25,1391810,1.37,"4655462",15.13,55.7,43.5,"Contract","Mortgage","Vehicle",0
76278,29.75,2167,0.33,"7564",13.99,50.27,44.2,"Unemployed","Rent","Debt_consolidation",0
76286,32.25,5132,0.44,"15174",16.17,54.4,48.6,"Unemployed","Rent","Debt_consolidation",1
76290,15.25,445911,2.02,"140110",10.48,42.35,43,"Salaried","Own","Debt_consolidation",0
76295,20.25,406018,0.78,"1441558",29.54,100.06,62.2,"Salaried","Rent","Vehicle",0
76297,18.75,335357,1.24,"247405",23.02,81.43,54.7,"Salaried","Rent","Vehicle",1
76311,27.25,2554,0.32,"1031",8.26,35.1,38,"Unemployed","Rent","Debt_consolidation",1
76314,23.75,1289327,1.37,"3329937",19.37,71.35,47,"Self-employed","Rent","Other",1
76318,35,7824,0.68,"22200",1.23,15.86,33.9,"Unemployed","Rent","Other",1
76338,23.25,300720,0.56,"225678",29.77,94.24,63,"Salaried","Rent","Other",1
76351,20.25,432761,1.53,"411936",39.87,128.25,64.8,"Salaried","Rent","Vehicle",1
76360,15.75,371556,1.14,"207587",28.8,96.34,62.2,"Salaried","Mortgage","Home_improvement",0
76371,22.75,667619,1.35,"1298922",14.83,60.28,45.6,"Contract","Own","Debt_consolidation",0
76382,18.75,315516,1.17,"638998",21.73,79.66,51.9,"Salaried","Rent","Vehicle",0
76393,27.25,2834085,1.8,"5974165",1.08,11.9,26.5,"Self-employed","Rent","Other",1
76402,21.75,511082,2.2,"866824",20.49,70.86,54.4,"Salaried","Rent","Other",0
76410,16.75,389334,1.04,"440221",10.78,39.09,45.6,"Salaried","Mortgage","Home_improvement",0
76425,20.25,407334,1.8,"219453",6.03,27.8,36.4,"Contract","Mortgage","Vehicle",0
76430,18.75,1137860,2.37,"3590755",12.31,47.4,41.8,"Self-employed","Mortgage","Home_improvement",0
76431,19.25,317972,1.22,"644812",31.49,104.39,54.9,"Salaried","Own","Debt_consolidation",1
76436,26.25,7155,0.15,"2441",20.59,73.1,50.5,"Unemployed","Mortgage","Debt_consolidation",1
76445,16.75,299131,1.53,"439795",29.06,95.47,57.8,"Salaried","Mortgage","Home_improvement",0
76446,14.25,410238,1.86,"242983",14.98,52.44,38.2,"Salaried","Mortgage","Home_improvement",0
76455,19.25,215779,1.76,"299554",39.01,127.68,63.6,"Salaried","Mortgage","Vehicle",1
76458,14.25,554676,0.92,"289143",23.93,81.68,55.5,"Salaried","Mortgage","Home_improvement",1
76469,21.25,766951,1.53,"1031181",35.05,117.02,67.9,"Self-employed","Mortgage","Vehicle",0
76470,16.75,806490,1.76,"1313552",9.18,38.57,39,"Salaried","Mortgage","Home_improvement",0
76473,24.75,1528219,2.52,"5533008",2.12,16.27,37,"Self-employed","Own","Debt_consolidation",1
76479,22.25,539749,1.49,"479388",17.67,69.87,39.9,"Contract","Rent","Vehicle",1
76481,21.25,961036,1.82,"3306929",15.59,59.74,39.6,"Contract","Mortgage","Vehicle",1
76487,15.25,263048,1.74,"130295",11.31,50.95,39,"Salaried","Mortgage","Vehicle",0
76490,18.75,173401,1.27,"272779",19.43,70.21,50.4,"Salaried","Rent","Vehicle",0
76499,14.25,451482,1.64,"298970",21.64,70.91,44.7,"Salaried","Mortgage","Home_improvement",0
76505,32.25,5866,0.44,"4337",16.63,55.9,47.9,"Unemployed","Rent","Debt_consolidation",1
76531,19.25,92846,1.22,"149872",34.79,112.58,68.1,"Salaried","Mortgage","Vehicle",1
76537,21.25,367986,1.65,"815597",0.04,7.06,30,"Salaried","Mortgage","Vehicle",0
76555,17.75,269908,1.4,"909997",32.55,109.68,57.5,"Salaried","Mortgage","Vehicle",0
76558,18.75,620498,1.78,"1802633",26.23,88.6,51.9,"Salaried","Rent","Vehicle",0
76565,35,4173,0.54,"3311",13.7,46.01,35.9,"Unemployed","Rent","Debt_consolidation",1
76572,16.75,188134,1.6,"137628",30.91,100.09,54.9,"Salaried","Mortgage","Home_improvement",0
76591,21.25,696532,1.79,"1283829",34.21,110.34,67.9,"Self-employed","Mortgage","Vehicle",1
76600,18.25,145089,1.01,"232687",6.27,28.99,31.9,"Salaried","Mortgage","Home_improvement",0
76605,16.75,520098,1.29,"1760829",18.11,65.92,43.2,"Salaried","Mortgage","Home_improvement",0
76638,17.75,145763,1.49,"182647",12.01,43.82,44.6,"Salaried","Mortgage","Vehicle",0
76647,16.75,225370,1.7,"330450",22.12,79.05,55.4,"Salaried","Mortgage","Home_improvement",0
76649,23.25,476935,1.65,"868751",34.3,112.45,62.8,"Salaried","Rent","Other",1
76693,17.75,356381,0.94,"616665",12.6,46.57,46.5,"Salaried","Mortgage","Vehicle",1
76696,21.75,2514014,1.79,"3045566",10.23,38.67,33.5,"Self-employed","Mortgage","Debt_consolidation",0
76731,22.25,766577,2.22,"2520475",21.83,74.14,44.2,"Contract","Rent","Vehicle",0
76733,25.25,789035,2.66,"1630019",4.39,18.43,27.9,"Self-employed","Rent","Other",1
76752,19.25,334523,1.81,"763693",4.4,24.77,34.3,"Salaried","Mortgage","Vehicle",0
76753,17.25,198551,2.13,"94698",10.99,42.69,36.4,"Self-employed","Mortgage","Vehicle",0
76754,21.25,2371593,1.73,"6888732",38.65,129.13,71.8,"Self-employed","Mortgage","Vehicle",1
76786,19.75,682096,1.61,"2297644",19.83,66.29,42.8,"Self-employed","Mortgage","Vehicle",1
76797,19.25,319941,1.68,"365135",36.59,116.71,63.6,"Salaried","Mortgage","Vehicle",1
76799,22.25,314157,1.52,"681650",15.32,58.46,47.5,"Contract","Rent","Vehicle",1
76805,23.75,1157140,1.91,"3672828",8.17,33.19,37,"Self-employed","Rent","Other",1
76820,22.75,1911493,2.14,"1730491",4.02,22.99,29.9,"Self-employed","Own","Debt_consolidation",1
76831,21.25,1744150,2.45,"1343650",26.89,91.83,58.2,"Self-employed","Own","Debt_consolidation",1
76832,18.25,486339,1.83,"525091",34,115.1,67,"Salaried","Mortgage","Home_improvement",0
76839,35,3570,0.55,"5252",4.3,19.18,34.5,"Unemployed","Rent","Debt_consolidation",0
76865,19.75,3675213,1.8,"12637662",11.15,44,43,"Self-employed","Mortgage","Vehicle",0
76874,21.75,599805,2.18,"1259618",38.41,123.51,60.7,"Contract","Mortgage","Home_improvement",1
76878,22.75,371427,1.27,"311796",2.23,17.76,28.5,"Salaried","Own","Debt_consolidation",1
76887,23.75,1506927,1.86,"2343357",18.35,66.71,49.6,"Self-employed","Rent","Other",1
76888,19.25,289689,1.49,"228047",10.23,41.81,43.4,"Salaried","Own","Debt_consolidation",1
76901,23.75,521931,1.5,"473489",21.65,74.56,49.3,"Self-employed","Rent","Other",1
76902,23.75,2276021,2.4,"7529842",10.54,41.46,35.6,"Self-employed","Rent","Other",1
76906,23.75,449403,1.49,"542876",30.34,99.29,61.2,"Contract","Rent","Vehicle",1
76911,31.25,3474,0.62,"2140",25.38,88.78,49.6,"Unemployed","Rent","Vehicle",1
76915,16.75,320757,1.56,"601466",16.5,64.69,51,"Salaried","Mortgage","Home_improvement",0
76933,31.25,8512,0.41,"24543",28.69,96.02,55.2,"Unemployed","Mortgage","Debt_consolidation",1
76939,22.25,283254,1.39,"613738",2.24,12.82,33.4,"Salaried","Rent","Vehicle",0
76960,19.25,169792,1.88,"357422",16.46,57.37,41.4,"Salaried","Own","Debt_consolidation",1
76963,22.25,923438,1.99,"3114159",9.09,39.47,40.1,"Contract","Rent","Vehicle",1
76965,18.25,616726,1.35,"627379",39.92,134.39,66.6,"Salaried","Mortgage","Home_improvement",1
76968,18.75,110515,1.7,"370307",31.29,102.63,56.3,"Salaried","Rent","Vehicle",0
76975,21.25,1557166,1.31,"759277",9.07,36.53,35.5,"Self-employed","Rent","Other",0
76977,16.75,382368,2.01,"818362",13.51,50.46,40.2,"Salaried","Mortgage","Home_improvement",1
76988,22.75,3857662,1.92,"13511615",4.34,29.4,37.3,"Self-employed","Own","Debt_consolidation",1
77005,18.25,252218,1.58,"728706",6.78,28.32,41,"Salaried","Mortgage","Home_improvement",0
77015,21.75,347228,1.13,"936304",14.49,49.18,38.2,"Salaried","Rent","Other",0
77025,21.25,1301143,1.47,"2830710",36.73,119.59,62.4,"Self-employed","Mortgage","Vehicle",1
77030,20.25,643876,1.35,"387045",31.75,108.76,62.5,"Self-employed","Own","Debt_consolidation",1
77049,17.75,208156,1.28,"520670",13.58,49.21,48.5,"Salaried","Mortgage","Vehicle",1
77050,19.25,680910,1.57,"2353297",30.37,100.67,62.1,"Salaried","Mortgage","Vehicle",1
77060,16.25,150858,1.57,"68637",13.15,47.67,45.9,"Salaried","Rent","Vehicle",0
77070,17.75,159729,1.38,"111072",27.66,89.03,59.4,"Salaried","Mortgage","Vehicle",1
77086,17.75,295858,1.66,"934803",9.24,31.29,37.3,"Salaried","Mortgage","Vehicle",0
77098,20.25,157285,0.84,"260123",33.64,108.52,63.9,"Salaried","Rent","Vehicle",0
77099,22.75,1648869,2.25,"6164312",5.44,30.27,34,"Self-employed","Own","Debt_consolidation",0
77101,21.25,691372,1.25,"536411",30.26,99.54,53.9,"Contract","Mortgage","Vehicle",0
77113,16.75,446956,1.33,"1626511",31.54,104.47,54.8,"Salaried","Mortgage","Home_improvement",1
77126,19.25,787514,1.42,"1898425",14.63,54.29,38.5,"Salaried","Own","Debt_consolidation",0
77135,22.25,2170279,1.8,"7351658",2.39,21.01,31.8,"Self-employed","Mortgage","Home_improvement",1
77136,18.75,101795,1.79,"160311",31.33,104.4,55,"Salaried","Rent","Vehicle",1
77137,35,3629,0.62,"8661",33.03,110.26,60.6,"Unemployed","Mortgage","Debt_consolidation",1
77144,35,2306,0.7,"2437",34.55,116.68,67.4,"Unemployed","Rent","Debt_consolidation",1
77148,16.75,149244,1.45,"222992",16.45,61.24,44.5,"Salaried","Mortgage","Home_improvement",0
77153,23.75,712087,1.68,"1557325",10.73,41.74,37.3,"Self-employed","Rent","Other",1
77183,17.75,489838,1.16,"1734363",14.2,53.04,40,"Salaried","Mortgage","Vehicle",0
77220,18.75,429031,1.58,"378347",11.69,45.11,39.8,"Salaried","Rent","Vehicle",1
77229,19.25,766026,1.36,"1362776",3.41,23.27,26.1,"Salaried","Mortgage","Vehicle",0
77232,21.75,629915,1.41,"1968077",30.33,106.16,59.9,"Salaried","Rent","Other",1
77236,23.25,314686,1.57,"777925",3.46,20.04,33.8,"Salaried","Rent","Other",0
77247,20.75,464025,1.19,"338368",3.99,15.3,29,"Salaried","Own","Debt_consolidation",0
77260,19.25,325897,1.59,"306336",21.35,74.76,54.3,"Salaried","Own","Debt_consolidation",0
77266,35,3041,0.4,"10084",2.79,24.77,31.6,"Unemployed","Rent","Debt_consolidation",0
77277,16.25,677920,1.54,"354610",16.01,54.41,41.9,"Salaried","Rent","Vehicle",0
77278,18.25,372037,1.78,"634390",34.14,116.21,67.2,"Salaried","Mortgage","Home_improvement",0
77282,23.25,1627189,1.43,"3921503",27.76,95.07,53.5,"Contract","Mortgage","Debt_consolidation",1
77290,19.25,525316,1.18,"315611",19.92,65.86,49,"Salaried","Rent","Other",0
77300,33.75,7688,0.66,"25207",26.44,87.55,50.1,"Unemployed","Rent","Vehicle",0
77306,16.75,307310,1.43,"855731",18.66,68.87,53.1,"Salaried","Mortgage","Home_improvement",0
77309,21.25,254504,1.31,"275135",2.14,13.32,36.4,"Salaried","Mortgage","Vehicle",0
77312,23.25,1164908,2.02,"4164358",37.96,124.49,66,"Self-employed","Mortgage","Debt_consolidation",1
77325,21.75,243864,1.59,"850896",23.54,79.04,52.3,"Salaried","Rent","Other",1
77334,19.25,3000937,1.85,"1888241",9.63,34.2,43,"Self-employed","Mortgage","Debt_consolidation",0
77347,22.75,613454,1.69,"1929020",29.87,94.57,62.6,"Self-employed","Own","Debt_consolidation",0
77363,19.25,282120,1.6,"855168",21.2,72.18,53.5,"Salaried","Own","Debt_consolidation",0
77377,16.25,415707,1.69,"142457",12.64,51.85,36.2,"Salaried","Rent","Vehicle",0
77382,35,5318,0.51,"11670",17.05,67.98,44.5,"Unemployed","Rent","Debt_consolidation",0
77388,16.75,359697,2.12,"853166",18.7,65.36,42.8,"Salaried","Mortgage","Home_improvement",0
77394,14.25,170418,1.3,"67364",10.69,43.34,33.4,"Salaried","Mortgage","Home_improvement",0
77424,19.25,514054,1.63,"1887713",35.87,119.44,68.8,"Salaried","Mortgage","Vehicle",1
77441,17.75,355452,1.41,"259160",26.67,87.73,49.7,"Salaried","Mortgage","Vehicle",0
77468,20.25,503509,1.52,"416975",4.26,21.56,29.2,"Salaried","Rent","Vehicle",0
77471,18.75,283317,1.66,"815098",21.9,77.58,55.5,"Salaried","Rent","Vehicle",1
77490,23.75,1742151,1.62,"2622312",17.79,61.99,42.4,"Self-employed","Rent","Other",1
77495,22.75,1172205,1.4,"1017093",34.76,114.56,64.9,"Self-employed","Own","Debt_consolidation",1
77500,25.75,1516286,1.73,"3833150",0.92,11.15,28.9,"Contract","Rent","Vehicle",0
77505,23.25,513117,1.81,"799670",37.66,121.57,60.8,"Salaried","Rent","Other",1
77507,23.25,903248,0.99,"844081",33.84,110.8,61.8,"Self-employed","Mortgage","Debt_consolidation",0
77520,21.75,338827,1.24,"1170433",34.54,111.52,56.9,"Salaried","Rent","Other",1
77536,17.75,247666,0.87,"847839",13.22,48.17,39.2,"Salaried","Mortgage","Vehicle",0
77540,21.25,535556,0.94,"1311826",26.52,94.94,58.5,"Contract","Mortgage","Vehicle",0
77559,16.75,340367,1.65,"659122",18.31,67.11,42,"Salaried","Mortgage","Home_improvement",0
77571,23.75,1866290,1.85,"5672637",26.68,87.85,51.7,"Self-employed","Rent","Other",1
77573,18.75,631448,2.4,"2354489",14.15,48.91,42.1,"Salaried","Rent","Vehicle",0
77586,17.75,258915,1.97,"443402",8.7,37.69,39.2,"Salaried","Mortgage","Vehicle",1
77589,35,3289,0.48,"7864",38.12,121.87,69.6,"Unemployed","Rent","Debt_consolidation",0
77590,18.75,974485,1.42,"3620941",27.76,95.92,59.9,"Self-employed","Mortgage","Home_improvement",1
77593,20.25,411473,1.49,"1534491",7.88,33.37,39,"Contract","Mortgage","Home_improvement",0
77598,22.75,618391,1.79,"385680",25.01,89.38,48,"Contract","Rent","Other",1
77600,22.75,2509906,2.18,"4339326",4.74,20.06,32.8,"Self-employed","Own","Debt_consolidation",1
77603,18.75,676887,1.55,"2503196",17.22,65.9,45.5,"Salaried","Rent","Vehicle",0
77608,23.75,2304014,1.88,"8467744",19.21,67.48,48.8,"Self-employed","Rent","Other",1
77614,19.25,433655,1.64,"523507",36.88,119.43,61.8,"Salaried","Mortgage","Vehicle",0
77617,21.75,250668,1.78,"763581",32.6,110.36,57.5,"Salaried","Rent","Other",1
77618,18.25,239528,1.67,"221068",32.18,104.41,61.9,"Salaried","Mortgage","Home_improvement",1
77632,17.75,122213,1.16,"241991",31.91,109.75,59.8,"Salaried","Mortgage","Vehicle",0
77641,18.25,634988,1.38,"1273978",6.93,36.31,36.8,"Salaried","Mortgage","Home_improvement",0
77650,17.75,461970,1.92,"525364",26.89,92.06,57.5,"Salaried","Mortgage","Vehicle",1
77661,19.25,173208,1.28,"589449",39.65,128.42,70.9,"Salaried","Mortgage","Vehicle",1
77662,18.75,179114,1.6,"581683",18.98,58.8,49.7,"Salaried","Rent","Vehicle",0
77675,19.25,374377,1.3,"1178980",32.76,106.03,63,"Salaried","Mortgage","Vehicle",0
77680,18.25,355816,1.49,"425877",5.98,28.34,36.1,"Salaried","Mortgage","Home_improvement",1
77704,16.75,82752,1.93,"65596",20.37,70.87,45.1,"Salaried","Mortgage","Home_improvement",1
77710,23.75,296424,1.9,"920354",6.84,30.58,35.4,"Contract","Rent","Vehicle",1
77734,17.75,707998,1.81,"1958500",25.72,88.76,49.1,"Salaried","Mortgage","Vehicle",1
77737,18.75,1088188,1.81,"2020173",27.05,83.92,57.2,"Self-employed","Mortgage","Home_improvement",1
77740,17.75,311027,1.85,"246079",24.21,87.1,49,"Salaried","Mortgage","Vehicle",1
77748,18.75,1344924,1.49,"4133753",21.25,73.96,44.8,"Self-employed","Mortgage","Home_improvement",0
77754,33.75,6607,0.59,"3765",37.82,122.94,68.9,"Unemployed","Mortgage","Debt_consolidation",0
77757,25.25,1221344,2.02,"1638423",33.02,105.78,61,"Self-employed","Rent","Other",1
77760,23.75,1220946,1.96,"1073335",38.84,124.07,66,"Contract","Rent","Vehicle",1
77769,21.25,337774,1.7,"1084649",10.17,37.2,40.4,"Contract","Mortgage","Vehicle",1
77776,18.25,437104,1.52,"971625",38.22,123.2,64.5,"Salaried","Mortgage","Home_improvement",0
77777,23.75,510452,1.3,"1520203",1.5,14.79,30.4,"Contract","Mortgage","Home_improvement",0
77787,17.75,694586,1.95,"1108738",26.26,90.79,53,"Salaried","Mortgage","Vehicle",0
77816,17.75,421524,1.28,"775209",14.13,51.8,45.4,"Salaried","Mortgage","Vehicle",0
77822,19.25,257399,1.32,"142484",14.74,55.46,43.8,"Salaried","Rent","Other",1
77829,16.75,540427,1.86,"307404",32.13,110.03,56.8,"Salaried","Own","Debt_consolidation",0
77834,22.75,417077,1.93,"1122794",14.44,50.21,48.3,"Contract","Own","Debt_consolidation",1
77839,18.75,746153,1.79,"1740237",31.96,103.39,57.2,"Salaried","Rent","Vehicle",1
77852,18.75,689439,1.66,"2116083",27.32,93.63,55.8,"Salaried","Rent","Vehicle",1
77856,19.25,229268,1.58,"429099",38.16,129.22,61.3,"Salaried","Mortgage","Vehicle",1
77866,18.75,371571,1.88,"855228",18.72,63,51.7,"Salaried","Rent","Vehicle",0
77869,32.25,3053,0.44,"10962",15.06,53.37,39.1,"Unemployed","Rent","Debt_consolidation",0
77878,21.25,1479324,1.21,"1368983",27.3,89.12,49.3,"Self-employed","Own","Debt_consolidation",0
77886,17.75,299464,1.72,"1068010",15.24,52.25,50,"Salaried","Mortgage","Vehicle",1
77892,18.75,309801,1.46,"646057",21.11,73.82,49.1,"Salaried","Rent","Vehicle",0
77898,19.25,434241,1.33,"1272672",29.34,101.95,63.1,"Salaried","Mortgage","Vehicle",1
77907,24.25,3310,0.33,"1456",8.49,34.09,41.8,"Unemployed","Rent","Home_improvement",1
77908,33.25,3668,0.32,"7062",2.56,13.77,33.5,"Unemployed","Rent","Debt_consolidation",0
77913,20.75,414822,1.72,"256568",14.2,52.61,43,"Contract","Mortgage","Debt_consolidation",0
77918,21.75,2946500,1.7,"5730200",27.2,99.62,49.7,"Self-employed","Mortgage","Debt_consolidation",0
77929,19.25,91246,1.17,"137560",25.9,86.69,48.8,"Salaried","Own","Debt_consolidation",0
77936,19.25,468443,0.96,"1318270",18.15,63.51,40.5,"Salaried","Own","Debt_consolidation",0
77941,20.75,120080,1.38,"134071",4.72,26.19,39.4,"Salaried","Own","Debt_consolidation",1
77949,35,9666,0.6,"14897",8.38,41.05,34,"Unemployed","Rent","Debt_consolidation",0
77958,17.75,339873,1.03,"310853",25.48,80.65,53.4,"Salaried","Mortgage","Vehicle",0
77959,25.25,477916,1.18,"1294042",0.1,12.5,33.3,"Salaried","Rent","Other",0
77964,18.75,475018,1.05,"898901",33.08,102.78,57.4,"Salaried","Rent","Vehicle",1
77967,18.75,395602,1.88,"508635",32.42,107.78,54.6,"Self-employed","Mortgage","Home_improvement",1
77969,21.75,131396,1.81,"238749",10.75,42.09,44.5,"Salaried","Rent","Other",1
78012,20.75,392272,1.2,"990708",34.88,120.83,61.6,"Salaried","Own","Debt_consolidation",1
78022,22.75,761401,1.82,"2655396",17.98,63.02,40.3,"Contract","Own","Debt_consolidation",0
78024,23.75,479964,2.41,"620428",28.3,96.71,53.5,"Self-employed","Rent","Other",1
78034,22.75,364127,1.63,"1045094",12.33,46.26,43.9,"Contract","Own","Debt_consolidation",0
78051,23.75,941207,1.5,"2204107",18.89,66.44,41.8,"Self-employed","Rent","Other",1
78060,20.25,261366,1.55,"408190",5.99,24.25,30.6,"Salaried","Rent","Vehicle",0
78066,20.25,436521,1.66,"684996",37.98,125.54,62.3,"Salaried","Rent","Vehicle",1
78067,18.75,383569,1.7,"878324",10.18,44.44,40.8,"Salaried","Rent","Vehicle",0
78070,16.75,258059,1.52,"749327",21.84,71.57,45.2,"Salaried","Mortgage","Home_improvement",0
78074,20.25,372237,1.82,"1265821",16.64,60.23,39.9,"Contract","Mortgage","Home_improvement",0
78075,20.25,166225,1.66,"473972",34.37,110.96,62.9,"Salaried","Rent","Vehicle",1
78089,28.75,2610,0.42,"1360",25.72,87.66,59.8,"Unemployed","Mortgage","Debt_consolidation",1
78124,19.25,448337,1.26,"1575872",6.26,27.96,33,"Salaried","Mortgage","Vehicle",0
78133,20.75,714660,1.05,"868433",37.23,124.58,70.1,"Salaried","Own","Debt_consolidation",1
78144,22.75,206976,2.06,"583628",24.33,77.57,47.3,"Contract","Own","Debt_consolidation",1
78154,16.75,276709,1.38,"895661",24.98,81.58,57.2,"Salaried","Mortgage","Home_improvement",0
78157,32.25,5784,0.45,"18804",36.8,118.53,59.4,"Unemployed","Rent","Debt_consolidation",0
78158,18.75,264788,1.9,"559253",29.36,95.03,59.5,"Salaried","Rent","Vehicle",1
78172,28.75,1542646,1.99,"5000521",0.05,9.17,24.1,"Self-employed","Rent","Other",0
78176,18.75,566056,1.88,"1825815",9.81,38.59,38.8,"Salaried","Rent","Vehicle",0
78188,23.25,2193667,1.71,"2921506",5.56,32.27,30.5,"Self-employed","Mortgage","Debt_consolidation",0
78189,23.25,1301642,2.24,"2859543",1.31,10.3,29.2,"Self-employed","Mortgage","Vehicle",1
78200,27.75,825115,2.57,"2948504",1.6,16.34,24.6,"Contract","Own","Debt_consolidation",1
78215,19.25,681421,1.64,"784298",30.4,100.55,57.4,"Salaried","Own","Debt_consolidation",1
78232,35,2694,0.53,"9214",13.28,54.06,40,"Unemployed","Rent","Debt_consolidation",1
78242,18.75,425562,1.65,"297695",14.53,61.42,48.9,"Salaried","Rent","Vehicle",0
78245,18.75,539505,1.23,"358872",1.62,19.41,29.3,"Salaried","Mortgage","Vehicle",1
78268,23.75,3998964,2.07,"7773842",17.19,65,48.2,"Self-employed","Rent","Other",1
78278,16.75,290003,0.73,"940212",11.67,50.52,43.7,"Salaried","Mortgage","Home_improvement",0
78293,24.75,674928,1.75,"1282152",32.36,107.36,62.1,"Contract","Mortgage","Debt_consolidation",1
78302,29.75,3136,0.2,"10283",10.61,41.46,43.4,"Unemployed","Rent","Debt_consolidation",0
78305,21.25,846279,1.63,"1924875",10.07,39.56,40.8,"Self-employed","Own","Debt_consolidation",0
78336,21.25,618521,1.84,"2273640",21.62,80.91,45.6,"Contract","Mortgage","Vehicle",1
78344,21.75,153461,1.3,"581436",19.81,70.11,42.1,"Salaried","Rent","Other",1
78358,22.25,442782,1.71,"483053",2.26,17.06,26.7,"Salaried","Rent","Vehicle",0
78382,21.75,148173,0.95,"147079",8.63,35,33.1,"Salaried","Rent","Other",0
78386,18.75,641963,1.61,"1796743",10.93,41.72,45.6,"Salaried","Rent","Vehicle",1
78387,18.75,351186,1.48,"265676",22.46,81.32,52.5,"Salaried","Rent","Vehicle",0
78401,20.75,132176,1.01,"413297",5.14,26.17,32.4,"Salaried","Own","Debt_consolidation",1
78432,23.75,1372101,1.86,"1746177",18.02,61.35,52,"Self-employed","Rent","Other",1
78439,18.75,354679,1.52,"807726",20.62,74.32,47.6,"Salaried","Rent","Vehicle",1
78442,18.75,431623,1.41,"776784",28.17,95.24,57,"Salaried","Rent","Vehicle",1
78454,25.25,3446145,1.81,"4669025",39.52,133.27,66.5,"Self-employed","Rent","Other",1
78458,22.25,373181,2.24,"211256",37.99,120.61,62,"Contract","Mortgage","Debt_consolidation",1
78461,17.75,293622,1.21,"308416",8.14,32.88,37.9,"Salaried","Mortgage","Vehicle",0
78481,17.75,680413,1.12,"344764",7.22,31.14,32,"Contract","Mortgage","Home_improvement",0
78509,25.25,677882,1.95,"2224900",36.94,118,64.2,"Self-employed","Rent","Other",1
78516,25.25,2131082,2.28,"4407883",28.03,94.21,61.1,"Self-employed","Rent","Other",1
78520,21.25,1455550,1.2,"1146558",8.04,35.71,35,"Self-employed","Own","Debt_consolidation",0
78529,18.75,179008,1.37,"282098",33.9,113.18,56.6,"Salaried","Rent","Vehicle",0
78530,22.25,555262,1.64,"760718",1.08,9.06,32.9,"Salaried","Rent","Vehicle",0
78540,16.75,175836,1.39,"90177",26.15,84.01,60.4,"Salaried","Mortgage","Vehicle",0
78543,18.25,142843,1.82,"490956",32.61,110.38,63.1,"Salaried","Mortgage","Home_improvement",1
78544,17.75,340163,1.41,"230554",24.94,80.41,58.9,"Salaried","Mortgage","Vehicle",0
78550,35,7800,0.7,"15485",32.75,108.5,65.7,"Unemployed","Rent","Debt_consolidation",1
78555,18.75,529293,2.05,"661554",15.57,52.52,48.7,"Self-employed","Mortgage","Home_improvement",1
78559,22.25,436067,2.03,"823198",10.52,40.42,40.4,"Contract","Rent","Vehicle",0
78564,20.75,126220,0.74,"382774",35.82,116.02,69.4,"Salaried","Own","Debt_consolidation",0
78570,27.25,2511903,2.26,"6494522",1,8.33,35.2,"Self-employed","Rent","Other",0
78577,18.25,373833,1.68,"1007405",36.81,123.49,65.4,"Salaried","Mortgage","Home_improvement",0
78625,19.25,271913,1.7,"570113",14.46,57.84,40.1,"Salaried","Own","Debt_consolidation",0
78627,18.75,228630,1.25,"148863",0.93,4.6,25.4,"Salaried","Mortgage","Vehicle",0
78630,19.25,481799,1.94,"1117970",5,14.91,39,"Salaried","Mortgage","Vehicle",0
78631,18.25,128633,2.17,"209369",36.4,116.29,64.4,"Salaried","Mortgage","Home_improvement",1
78632,18.75,498133,1.34,"498923",21.44,77.26,50.8,"Salaried","Rent","Vehicle",1
78634,22.75,2438828,1.11,"1141042",33.68,112.92,61.7,"Self-employed","Rent","Other",1
78653,23.25,379859,1.59,"583867",37.64,118.89,63.3,"Salaried","Rent","Other",1
78662,14.75,151665,1.58,"47301",10.87,44.92,33.5,"Salaried","Rent","Vehicle",0
78669,21.25,2921778,1.59,"2718013",12.27,45.08,40.8,"Self-employed","Own","Debt_consolidation",0
78677,13.75,480459,1.63,"152706",28.85,93.28,55.4,"Salaried","Mortgage","Vehicle",1
78686,20.75,1026946,1.1,"480681",33.66,113.46,64.2,"Self-employed","Mortgage","Debt_consolidation",0
78704,20.75,482531,1.04,"273750",35.43,116.77,63,"Salaried","Rent","Other",1
78713,21.25,2520584,1.81,"6889781",36.01,124.35,60.9,"Self-employed","Mortgage","Vehicle",1
78717,19.25,380025,0.86,"985374",21.29,76.09,45.4,"Salaried","Own","Debt_consolidation",0
78732,16.75,479371,1.04,"942705",15.38,60.8,41.2,"Salaried","Mortgage","Home_improvement",0
78734,22.25,1462031,1.5,"5151718",8.54,39.3,36.9,"Contract","Rent","Vehicle",1
78735,16.75,571680,1.55,"287334",34.02,107.49,65.9,"Salaried","Mortgage","Vehicle",0
78741,20.75,143948,1.81,"117306",29.72,96.77,64.3,"Salaried","Own","Debt_consolidation",1
78748,25.25,468725,1.67,"1695987",1.35,12.66,30.2,"Salaried","Rent","Other",0
78796,23.25,431855,1.86,"336906",32.54,109.6,61.5,"Salaried","Rent","Other",1
78814,23.25,1122967,2.37,"827024",31.12,105.62,66,"Self-employed","Mortgage","Debt_consolidation",1
78838,18.75,185633,1.81,"564933",28.36,95.52,54.3,"Salaried","Rent","Vehicle",0
78840,21.25,1677269,1.18,"5689297",11.65,43.02,34.6,"Contract","Mortgage","Vehicle",0
78842,24.75,465576,2.01,"1509952",3.02,22.56,34.4,"Contract","Mortgage","Debt_consolidation",1
78859,19.25,772269,1.73,"1225985",32.17,109.35,61.3,"Salaried","Mortgage","Vehicle",0
78872,20.25,324267,1.07,"624725",3.84,23.73,31.8,"Salaried","Rent","Vehicle",1
78894,18.75,722827,1.44,"688127",11.32,44.69,40.7,"Salaried","Rent","Vehicle",0
78897,26.75,478452,1.01,"411074",38.61,126.97,70.2,"Contract","Rent","Other",0
78925,21.75,2695813,2.05,"7730070",8.12,35.86,31.1,"Self-employed","Mortgage","Debt_consolidation",0
78929,22.25,763844,1.86,"2348618",14.06,52.43,46.3,"Contract","Rent","Vehicle",1
78933,16.75,415469,1.11,"385762",15.34,52.99,43.5,"Salaried","Mortgage","Home_improvement",1
78934,17.75,473330,1.57,"1447026",25.26,85.3,58,"Salaried","Mortgage","Vehicle",0
78935,21.25,1688949,1.92,"4882141",33.45,112.88,63.5,"Self-employed","Mortgage","Vehicle",1
78944,19.75,1555151,1.45,"5800735",20.7,71.86,43.5,"Self-employed","Mortgage","Vehicle",1
78949,23.25,216395,1.32,"223197",35.26,117.96,65.6,"Salaried","Rent","Other",1
78951,18.25,484244,1.68,"1795486",5.43,27.63,28.2,"Salaried","Mortgage","Home_improvement",0
78952,23.25,501555,1.88,"1044235",37.8,126.27,64.8,"Salaried","Rent","Other",0
78982,21.25,1346948,1.52,"4951148",34.24,111.39,60.6,"Self-employed","Mortgage","Vehicle",1
78984,18.75,369725,1.61,"983108",27.18,90.68,49.8,"Salaried","Rent","Vehicle",0
78992,18.75,434227,1.78,"463899",29.32,103.73,54.9,"Salaried","Rent","Vehicle",0
79006,17.75,218882,0.89,"293641",31.72,103.94,59.6,"Salaried","Mortgage","Vehicle",0
79009,22.25,1196664,1.22,"2518752",21.68,72.23,47.7,"Contract","Rent","Vehicle",1
79024,15.75,260042,1.45,"124380",38.35,125.66,60.6,"Salaried","Mortgage","Home_improvement",0
79036,21.25,855708,1.92,"3118359",3.15,20.44,37.2,"Self-employed","Mortgage","Vehicle",1
79047,21.75,451307,1.48,"1105097",30.22,103.63,54.5,"Salaried","Rent","Other",0
79077,18.25,546347,2.09,"1281391",31.95,108.96,60.3,"Salaried","Mortgage","Home_improvement",1
79084,16.75,327948,1.24,"691069",20.58,73.52,46.2,"Salaried","Mortgage","Home_improvement",0
79089,21.25,1305405,2.37,"3454528",36.12,125,60,"Self-employed","Own","Debt_consolidation",1
79095,23.75,2157568,1.62,"2188913",12.72,52.31,39.4,"Self-employed","Rent","Other",0
79097,35,3792,0.59,"9779",6.19,31.27,39,"Unemployed","Rent","Vehicle",0
79108,21.25,326624,1.44,"1075289",1.29,13.08,34.7,"Salaried","Mortgage","Vehicle",0
79127,21.25,2991593,1.1,"1701137",26.86,92.92,50.2,"Self-employed","Rent","Other",1
79132,18.75,607132,1.17,"643019",15.73,56.22,47,"Salaried","Rent","Vehicle",0
79135,25.25,171091,1.2,"238487",1.75,15.28,29.5,"Salaried","Rent","Other",1
79153,35,3649,0.54,"8232",21.82,70.18,56.2,"Unemployed","Rent","Debt_consolidation",1
79160,18.75,532322,1.17,"1345658",14.11,56.08,40.7,"Salaried","Rent","Vehicle",0
79162,17.75,513212,1.75,"1946654",20.36,72.85,50.2,"Salaried","Mortgage","Vehicle",0
79172,21.75,3031205,1.84,"10913402",22.88,74.42,46.4,"Self-employed","Mortgage","Debt_consolidation",1
79173,23.75,3806421,2.15,"12400229",27.25,92.67,53.9,"Self-employed","Rent","Other",1
79187,35,3566,0.53,"3041",30.68,101.98,57.9,"Unemployed","Rent","Other",1
79188,20.25,267929,1.61,"957187",5.19,27.31,29,"Salaried","Rent","Vehicle",0
79212,16.75,553831,0.96,"204998",38.9,124.22,72,"Salaried","Mortgage","Vehicle",1
79217,19.25,385745,1.61,"348466",39.46,126.62,74.1,"Salaried","Mortgage","Vehicle",0
79242,23.75,1116548,2.14,"1667091",14.01,57.7,48.4,"Self-employed","Rent","Other",0
79252,20.25,580807,1.48,"692738",5.84,35.59,29.9,"Salaried","Rent","Vehicle",0
79273,18.75,115394,1.3,"386949",10.04,36.87,36.6,"Salaried","Rent","Vehicle",0
79277,18.75,110555,1.83,"209442",23.31,79.83,49.9,"Salaried","Rent","Vehicle",0
79279,16.75,394001,1.27,"1402347",23.48,80.07,52.6,"Salaried","Mortgage","Home_improvement",1
79283,23.75,3101057,1.27,"8436944",7.58,29.73,37.3,"Self-employed","Rent","Other",0
79312,19.25,507043,1.37,"1252689",12.54,46.84,46.3,"Salaried","Own","Debt_consolidation",1
79316,32.25,4005,0.37,"4938",12.59,52.19,45.6,"Unemployed","Rent","Debt_consolidation",1
79318,25.25,225732,1.62,"527270",0.85,12.79,33.8,"Salaried","Rent","Other",0
79341,19.25,425898,1.68,"1454077",3.18,19.36,28.8,"Salaried","Mortgage","Vehicle",1
79343,25.25,1320461,1.99,"1866595",38.96,129.06,70.1,"Self-employed","Rent","Other",0
79344,23.75,748182,2.04,"945218",16.43,54.32,42.8,"Self-employed","Rent","Other",0
79358,21.75,384545,2.08,"788893",11.39,48.24,38.6,"Salaried","Rent","Other",0
79360,17.75,735557,1.86,"2278084",8.22,31.75,34.5,"Salaried","Mortgage","Vehicle",0
79377,16.25,172535,1.42,"57905",19.51,64.9,41.8,"Salaried","Rent","Vehicle",0
79381,32.25,3493,0.4,"12295",9.6,34.26,43.4,"Unemployed","Rent","Debt_consolidation",0
79402,16.75,221578,1.19,"459727",19.31,68.92,45,"Salaried","Mortgage","Home_improvement",0
79408,15.25,455477,1.49,"271028",22.74,77.53,53.6,"Salaried","Mortgage","Vehicle",0
79409,17.75,247629,1.31,"337683",26.36,91.21,50.2,"Salaried","Mortgage","Vehicle",0
79411,18.75,1029668,2.23,"550075",5.95,27.92,36.5,"Self-employed","Mortgage","Vehicle",1
79412,23.25,249120,2.13,"384542",18.74,68.83,52.3,"Contract","Mortgage","Debt_consolidation",1
79435,16.75,542818,1.41,"837958",25.24,78.09,53.2,"Salaried","Mortgage","Home_improvement",1
79468,20.25,645355,1.83,"2233561",2.87,15.77,25.7,"Salaried","Mortgage","Home_improvement",0
79470,25.25,3318367,1.88,"3880042",32.25,106.68,63.7,"Self-employed","Rent","Other",1
79483,19.75,1067390,2.5,"2869232",9.54,38.02,35.2,"Self-employed","Mortgage","Vehicle",1
79484,19.25,620205,1.54,"1480996",4.03,21.73,28.5,"Salaried","Mortgage","Vehicle",0
79494,23.25,459918,1.76,"1264749",6.57,31.85,36.4,"Salaried","Rent","Other",0
79503,19.25,677725,1.05,"2413019",37.59,117.52,68.9,"Salaried","Mortgage","Vehicle",0
79517,32.25,5338,0.39,"16057",26.38,90.68,59.8,"Unemployed","Rent","Debt_consolidation",1
79536,30.75,3284,0.36,"3780",24.2,79.39,50.3,"Unemployed","Rent","Other",1
79540,18.25,226263,1.5,"96074",34.55,116.91,67.8,"Salaried","Own","Debt_consolidation",1
79543,19.25,698636,2.32,"375005",6.12,25.05,31.2,"Contract","Mortgage","Home_improvement",1
79556,21.25,162942,1.68,"252498",2.8,22.77,30,"Salaried","Mortgage","Vehicle",0
79573,23.75,443820,1.52,"1378545",25.1,77.53,54.6,"Self-employed","Rent","Other",1
79578,19.25,165117,1.14,"69684",27.69,92.13,58.3,"Salaried","Rent","Other",1
79609,21.75,599903,1.74,"1983407",14.59,56.64,45.9,"Salaried","Rent","Other",1
79618,19.75,1155089,1.87,"2463448",13.65,47.53,44.4,"Self-employed","Mortgage","Vehicle",0
79623,22.75,507248,1.22,"1925528",2.29,17.4,33,"Salaried","Own","Debt_consolidation",1
79634,23.25,900840,2.31,"1377956",22.64,77.67,57.2,"Contract","Mortgage","Debt_consolidation",1
79645,18.75,2170788,2.56,"1326330",35.29,115.16,67.7,"Self-employed","Mortgage","Vehicle",1
79659,22.75,543417,1.89,"1648053",3.92,18.24,31.9,"Contract","Mortgage","Vehicle",0
79684,23.25,424646,0.84,"641045",34.06,108.59,66.1,"Salaried","Rent","Other",0
79698,18.75,430581,1.61,"1426284",19.63,69.37,42.7,"Salaried","Rent","Vehicle",0
79702,20.25,804268,1.86,"965740",33.48,117.46,56.3,"Contract","Mortgage","Home_improvement",0
79718,21.75,492268,1.42,"1758200",9.29,38.98,36.1,"Salaried","Rent","Other",0
79723,35,3399,0.5,"4996",29.54,98.4,59.1,"Unemployed","Rent","Debt_consolidation",1
79738,18.75,418454,1.53,"930396",17.81,63.04,43.6,"Salaried","Rent","Vehicle",1
79753,23.25,477487,1.33,"1570042",35.22,113.6,68.1,"Salaried","Rent","Other",1
79755,16.75,628721,1.75,"474787",20.41,72.72,54.6,"Salaried","Mortgage","Home_improvement",1
79756,20.25,264765,1.94,"627873",5.44,27.74,37.3,"Self-employed","Mortgage","Home_improvement",0
79785,29.75,3086,0.33,"10012",9.5,40.66,33.8,"Unemployed","Rent","Debt_consolidation",1
79788,27.25,7128,0.33,"2477",9.2,38.7,32.8,"Unemployed","Rent","Debt_consolidation",0
79803,16.75,492902,1.81,"417514",20.56,65.94,55.3,"Salaried","Mortgage","Home_improvement",0
79835,17.75,182013,1.87,"374497",24.39,81.7,50.4,"Salaried","Mortgage","Vehicle",0
79842,35,4778,0.56,"2009",34,112.86,60.9,"Unemployed","Rent","Other",0
79857,25.25,1428218,3.01,"1344218",6.2,26.68,29,"Self-employed","Rent","Other",0
79877,21.25,604101,2.09,"1155406",18.39,64.68,48.2,"Contract","Mortgage","Vehicle",1
79910,35,2729,0.49,"3966",19.52,68.92,45.6,"Unemployed","Rent","Debt_consolidation",0
79912,23.75,1396257,1.44,"1244861",22.93,81.78,49,"Self-employed","Rent","Other",1
79914,19.25,312509,2.12,"999563",39.62,131.46,71.2,"Salaried","Mortgage","Vehicle",1
79918,18.75,368971,1.71,"380142",19.94,71.85,52.8,"Salaried","Rent","Vehicle",1
79921,19.25,311399,1.84,"247513",35.76,113.45,70.5,"Salaried","Mortgage","Vehicle",1
79922,23.75,1270015,2.39,"2527869",19.46,67.43,45.7,"Self-employed","Rent","Other",1
79942,20.25,285007,1.73,"304286",5.13,29.43,29.5,"Salaried","Rent","Vehicle",0
79961,32.25,5186,0.45,"13787",8.31,35.97,30.4,"Unemployed","Rent","Debt_consolidation",1
79963,16.75,407770,1.52,"600726",18.75,62.69,51.5,"Salaried","Mortgage","Home_improvement",0
79970,17.75,398392,1.92,"820305",20.42,68.83,52.2,"Salaried","Mortgage","Vehicle",0
79979,19.25,319089,1.69,"608919",38.04,126.03,71.3,"Salaried","Mortgage","Vehicle",0
83137,12.75,316767,2.39,"104961",20.54,68.07,49.1,"Salaried","Mortgage","Home_improvement",0
80597,13.75,496789,1.13,"164217",24.22,81.72,53.1,"Salaried","Mortgage","Vehicle",0
80729,14.25,349498,1.66,"143244",22.8,77.43,56,"Salaried","Mortgage","Home_improvement",0
81892,14.25,221459,1.98,"104995",27.34,91.27,57.2,"Salaried","Mortgage","Home_improvement",0
81896,14.25,414253,1.23,"133316",38.82,125.99,69.6,"Salaried","Mortgage","Home_improvement",1
82964,14.25,529028,1.73,"172166",36.24,118.58,65.7,"Salaried","Mortgage","Home_improvement",1
82986,14.25,76897,1.91,"49886",31.39,104.55,53.6,"Salaried","Mortgage","Home_improvement",0
83367,14.25,182427,1.71,"105655",32.6,106.77,57.4,"Salaried","Mortgage","Home_improvement",1
84417,14.25,446213,1.71,"214620",21.44,77.37,52.5,"Salaried","Mortgage","Home_improvement",1
86435,14.25,404381,1.46,"253860",17.28,55.67,45.8,"Salaried","Mortgage","Home_improvement",1
87273,14.25,412798,1.65,"183758",29.44,98.47,55.4,"Salaried","Mortgage","Home_improvement",1
88482,14.25,708711,1.29,"417472",18.66,58.84,53.5,"Salaried","Mortgage","Home_improvement",0
80746,14.75,495422,1.35,"152250",34.89,112.67,58.7,"Salaried","Rent","Vehicle",1
80055,15.25,600496,1.16,"305935",8.17,29.42,41.5,"Salaried","Mortgage","Vehicle",0
80922,15.25,427696,1.25,"234490",25.51,83.54,47.7,"Salaried","Mortgage","Vehicle",0
81125,15.25,273848,1.06,"116621",15.37,57.7,42.2,"Salaried","Mortgage","Vehicle",0
81757,15.25,227238,1.31,"103532",24.68,78.97,55.5,"Salaried","Mortgage","Vehicle",1
82441,15.25,429337,1.2,"136430",6.79,26.44,34.9,"Salaried","Mortgage","Vehicle",1
83871,15.25,158230,1.74,"99556",19.13,65.66,49.7,"Salaried","Mortgage","Vehicle",1
84820,15.25,103454,1.58,"33921",35.09,117.19,63.5,"Salaried","Mortgage","Vehicle",1
86721,15.25,372377,1.73,"170314",19.15,67.26,51.2,"Salaried","Mortgage","Vehicle",0
87130,15.25,501837,1.48,"204007",15.68,54.73,39.8,"Salaried","Mortgage","Vehicle",0
87674,15.25,302746,1.16,"93166",11.71,42.63,37.3,"Salaried","Own","Debt_consolidation",0
88226,15.25,362086,1.39,"192856",34.02,111.01,58.3,"Salaried","Mortgage","Vehicle",1
88509,15.25,106952,1.45,"46946",10.06,38.01,41.3,"Salaried","Mortgage","Vehicle",1
88515,15.25,487517,1.73,"165620",27.42,85.85,54.5,"Salaried","Mortgage","Vehicle",0
80183,15.75,299079,1.66,"175827",6.14,32.65,40.5,"Salaried","Mortgage","Home_improvement",0
82071,15.75,541816,1.8,"323407",3.18,18.33,25.6,"Salaried","Mortgage","Home_improvement",0
82933,15.75,438334,1.79,"144146",14.36,50.26,41.8,"Self-employed","Mortgage","Vehicle",1
83594,15.75,354042,1.58,"139453",37.34,118.59,67.4,"Salaried","Mortgage","Home_improvement",1
87415,15.75,375531,1.4,"152331",34.54,114.01,68.6,"Salaried","Mortgage","Home_improvement",1
88696,15.75,325161,1.64,"193939",32.7,109.21,64,"Salaried","Mortgage","Home_improvement",1
89114,15.75,249954,1.53,"99309",3.98,27.16,33.5,"Salaried","Mortgage","Home_improvement",0
89610,15.75,333613,1.99,"146359",36.43,121.23,61.7,"Salaried","Mortgage","Home_improvement",0
80128,16.25,422757,2.05,"234792",31.54,110.16,57.8,"Salaried","Rent","Vehicle",0
80242,16.25,618323,1.23,"333892",22.02,76.51,56.1,"Salaried","Rent","Vehicle",0
82806,16.25,966287,2,"301658",33.19,107.44,59.5,"Contract","Mortgage","Home_improvement",1
84509,16.25,269032,1.26,"150467",24.87,88.72,59.6,"Salaried","Rent","Vehicle",1
84523,16.25,378763,1.63,"167898",14.98,51.9,47,"Salaried","Rent","Vehicle",0
84915,16.25,136640,1.3,"73456",36.33,121.98,59.6,"Salaried","Rent","Vehicle",1
85805,16.25,655726,1.39,"396741",19.78,69.82,54,"Salaried","Rent","Vehicle",0
86032,16.25,192941,1.44,"80357",20.48,72.97,43.3,"Salaried","Rent","Vehicle",0
88323,16.25,284877,1.27,"120724",10.49,46.77,44.1,"Salaried","Rent","Vehicle",0
80031,16.75,136121,1.95,"297853",12.43,43.67,47,"Salaried","Mortgage","Home_improvement",0
80043,16.75,185836,1.54,"596126",28.47,93,54.7,"Salaried","Mortgage","Home_improvement",1
80079,16.75,476059,1.74,"1097585",31.5,103.97,56.6,"Salaried","Mortgage","Home_improvement",0
80102,16.75,206125,1.45,"428744",21.53,72.37,51.8,"Salaried","Mortgage","Home_improvement",1
80122,16.75,311297,1.33,"331293",14.14,54.08,40.1,"Salaried","Mortgage","Home_improvement",1
80201,16.75,631167,1.39,"1905494",12.87,44.84,42.1,"Salaried","Mortgage","Home_improvement",1
80260,16.75,403869,1.54,"826358",16.96,62.3,39.4,"Salaried","Mortgage","Home_improvement",0
80270,16.75,257272,1.53,"101157",32.39,110.62,58.1,"Salaried","Own","Debt_consolidation",0
80275,16.75,191761,1.55,"452265",23.92,79.36,58.1,"Salaried","Mortgage","Home_improvement",0
80423,16.75,537868,1.77,"458855",10.03,35.67,42.1,"Salaried","Mortgage","Home_improvement",1
80546,16.75,668584,1.93,"1600024",15.72,57.66,50.4,"Salaried","Mortgage","Home_improvement",0
80681,16.75,295991,1.31,"938732",32.47,108.4,60,"Salaried","Mortgage","Home_improvement",0
80751,16.75,205392,1.11,"489951",9.67,35.77,36,"Salaried","Mortgage","Home_improvement",1
80795,16.75,328562,0.85,"749530",28.07,93.81,59.3,"Salaried","Mortgage","Home_improvement",0
80981,16.75,467163,1.69,"1282585",11.14,45.22,36.2,"Salaried","Mortgage","Home_improvement",1
81004,16.75,228002,1.51,"142833",37.95,125.67,62.3,"Salaried","Mortgage","Vehicle",1
81274,16.75,122842,1.31,"186031",21.02,74.61,49,"Salaried","Mortgage","Home_improvement",1
81342,16.75,179724,1.59,"75932",19.25,63.64,42.6,"Salaried","Own","Debt_consolidation",1
81357,16.75,618196,1.75,"1202124",22.82,80.34,54.3,"Salaried","Mortgage","Home_improvement",0
81390,16.75,199926,1.43,"467156",8.79,30.67,37.7,"Salaried","Mortgage","Home_improvement",0
81417,16.75,355209,0.99,"915937",17.28,62.31,51.8,"Salaried","Mortgage","Home_improvement",0
81490,16.75,383760,1.5,"620688",17.44,62.76,51.4,"Salaried","Mortgage","Home_improvement",0
81821,16.75,600776,1.49,"1590392",27.93,86.97,58.5,"Salaried","Mortgage","Home_improvement",1
81920,16.75,582056,1.65,"2144911",28.59,96.42,59.4,"Salaried","Mortgage","Home_improvement",1
82149,16.75,614807,1.98,"772304",20.77,72.8,54.1,"Salaried","Mortgage","Home_improvement",0
82199,16.75,608608,1.73,"1676415",15.01,53.55,46.9,"Salaried","Mortgage","Home_improvement",0
83011,16.75,200847,1.5,"585057",8.01,34.06,42.1,"Salaried","Mortgage","Home_improvement",0
83124,16.75,458503,1.81,"1277066",29.32,96.31,55.1,"Salaried","Mortgage","Home_improvement",0
83178,16.75,247766,1.87,"477410",10.76,42.65,42.8,"Salaried","Mortgage","Home_improvement",0
83244,16.75,194856,1.18,"738548",13.71,52.79,36.8,"Salaried","Mortgage","Home_improvement",0
83280,16.75,657518,1.36,"2435544",9.8,34.73,32,"Salaried","Mortgage","Home_improvement",0
83352,16.75,410409,1.94,"235390",30.31,105.41,57.7,"Salaried","Own","Debt_consolidation",0
83399,16.75,431704,1.37,"903535",20.78,76.44,52.3,"Salaried","Mortgage","Home_improvement",1
83562,16.75,312400,1.63,"602452",9.12,39.17,32.3,"Salaried","Mortgage","Home_improvement",0
83593,16.75,343736,1.81,"1294486",14.16,52.4,47.7,"Salaried","Mortgage","Home_improvement",0
83633,16.75,153653,1.13,"343759",30.94,98.61,57,"Salaried","Mortgage","Home_improvement",0
83648,16.75,444776,1.56,"282343",18.22,60.61,47.3,"Salaried","Own","Debt_consolidation",0
83693,16.75,840137,1.73,"2758059",16.29,57.39,49.6,"Salaried","Mortgage","Home_improvement",0
83717,16.75,420063,0.72,"1590364",27.14,92.03,52.5,"Salaried","Mortgage","Home_improvement",0
83921,16.75,613704,1.99,"638412",15.32,56.32,40,"Salaried","Mortgage","Home_improvement",0
83986,16.75,456771,1.61,"1426720",26.4,90.25,50.1,"Salaried","Mortgage","Home_improvement",1
84046,16.75,642927,1.41,"222500",5.54,29.17,38.4,"Salaried","Mortgage","Vehicle",0
84239,16.75,409348,1.76,"409164",12.32,46.01,44.6,"Salaried","Mortgage","Home_improvement",0
84252,16.75,389567,1.23,"736092",11.38,46.95,35.1,"Salaried","Mortgage","Home_improvement",0
84311,16.75,374782,1.42,"463633",12.04,47.09,43.4,"Salaried","Mortgage","Home_improvement",0
84464,16.75,127316,1.44,"301850",28.61,97.15,58.3,"Salaried","Mortgage","Home_improvement",0
84651,16.75,332274,1.84,"115616",34.09,110.93,68.6,"Salaried","Mortgage","Vehicle",0
84745,16.75,132874,1.54,"492378",28.7,95.13,55.2,"Salaried","Mortgage","Home_improvement",0
84793,16.75,98035,1.46,"268623",13.19,47.48,37.4,"Salaried","Mortgage","Home_improvement",0
84937,16.75,580471,1.41,"1755930",21.64,70.32,51,"Salaried","Mortgage","Home_improvement",1
85562,16.75,185868,1.5,"252028",31.75,104.64,59.9,"Salaried","Mortgage","Home_improvement",1
85635,16.75,250122,1.47,"667181",13.34,50.39,45.2,"Salaried","Mortgage","Home_improvement",0
85658,16.75,327314,2.09,"723457",30.06,106.61,59.7,"Salaried","Mortgage","Home_improvement",1
85740,16.75,391732,1.88,"1455994",32.77,106.9,59.9,"Salaried","Mortgage","Home_improvement",1
85760,16.75,193946,1.17,"381681",13.53,50.55,43.9,"Salaried","Mortgage","Home_improvement",0
85811,16.75,337991,0.96,"707850",9.68,37.04,35.4,"Salaried","Mortgage","Home_improvement",0
85951,16.75,315730,1.89,"578403",9.67,39.05,32.7,"Salaried","Mortgage","Home_improvement",0
86168,16.75,259454,1.5,"625212",11.36,43.34,35.2,"Salaried","Mortgage","Home_improvement",0
86173,16.75,559666,1.12,"1485907",18.11,62.83,41.2,"Salaried","Mortgage","Home_improvement",0
86175,16.75,614585,1.13,"599613",13.87,50.17,45.9,"Salaried","Mortgage","Home_improvement",1
86191,16.75,596797,1.32,"980783",26.39,91.12,51.7,"Salaried","Mortgage","Home_improvement",0
86205,16.75,406714,1.53,"1177963",28.83,96.96,54.4,"Salaried","Mortgage","Home_improvement",1
86228,16.75,556733,1.37,"459095",13.45,56.83,48.4,"Salaried","Mortgage","Home_improvement",1
86248,16.75,287781,1.67,"795209",27.53,92.88,55.5,"Salaried","Mortgage","Home_improvement",1
86309,16.75,360747,1.25,"579240",17.87,65.64,46.8,"Salaried","Mortgage","Home_improvement",0
86457,16.75,81044,1.48,"77910",13.28,46.96,42.6,"Salaried","Mortgage","Home_improvement",0
86549,16.75,403377,1.55,"1522993",15.19,54.05,41.7,"Salaried","Mortgage","Home_improvement",0
86816,16.75,260202,1.1,"647706",16.12,58.72,41.6,"Salaried","Mortgage","Home_improvement",0
86933,16.75,319362,1.45,"1209072",32.96,100.39,57.6,"Salaried","Mortgage","Home_improvement",1
86955,16.75,728060,1.37,"2041549",20.47,71.11,43.7,"Salaried","Mortgage","Home_improvement",0
87131,16.75,341079,2.27,"1159492",9.22,39.39,32.4,"Salaried","Mortgage","Home_improvement",0
87153,16.75,639260,1.76,"2298464",23.14,77.85,46.8,"Salaried","Mortgage","Home_improvement",1
87176,16.75,291631,1.14,"601059",20.76,77.39,48,"Salaried","Mortgage","Home_improvement",1
87312,16.75,511208,1.78,"1561327",7.54,25.18,31.5,"Salaried","Mortgage","Home_improvement",1
87583,16.75,285595,1.42,"907523",21.09,69.4,54,"Salaried","Mortgage","Home_improvement",1
87592,16.75,454987,1.76,"355758",20.03,74.01,48.4,"Salaried","Mortgage","Home_improvement",1
87665,16.75,324126,0.9,"1016502",13.63,48.63,47.6,"Salaried","Mortgage","Home_improvement",0
87715,16.75,469703,1.8,"383375",26.4,93.28,54.3,"Salaried","Mortgage","Home_improvement",1
87877,16.75,306905,1.3,"675885",14.15,56.12,41,"Salaried","Mortgage","Home_improvement",0
87965,16.75,451050,1.71,"749525",27.44,92.51,55,"Salaried","Mortgage","Home_improvement",0
88011,16.75,382118,1.13,"916930",11.94,42.71,43.6,"Salaried","Mortgage","Home_improvement",0
88032,16.75,272225,1.56,"289320",14.28,52.53,47.8,"Salaried","Mortgage","Home_improvement",1
88157,16.75,491962,1.44,"860538",24.44,84.32,52.9,"Salaried","Mortgage","Home_improvement",1
88542,16.75,251668,1.35,"876253",7.82,33.21,39.4,"Salaried","Mortgage","Home_improvement",1
88672,16.75,346490,1.34,"1021501",8.29,33.8,32.9,"Salaried","Mortgage","Home_improvement",1
88751,16.75,200120,1.5,"680846",21.01,78.17,51.3,"Salaried","Mortgage","Home_improvement",1
89064,16.75,540800,1.22,"792004",31.18,106.72,53.7,"Salaried","Mortgage","Home_improvement",0
89094,16.75,339840,1.92,"290532",12,38.34,36.1,"Salaried","Mortgage","Home_improvement",1
89130,16.75,848634,1.56,"2567829",33.41,110,57.8,"Salaried","Mortgage","Home_improvement",1
89370,16.75,231476,1.65,"304333",34.24,111,58.3,"Salaried","Mortgage","Home_improvement",1
89438,16.75,189122,1.38,"278882",24.83,86.52,50.9,"Salaried","Mortgage","Home_improvement",0
89521,16.75,203647,1.76,"67512",38.53,122.44,71.9,"Salaried","Own","Debt_consolidation",1
89572,16.75,414548,1.46,"1505402",25.05,87.08,50.5,"Salaried","Mortgage","Home_improvement",0
89644,16.75,541766,1.57,"2058216",16.88,61,46.6,"Salaried","Mortgage","Home_improvement",0
89646,16.75,275004,1.25,"904828",18.46,67.88,42.6,"Salaried","Mortgage","Home_improvement",0
89650,16.75,375305,0.94,"324504",7.81,34.55,31.4,"Salaried","Mortgage","Home_improvement",0
89691,16.75,318960,1.33,"211575",27.06,94.38,58.7,"Salaried","Own","Debt_consolidation",0
89816,16.75,830543,1.29,"1737071",7.01,36.41,33.1,"Salaried","Mortgage","Home_improvement",1
80540,17.25,2529375,1.94,"894402",9.63,38.99,32.8,"Self-employed","Mortgage","Vehicle",0
87621,17.25,1293939,1.48,"775670",11.15,42.95,43.4,"Self-employed","Mortgage","Vehicle",1
89242,17.25,1627426,1.77,"875654",12.73,44.08,35.5,"Self-employed","Mortgage","Vehicle",1
80189,17.75,748743,1.54,"2198490",19.45,68.93,43.8,"Salaried","Mortgage","Vehicle",0
80281,17.75,626823,1.56,"1124414",25.88,89.71,55.5,"Salaried","Mortgage","Vehicle",0
80291,17.75,112888,2.08,"85203",16.13,56.99,44.3,"Salaried","Mortgage","Vehicle",1
80319,17.75,398251,1.43,"1416392",10.6,42.76,41.2,"Salaried","Mortgage","Vehicle",0
80414,17.75,418506,1.38,"370881",21.91,68.83,48.9,"Salaried","Mortgage","Vehicle",0
80704,17.75,269314,1.38,"674939",16.87,54.86,50.6,"Salaried","Mortgage","Vehicle",0
80749,17.75,483899,1.08,"756742",26.01,90.32,58.3,"Salaried","Mortgage","Vehicle",0
80836,17.75,103057,2.3,"348173",19.38,68.34,48.2,"Salaried","Mortgage","Vehicle",1
81248,17.75,226912,1.44,"483505",9.3,33.06,33,"Salaried","Mortgage","Vehicle",1
81468,17.75,200336,1.84,"146649",21.47,79.29,56.2,"Salaried","Mortgage","Vehicle",0
81837,17.75,440389,1.88,"1198655",32.24,106.59,56.4,"Salaried","Mortgage","Vehicle",1
81936,17.75,217158,1.63,"330523",11.41,48.49,34.3,"Salaried","Mortgage","Vehicle",1
81994,17.75,473342,0.78,"1591987",20.34,67.05,43.3,"Salaried","Mortgage","Vehicle",0
82209,17.75,439402,1.77,"284245",38.86,127.56,73.7,"Self-employed","Mortgage","Home_improvement",0
82224,17.75,670839,1.24,"1147962",24.63,81.74,58.3,"Salaried","Mortgage","Vehicle",1
82253,17.75,552720,1.49,"2092416",20.18,72.45,42.9,"Salaried","Mortgage","Vehicle",0
82295,17.75,409115,1.55,"730363",13.17,50.85,43.9,"Salaried","Mortgage","Vehicle",0
82354,17.75,185997,1.82,"294956",31.73,100.95,56.2,"Salaried","Mortgage","Vehicle",1
82546,17.75,316327,1.64,"581836",17.2,65.05,47.3,"Salaried","Mortgage","Vehicle",1
82569,17.75,528071,1.07,"508013",19.64,71.34,44.1,"Salaried","Mortgage","Vehicle",0
82593,17.75,257054,1.34,"855968",33.39,112.86,58.8,"Salaried","Mortgage","Vehicle",0
82684,17.75,441710,1.57,"765634",9.06,38.58,36.3,"Salaried","Mortgage","Vehicle",0
82931,17.75,168841,1.33,"269073",7.22,26.21,33.2,"Salaried","Mortgage","Vehicle",0
83001,17.75,117028,1.6,"102052",23.23,80.61,48,"Salaried","Mortgage","Vehicle",0
83003,17.75,309336,1.59,"930744",15.57,53.71,49.1,"Salaried","Mortgage","Vehicle",0
83079,17.75,253176,1.83,"878092",16.21,57.83,42.7,"Salaried","Mortgage","Vehicle",1
83174,17.75,1065874,2.07,"637601",12.41,48.66,35.2,"Contract","Mortgage","Home_improvement",0
83312,17.75,421128,1.61,"1267123",14.22,57.51,42.3,"Salaried","Mortgage","Vehicle",1
83366,17.75,156159,1.23,"211915",22.86,79.55,48.7,"Salaried","Mortgage","Vehicle",1
83390,17.75,367293,1.27,"1003280",22.04,79,51.4,"Salaried","Mortgage","Vehicle",0
83655,17.75,317245,1.25,"289967",18.07,65.01,44.6,"Salaried","Mortgage","Vehicle",1
83750,17.75,246784,1.22,"180462",29.53,100.9,60,"Salaried","Mortgage","Vehicle",0
83817,17.75,541190,1.53,"1497011",15.01,54.99,44.1,"Salaried","Mortgage","Vehicle",0
84091,17.75,140283,1.68,"291189",15.76,57.75,38.9,"Salaried","Mortgage","Vehicle",0
84154,17.75,311491,1.52,"319015",8.6,38.83,36.3,"Salaried","Mortgage","Vehicle",0
84163,17.75,348031,1.37,"277354",16.08,55.2,45.2,"Salaried","Mortgage","Vehicle",0
84224,17.75,327015,1.78,"610806",20.29,77.02,46.1,"Salaried","Mortgage","Vehicle",1
84261,17.75,453461,0.82,"706349",23.6,81.54,54.2,"Salaried","Mortgage","Vehicle",0
84419,17.75,491708,1.71,"629596",21.03,73.99,53.2,"Salaried","Mortgage","Vehicle",1
84606,17.75,297898,1.82,"584493",20.54,72.56,50.8,"Salaried","Mortgage","Vehicle",0
84736,17.75,512266,2,"1038581",24.89,84.93,53.5,"Salaried","Mortgage","Vehicle",1
84880,17.75,212112,1.66,"233343",8.54,27.77,40.9,"Salaried","Mortgage","Vehicle",1
85032,17.75,396336,2.08,"273067",14.15,50.96,40.8,"Salaried","Mortgage","Vehicle",0
85089,17.75,583676,0.79,"2108531",32.07,104.14,58.8,"Salaried","Mortgage","Vehicle",0
85245,17.75,475159,2.13,"420305",16.61,63.62,48.2,"Salaried","Mortgage","Vehicle",0
85364,17.75,500364,0.99,"1634178",34.75,115.39,58.5,"Salaried","Mortgage","Vehicle",0
85520,17.75,480548,1.36,"514938",35.2,115.66,59.7,"Salaried","Mortgage","Vehicle",0
85530,17.75,206761,1.55,"337989",15.86,55.84,42,"Salaried","Mortgage","Vehicle",0
85588,17.75,193500,1.71,"258925",21.37,73.81,56.4,"Salaried","Mortgage","Vehicle",0
85601,17.75,329471,1.22,"318409",21.87,78.41,48.8,"Salaried","Mortgage","Vehicle",1
85663,17.75,557338,1.21,"817805",23,76.71,56.8,"Salaried","Mortgage","Vehicle",0
85697,17.75,273044,2.05,"464949",7.84,35.01,35.4,"Salaried","Mortgage","Vehicle",0
85823,17.75,351140,1.44,"737466",8.74,33.04,37.8,"Salaried","Mortgage","Vehicle",1
86036,17.75,213631,1.22,"665547",12.76,46.4,38.9,"Salaried","Mortgage","Vehicle",1
86118,17.75,307981,1.32,"239330",19.36,66.43,43.7,"Salaried","Mortgage","Vehicle",0
86146,17.75,215533,1.78,"469490",12.69,45.55,35.1,"Salaried","Mortgage","Vehicle",0
86152,17.75,546961,0.89,"1523880",19.36,63.66,45.9,"Salaried","Mortgage","Vehicle",1
86164,17.75,470322,1.04,"949406",22.51,76.07,45.7,"Salaried","Mortgage","Vehicle",0
86202,17.75,295270,1.62,"100201",37.15,122.62,63.4,"Salaried","Rent","Vehicle",0
86431,17.75,403428,1.48,"1084420",22.53,76.9,54.6,"Salaried","Mortgage","Vehicle",1
86464,17.75,568044,2.11,"535169",33.11,108.59,56.8,"Salaried","Mortgage","Vehicle",1
86544,17.75,318578,1.38,"633872",14.99,56.29,42.6,"Salaried","Mortgage","Vehicle",0
86768,17.75,251091,1.29,"399343",10.3,37.53,40.7,"Salaried","Mortgage","Vehicle",1
87000,17.75,209467,1.48,"755658",13.01,50.39,39.2,"Salaried","Mortgage","Vehicle",0
87297,17.75,365094,1.8,"1295238",15.78,56.24,39.7,"Salaried","Mortgage","Vehicle",0
87516,17.75,323366,1.38,"433537",16.37,61.89,44.8,"Salaried","Mortgage","Vehicle",1
87552,17.75,629554,1.1,"1264220",28.48,97.1,56.8,"Salaried","Mortgage","Vehicle",0
87693,17.75,423641,1.67,"469048",18.75,68.59,44.5,"Salaried","Mortgage","Vehicle",0
87784,17.75,198395,1.41,"156503",30.08,98.98,55.9,"Salaried","Mortgage","Vehicle",1
87929,17.75,270986,0.97,"357973",7.65,30.85,31.4,"Salaried","Mortgage","Vehicle",0
87947,17.75,643792,1.69,"1320235",20.25,67.71,54.6,"Salaried","Mortgage","Vehicle",0
88166,17.75,113883,1.56,"191955",15.64,56.2,37.7,"Salaried","Mortgage","Vehicle",1
88181,17.75,467412,1.48,"961535",26.93,88.58,52.7,"Salaried","Mortgage","Vehicle",0
88339,17.75,896128,1.15,"2363213",34.49,110.94,58.7,"Salaried","Mortgage","Vehicle",1
88344,17.75,170441,1.18,"329665",23.88,79.05,48.3,"Salaried","Mortgage","Vehicle",0
88441,17.75,550905,1.07,"417106",9.86,40.56,34.4,"Salaried","Mortgage","Vehicle",1
88826,17.75,490916,1.32,"959997",12.45,47.9,40,"Salaried","Mortgage","Vehicle",1
88849,17.75,355852,1.4,"985261",20.77,69.52,52.5,"Salaried","Mortgage","Vehicle",0
88899,17.75,264697,1.53,"961827",29.31,96.94,53.8,"Salaried","Mortgage","Vehicle",1
89046,17.75,498245,1.57,"279512",32.06,105.45,60.3,"Salaried","Rent","Vehicle",0
89461,17.75,511798,1.65,"1620792",29.38,92.5,53.1,"Salaried","Mortgage","Vehicle",1
89662,17.75,220410,1.45,"675065",13.78,52.26,48.7,"Salaried","Mortgage","Vehicle",1
89663,17.75,440671,1.5,"1081528",28.43,96.28,56.8,"Salaried","Mortgage","Vehicle",1
89777,17.75,321643,1.61,"809743",23.63,78.35,45.8,"Salaried","Mortgage","Vehicle",0
89843,17.75,133094,1.17,"420197",14.72,56.18,37.5,"Salaried","Mortgage","Vehicle",0
89898,17.75,185016,1.44,"334847",25.89,88.39,48,"Salaried","Mortgage","Vehicle",0
89939,17.75,533215,0.84,"1826686",17.87,68.15,51.9,"Salaried","Mortgage","Vehicle",0
80090,18.25,516821,1.01,"1165985",6.57,31.14,33.2,"Salaried","Mortgage","Home_improvement",0
80550,18.25,439316,1.25,"446134",37.16,124.27,68.3,"Salaried","Mortgage","Home_improvement",0
80594,18.25,509519,1.38,"1617899",36.79,116.59,65.1,"Salaried","Mortgage","Home_improvement",1
80771,18.25,288416,1.54,"250543",34.24,108.72,63.4,"Salaried","Mortgage","Home_improvement",0
80977,18.25,248660,1.43,"617123",5.74,29.44,37,"Salaried","Mortgage","Home_improvement",0
81085,18.25,309414,1.45,"479210",3.51,14.87,34.8,"Salaried","Mortgage","Home_improvement",1
81157,18.25,334506,0.99,"372965",37.02,113.96,64.4,"Salaried","Mortgage","Home_improvement",0
81200,18.25,172385,1.72,"259023",34.87,111.52,61.6,"Salaried","Mortgage","Home_improvement",0
81257,18.25,570625,1.68,"1994087",30.83,100.84,60.4,"Salaried","Mortgage","Home_improvement",1
81296,18.25,421823,1.83,"1137972",5.46,21.84,29.1,"Salaried","Mortgage","Home_improvement",0
81614,18.25,316540,1.47,"739628",35.55,124.21,66,"Salaried","Mortgage","Home_improvement",1
82323,18.25,505104,1.5,"1661658",38.16,123.73,64.2,"Salaried","Mortgage","Home_improvement",1
82777,18.25,896143,1.23,"2188347",32.78,116.56,60.5,"Salaried","Mortgage","Home_improvement",1
82779,18.25,682072,1.47,"549046",6.72,27.07,29.9,"Salaried","Mortgage","Home_improvement",1
82949,18.25,434154,1.03,"632322",34.35,108.68,62.7,"Salaried","Mortgage","Home_improvement",0
82984,18.25,127647,1.61,"454741",27.61,95.77,60.4,"Salaried","Mortgage","Home_improvement",0
83066,18.25,348886,1.23,"955313",28.59,93.49,61.5,"Salaried","Mortgage","Home_improvement",1
83568,18.25,266203,1.33,"647952",33.86,112.2,67.7,"Salaried","Mortgage","Home_improvement",0
84355,18.25,419922,1.88,"1459316",35.34,115.5,62.4,"Salaried","Mortgage","Home_improvement",0
84439,18.25,391377,2.03,"684002",6.34,28.34,30.6,"Salaried","Mortgage","Home_improvement",0
84714,18.25,385140,1.92,"232540",36.56,120.52,62,"Salaried","Own","Debt_consolidation",1
84865,18.25,312004,1.61,"482817",36.59,123.68,65.9,"Salaried","Mortgage","Home_improvement",1
84949,18.25,495249,1.71,"495732",6.06,28.47,34.7,"Salaried","Mortgage","Home_improvement",0
84956,18.25,176649,1.99,"318783",37.67,118.89,69.7,"Salaried","Mortgage","Home_improvement",1
85246,18.25,431306,1.5,"1482556",36,120.27,66.2,"Salaried","Mortgage","Home_improvement",1
85256,18.25,407465,1.12,"287719",35.69,119.32,60.9,"Salaried","Mortgage","Home_improvement",1
85734,18.25,728990,1.64,"794336",34.05,114.56,61.1,"Salaried","Mortgage","Home_improvement",1
86111,18.25,185870,1.4,"558123",30.84,101.83,64.1,"Salaried","Mortgage","Home_improvement",1
86198,18.25,201129,1.55,"620295",33.96,108.74,67.7,"Salaried","Mortgage","Home_improvement",0
86244,18.25,283696,1.3,"750572",6.86,32.78,36.1,"Salaried","Mortgage","Home_improvement",1
86385,18.25,288394,1.35,"443016",35.53,114.77,62.2,"Salaried","Mortgage","Home_improvement",0
86441,18.25,210401,1.96,"311917",32.65,110.88,62.4,"Salaried","Mortgage","Home_improvement",1
86608,18.25,355910,0.96,"941573",31.8,106.58,60.8,"Salaried","Mortgage","Home_improvement",0
86896,18.25,195976,1.43,"732056",38.89,127.01,71.5,"Salaried","Mortgage","Home_improvement",1
86970,18.25,387412,1.07,"1164828",6.23,27.72,36.2,"Salaried","Mortgage","Home_improvement",0
87366,18.25,186178,1.71,"103484",26.67,90.32,60.2,"Salaried","Own","Debt_consolidation",0
87421,18.25,362902,1.47,"415880",28.42,96.88,62.4,"Salaried","Mortgage","Home_improvement",0
87507,18.25,431607,1.79,"979621",36.18,115.07,69.8,"Salaried","Mortgage","Home_improvement",1
87662,18.25,221216,2.56,"522747",5.54,27.2,38.7,"Salaried","Mortgage","Home_improvement",1
88123,18.25,445544,1.34,"602448",5.62,25.8,40.1,"Salaried","Mortgage","Home_improvement",0
88201,18.25,420972,1.29,"655294",38.45,124.11,68,"Salaried","Mortgage","Home_improvement",1
88424,18.25,405592,1.41,"618195",5.89,26.9,40.1,"Salaried","Mortgage","Home_improvement",0
88444,18.25,140235,1.63,"136997",38.14,124.49,69.9,"Salaried","Mortgage","Home_improvement",1
88963,18.25,321670,1.34,"772596",34.52,113.06,67.9,"Salaried","Mortgage","Home_improvement",1
88967,18.25,526432,1.31,"669806",4.86,25.05,38.2,"Salaried","Mortgage","Home_improvement",0
89866,18.25,364587,1.11,"535068",33.23,108.48,65.4,"Salaried","Mortgage","Home_improvement",0
89968,18.25,213881,1.45,"769169",37.75,126.71,63,"Salaried","Mortgage","Home_improvement",0
80035,18.75,269072,1.01,"368296",12.6,46.57,39.9,"Self-employed","Mortgage","Home_improvement",1
80344,18.75,1832313,2.86,"1017110",26.29,89.89,59.7,"Self-employed","Own","Debt_consolidation",1
80380,18.75,868843,1.55,"563797",15.78,59.09,38.9,"Contract","Mortgage","Vehicle",0
80399,18.75,139029,1.36,"282269",27.74,92.08,59.6,"Salaried","Rent","Vehicle",0
80457,18.75,98278,1.8,"368218",10.99,45.59,33.7,"Salaried","Rent","Vehicle",1
80554,18.75,2255693,1.85,"6447057",13.97,53.02,38.3,"Self-employed","Mortgage","Home_improvement",1
80701,18.75,2338740,2.01,"4366970",7.94,30.76,39.7,"Self-employed","Mortgage","Home_improvement",0
80818,18.75,252891,1.21,"812224",14.93,54.7,46.4,"Salaried","Rent","Vehicle",0
80999,18.75,186458,1.57,"436413",8.22,35.65,33.3,"Salaried","Rent","Vehicle",0
81081,18.75,295805,2.46,"1108351",15.98,54.53,44.7,"Salaried","Rent","Vehicle",0
81111,18.75,447184,1.69,"1654592",24.72,83.52,55.8,"Salaried","Rent","Vehicle",1
81197,18.75,406460,1.01,"830590",13.41,49.71,35.7,"Salaried","Rent","Vehicle",1
81367,18.75,205708,2.26,"596798",20.68,73.6,43.4,"Salaried","Rent","Vehicle",0
81434,18.75,423576,1.93,"542711",33.55,114.01,55.6,"Salaried","Rent","Vehicle",0
81442,18.75,527880,1.28,"811480",22.12,78,51,"Salaried","Rent","Vehicle",0
81504,18.75,490877,1.82,"724115",29.14,96.65,59.5,"Salaried","Rent","Vehicle",0
81566,18.75,487309,1.46,"1183063",9.4,38.78,41.4,"Salaried","Rent","Vehicle",0
81575,18.75,400891,1.76,"1494256",20.09,70.86,55,"Salaried","Rent","Vehicle",0
81627,18.75,193564,1.12,"183053",16.37,56.43,45.8,"Salaried","Rent","Vehicle",1
81673,18.75,576472,1.83,"945490",21.09,74.92,52,"Salaried","Rent","Vehicle",0
81718,18.75,561792,1.68,"1660984",8.05,32.73,42.8,"Salaried","Rent","Vehicle",0
82240,18.75,161527,1.92,"355255",26.52,88.81,52.3,"Salaried","Rent","Vehicle",0
82360,18.75,232631,1.01,"569324",15.1,58.53,44,"Salaried","Rent","Vehicle",0
82362,18.75,106331,1.82,"397014",20.86,72.7,43.3,"Salaried","Rent","Vehicle",0
82739,18.75,218646,1.08,"622938",19.24,67.82,52.9,"Salaried","Rent","Vehicle",0
82967,18.75,557378,0.95,"1324617",19.63,70.92,48.9,"Salaried","Rent","Vehicle",1
83026,18.75,663447,1.48,"2253334",31.62,109.39,58.7,"Salaried","Rent","Vehicle",0
83070,18.75,280815,1.39,"516006",12.18,50.42,39.7,"Salaried","Rent","Vehicle",0
83310,18.75,109749,1.69,"219661",7.96,31.91,30,"Salaried","Rent","Vehicle",1
83336,18.75,202014,1.5,"326830",29.47,91.43,51.7,"Salaried","Rent","Vehicle",1
83344,18.75,1585907,2.21,"5397249",10.57,41.76,39.7,"Self-employed","Mortgage","Home_improvement",1
83361,18.75,480380,2.07,"1497962",29.03,98.57,57.6,"Salaried","Rent","Vehicle",1
83431,18.75,183682,1.83,"220232",9.36,38.69,32.5,"Salaried","Rent","Vehicle",0
83723,18.75,494939,2.2,"190443",10.75,43.81,38,"Contract","Mortgage","Vehicle",0
83867,18.75,452489,1.04,"1021294",18.7,67.35,52.8,"Salaried","Rent","Vehicle",0
83927,18.75,595900,1.82,"978067",24.36,79.05,56.1,"Salaried","Rent","Vehicle",0
84168,18.75,549914,1.7,"1165427",23.7,83.3,50.6,"Salaried","Rent","Vehicle",1
84178,18.75,458288,2.12,"685156",20.64,74.23,48.7,"Salaried","Rent","Vehicle",1
84232,18.75,554454,1.29,"1456721",24.64,83.74,54.7,"Salaried","Rent","Vehicle",1
84309,18.75,171861,0.69,"450871",25.94,87.63,59,"Salaried","Rent","Vehicle",1
84429,18.75,360875,1.1,"1158506",20.82,71.43,46.3,"Salaried","Rent","Vehicle",1
84560,18.75,421984,1.51,"845741",10.77,42.29,34,"Salaried","Rent","Vehicle",0
84599,18.75,167368,1.42,"595107",17.09,66.55,50.5,"Salaried","Rent","Vehicle",1
84671,18.75,130763,1.45,"224565",10.89,37.18,40.8,"Salaried","Rent","Vehicle",0
84717,18.75,219843,2.37,"358798",16.3,57.51,43.3,"Salaried","Rent","Vehicle",0
85137,18.75,416225,1.29,"1104066",9.66,38.04,36.6,"Salaried","Rent","Vehicle",1
85209,18.75,522031,2.41,"456704",14.57,51.29,40.6,"Self-employed","Mortgage","Home_improvement",0
85221,18.75,411617,0.6,"1354789",8.08,31.32,39.5,"Salaried","Rent","Vehicle",0
85522,18.75,442378,1.02,"450502",16.89,56.79,45.8,"Salaried","Rent","Vehicle",1
85558,18.75,269028,1.8,"728862",28.59,98.24,55.5,"Salaried","Rent","Vehicle",0
85606,18.75,352801,1.61,"1295061",17.89,61.18,42.9,"Salaried","Rent","Vehicle",1
85820,18.75,122245,1.55,"158089",24.07,86.71,50.7,"Salaried","Rent","Vehicle",0
85834,18.75,622618,1.73,"1456549",14.62,50.69,46.2,"Salaried","Rent","Vehicle",1
85903,18.75,665712,1.44,"1409864",23.8,77.8,56.3,"Salaried","Rent","Vehicle",1
85977,18.75,204725,1.52,"624943",15.37,59.54,39.1,"Salaried","Rent","Vehicle",0
86013,18.75,266917,1.51,"621402",36.08,118.71,59.6,"Salaried","Rent","Vehicle",0
86061,18.75,240602,1.6,"661823",24.1,78.64,46.2,"Salaried","Rent","Vehicle",1
86067,18.75,291760,1.3,"683766",19.58,70.87,47.5,"Salaried","Rent","Vehicle",1
86120,18.75,336588,1.79,"673435",29.46,97.73,53.1,"Salaried","Rent","Vehicle",1
86155,18.75,278770,1.39,"1015790",35.31,114.09,58.9,"Salaried","Rent","Vehicle",0
86448,18.75,319861,1.53,"909930",22.38,76.56,51.3,"Salaried","Rent","Vehicle",0
86497,18.75,143947,1.65,"475774",9.55,39.44,41.9,"Salaried","Rent","Vehicle",1
86539,18.75,170531,1.75,"529750",28.82,95.7,57.1,"Salaried","Rent","Vehicle",0
86574,18.75,604836,1.57,"884462",15.29,52.96,43.5,"Salaried","Rent","Vehicle",1
86592,18.75,1551961,1.8,"3040907",22.7,79.74,56.2,"Self-employed","Mortgage","Home_improvement",0
86638,18.75,1116635,1.51,"1938405",17.75,63.96,41.1,"Self-employed","Mortgage","Home_improvement",0
86707,18.75,299298,1.43,"990655",25.77,86.93,51,"Self-employed","Mortgage","Home_improvement",1
87150,18.75,2674152,1.46,"1535043",35.03,112.18,57.8,"Self-employed","Own","Debt_consolidation",1
87162,18.75,831775,1.73,"1039350",7.43,28.88,33.2,"Self-employed","Mortgage","Home_improvement",1
87277,18.75,3331878,1.54,"5471180",7.32,34.79,37.4,"Self-employed","Mortgage","Home_improvement",0
87402,18.75,217867,1.9,"719013",26.04,90.2,52,"Salaried","Rent","Vehicle",1
87440,18.75,647430,1.3,"1798586",17.86,65.44,51.3,"Salaried","Rent","Vehicle",1
87469,18.75,383068,1.82,"351322",21.25,72.08,51.2,"Salaried","Rent","Vehicle",0
87506,18.75,282542,1,"760464",28.37,96.46,51.8,"Salaried","Rent","Vehicle",0
87570,18.75,187640,2.05,"227238",9.09,41.56,37.6,"Salaried","Rent","Vehicle",1
87705,18.75,389817,2.06,"790987",10.54,39.06,33.7,"Salaried","Rent","Vehicle",1
87957,18.75,359462,1.56,"706767",18.89,70.87,50.2,"Salaried","Rent","Vehicle",1
88013,18.75,148129,1.26,"519217",23.27,78.71,54.6,"Salaried","Rent","Vehicle",0
88014,18.75,677651,1.23,"2473409",35.76,117.11,59,"Salaried","Rent","Vehicle",0
88070,18.75,206266,1.29,"753651",25.57,85.68,57,"Salaried","Rent","Vehicle",0
88077,18.75,288335,1.94,"938098",10.63,43.01,40.3,"Salaried","Rent","Vehicle",0
88135,18.75,979264,1.48,"2188785",7.36,36.44,30.3,"Self-employed","Mortgage","Home_improvement",0
88146,18.75,441660,1.17,"1146420",11.79,50.83,46.4,"Salaried","Rent","Vehicle",0
88171,18.75,379694,1.18,"1339934",21.96,80.39,51.3,"Salaried","Rent","Vehicle",0
88206,18.75,101929,0.98,"126438",9.55,38.01,39.8,"Salaried","Rent","Vehicle",0
88281,18.75,237662,1.65,"493685",22.13,82.09,51.1,"Salaried","Rent","Vehicle",1
88310,18.75,755129,1.97,"1656538",14.2,58.03,46.3,"Salaried","Rent","Vehicle",0
88428,18.75,612197,1.48,"637174",8.85,39.29,40.3,"Salaried","Rent","Vehicle",1
88487,18.75,458735,1.37,"888883",28.33,97.5,54.8,"Salaried","Rent","Vehicle",0
88549,18.75,715694,1.18,"816532",31.89,112.42,55.6,"Salaried","Rent","Vehicle",0
88612,18.75,641364,1.4,"926441",27.2,95.89,55.7,"Self-employed","Mortgage","Home_improvement",1
88763,18.75,125532,1.8,"195803",15.99,55.41,43.8,"Salaried","Rent","Vehicle",0
88777,18.75,288667,1.95,"874716",15.51,58.21,47.4,"Salaried","Rent","Vehicle",1
88805,18.75,457752,1.35,"683502",32.79,102,58.5,"Salaried","Rent","Vehicle",1
88812,18.75,222483,1.59,"771620",28.94,90.78,54.9,"Salaried","Rent","Vehicle",1
88912,18.75,374818,1.09,"1353181",21.43,74.62,53.1,"Salaried","Rent","Vehicle",0
88921,18.75,310250,1.73,"721687",20.95,76.35,55.8,"Salaried","Rent","Vehicle",0
89057,18.75,241788,1.27,"545466",18.31,65.74,50.4,"Salaried","Rent","Vehicle",1
89069,18.75,457407,1.5,"391059",17.4,60.23,50.3,"Salaried","Rent","Vehicle",0
89152,18.75,105167,1.51,"327586",32.1,106.5,56.2,"Salaried","Rent","Vehicle",0
89256,18.75,300994,1.36,"974446",29.25,95.48,55.7,"Salaried","Rent","Vehicle",0
89403,18.75,449047,1.62,"1550809",18.61,69.01,45.6,"Salaried","Rent","Vehicle",0
89494,18.75,878575,1.87,"320933",3.56,18.21,35.2,"Self-employed","Mortgage","Vehicle",0
89499,18.75,290231,0.78,"467056",7.19,34.81,31.4,"Salaried","Rent","Vehicle",0
89640,18.75,132252,1.43,"83127",7.15,31.98,40.9,"Contract","Mortgage","Vehicle",0
89714,18.75,1122424,1.46,"1680351",24.81,82.24,51.9,"Self-employed","Mortgage","Home_improvement",1
89768,18.75,775470,2.45,"1141107",16.62,56.19,50.8,"Self-employed","Mortgage","Home_improvement",1
89785,18.75,229752,2.03,"379528",9.33,34.96,36.3,"Self-employed","Mortgage","Home_improvement",1
89793,18.75,391693,1.61,"994235",12.08,45.61,39.1,"Salaried","Rent","Vehicle",0
89875,18.75,550848,1.56,"1781857",15.36,56.65,41.8,"Salaried","Rent","Vehicle",0
89933,18.75,497200,1.43,"428357",14.59,55.54,39.2,"Salaried","Rent","Vehicle",1
89940,18.75,194579,2.2,"597272",23.74,86.01,55.6,"Salaried","Rent","Vehicle",0
80016,19.25,304771,1.59,"500771",36.08,121.44,63.8,"Salaried","Mortgage","Vehicle",1
80145,19.25,329269,1.49,"635994",15.39,57.64,47.9,"Salaried","Own","Debt_consolidation",0
80169,19.25,467580,1.31,"696845",3.99,20.92,36.6,"Salaried","Mortgage","Vehicle",0
80272,19.25,202724,1.68,"660276",37.78,125.54,64.6,"Salaried","Mortgage","Vehicle",1
80285,19.25,428461,1.36,"289798",22.12,80.52,53.8,"Salaried","Own","Debt_consolidation",1
80372,19.25,411568,1.35,"1561154",34.74,116.05,62.6,"Salaried","Mortgage","Vehicle",0
80619,19.25,152006,1.55,"401429",36.43,117.22,71.3,"Salaried","Mortgage","Vehicle",1
80684,19.25,406549,1.51,"343652",32.69,106.05,63.4,"Salaried","Mortgage","Vehicle",1
80715,19.25,222565,1.53,"195471",33.45,111.8,66.1,"Salaried","Mortgage","Vehicle",0
80775,19.25,866653,1.4,"889248",32.35,110.17,67.2,"Salaried","Mortgage","Vehicle",1
80848,19.25,534478,1.59,"1965756",35.79,117.48,63.2,"Salaried","Mortgage","Vehicle",0
80879,19.25,255210,1.48,"85081",23.36,78.11,56.7,"Salaried","Rent","Other",0
80948,19.25,195324,1.41,"394054",18.99,73.1,43,"Salaried","Own","Debt_consolidation",0
80949,19.25,272390,1.24,"194833",35.95,117.59,61.1,"Salaried","Mortgage","Vehicle",0
81043,19.25,223602,1.41,"286094",30.07,102.14,61.4,"Salaried","Mortgage","Vehicle",1
81082,19.25,151478,1.65,"366119",39.7,130.25,68.8,"Salaried","Mortgage","Vehicle",0
81402,19.25,232393,1.85,"292385",16.37,59.72,40.9,"Salaried","Own","Debt_consolidation",1
81570,19.25,203298,1.43,"285032",16.56,63.71,49.2,"Salaried","Own","Debt_consolidation",0
81640,19.25,311173,1.05,"296949",15.15,58.11,39.3,"Salaried","Own","Debt_consolidation",1
81968,19.25,321476,1.41,"1158946",26.43,92.16,58.3,"Salaried","Own","Debt_consolidation",0
81980,19.25,403843,1.21,"1092341",36.56,121.24,68.2,"Salaried","Mortgage","Vehicle",1
81987,19.25,593362,1.75,"517694",5.53,24.42,35.8,"Salaried","Mortgage","Vehicle",1
82057,19.25,337757,1.82,"249542",19.15,66.25,49.2,"Salaried","Own","Debt_consolidation",1
82084,19.25,349534,1.34,"947469",36.38,119.86,59.8,"Salaried","Own","Debt_consolidation",1
82174,19.25,426392,1.72,"1089441",39.87,132.13,73,"Salaried","Mortgage","Vehicle",0
82202,19.25,392515,1.14,"494046",17.88,67.27,40.8,"Salaried","Own","Debt_consolidation",1
82302,19.25,282307,0.86,"438504",22.75,77.68,52.5,"Salaried","Own","Debt_consolidation",0
82334,19.25,572269,2.01,"1296227",7.04,34.76,39.5,"Salaried","Own","Debt_consolidation",0
82379,19.25,443001,1.72,"1493244",38.52,123.21,67.5,"Salaried","Mortgage","Vehicle",1
82662,19.25,131183,1.32,"333667",6.05,29.87,39,"Salaried","Mortgage","Vehicle",0
82895,19.25,372949,1.37,"968966",9.8,37.47,41,"Salaried","Own","Debt_consolidation",0
82912,19.25,672588,1.4,"2200783",38.15,133.29,66.4,"Salaried","Mortgage","Vehicle",1
82989,19.25,277550,1.47,"154405",13.21,50.11,39.2,"Salaried","Rent","Other",0
82994,19.25,381255,1.89,"1168199",4.25,23.29,33.6,"Salaried","Mortgage","Vehicle",1
83105,19.25,81074,1.5,"89393",6.07,22.86,35.4,"Salaried","Mortgage","Vehicle",0
83163,19.25,687269,1.71,"373624",31.87,106.6,56.6,"Salaried","Rent","Other",1
83209,19.25,139543,1.64,"390556",36.82,123.7,60.6,"Salaried","Mortgage","Vehicle",1
83216,19.25,265835,1.63,"100783",28.72,92.17,55.7,"Salaried","Rent","Other",1
83252,19.25,563075,1.94,"1237248",25.14,86.6,47.4,"Salaried","Own","Debt_consolidation",0
83383,19.25,573187,1.68,"815321",31.22,100.2,63.9,"Salaried","Mortgage","Vehicle",0
83480,19.25,379086,1.33,"1366438",36.58,120.91,68.9,"Salaried","Mortgage","Vehicle",1
83490,19.25,259439,1.53,"354647",35.59,117.06,61.6,"Salaried","Mortgage","Vehicle",1
83663,19.25,418483,1.56,"738449",31.9,108.96,66.2,"Salaried","Mortgage","Vehicle",1
83761,19.25,488921,1.87,"515921",37.53,123.62,68.1,"Salaried","Mortgage","Vehicle",1
83791,19.25,183865,1.23,"90128",22.99,79.92,56.2,"Salaried","Rent","Other",0
83943,19.25,147093,1.78,"261191",15.19,56.46,47.2,"Salaried","Own","Debt_consolidation",1
84013,19.25,383759,1.34,"1314289",32.3,107.85,57.5,"Salaried","Own","Debt_consolidation",0
84061,19.25,547331,1.89,"886593",15.68,59.36,43.4,"Salaried","Own","Debt_consolidation",1
84117,19.25,377372,1.72,"552309",6.15,26.9,34.3,"Salaried","Mortgage","Vehicle",0
84241,19.25,527560,1.14,"1466576",11.5,47.88,45,"Salaried","Own","Debt_consolidation",0
84462,19.25,290455,1.66,"651934",39.94,125.19,68.9,"Salaried","Mortgage","Vehicle",0
84526,19.25,561285,1.57,"1285056",21.27,75.02,43.8,"Salaried","Own","Debt_consolidation",1
84559,19.25,443408,1.21,"1508594",37.88,125.63,61.1,"Salaried","Mortgage","Vehicle",0
84723,19.25,118048,1.88,"378754",23.7,79.64,58.6,"Salaried","Own","Debt_consolidation",1
84772,19.25,447478,1.28,"1407492",28.51,98.85,62.3,"Salaried","Mortgage","Vehicle",1
84773,19.25,484605,1.7,"571043",25.68,86.64,48.4,"Salaried","Own","Debt_consolidation",1
84964,19.25,406323,1.7,"1475380",10.04,41.76,33.1,"Salaried","Own","Debt_consolidation",1
84969,19.25,499026,0.97,"1096948",35.67,118.65,63.5,"Salaried","Mortgage","Vehicle",1
85074,19.25,258376,1.93,"638682",35.63,113.32,60.7,"Salaried","Mortgage","Vehicle",1
85077,19.25,222684,1.25,"602705",23.72,84.19,58.4,"Salaried","Own","Debt_consolidation",1
85142,19.25,321444,1.61,"114793",20.5,66.39,47.7,"Salaried","Rent","Other",0
85144,19.25,344855,1.4,"1088965",34.3,108.19,66.4,"Salaried","Mortgage","Vehicle",0
85225,19.25,224275,1.64,"749214",32.35,105.29,65.6,"Salaried","Mortgage","Vehicle",0
85282,19.25,347800,1.38,"466682",18.62,64.15,45.6,"Salaried","Own","Debt_consolidation",1
85350,19.25,561157,1.07,"235414",23.26,83.14,57.7,"Salaried","Rent","Other",0
85440,19.25,84661,1.49,"70123",6.11,30.09,36.9,"Salaried","Mortgage","Vehicle",1
85481,19.25,522459,1.31,"1218643",22.11,75.55,47.5,"Salaried","Own","Debt_consolidation",1
85582,19.25,336236,1.21,"315380",28.13,99.36,62.1,"Salaried","Mortgage","Vehicle",0
85607,19.25,251647,2.07,"928807",3.91,21.97,35.2,"Salaried","Mortgage","Vehicle",0
85649,19.25,219065,1.41,"344540",12.51,44.35,39.7,"Salaried","Own","Debt_consolidation",0
85797,19.25,290652,1.67,"201881",4.09,19.64,26.8,"Salaried","Mortgage","Vehicle",0
85879,19.25,282945,1.23,"194065",16.85,65.3,47.1,"Salaried","Own","Debt_consolidation",0
85927,19.25,280967,1.65,"668425",13.46,54.4,44.3,"Salaried","Own","Debt_consolidation",0
85943,19.25,154800,1.69,"419718",17.4,57.29,47.2,"Salaried","Own","Debt_consolidation",0
86402,19.25,398384,1.56,"644301",37.99,122.84,67.5,"Salaried","Mortgage","Vehicle",1
86512,19.25,390168,1.29,"739712",9.91,40.53,34.8,"Salaried","Own","Debt_consolidation",0
86741,19.25,83905,1.46,"203324",35.1,112.91,68.4,"Salaried","Mortgage","Vehicle",1
86882,19.25,479968,1.59,"512985",34.8,113.12,67.8,"Salaried","Mortgage","Vehicle",0
86930,19.25,623302,1.45,"2364955",9.8,43.13,35.3,"Salaried","Own","Debt_consolidation",0
86931,19.25,483087,1.36,"1063206",27.7,90.33,51.1,"Salaried","Own","Debt_consolidation",0
86989,19.25,200368,1.51,"297053",23.23,80.76,48.8,"Salaried","Own","Debt_consolidation",0
87383,19.25,236084,1.01,"700050",39.5,129.34,63.4,"Salaried","Mortgage","Vehicle",1
87532,19.25,372502,1.45,"423364",21.41,74.11,56.1,"Salaried","Own","Debt_consolidation",0
87555,19.25,383693,1.81,"605237",15.33,55.89,37.4,"Salaried","Own","Debt_consolidation",1
87608,19.25,341158,1.44,"416430",22.16,77.14,56.4,"Salaried","Own","Debt_consolidation",0
87615,19.25,226341,1.73,"559984",38.91,123.39,62.8,"Salaried","Mortgage","Vehicle",1
87679,19.25,461995,1.55,"726277",11.76,50.29,45.2,"Salaried","Own","Debt_consolidation",0
87753,19.25,542937,1.42,"375460",6.9,31.22,29.3,"Salaried","Mortgage","Vehicle",1
87972,19.25,435959,1.06,"671226",4.97,25.61,39.4,"Salaried","Mortgage","Vehicle",0
88141,19.25,825722,0.88,"2642187",32.94,105.45,62.2,"Salaried","Mortgage","Vehicle",0
88213,19.25,530612,1.21,"1850456",27.02,97.31,50.2,"Salaried","Own","Debt_consolidation",1
88425,19.25,312076,1.42,"215886",14.83,54.26,40.8,"Salaried","Own","Debt_consolidation",0
88519,19.25,432709,1.33,"972326",13.99,54.37,37.4,"Salaried","Own","Debt_consolidation",0
88582,19.25,681031,1.35,"240939",27.19,89.86,53.1,"Salaried","Rent","Other",0
88647,19.25,316431,1.67,"743595",18.95,70.85,51.8,"Salaried","Own","Debt_consolidation",1
88662,19.25,352569,1.64,"291608",35.4,120.09,67.7,"Salaried","Mortgage","Vehicle",0
88765,19.25,569054,1.53,"560440",31.62,107.95,63.7,"Salaried","Mortgage","Vehicle",1
88840,19.25,324178,1.49,"1056989",25.72,88.52,55,"Salaried","Own","Debt_consolidation",0
88845,19.25,428748,1.31,"857843",37.66,121.99,67.4,"Salaried","Mortgage","Vehicle",0
88929,19.25,690757,1.44,"714720",26.99,93.66,55.6,"Salaried","Own","Debt_consolidation",0
88981,19.25,660646,1.44,"1708586",39.66,129.37,65.7,"Salaried","Mortgage","Vehicle",1
88982,19.25,204165,1.85,"765021",31.31,105.48,61.2,"Salaried","Mortgage","Vehicle",0
88993,19.25,322830,0.97,"1089666",4.52,20.44,30.3,"Salaried","Mortgage","Vehicle",0
89344,19.25,192099,1.25,"557947",33.42,110.4,58.2,"Salaried","Own","Debt_consolidation",1
89412,19.25,317356,1.85,"459268",21.26,71.17,50.3,"Salaried","Own","Debt_consolidation",0
89470,19.25,276483,0.8,"675855",3.43,20.58,35.1,"Salaried","Mortgage","Vehicle",0
89763,19.25,290181,1.87,"489324",31.02,109.23,55.6,"Salaried","Own","Debt_consolidation",1
89901,19.25,367157,1.45,"824351",18.78,67.9,45.4,"Salaried","Own","Debt_consolidation",0
89996,19.25,413815,1.29,"1016242",34.44,111.42,66.8,"Salaried","Mortgage","Vehicle",0
80147,19.75,3370091,2.23,"7023990",25.85,88.28,54.9,"Self-employed","Mortgage","Vehicle",1
80349,19.75,2314970,1.74,"3773322",10.15,34.15,33,"Self-employed","Mortgage","Vehicle",1
80608,19.75,4147449,1.82,"4139683",28.43,89.76,53.6,"Self-employed","Mortgage","Vehicle",1
80609,19.75,1932798,1.53,"6280750",29.39,95.56,57.3,"Self-employed","Mortgage","Vehicle",0
80896,19.75,872722,1.35,"3032252",24.49,87.07,51,"Self-employed","Mortgage","Vehicle",1
81225,19.75,1913539,2.4,"4098408",24.42,78.84,46.5,"Self-employed","Mortgage","Vehicle",0
81295,19.75,1847788,1.99,"1364331",24.21,87.77,53.6,"Self-employed","Mortgage","Vehicle",1
81381,19.75,299575,1.72,"889144",11.16,45,43.1,"Self-employed","Mortgage","Vehicle",0
81657,19.75,543270,2.25,"191977",28.2,93.57,55.2,"Contract","Rent","Vehicle",1
81771,19.75,1314703,1.78,"3725579",12.65,49.17,43,"Self-employed","Mortgage","Vehicle",0
82113,19.75,1510605,1.42,"3705870",16.59,63.24,46.6,"Self-employed","Mortgage","Vehicle",0
82129,19.75,2775825,1.03,"3531613",14.39,52.24,40.9,"Self-employed","Mortgage","Vehicle",1
82735,19.75,1382513,1.47,"2148330",23.67,80.31,57.5,"Self-employed","Mortgage","Vehicle",1
84158,19.75,1479409,1.78,"4940306",24.92,86.47,52.2,"Self-employed","Mortgage","Vehicle",0
84420,19.75,1733446,2.19,"2946678",33.28,115.28,58.5,"Self-employed","Mortgage","Vehicle",1
84836,19.75,1340321,2.14,"3843389",29.21,96.4,53.9,"Self-employed","Mortgage","Vehicle",1
85125,19.75,2009746,2.15,"3709695",8.76,34.94,43.4,"Self-employed","Mortgage","Vehicle",1
85248,19.75,1529247,1.73,"5305519",25.2,89.62,53.9,"Self-employed","Mortgage","Vehicle",0
85318,19.75,943211,1.48,"2161953",30.91,97.5,58.9,"Self-employed","Mortgage","Vehicle",0
85423,19.75,909343,1.57,"3383330",8.84,36.6,32.3,"Self-employed","Mortgage","Vehicle",1
85573,19.75,4298271,1.28,"13221902",15.98,54.81,42.5,"Self-employed","Mortgage","Vehicle",0
85671,19.75,2400353,1.31,"8806270",15.27,51.43,38.2,"Self-employed","Mortgage","Vehicle",1
85929,19.75,2183178,1.49,"6435139",8.32,36.47,32.9,"Self-employed","Mortgage","Vehicle",1
86265,19.75,343845,2.14,"293849",7.06,28.7,38.6,"Self-employed","Mortgage","Vehicle",1
86342,19.75,534895,1.43,"320157",2.56,15.97,28.8,"Salaried","Rent","Vehicle",1
86526,19.75,1077717,2.12,"1282840",21.34,77.17,47.1,"Self-employed","Mortgage","Vehicle",0
86652,19.75,625938,1.27,"2075962",16.25,56.55,47.1,"Self-employed","Mortgage","Vehicle",1
86747,19.75,1625483,1.33,"513622",13.41,47.55,46.7,"Self-employed","Rent","Other",1
86759,19.75,2969318,1.87,"8102081",9.47,37.61,41.1,"Self-employed","Mortgage","Vehicle",0
86867,19.75,2764783,2.35,"3547119",14.95,58.47,43.1,"Self-employed","Mortgage","Vehicle",1
87036,19.75,2787608,1.24,"2146768",13.52,48.97,39.2,"Self-employed","Mortgage","Vehicle",0
87412,19.75,414553,1.8,"1560981",20.29,63.86,51.9,"Self-employed","Mortgage","Vehicle",1
88690,19.75,927712,2.71,"2680739",25.05,81.73,59.8,"Self-employed","Mortgage","Vehicle",1
89156,19.75,1025834,1.05,"3435952",8.69,40.91,37.6,"Self-employed","Mortgage","Vehicle",0
89467,19.75,745877,1.65,"315157",2.15,19.36,28,"Salaried","Rent","Vehicle",0
80022,20.25,600033,2.17,"1238887",35.45,119.67,63,"Self-employed","Mortgage","Home_improvement",1
80152,20.25,2567539,1.64,"1694394",39.15,123.97,73.3,"Self-employed","Own","Debt_consolidation",0
80289,20.25,435387,1.74,"1466586",5.88,31.53,29.1,"Salaried","Rent","Vehicle",1
81271,20.25,132429,0.93,"207224",2.17,17.81,35,"Salaried","Mortgage","Home_improvement",1
81277,20.25,395551,1.94,"582157",37.1,122.04,60.2,"Salaried","Rent","Vehicle",0
81401,20.25,705330,1.66,"1246037",1.3,16.92,27.9,"Salaried","Mortgage","Home_improvement",1
81645,20.25,151497,1.37,"383305",33.24,106.18,65.6,"Salaried","Rent","Vehicle",0
81677,20.25,1943321,1.59,"701158",5.93,26.38,36.6,"Self-employed","Own","Debt_consolidation",1
81713,20.25,2585007,1.68,"7429641",30.21,103.49,61.4,"Self-employed","Mortgage","Home_improvement",1
81840,20.25,355060,1.67,"758578",37.42,123.99,72.3,"Salaried","Rent","Vehicle",0
81889,20.25,212264,2.15,"620175",37.71,125.87,68,"Salaried","Rent","Vehicle",0
81963,20.25,479193,1.32,"828319",23.47,79.08,49.1,"Contract","Mortgage","Home_improvement",1
82044,20.25,716168,1.64,"901358",35.42,106.96,66.7,"Salaried","Rent","Vehicle",1
82079,20.25,1446771,1.45,"1550203",33.85,111.25,61.2,"Self-employed","Mortgage","Home_improvement",0
82226,20.25,279661,1.05,"1016371",39.23,128.61,73.4,"Salaried","Rent","Vehicle",0
82241,20.25,380369,1.64,"1324457",33.17,112.23,66.2,"Salaried","Rent","Vehicle",1
82344,20.25,235007,1.36,"369101",2.75,14.59,29.9,"Salaried","Mortgage","Home_improvement",0
82371,20.25,1638244,1.77,"2108316",3.52,18.21,35.7,"Self-employed","Mortgage","Home_improvement",0
82402,20.25,541586,1.36,"1088143",1.75,20.38,30.3,"Salaried","Mortgage","Home_improvement",0
82599,20.25,3247395,1.32,"8063698",35.13,112.03,60.6,"Self-employed","Mortgage","Home_improvement",1
82623,20.25,452947,1.16,"817309",3.18,17.29,31,"Salaried","Rent","Vehicle",0
82637,20.25,406856,1.48,"1131552",35.71,116.59,61.4,"Salaried","Rent","Vehicle",1
82844,20.25,455924,1.82,"1024090",1.89,17.53,34.4,"Salaried","Mortgage","Home_improvement",0
82992,20.25,509879,1.58,"1481835",37.18,124.2,69.3,"Salaried","Rent","Vehicle",1
83007,20.25,224566,1.3,"172629",38.83,128.57,71.1,"Salaried","Rent","Vehicle",1
83103,20.25,688491,1.54,"746314",38.64,132.57,73.5,"Salaried","Rent","Vehicle",0
83215,20.25,557114,1.76,"2022311",6.67,28.02,39,"Salaried","Rent","Vehicle",1
83436,20.25,282658,1.27,"127792",4.94,22.06,31.1,"Contract","Mortgage","Vehicle",1
83446,20.25,371830,1.49,"906846",5.64,27.4,37.1,"Salaried","Rent","Vehicle",0
83457,20.25,343445,1.35,"1075438",3.16,17.71,34.8,"Salaried","Rent","Vehicle",0
83760,20.25,421648,1.4,"841365",38.1,123.59,66,"Salaried","Rent","Vehicle",1
83860,20.25,457089,1.57,"1447651",38.43,129.25,67.5,"Salaried","Rent","Vehicle",0
83933,20.25,511088,1.58,"1507033",38.44,123.28,73.3,"Salaried","Rent","Vehicle",1
84023,20.25,321018,1.73,"1064117",2.18,20.68,35.7,"Salaried","Mortgage","Home_improvement",0
84097,20.25,218418,1.79,"576109",4.34,22.52,37.6,"Salaried","Rent","Vehicle",0
84170,20.25,258484,2.04,"730528",33.87,111.34,63.2,"Salaried","Rent","Vehicle",0
84325,20.25,349109,1.09,"1164160",35.98,120.16,60.9,"Salaried","Rent","Vehicle",1
84604,20.25,258272,1.1,"664787",26.38,94.87,60.9,"Salaried","Rent","Vehicle",0
84700,20.25,191578,1.57,"360135",34.44,113.23,68.6,"Salaried","Rent","Vehicle",1
84748,20.25,396501,1.8,"755306",33.43,107.05,62.8,"Salaried","Rent","Vehicle",0
84864,20.25,217002,1.94,"297712",38.67,129.88,68.1,"Salaried","Rent","Vehicle",1
85081,20.25,217101,1.86,"606479",37.67,117.99,72.3,"Salaried","Rent","Vehicle",1
85257,20.25,503228,1.09,"1699379",37.1,123.14,66.3,"Salaried","Rent","Vehicle",0
85289,20.25,305294,1.61,"912310",14.95,57.72,45.9,"Contract","Mortgage","Home_improvement",0
85305,20.25,397891,2.15,"278846",5.73,23.29,34.3,"Salaried","Rent","Vehicle",1
85416,20.25,124547,1.71,"58726",0.94,9.72,30.1,"Salaried","Own","Debt_consolidation",0
85521,20.25,190531,1.22,"696973",31.38,95.72,60.1,"Salaried","Rent","Vehicle",0
85535,20.25,82537,1.13,"148891",37.68,125.68,72.5,"Salaried","Rent","Vehicle",0
85645,20.25,565109,1.29,"996167",35.28,122.51,66.9,"Salaried","Rent","Vehicle",1
85681,20.25,263200,1.24,"563218",33.93,106.92,63,"Salaried","Rent","Vehicle",0
85788,20.25,2837084,1.86,"3564024",34.59,122.22,61.5,"Self-employed","Mortgage","Home_improvement",1
85895,20.25,122975,1.79,"276163",35.02,115.57,60.6,"Salaried","Rent","Vehicle",0
86115,20.25,2264690,2.25,"2171469",5.28,26.92,35.9,"Self-employed","Mortgage","Home_improvement",1
86354,20.25,70733,1.16,"58387",35.61,110.18,60.2,"Salaried","Rent","Vehicle",0
86437,20.25,582256,1.12,"1606054",29.55,97.29,63.6,"Salaried","Rent","Vehicle",1
86445,20.25,242324,1.43,"886292",37.48,126.76,68.3,"Salaried","Rent","Vehicle",1
86491,20.25,259709,1.11,"431728",4.74,27.37,31.8,"Salaried","Rent","Vehicle",0
86494,20.25,206675,1.36,"682046",19.49,73.48,52,"Contract","Mortgage","Home_improvement",0
86627,20.25,546818,2.16,"1831788",39.61,128.87,62.4,"Salaried","Rent","Vehicle",1
86672,20.25,328618,1.26,"1048515",5.45,25.01,30.6,"Salaried","Rent","Vehicle",1
86845,20.25,660301,0.74,"1375630",4.41,24.59,34.1,"Salaried","Rent","Vehicle",0
86889,20.25,502716,1.8,"1869064",39.12,129.81,65.1,"Self-employed","Mortgage","Home_improvement",1
86995,20.25,911015,1.31,"3066650",31.16,103.76,62.2,"Salaried","Rent","Vehicle",0
87010,20.25,579109,1.58,"1573247",6.48,27.06,32.5,"Salaried","Rent","Vehicle",1
87070,20.25,339926,1.57,"1252480",4.21,20.42,32.9,"Salaried","Rent","Vehicle",1
87119,20.25,677198,1.9,"2281381",9.87,34.73,42.8,"Contract","Mortgage","Home_improvement",1
87182,20.25,359747,1.57,"321278",35.11,116.01,59.2,"Contract","Mortgage","Home_improvement",0
87222,20.25,1683362,2.08,"3678652",39.53,124.83,69,"Self-employed","Mortgage","Home_improvement",0
87278,20.25,409184,1.28,"854740",37.72,120.2,72.6,"Salaried","Rent","Vehicle",1
87467,20.25,307049,1.51,"327643",6.32,28.91,39.7,"Salaried","Rent","Vehicle",1
87745,20.25,344689,1.52,"398193",35.38,112.68,66.3,"Salaried","Rent","Vehicle",1
88089,20.25,148442,1.51,"348490",34.33,113.4,60.1,"Salaried","Rent","Vehicle",1
88101,20.25,75040,1.38,"71934",37.29,121.6,65.9,"Salaried","Rent","Vehicle",1
88262,20.25,444794,1.47,"1639790",36.78,116.54,65.3,"Salaried","Rent","Vehicle",1
88271,20.25,485701,1.63,"980484",33.84,109.36,67.4,"Salaried","Rent","Vehicle",0
88476,20.25,268079,1.64,"986860",4.1,23.16,28.9,"Salaried","Rent","Vehicle",0
88543,20.25,162490,1.36,"227582",0.94,13.89,28.3,"Salaried","Mortgage","Home_improvement",0
88594,20.25,186011,1.89,"510221",38.31,122.69,69.3,"Salaried","Rent","Vehicle",1
88693,20.25,372984,1.4,"965180",0.68,12.24,29.4,"Salaried","Mortgage","Home_improvement",0
89017,20.25,185895,0.85,"388662",35.61,117.8,64.6,"Salaried","Rent","Vehicle",1
89247,20.25,227489,0.89,"704478",33.45,106.93,68.4,"Salaried","Rent","Vehicle",0
89292,20.25,492973,1.33,"689438",39.04,124.69,68,"Salaried","Rent","Vehicle",0
89313,20.25,167433,1.89,"526834",37.86,120.37,68.3,"Salaried","Rent","Vehicle",0
89600,20.25,208030,1.68,"194413",5.26,23.15,32.4,"Salaried","Rent","Vehicle",0
89607,20.25,100221,1.31,"314834",4.1,21.31,34.5,"Salaried","Rent","Vehicle",0
89616,20.25,390942,1.86,"1345547",38.52,125.63,65.8,"Salaried","Rent","Vehicle",1
89725,20.25,398416,1.46,"460431",15.76,59.81,43.6,"Contract","Mortgage","Home_improvement",0
80066,20.75,302477,1.48,"1071612",37.89,123.55,61.1,"Salaried","Own","Debt_consolidation",1
80174,20.75,174391,1.49,"574739",35.61,114.17,64.8,"Salaried","Own","Debt_consolidation",1
80783,20.75,396463,1.88,"826614",34.92,112.99,65.3,"Salaried","Own","Debt_consolidation",1
81294,20.75,587765,0.8,"949303",36.87,123.1,62.3,"Salaried","Own","Debt_consolidation",0
81338,20.75,383763,1.33,"637298",6.91,33.08,41.5,"Salaried","Own","Debt_consolidation",1
81399,20.75,217435,1.14,"361284",32.12,99.58,61.9,"Salaried","Own","Debt_consolidation",1
81619,20.75,296437,1.52,"353825",33.37,112.59,67.9,"Salaried","Own","Debt_consolidation",1
81648,20.75,195657,1.64,"108173",36.23,115.94,68.3,"Salaried","Rent","Other",1
81676,20.75,288808,1.84,"734293",33.24,108.84,60.1,"Salaried","Own","Debt_consolidation",1
81985,20.75,554554,1.46,"233876",39.52,124.49,68.3,"Salaried","Rent","Other",0
82000,20.75,661006,1.82,"562043",34.12,106.97,62.3,"Salaried","Own","Debt_consolidation",1
82110,20.75,433631,2.14,"1418580",30.17,105.29,64,"Salaried","Own","Debt_consolidation",1
83075,20.75,101592,1.27,"279295",3.63,17.42,37.2,"Salaried","Own","Debt_consolidation",1
83251,20.75,386318,1.36,"702688",33.18,109.39,66.6,"Salaried","Own","Debt_consolidation",0
83263,20.75,676427,1.84,"1826726",32.76,105.58,62.6,"Salaried","Own","Debt_consolidation",0
83606,20.75,170746,1.35,"379083",38.73,121.8,72.1,"Salaried","Own","Debt_consolidation",1
83642,20.75,299110,1.22,"706341",34.16,112.62,61.8,"Salaried","Own","Debt_consolidation",0
83970,20.75,478035,1.62,"762882",36.63,118.65,61.5,"Salaried","Own","Debt_consolidation",1
86404,20.75,490984,1.7,"590013",37.59,123.09,68.8,"Salaried","Own","Debt_consolidation",1
86956,20.75,860701,1.5,"1414515",37.82,123.16,60.7,"Salaried","Own","Debt_consolidation",1
87028,20.75,136649,1.1,"210605",36.74,124.19,66.1,"Salaried","Own","Debt_consolidation",0
87081,20.75,305696,1.5,"797932",4.2,21.99,30.8,"Salaried","Own","Debt_consolidation",0
87305,20.75,370972,1.54,"576675",39.35,127.45,72.3,"Salaried","Own","Debt_consolidation",1
87386,20.75,364547,1.79,"277170",36.83,122.48,61.3,"Salaried","Own","Debt_consolidation",0
87760,20.75,405133,1.48,"234691",9.51,35.37,36.3,"Contract","Mortgage","Debt_consolidation",1
87920,20.75,289554,2.02,"142434",27.34,97.73,51.7,"Contract","Mortgage","Debt_consolidation",1
88925,20.75,317267,1.42,"1020624",33.9,118.9,64.6,"Salaried","Own","Debt_consolidation",1
89145,20.75,508708,2.22,"1311993",33.29,109.33,63.6,"Salaried","Own","Debt_consolidation",1
89505,20.75,502462,1.71,"1604891",39.94,127.93,65,"Salaried","Own","Debt_consolidation",0
80050,21.25,446413,2.11,"1668180",34.33,110,58.2,"Contract","Mortgage","Vehicle",0
80077,21.25,1777084,1.59,"5310382",28.28,90.7,51.6,"Self-employed","Own","Debt_consolidation",1
80198,21.25,3206731,1.95,"9578275",9.14,38.13,31.4,"Self-employed","Own","Debt_consolidation",1
80548,21.25,675614,1.91,"1207655",18.75,67.94,47.6,"Self-employed","Own","Debt_consolidation",1
80666,21.25,3215803,1.57,"2870844",26.08,87.57,53.2,"Self-employed","Own","Debt_consolidation",0
80698,21.25,769607,2.03,"2297393",8.09,37.78,36,"Self-employed","Own","Debt_consolidation",1
80700,21.25,454135,1.6,"576522",2.54,17.36,30.8,"Salaried","Mortgage","Vehicle",0
80721,21.25,286748,2.06,"772085",0.76,9.28,33,"Salaried","Mortgage","Vehicle",0
80829,21.25,3374129,1.54,"1389556",33.72,108.09,57,"Self-employed","Rent","Other",1
80866,21.25,284312,1.48,"209030",2.18,11.92,32.6,"Salaried","Mortgage","Vehicle",0
80997,21.25,2493363,1.42,"7773896",33.48,111.31,61.7,"Self-employed","Mortgage","Vehicle",1
81247,21.25,155809,1.45,"123649",6.99,31.86,29.8,"Self-employed","Mortgage","Vehicle",1
81360,21.25,2288710,1.26,"6586725",34.24,115.17,66.4,"Self-employed","Mortgage","Vehicle",1
81591,21.25,1512722,1.77,"1566718",28.29,91.82,56.1,"Contract","Mortgage","Vehicle",1
81618,21.25,1602008,2.14,"2990671",40,132.89,62.6,"Self-employed","Mortgage","Vehicle",1
81810,21.25,1960324,2.31,"2269202",17.44,61.13,49.5,"Self-employed","Own","Debt_consolidation",1
82078,21.25,724763,1.92,"649929",30.31,104.93,53.1,"Contract","Mortgage","Vehicle",1
82965,21.25,2217756,1.7,"3907164",28.4,93.13,59.7,"Self-employed","Own","Debt_consolidation",1
83191,21.25,611095,1.13,"1617702",13.39,55.84,36.9,"Contract","Mortgage","Vehicle",1
83733,21.25,276068,1.27,"850818",0.63,13.6,31,"Salaried","Mortgage","Vehicle",1
83738,21.25,634754,1.34,"1699329",13.53,48.31,45,"Contract","Mortgage","Vehicle",1
83844,21.25,558417,1.9,"1598037",30.46,97.4,57,"Self-employed","Own","Debt_consolidation",0
83847,21.25,2729411,2.1,"9047549",26.97,92.87,54.9,"Self-employed","Own","Debt_consolidation",0
84047,21.25,449665,1.17,"1040712",18.87,68.05,51.1,"Contract","Mortgage","Vehicle",0
84448,21.25,334830,0.99,"808055",17.79,59.54,51.2,"Contract","Mortgage","Vehicle",1
84581,21.25,3084712,1.76,"8131964",21.62,82.9,53.1,"Self-employed","Own","Debt_consolidation",0
84609,21.25,2629811,2.28,"1282389",25.92,87.46,56.5,"Self-employed","Rent","Other",1
84710,21.25,1197052,1.89,"449706",20.23,67.78,48,"Self-employed","Rent","Other",0
85128,21.25,645861,1.63,"2060474",24.91,82.03,56.4,"Contract","Mortgage","Vehicle",1
85262,21.25,1951759,1.18,"3365540",38.41,124.58,61.5,"Self-employed","Mortgage","Vehicle",1
85288,21.25,3123333,2.08,"1524982",9.39,35.84,41.4,"Self-employed","Rent","Other",0
85317,21.25,530833,1.57,"600003",0.51,11.8,27.9,"Salaried","Mortgage","Vehicle",0
85376,21.25,108697,1.68,"318266",0.76,13.55,31.7,"Salaried","Mortgage","Vehicle",0
85468,21.25,1606087,1.93,"2676549",35.69,118.91,62.7,"Self-employed","Mortgage","Vehicle",0
85514,21.25,1263505,1.8,"3060164",32.81,107.13,64.7,"Self-employed","Mortgage","Vehicle",1
85679,21.25,1326783,1.11,"2476497",11.12,45.59,45.8,"Contract","Mortgage","Vehicle",0
85920,21.25,341487,2.23,"421275",3,18.68,30,"Self-employed","Mortgage","Vehicle",1
86159,21.25,1643630,2.19,"6134692",39.32,129.64,67.1,"Self-employed","Mortgage","Vehicle",1
86690,21.25,1330809,1.9,"3396445",33.18,114.35,65,"Self-employed","Mortgage","Vehicle",0
86779,21.25,363672,1.43,"871083",1.43,14.95,27.2,"Salaried","Mortgage","Vehicle",0
86966,21.25,834936,1.63,"1632646",22.58,77.79,53.8,"Contract","Mortgage","Vehicle",1
87038,21.25,386910,1.77,"1137103",37.6,122.54,63.8,"Self-employed","Mortgage","Vehicle",1
87498,21.25,1579747,1.91,"2021778",27.61,94.85,56.2,"Contract","Mortgage","Vehicle",0
87644,21.25,759933,1.11,"2166678",20.48,73.89,53,"Contract","Mortgage","Vehicle",1
87854,21.25,785271,1.52,"1225242",11.77,45.99,40.6,"Contract","Mortgage","Vehicle",1
87899,21.25,1379338,2.37,"2378660",5.1,26.62,33.5,"Self-employed","Mortgage","Vehicle",0
87905,21.25,1845262,2.01,"2752838",6.55,32.72,39.2,"Self-employed","Mortgage","Vehicle",1
87933,21.25,1083137,2.55,"366742",1.21,12.78,31.3,"Contract","Mortgage","Home_improvement",0
88527,21.25,2825985,2.77,"8406114",29.17,98.48,56.8,"Self-employed","Own","Debt_consolidation",1
88595,21.25,759541,2.2,"520411",39.58,126.9,71.4,"Self-employed","Mortgage","Vehicle",1
88602,21.25,855584,1.87,"1506166",20.06,71.57,54.7,"Self-employed","Own","Debt_consolidation",1
88621,21.25,746241,1.34,"310800",27.87,93.32,62.8,"Contract","Rent","Vehicle",0
88911,21.25,2063337,1.7,"5164577",3.61,25.82,37.8,"Self-employed","Mortgage","Vehicle",1
89023,21.25,584211,2.28,"1249875",30.65,95.24,54.3,"Contract","Mortgage","Vehicle",1
89033,21.25,945448,2.21,"919945",39.25,126.44,61.8,"Self-employed","Mortgage","Vehicle",1
89126,21.25,336370,2.48,"364929",21.24,69.86,49,"Contract","Mortgage","Vehicle",1
89308,21.25,280026,1.81,"559244",28.93,97.49,54.2,"Contract","Mortgage","Vehicle",0
89543,21.25,1397381,1.72,"2019661",39.42,131.24,74.3,"Self-employed","Mortgage","Vehicle",1
89603,21.25,618851,1.54,"1648420",2.5,16.87,36.9,"Salaried","Mortgage","Vehicle",0
89604,21.25,509002,1.26,"1439017",1.84,13.84,34.7,"Salaried","Mortgage","Vehicle",0
89641,21.25,1864606,1.5,"1104816",20.31,72.01,54.7,"Self-employed","Rent","Other",0
89747,21.25,2444125,1.93,"7595872",38,125.59,70.4,"Self-employed","Mortgage","Vehicle",0
89817,21.25,3345661,1.5,"12047678",32.92,112.29,63.5,"Self-employed","Mortgage","Vehicle",1
89828,21.25,3170635,1.99,"11224189",13.76,53.09,46,"Self-employed","Own","Debt_consolidation",1
80209,21.75,345134,1.07,"453942",19.45,70.53,45.8,"Salaried","Rent","Other",1
80217,21.75,696444,1.35,"786281",12.51,49.67,39,"Salaried","Rent","Other",1
80297,21.75,754309,1.54,"2693557",11.13,45.24,43.6,"Self-employed","Mortgage","Debt_consolidation",1
80628,21.75,528850,1.6,"1866163",13.24,49.43,47.2,"Salaried","Rent","Other",0
80769,21.75,857777,1.74,"1969294",21.29,74.04,52.5,"Salaried","Rent","Other",0
80797,21.75,285450,1.9,"381605",35.2,115.89,58.9,"Salaried","Rent","Other",0
81036,21.75,461163,1.38,"326232",15.44,55.1,38.1,"Salaried","Rent","Other",1
81183,21.75,189590,1.1,"663912",14,53.23,39.1,"Salaried","Rent","Other",0
81204,21.75,252382,1.69,"310727",9.53,35.49,38.1,"Salaried","Rent","Other",1
81782,21.75,397404,1.56,"737694",27.66,97.48,56.2,"Salaried","Rent","Other",1
81783,21.75,1898350,1.06,"4295496",25.48,84.52,55,"Self-employed","Mortgage","Debt_consolidation",1
81869,21.75,427929,1.48,"1321316",7.09,30.89,30.3,"Salaried","Rent","Other",1
81970,21.75,1311192,1.19,"3788923",23.35,78.13,46.6,"Self-employed","Mortgage","Debt_consolidation",0
82064,21.75,277041,1.28,"481491",22.91,79.47,57.8,"Salaried","Rent","Other",0
82507,21.75,223577,1.64,"755618",11.35,46.97,34.2,"Salaried","Rent","Other",0
82647,21.75,650643,1.82,"1801459",15.46,59.13,40,"Salaried","Rent","Other",0
82763,21.75,386254,1.76,"962647",25.22,88.46,50.7,"Salaried","Rent","Other",1
83017,21.75,2189418,1.65,"5410897",8.13,36.65,31.2,"Self-employed","Mortgage","Debt_consolidation",0
83294,21.75,3936746,2.02,"12520490",28.42,91.53,55.2,"Self-employed","Mortgage","Debt_consolidation",1
83300,21.75,3325513,1.34,"9967174",16.52,65.53,39.4,"Self-employed","Mortgage","Debt_consolidation",0
83626,21.75,143207,1.36,"379629",7.01,23.66,41.1,"Salaried","Rent","Other",0
83862,21.75,422178,1.62,"1491931",25.13,88.36,51.2,"Salaried","Rent","Other",0
83905,21.75,848941,1.98,"2043805",12.37,48.99,38.7,"Self-employed","Mortgage","Debt_consolidation",1
84322,21.75,592735,1.97,"1407689",27.69,96.89,55,"Salaried","Rent","Other",0
84449,21.75,2565829,1.49,"7854024",10.77,37.72,38.4,"Self-employed","Mortgage","Debt_consolidation",0
84946,21.75,216701,1.44,"263304",13.94,49.38,41,"Salaried","Rent","Other",0
84999,21.75,124850,1.65,"258634",20.09,70.23,48,"Salaried","Rent","Other",0
85152,21.75,469856,1.57,"1299907",18.49,65.35,49.3,"Salaried","Rent","Other",0
85331,21.75,815738,2.09,"2486685",16,60.57,48,"Self-employed","Mortgage","Debt_consolidation",1
85386,21.75,338658,1.58,"711693",31.53,98,57.3,"Salaried","Rent","Other",0
85774,21.75,363814,1.6,"707726",22.81,74.69,57.7,"Salaried","Rent","Other",1
85897,21.75,2216505,2.32,"2762274",23.02,78.1,55.3,"Self-employed","Mortgage","Debt_consolidation",1
85971,21.75,580041,1.35,"1387073",32.04,104.94,55.1,"Salaried","Rent","Other",0
86229,21.75,472873,1.89,"1220174",29.07,96.34,58.9,"Salaried","Rent","Other",1
86424,21.75,948977,1.82,"754910",30.87,104.28,58.2,"Self-employed","Mortgage","Debt_consolidation",0
86474,21.75,677991,1.53,"1601709",14.91,53.31,45.3,"Salaried","Rent","Other",1
86493,21.75,644809,1.11,"1707696",18.11,63.2,46.9,"Salaried","Rent","Other",1
86640,21.75,2632097,1.67,"9243022",18.57,63.54,52.9,"Self-employed","Mortgage","Debt_consolidation",0
86691,21.75,1345349,2,"4916150",31.48,107.12,53.7,"Self-employed","Mortgage","Debt_consolidation",1
86831,21.75,671590,1.92,"2416239",37.91,128.13,70.7,"Contract","Mortgage","Home_improvement",0
87024,21.75,334087,1.45,"970664",23.41,80.68,57.4,"Salaried","Rent","Other",0
87249,21.75,675593,2,"1111932",8.21,35.1,41.8,"Salaried","Rent","Other",1
87353,21.75,219592,1.17,"720803",28.39,97.76,51.7,"Salaried","Rent","Other",1
87524,21.75,482837,1.38,"610588",27.93,91.29,54.7,"Salaried","Rent","Other",1
87660,21.75,191725,1.47,"694870",15.16,59.62,42.3,"Salaried","Rent","Other",1
87801,21.75,292353,1.54,"981040",0.02,7.79,23.1,"Salaried","Mortgage","Home_improvement",0
87828,21.75,405132,2.1,"338754",2.09,14.88,24.7,"Salaried","Mortgage","Home_improvement",0
87840,21.75,415275,1.54,"865038",24.31,83.48,58.2,"Salaried","Rent","Other",0
88012,21.75,733579,1.63,"1605879",13.9,55.98,40.3,"Salaried","Rent","Other",0
88130,21.75,1462879,1.8,"3990506",24.89,81.32,54.8,"Self-employed","Mortgage","Debt_consolidation",0
88282,21.75,281513,1.71,"1006414",13.49,51.42,39,"Salaried","Rent","Other",0
88363,21.75,1417931,1.31,"2701925",34.4,111.96,56.9,"Self-employed","Mortgage","Debt_consolidation",1
88718,21.75,187009,1.31,"364170",14.05,55.45,39.7,"Salaried","Rent","Other",0
88944,21.75,132447,1.03,"431408",23.45,79.84,56.2,"Salaried","Rent","Other",1
88989,21.75,502842,1.91,"340500",21.13,73.07,47.7,"Salaried","Rent","Other",1
89043,21.75,229756,1.44,"572493",25.77,91.02,58.9,"Salaried","Rent","Other",0
89606,21.75,1649636,1.18,"6258805",24.92,80.89,58.8,"Self-employed","Mortgage","Debt_consolidation",1
89830,21.75,168839,1.82,"490759",8.78,36.01,37.9,"Salaried","Rent","Other",1
80091,22.25,809867,1.22,"2576103",2.51,18.25,35.2,"Salaried","Rent","Vehicle",0
80207,22.25,2204155,1.76,"5309240",1.36,15.04,28.5,"Self-employed","Mortgage","Home_improvement",1
80553,22.25,3669596,1.9,"10286140",2.11,11.64,28.2,"Self-employed","Mortgage","Home_improvement",0
80961,22.25,958879,1.96,"1193659",13.92,52.27,43.4,"Contract","Rent","Vehicle",1
81155,22.25,746183,1.4,"1231907",22.96,73.61,48,"Contract","Rent","Vehicle",0
81265,22.25,739575,1.68,"1523449",2.65,19.82,37.2,"Self-employed","Mortgage","Home_improvement",1
82009,22.25,550819,1.41,"1104708",12.9,51.97,47.7,"Contract","Rent","Vehicle",1
82513,22.25,428060,1.92,"1512702",1.88,15.11,27.9,"Salaried","Rent","Vehicle",1
83027,22.25,386952,2.85,"603062",16.2,52.83,46.3,"Contract","Rent","Vehicle",1
83123,22.25,422095,1.88,"819231",23.59,83.3,48.8,"Contract","Rent","Vehicle",1
83962,22.25,2376868,2.04,"899286",0.76,13.62,27.9,"Self-employed","Own","Debt_consolidation",0
84510,22.25,954966,1.29,"2463606",21.89,78.28,46.6,"Contract","Rent","Vehicle",0
84555,22.25,321915,1.59,"746261",36.79,118.92,60,"Contract","Rent","Vehicle",1
84622,22.25,424887,1.8,"1153919",0.01,14.68,32.7,"Salaried","Rent","Vehicle",0
84849,22.25,528180,1.93,"1702797",2.4,13.11,29.4,"Salaried","Rent","Vehicle",0
85034,22.25,588792,1.96,"646309",23.71,79.14,48.4,"Contract","Rent","Vehicle",0
85240,22.25,487333,1.76,"366989",2.51,21.11,36.6,"Salaried","Rent","Vehicle",0
85780,22.25,1125047,2.32,"1118570",23.11,82.07,48.4,"Contract","Rent","Vehicle",1
86217,22.25,316187,1.25,"211658",0.28,9.2,29.6,"Salaried","Rent","Vehicle",0
87355,22.25,192269,1.83,"259783",2.42,19.67,30.5,"Salaried","Rent","Vehicle",0
87833,22.25,559302,2.57,"1923639",0.52,8.28,32.8,"Self-employed","Mortgage","Home_improvement",1
88251,22.25,396782,1.91,"723361",1.63,19.31,26.3,"Salaried","Rent","Vehicle",1
88253,22.25,559218,1.39,"566443",0.97,15.59,27.4,"Salaried","Rent","Vehicle",0
88286,22.25,871146,1.88,"1139007",29.22,95.51,55.1,"Contract","Rent","Vehicle",1
88472,22.25,570441,1.19,"1033706",12.33,43.55,39.4,"Contract","Rent","Vehicle",0
88497,22.25,816897,1.86,"2473445",13.61,51.85,36.5,"Contract","Rent","Vehicle",1
88511,22.25,627524,1.07,"386252",0.97,11.03,26.7,"Contract","Mortgage","Vehicle",1
89212,22.25,992879,1.86,"2914648",28.3,87.52,53.8,"Contract","Rent","Vehicle",0
89326,22.25,287748,1.49,"808151",11.64,44.77,42,"Contract","Rent","Vehicle",1
89608,22.25,205509,1,"232690",2.56,18.54,37.3,"Salaried","Rent","Vehicle",0
80484,22.75,637326,1.2,"501216",38.06,125.31,64.6,"Contract","Mortgage","Vehicle",1
80664,22.75,1531863,1.49,"3930804",31.78,107,56.8,"Contract","Own","Debt_consolidation",0
80863,22.75,1457323,1.13,"3172220",35.65,116.11,64.1,"Self-employed","Own","Debt_consolidation",1
80972,22.75,334327,1.69,"519307",0.79,14.44,24.1,"Salaried","Mortgage","Vehicle",0
81581,22.75,471083,2.18,"1786242",9.82,36.35,43,"Contract","Own","Debt_consolidation",0
81855,22.75,830796,1.31,"2854452",4.03,23.61,33.3,"Contract","Mortgage","Vehicle",0
82136,22.75,441539,0.95,"1088016",35.36,115.08,64.8,"Contract","Mortgage","Vehicle",0
82505,22.75,763393,2.05,"1251629",24.95,85.51,50.4,"Contract","Own","Debt_consolidation",1
82891,22.75,405042,1.34,"206347",0.54,9.15,27.2,"Salaried","Rent","Other",0
83015,22.75,1436352,1.71,"5280530",4.3,20.53,39,"Self-employed","Own","Debt_consolidation",0
83776,22.75,516277,2,"1286899",6.45,29.01,39.9,"Contract","Mortgage","Vehicle",0
84088,22.75,1226301,1.65,"2258706",21.74,73,49.8,"Contract","Own","Debt_consolidation",1
84702,22.75,2146487,2.34,"3037328",34.03,107.21,62.8,"Self-employed","Own","Debt_consolidation",1
84911,22.75,679053,1.54,"368716",17.16,60.86,47.6,"Contract","Rent","Other",0
85204,22.75,389424,1.92,"934471",28.12,88.45,56.5,"Contract","Own","Debt_consolidation",1
86096,22.75,2056183,1.29,"1282096",5.65,31.4,34.1,"Self-employed","Rent","Other",1
86203,22.75,397848,1.35,"1027026",2.07,17.32,30.8,"Salaried","Own","Debt_consolidation",0
86371,22.75,1726878,1.88,"2173570",33.93,110.73,68.3,"Self-employed","Own","Debt_consolidation",1
86518,22.75,662715,1.59,"307529",22.95,81.53,53.3,"Contract","Rent","Other",1
86674,22.75,1831329,1.61,"5629619",3.49,20.54,36.7,"Self-employed","Own","Debt_consolidation",1
87628,22.75,1221398,1.59,"1871024",38.97,121.27,66.3,"Self-employed","Own","Debt_consolidation",0
87799,22.75,574684,2.25,"1919464",30.41,98.35,61.3,"Contract","Mortgage","Vehicle",1
88124,22.75,3830350,1.91,"3846394",6.98,32.13,38.4,"Self-employed","Own","Debt_consolidation",1
89184,22.75,1286639,1.76,"4127072",38.24,120.52,69.5,"Self-employed","Own","Debt_consolidation",1
89248,22.75,985222,1.61,"2492347",40,129.95,70.8,"Self-employed","Own","Debt_consolidation",1
89277,22.75,455401,1.08,"185787",37.54,125.51,60.5,"Self-employed","Rent","Other",1
89363,22.75,1622118,1.07,"735125",38.24,133.75,63.7,"Self-employed","Rent","Other",0
89681,22.75,920233,1.66,"1859815",25.98,90.03,52.6,"Contract","Own","Debt_consolidation",1
80075,23.25,751154,1.79,"2013780",38.15,125.54,62.3,"Salaried","Rent","Other",1
80192,23.25,2401332,1.37,"1667476",0.96,13.44,35.4,"Self-employed","Mortgage","Vehicle",0
80794,23.25,264152,1.66,"526896",6.71,27.89,33.4,"Salaried","Rent","Other",0
81368,23.25,307415,1.65,"710674",4.96,26.43,29.6,"Salaried","Rent","Other",0
81476,23.25,107955,1.91,"189735",36.51,116.78,68.7,"Salaried","Rent","Other",0
82062,23.25,736943,1.72,"866192",29.05,97.33,63.4,"Salaried","Rent","Other",1
82230,23.25,1432076,1.85,"2195783",29.87,100.97,64.5,"Self-employed","Mortgage","Debt_consolidation",0
82245,23.25,358966,1.87,"1252733",29.37,95.1,51.4,"Contract","Mortgage","Debt_consolidation",0
82252,23.25,648058,1.6,"1966109",18.72,58.42,48.9,"Contract","Mortgage","Debt_consolidation",0
82275,23.25,1689863,2.51,"1600028",26.59,88.42,60.9,"Self-employed","Mortgage","Debt_consolidation",1
82655,23.25,332064,0.77,"922724",4.29,21.43,33.8,"Salaried","Rent","Other",0
83208,23.25,256124,1.83,"332731",34.18,110.52,63.6,"Salaried","Rent","Other",0
83880,23.25,1175396,2.13,"2968409",1.08,12.27,28.7,"Self-employed","Mortgage","Vehicle",0
83907,23.25,92412,1.17,"91867",28.83,95.66,63.2,"Salaried","Rent","Other",0
84545,23.25,527377,1.18,"1270696",4.93,25.46,38.9,"Salaried","Rent","Other",1
84546,23.25,585865,1.42,"1210569",37.92,126.48,68.6,"Salaried","Rent","Other",1
84619,23.25,537369,1.78,"460565",25.03,88.42,48.7,"Contract","Mortgage","Debt_consolidation",0
84761,23.25,280770,1.52,"689771",33.04,110.82,60.2,"Salaried","Rent","Other",1
85141,23.25,324869,1.18,"1121863",36.04,123.03,69.3,"Salaried","Rent","Other",1
85203,23.25,440034,1.75,"444177",3.34,21.79,28.3,"Salaried","Rent","Other",0
85909,23.25,200466,1.83,"639087",6.03,21.66,34.2,"Salaried","Rent","Other",1
86031,23.25,2008100,0.9,"1997084",1.06,11.97,31.1,"Self-employed","Mortgage","Vehicle",0
86252,23.25,602980,1.55,"1798427",2.34,17.11,31.9,"Self-employed","Mortgage","Vehicle",0
86362,23.25,91359,1.48,"325872",4.96,21.99,30.3,"Salaried","Rent","Other",0
87399,23.25,408428,1.38,"963945",3.22,18.75,26.1,"Salaried","Rent","Other",0
87558,23.25,310963,1.5,"797728",5.33,27.81,28.2,"Salaried","Rent","Other",0
87567,23.25,390842,1.52,"729105",4.07,27.86,27.1,"Salaried","Rent","Other",0
87646,23.25,222333,1.34,"697875",32.83,113.12,63.3,"Salaried","Rent","Other",1
87746,23.25,454381,1.42,"672393",34.05,117.29,63.5,"Salaried","Rent","Other",0
87907,23.25,1623521,1.98,"4525059",0.18,7.74,34.2,"Self-employed","Mortgage","Vehicle",0
88065,23.25,920648,2.42,"2460752",1.69,18.76,36.4,"Self-employed","Mortgage","Vehicle",1
88170,23.25,1092396,1.77,"1635131",22.7,74.27,52.1,"Contract","Mortgage","Debt_consolidation",0
88304,23.25,397068,2.2,"285817",9.18,38.02,38.1,"Contract","Mortgage","Debt_consolidation",1
88855,23.25,366460,1.6,"867072",22.99,81.51,47.3,"Contract","Mortgage","Debt_consolidation",1
88940,23.25,70140,1.91,"81476",36.47,118.47,64.8,"Salaried","Rent","Other",0
88983,23.25,218025,1.16,"165375",37.33,125.18,65.1,"Salaried","Rent","Other",0
89063,23.25,710587,1.76,"478333",5.55,25.66,28.3,"Salaried","Rent","Other",0
89076,23.25,703773,1.2,"2263023",30.61,98.65,65.3,"Self-employed","Mortgage","Debt_consolidation",0
89598,23.25,826209,1.88,"2532570",0.83,19.13,33.5,"Self-employed","Mortgage","Vehicle",1
89850,23.25,2993619,1.06,"9037072",1.67,12.88,26.4,"Self-employed","Mortgage","Vehicle",0
80131,23.75,1732703,1.56,"3175224",22,76.33,50,"Self-employed","Rent","Other",0
80558,23.75,1926658,1.52,"7028377",7.76,38.84,30.3,"Self-employed","Rent","Other",0
80579,23.75,359341,1.69,"1348071",30.3,102.07,55,"Self-employed","Rent","Other",1
80580,23.75,1437246,2.42,"5044270",12.19,51.91,35.7,"Self-employed","Rent","Other",1
80661,23.75,3357184,1.5,"9422055",16.41,56.93,44,"Self-employed","Rent","Other",1
80690,23.75,1680202,1.88,"4178819",12.53,49.35,40.6,"Self-employed","Rent","Other",0
81090,23.75,1664036,2.33,"1893956",30.87,98.04,58.2,"Self-employed","Rent","Other",1
81136,23.75,891400,1.68,"3146301",6.32,29.18,34.1,"Contract","Rent","Vehicle",1
81210,23.75,2471050,1.58,"8637289",35.9,117.48,58.2,"Self-employed","Rent","Other",1
81565,23.75,373599,1.59,"542192",37.63,124.87,71,"Contract","Rent","Vehicle",1
82075,23.75,977713,1.74,"1711870",7.73,29.87,39.3,"Self-employed","Rent","Other",0
82218,23.75,293564,1.65,"983694",35.84,116.84,67.1,"Contract","Rent","Vehicle",1
82220,23.75,695413,1.55,"2212878",11.76,47.73,41.4,"Self-employed","Rent","Other",1
82449,23.75,2501434,1.87,"3910384",18.58,67.31,52.2,"Self-employed","Rent","Other",1
82660,23.75,1156393,1.87,"3878146",30.32,98.31,56.8,"Self-employed","Rent","Other",1
82860,23.75,905822,1.55,"2617303",1.59,9.16,32.9,"Contract","Mortgage","Home_improvement",0
82904,23.75,499684,1.59,"1101710",35.31,115.03,61.3,"Contract","Rent","Vehicle",0
83427,23.75,1726836,1.55,"3945676",24.35,85.96,48.6,"Self-employed","Rent","Other",1
83520,23.75,2977348,2.18,"6161459",33.32,112.26,59.2,"Self-employed","Rent","Other",1
83523,23.75,2876874,1.84,"7929174",24.39,82.34,53.2,"Self-employed","Rent","Other",1
83553,23.75,1402510,1.99,"3957146",34.33,120.22,58.4,"Self-employed","Rent","Other",1
84035,23.75,2625287,1.73,"4899251",10.55,42.62,43.1,"Self-employed","Rent","Other",0
84083,23.75,774667,1.81,"2346285",25.94,88.98,51.8,"Self-employed","Rent","Other",0
84217,23.75,916372,1.79,"2771674",11.68,49.73,36.7,"Self-employed","Rent","Other",1
84444,23.75,606356,1,"978534",4.06,24.19,27.2,"Contract","Rent","Vehicle",0
84480,23.75,990007,1.14,"2306394",19.49,64.58,45.7,"Self-employed","Rent","Other",1
84715,23.75,490665,2.82,"1748464",15.04,59.5,45.4,"Self-employed","Rent","Other",0
84829,23.75,1467020,1.52,"1465859",24.41,84.39,56.9,"Self-employed","Rent","Other",1
85158,23.75,646281,1.31,"1290902",17.28,61.5,42.9,"Self-employed","Rent","Other",1
85217,23.75,1978774,2.51,"7217914",34.47,108.51,59.3,"Self-employed","Rent","Other",1
85250,23.75,2025529,2.18,"6598293",12.56,45.01,38.9,"Self-employed","Rent","Other",1
85453,23.75,3307743,2.1,"11823883",28.18,95.4,53.3,"Self-employed","Rent","Other",0
85678,23.75,564280,2.14,"1616425",24.26,79.67,59,"Self-employed","Rent","Other",1
85961,23.75,3093909,2.05,"6073397",30.11,101.93,59.3,"Self-employed","Rent","Other",1
85973,23.75,856108,1.6,"2573481",18.47,65.61,43.1,"Self-employed","Rent","Other",1
86049,23.75,1412814,2.03,"4452335",17.65,57.43,48.2,"Self-employed","Rent","Other",0
86347,23.75,537671,1.84,"964117",33.94,113.41,56.1,"Self-employed","Rent","Other",1
86409,23.75,938774,2.08,"2890819",8.63,37.44,38.9,"Self-employed","Rent","Other",1
86468,23.75,1513610,1.86,"4175602",18.68,68.61,44.8,"Self-employed","Rent","Other",1
86597,23.75,478525,2.13,"1561541",19.81,68.15,47.8,"Self-employed","Rent","Other",1
86665,23.75,604468,1.47,"1622240",0.68,11.52,23.9,"Salaried","Rent","Vehicle",0
86739,23.75,536323,2.07,"1354062",25.97,89.95,49.4,"Self-employed","Rent","Other",1
86806,23.75,773612,2.41,"2291706",24.56,82.42,52.4,"Self-employed","Rent","Other",1
86855,23.75,1160866,1.97,"1926379",25.65,86.72,58.1,"Self-employed","Rent","Other",1
87261,23.75,1536228,2.19,"1969496",27.15,92,57.9,"Self-employed","Rent","Other",1
87357,23.75,840468,1.68,"2363486",22.46,77.71,47.4,"Self-employed","Rent","Other",0
87428,23.75,2714694,2.37,"7402895",14.33,54.67,40,"Self-employed","Rent","Other",1
88006,23.75,2437889,0.97,"2355740",16.85,59.91,51.8,"Self-employed","Rent","Other",1
88128,23.75,1052195,1.09,"3630455",13.74,56.51,39,"Self-employed","Rent","Other",1
88256,23.75,2008455,1.99,"3840910",34.84,113.38,59.9,"Self-employed","Rent","Other",1
88552,23.75,1047547,2.2,"1994749",20.15,70.33,43.8,"Self-employed","Rent","Other",0
88686,23.75,1197102,1.16,"1411307",8.55,29.36,39,"Self-employed","Rent","Other",0
88723,23.75,2575883,2,"4739509",14.75,55.24,46.5,"Self-employed","Rent","Other",0
88821,23.75,535535,1.59,"1445449",6.8,27.08,41,"Contract","Rent","Vehicle",0
89706,23.75,499004,1.68,"1257485",32.96,102.91,62.6,"Contract","Rent","Vehicle",1
89727,23.75,653079,1.25,"1732468",5.24,24.67,35.9,"Contract","Rent","Vehicle",1
89749,23.75,1989902,1.42,"1460791",32.01,107.9,55.1,"Self-employed","Rent","Other",1
89797,23.75,1346901,2.34,"4782371",28.64,101.15,55.6,"Self-employed","Rent","Other",1
81013,24.25,307598,2.35,"562476",33.67,114.87,62.6,"Contract","Own","Debt_consolidation",0
83725,24.25,1493101,1.79,"3013357",6.91,32.61,39.5,"Contract","Own","Debt_consolidation",1
85768,24.25,967165,1.84,"950785",6.83,24.52,39.5,"Contract","Own","Debt_consolidation",0
85809,24.25,1574891,1.26,"680594",0.37,14.94,23.3,"Self-employed","Mortgage","Debt_consolidation",0
86556,24.25,293639,2.14,"828614",4.81,29.27,38.6,"Contract","Own","Debt_consolidation",1
87240,24.25,620050,2.34,"492131",33.71,114.87,64.8,"Contract","Own","Debt_consolidation",1
80868,24.75,627526,2.21,"1169739",0.91,9.83,27.8,"Self-employed","Own","Debt_consolidation",0
81926,24.75,1142098,1.47,"4148518",35.03,115.2,68.5,"Contract","Mortgage","Debt_consolidation",0
84574,24.75,727037,1.95,"1304907",1.76,15,29.1,"Contract","Mortgage","Vehicle",1
84574,24.75,727037,1.95,"1304907",1.76,15,29.1,"Contract","Mortgage","Vehicle",1
84574,24.75,727037,1.95,"1304907",1.76,15,29.1,"Contract","Mortgage","Vehicle",1
84574,24.75,727037,1.95,"1304907",1.76,15,29.1,"Contract","Mortgage","Vehicle",1
84574,24.75,727037,1.95,"1304907",1.76,15,29.1,"Contract","Mortgage","Vehicle",1
84574,24.75,727037,1.95,"1304907",1.76,15,29.1,"Contract","Mortgage","Vehicle",1
84574,24.75,727037,1.95,"1304907",1.76,15,29.1,"Contract","Mortgage","Vehicle",1
84574,24.75,727037,1.95,"1304907",1.76,15,29.1,"Contract","Mortgage","Vehicle",1
84574,24.75,727037,1.95,"1304907",1.76,15,29.1,"Contract","Mortgage","Vehicle",1
84574,24.75,727037,1.95,"1304907",1.76,15,29.1,"Contract","Mortgage","Vehicle",1
84574,24.75,727037,1.95,"1304907",1.76,15,29.1,"Contract","Mortgage","Vehicle",1
84574,24.75,727037,1.95,"1304907",1.76,15,29.1,"Contract","Mortgage","Vehicle",1
84574,24.75,727037,1.95,"1304907",1.76,15,29.1,"Contract","Mortgage","Vehicle",1
84574,24.75,727037,1.95,"1304907",1.76,15,29.1,"Contract","Mortgage","Vehicle",1
84574,24.75,727037,1.95,"1304907",1.76,15,29.1,"Contract","Mortgage","Vehicle",1
84574,24.75,727037,1.95,"1304907",1.76,15,29.1,"Contract","Mortgage","Vehicle",1
84574,24.75,727037,1.95,"1304907",1.76,15,29.1,"Contract","Mortgage","Vehicle",1
84574,24.75,727037,1.95,"1304907",1.76,15,29.1,"Contract","Mortgage","Vehicle",1
84574,24.75,727037,1.95,"1304907",1.76,15,29.1,"Contract","Mortgage","Vehicle",1
84574,24.75,727037,1.95,"1304907",1.76,15,29.1,"Contract","Mortgage","Vehicle",1
84574,24.75,727037,1.95,"1304907",1.76,15,29.1,"Contract","Mortgage","Vehicle",1
85243,24.75,795004,1.63,"2225869",38.1,125.44,71.8,"Contract","Mortgage","Debt_consolidation",1
86260,24.75,406291,1.51,"511706",32.53,106.42,60.4,"Contract","Mortgage","Debt_consolidation",0
86944,24.75,1010494,1.22,"2345031",36.32,120.22,65.5,"Contract","Mortgage","Debt_consolidation",1
87292,24.75,281095,1.59,"1020475",1.33,15.04,35,"Contract","Mortgage","Vehicle",1
87504,24.75,1466148,1.37,"4785127",0.7,9.47,31.5,"Self-employed","Own","Debt_consolidation",0
88767,24.75,266566,1.12,"681034",1.24,17.06,32.7,"Contract","Mortgage","Vehicle",0
80385,25.25,1022546,2.2,"3240181",34.61,109.22,63.1,"Self-employed","Rent","Other",1
80592,25.25,1093460,1.54,"1314756",39.89,130.66,69.4,"Self-employed","Rent","Other",0
80663,25.25,775026,1.73,"1633434",3.25,20.82,27.2,"Self-employed","Rent","Other",1
80760,25.25,1455043,2.34,"2164525",39.68,129.27,63.2,"Self-employed","Rent","Other",1
81056,25.25,263776,1.13,"326322",11.38,44.1,37.4,"Contract","Rent","Other",1
81153,25.25,988104,1.76,"1831144",36.48,123.04,70.2,"Self-employed","Rent","Other",1
81185,25.25,1157697,2.05,"2054781",5.18,27.91,36.4,"Self-employed","Rent","Other",1
81370,25.25,503481,1.64,"1163130",38.22,119.02,71.1,"Self-employed","Rent","Other",1
81764,25.25,237389,1.57,"699400",0.88,12.03,35,"Salaried","Rent","Other",1
82137,25.25,2195363,2.71,"5231258",5.93,25.06,36.7,"Self-employed","Rent","Other",0
82290,25.25,2571355,1.7,"2175149",28.84,97.42,62.2,"Self-employed","Rent","Other",1
82749,25.25,306954,1.23,"927545",1.41,16.28,31.3,"Salaried","Rent","Other",1
83071,25.25,3843254,2.72,"14423033",4.74,27.58,36.7,"Self-employed","Rent","Other",0
83214,25.25,2497245,1.81,"7586557",5.28,29.38,40.3,"Self-employed","Rent","Other",1
83218,25.25,1793375,1.6,"3205579",4,25.41,33.5,"Self-employed","Rent","Other",0
83666,25.25,2201509,1.61,"3289211",5.27,22.77,29.9,"Self-employed","Rent","Other",0
83713,25.25,2692334,2.26,"2939796",32.4,106.09,66.4,"Self-employed","Rent","Other",1
83893,25.25,798036,1.58,"2371928",24.79,83.58,57.3,"Contract","Rent","Other",1
84043,25.25,1170554,1.72,"3740653",35.28,114.48,69.6,"Self-employed","Rent","Other",1
84134,25.25,618989,1.79,"542179",2.58,15,27.4,"Salaried","Rent","Other",1
84503,25.25,1477028,2.4,"1103845",33.72,115.49,64.8,"Self-employed","Rent","Other",0
84982,25.25,2525571,1.27,"2263695",39.14,125.57,68.5,"Self-employed","Rent","Other",0
85422,25.25,548137,1.93,"865114",36.08,117.41,63,"Self-employed","Rent","Other",1
85499,25.25,540892,1.77,"1378132",2.92,17.34,34.5,"Salaried","Rent","Other",1
85704,25.25,335038,1.25,"767643",2.36,18.05,27.3,"Salaried","Rent","Other",0
85816,25.25,1086454,2.23,"1116809",5.59,27.65,30.3,"Self-employed","Rent","Other",1
85911,25.25,102437,1.69,"355746",18.98,70.83,49.3,"Contract","Rent","Other",1
86046,25.25,1968164,1.77,"4738308",38.22,119.18,66.1,"Self-employed","Rent","Other",1
86233,25.25,1457442,1.72,"3441571",31.24,106.92,64.2,"Self-employed","Rent","Other",0
87067,25.25,2520194,2.06,"2564348",30.77,98.75,63.1,"Self-employed","Rent","Other",0
87464,25.25,1467505,2.2,"2293795",37.76,129.84,69.5,"Self-employed","Rent","Other",1
87530,25.25,1709762,1.6,"2394105",34.31,108.04,67.5,"Self-employed","Rent","Other",1
88072,25.25,1947087,2.91,"4889820",35.4,117.15,66.1,"Self-employed","Rent","Other",1
88272,25.25,183538,1.47,"204480",39.99,127.56,74.7,"Self-employed","Rent","Other",0
88463,25.25,1703563,1.08,"2597906",28.72,93.8,62.2,"Self-employed","Rent","Other",0
88562,25.25,417541,1.88,"457225",1.49,12.94,25.8,"Salaried","Rent","Other",1
88992,25.25,654223,2.32,"1278924",39.76,128.47,69.5,"Self-employed","Rent","Other",1
89343,25.25,561341,2.67,"1818494",31.19,103.49,64.2,"Self-employed","Rent","Other",1
89378,25.25,873518,1.17,"631378",39.66,128.34,71.4,"Self-employed","Rent","Other",1
89424,25.25,692430,2.12,"891110",1.53,17.78,26.2,"Self-employed","Mortgage","Debt_consolidation",1
89441,25.25,290009,1.79,"967629",22.86,75.83,53.4,"Contract","Rent","Other",1
89833,25.25,279709,2.15,"255152",17.97,62.1,47.9,"Contract","Rent","Other",1
89966,25.25,1409258,1.23,"3780517",2.21,14.28,31.5,"Self-employed","Mortgage","Debt_consolidation",0
89984,25.25,1845630,1.41,"4363584",37.8,121.52,69.7,"Self-employed","Rent","Other",1
82762,25.75,884153,1.99,"1510091",1.97,13.16,36,"Contract","Rent","Vehicle",0
82826,26.25,840946,1.77,"2985534",0.66,14.23,27.3,"Contract","Own","Debt_consolidation",1
81348,26.75,206897,2.23,"278507",3.86,19.41,35.6,"Contract","Rent","Other",1
81403,26.75,720936,1.39,"482069",35.4,115.65,69.7,"Contract","Rent","Other",0
84638,26.75,1637191,1.72,"3801130",4.78,24.9,34.6,"Contract","Rent","Other",1
84923,26.75,451491,0.99,"310470",4.23,22.88,37,"Contract","Rent","Other",0
86754,26.75,573422,1.65,"859312",0.55,4.94,24.8,"Salaried","Rent","Other",0
88062,26.75,980365,2.27,"2041001",35.31,116.46,67.6,"Contract","Rent","Other",1
89702,26.75,1130394,1.57,"2934291",29.87,97.65,60.4,"Contract","Rent","Other",1
81039,27.25,1789083,0.93,"5036715",1.03,14.79,35,"Self-employed","Rent","Other",1
81988,27.25,5347,0.3,"2681",29.51,95.73,53.4,"Unemployed","Rent","Debt_consolidation",1
83745,27.25,1277866,2.21,"2009525",2.1,17.24,36.1,"Self-employed","Rent","Other",1
86563,27.25,272825,2.84,"875106",2.79,17.82,29.9,"Self-employed","Rent","Other",1
87444,27.25,5847,0.32,"2929",7.22,35.02,37.7,"Unemployed","Rent","Debt_consolidation",0
87977,27.25,1515817,1.56,"4007439",2.67,17.7,35.9,"Self-employed","Rent","Other",0
83031,28.25,5114,0.35,"7658",33.63,109.34,60.3,"Unemployed","Rent","Home_improvement",1
87033,28.25,6970,0.44,"2215",18.43,70.62,42.5,"Unemployed","Rent","Debt_consolidation",0
80099,28.75,5088,0.34,"9489",11.69,48.99,34.5,"Unemployed","Mortgage","Debt_consolidation",1
83460,28.75,1226438,2.05,"3961571",2.57,23.15,30,"Contract","Rent","Other",0
84822,28.75,2580716,1.94,"8870311",0.12,11.9,23.7,"Self-employed","Rent","Other",1
84883,28.75,3542,0.36,"6687",11.82,47.85,45.5,"Unemployed","Mortgage","Debt_consolidation",1
85064,28.75,4241,0.28,"3769",32.28,102.91,56.7,"Unemployed","Mortgage","Debt_consolidation",0
87019,28.75,1099938,1.41,"3635006",0.03,5.97,31.8,"Contract","Rent","Other",0
88348,28.75,827076,1.62,"1075000",0.67,7.69,23.5,"Self-employed","Rent","Other",0
89970,28.75,4213,0.2,"12022",25.29,90.65,50,"Unemployed","Mortgage","Debt_consolidation",0
80335,29.25,3844,0.45,"6178",14.29,52.92,36.9,"Unemployed","Rent","Home_improvement",0
85053,29.75,2745,0.25,"3802",30.21,99.82,59.1,"Unemployed","Rent","Debt_consolidation",1
85227,29.75,3264,0.31,"4530",27.53,90.85,55.3,"Unemployed","Rent","Debt_consolidation",1
89000,29.75,7064,0.44,"4171",16.46,62.2,45.6,"Unemployed","Rent","Debt_consolidation",0
89254,29.75,6738,0.43,"2123",35.65,117.34,66.1,"Unemployed","Rent","Debt_consolidation",1
81573,30.25,552868,2.01,"2009329",2.42,17.82,24.6,"Contract","Rent","Other",1
82582,30.25,4408,0.42,"15292",8.85,36.78,33.4,"Unemployed","Rent","Vehicle",0
85392,30.25,1493,0.45,"1656",26.29,87.43,48.9,"Unemployed","Rent","Vehicle",0
83338,31.25,2157,0.36,"5842",34.07,111.7,61.6,"Unemployed","Rent","Debt_consolidation",1
86100,31.25,3408,0.39,"4075",12.84,50.39,37,"Unemployed","Mortgage","Debt_consolidation",0
86436,31.25,4131,0.31,"13606",30.11,93.72,63.7,"Unemployed","Rent","Debt_consolidation",1
88738,31.25,4659,0.43,"4617",25.93,87.37,57,"Unemployed","Mortgage","Debt_consolidation",0
89042,31.25,3030,0.32,"6937",37.31,120.2,66.7,"Unemployed","Rent","Debt_consolidation",0
80438,32.25,2697,0.43,"6017",10.04,43.21,35.6,"Unemployed","Rent","Debt_consolidation",1
80754,32.25,2164,0.44,"5115",15.35,56.66,44.9,"Unemployed","Rent","Debt_consolidation",1
81543,32.25,2941,0.38,"9423",21.14,74.58,52,"Unemployed","Rent","Debt_consolidation",1
82903,32.25,4809,0.36,"4612",36.49,121.09,67.2,"Unemployed","Rent","Other",0
84068,32.25,4775,0.41,"10828",19.4,65.34,49.5,"Unemployed","Rent","Debt_consolidation",0
85547,32.25,5509,0.43,"19594",20.75,70.77,52.9,"Unemployed","Rent","Debt_consolidation",0
87581,32.25,2095,0.41,"7561",18.75,65.35,47.4,"Unemployed","Rent","Debt_consolidation",1
88495,32.25,7674,0.43,"2607",35.73,115.86,70.3,"Unemployed","Rent","Other",1
88877,32.25,2777,0.38,"5631",28.19,91.63,56.1,"Unemployed","Rent","Debt_consolidation",1
89100,32.25,5892,0.39,"20630",7.96,37.49,42.6,"Unemployed","Rent","Debt_consolidation",1
89932,32.25,3375,0.37,"4418",28.79,99.47,53.1,"Unemployed","Rent","Debt_consolidation",1
87093,32.75,2738,0.66,"9448",18.41,67.67,52.3,"Unemployed","Rent","Home_improvement",0
89480,32.75,6480,0.53,"21599",10.27,40.48,39.1,"Unemployed","Rent","Home_improvement",1
81689,33.25,6690,0.37,"10565",12.39,48.92,46.8,"Unemployed","Rent","Other",0
81722,33.25,8074,0.39,"18437",25.32,86.42,59.8,"Unemployed","Rent","Other",0
83923,33.25,6407,0.49,"2456",17.89,62.3,42,"Unemployed","Rent","Debt_consolidation",1
87160,33.25,3787,0.42,"10647",30.26,99.84,57.2,"Unemployed","Rent","Other",1
81460,33.75,4222,0.41,"7190",4.94,30.23,32,"Unemployed","Rent","Debt_consolidation",0
83131,33.75,2017,0.45,"3872",1.22,8.89,25.8,"Unemployed","Rent","Vehicle",1
85120,33.75,4574,0.43,"3978",5.05,26.01,35,"Unemployed","Rent","Debt_consolidation",1
86387,33.75,8060,0.44,"11023",6.92,33.53,36.6,"Unemployed","Rent","Debt_consolidation",0
89955,33.75,5802,0.45,"13933",6.89,31.18,37.7,"Unemployed","Rent","Debt_consolidation",1
82179,34.25,6831,0.48,"4452",18.99,66.08,45,"Unemployed","Rent","Other",1
82189,34.25,5826,0.53,"3231",15.6,59.37,45.6,"Unemployed","Rent","Other",1
86318,34.25,5839,0.55,"20757",33.91,112.88,64.6,"Unemployed","Rent","Home_improvement",0
81150,34.75,7767,0.52,"18412",10.84,43.19,42.2,"Unemployed","Mortgage","Debt_consolidation",0
82378,34.75,10100,0.43,"13015",34.33,115.44,62.4,"Unemployed","Rent","Other",1
85656,34.75,6459,0.5,"21535",27.7,94.41,58.1,"Unemployed","Mortgage","Debt_consolidation",1
86566,34.75,6283,0.53,"22193",31.31,107.7,55.6,"Unemployed","Mortgage","Debt_consolidation",1
88639,34.75,3013,0.54,"6345",16.28,56.95,39.4,"Unemployed","Mortgage","Debt_consolidation",1
88834,34.75,3638,0.5,"2417",35.7,114.8,64.3,"Unemployed","Rent","Debt_consolidation",1
89964,34.75,3912,0.61,"12277",23.02,81.19,56.8,"Unemployed","Mortgage","Debt_consolidation",1
80125,35,5530,0.5,"12550",13.67,51.66,38.5,"Unemployed","Rent","Debt_consolidation",1
80129,35,5402,0.5,"5034",2.92,13.93,25.2,"Unemployed","Rent","Vehicle",1
80244,35,3466,0.6,"2702",7.3,29.59,34.9,"Unemployed","Rent","Debt_consolidation",1
80359,35,1407,0.54,"2053",6.75,37.69,35.1,"Unemployed","Rent","Debt_consolidation",0
80434,35,4968,0.65,"8446",33.73,110.99,61.9,"Unemployed","Rent","Debt_consolidation",1
80614,35,2161,0.73,"1568",10.27,36.33,34.8,"Unemployed","Rent","Debt_consolidation",1
80672,35,2690,0.51,"10029",7.46,27.74,36.2,"Unemployed","Rent","Debt_consolidation",1
81484,35,6521,0.74,"19792",33.64,106.28,68.4,"Unemployed","Rent","Vehicle",0
81505,35,5618,0.49,"16714",30.09,97.61,64.6,"Unemployed","Mortgage","Debt_consolidation",1
81633,35,6504,0.51,"13852",14.59,50.65,37.1,"Unemployed","Rent","Debt_consolidation",1
81736,35,5458,0.47,"6993",16.24,57.4,41.8,"Unemployed","Rent","Other",0
81760,35,7078,0.55,"6939",35.43,115.7,66.8,"Unemployed","Rent","Debt_consolidation",1
81843,35,6586,0.47,"21556",9.6,38.2,38.7,"Unemployed","Rent","Debt_consolidation",1
81955,35,8064,0.57,"8355",21.93,79.43,50.1,"Unemployed","Rent","Debt_consolidation",1
82092,35,4244,0.49,"3504",12.19,51.42,46.5,"Unemployed","Rent","Debt_consolidation",1
82182,35,2701,0.44,"7946",1.92,18.3,29.2,"Unemployed","Rent","Debt_consolidation",1
82580,35,1669,0.54,"5705",9.09,37.62,32.9,"Unemployed","Rent","Other",1
82725,35,4745,0.52,"4211",23.12,80.63,50.2,"Unemployed","Rent","Debt_consolidation",1
82901,35,3821,0.61,"10396",38.42,121.01,65.8,"Unemployed","Rent","Debt_consolidation",1
82982,35,4036,0.53,"4712",33.61,109.67,55.7,"Unemployed","Rent","Debt_consolidation",1
82998,35,4180,0.57,"7496",36.77,116.25,67.1,"Unemployed","Rent","Debt_consolidation",0
83135,35,7007,0.53,"18782",9.74,35.74,32.6,"Unemployed","Rent","Debt_consolidation",1
83379,35,6821,0.57,"5246",34.78,114.36,68,"Unemployed","Mortgage","Debt_consolidation",1
83408,35,2276,0.51,"3622",10.04,33.77,40.3,"Unemployed","Rent","Debt_consolidation",1
83697,35,5950,0.47,"6018",25.59,86.88,54.3,"Unemployed","Rent","Debt_consolidation",1
83728,35,1831,0.6,"2286",36.36,122.05,66.9,"Unemployed","Rent","Debt_consolidation",1
83757,35,7015,0.5,"21938",10.23,40.97,35.1,"Unemployed","Rent","Debt_consolidation",1
83835,35,2990,0.58,"11053",7.77,33.33,36.5,"Unemployed","Rent","Debt_consolidation",1
83861,35,1568,0.59,"2912",31.75,107.42,65.2,"Unemployed","Rent","Vehicle",1
83948,35,3994,0.55,"8120",2.37,14.32,35.4,"Unemployed","Rent","Debt_consolidation",0
83951,35,3583,0.75,"8549",36.29,122.63,71.1,"Unemployed","Rent","Debt_consolidation",1
84099,35,2155,0.71,"4201",8.16,36.9,42.6,"Unemployed","Rent","Debt_consolidation",0
84410,35,3095,0.47,"5699",0.42,4.95,27.8,"Unemployed","Rent","Debt_consolidation",0
84634,35,2968,0.5,"9095",38.03,126.71,66.8,"Unemployed","Mortgage","Debt_consolidation",1
84926,35,6507,0.54,"10782",31.62,103.27,64.1,"Unemployed","Rent","Debt_consolidation",0
85264,35,4248,0.54,"14368",5.26,21.53,31.7,"Unemployed","Rent","Other",0
85332,35,5897,0.47,"4519",10.33,36.15,43.8,"Unemployed","Rent","Other",1
85432,35,3434,0.64,"10656",1.82,14.98,28.8,"Unemployed","Rent","Vehicle",1
85726,35,6244,0.48,"7090",23.73,83.74,56.6,"Unemployed","Rent","Other",1
85838,35,5021,0.51,"3739",13.39,51.53,44.2,"Unemployed","Rent","Debt_consolidation",1
85840,35,3017,0.54,"5258",9.66,40.73,42.2,"Unemployed","Rent","Debt_consolidation",1
85916,35,3041,0.48,"10142",3.52,20.55,34.2,"Unemployed","Rent","Debt_consolidation",1
86075,35,7022,0.57,"18826",20,66.27,47.4,"Unemployed","Rent","Debt_consolidation",1
86094,35,1794,0.59,"2167",0.86,18.52,32.8,"Unemployed","Mortgage","Debt_consolidation",0
86531,35,6321,0.55,"20010",17.69,59.31,47.2,"Unemployed","Rent","Debt_consolidation",1
86755,35,2041,0.56,"1933",20.71,69.1,49,"Unemployed","Rent","Other",1
86854,35,5222,0.46,"18811",23.79,81.19,50,"Unemployed","Rent","Debt_consolidation",1
87020,35,8006,0.61,"18390",5.6,28.75,29.9,"Unemployed","Mortgage","Debt_consolidation",1
87043,35,6741,0.46,"14569",35.36,115.96,66.3,"Unemployed","Rent","Debt_consolidation",0
87090,35,9358,0.62,"20757",39.68,123.47,74.6,"Unemployed","Rent","Debt_consolidation",1
87201,35,4716,0.47,"11231",16.03,61.02,43.5,"Unemployed","Rent","Debt_consolidation",1
87220,35,2999,0.64,"5068",9.79,42.73,40.2,"Unemployed","Rent","Other",1
87405,35,1791,0.46,"4545",38.24,127.39,66.8,"Unemployed","Rent","Vehicle",1
87637,35,3381,0.69,"4086",35.34,112.81,59.4,"Unemployed","Rent","Debt_consolidation",1
87831,35,3629,0.54,"11907",2.6,21.12,33.4,"Unemployed","Rent","Debt_consolidation",0
88192,35,2201,0.48,"5492",3.52,23.71,37.8,"Unemployed","Rent","Vehicle",1
88408,35,4205,0.51,"11816",34.5,114.5,61.3,"Unemployed","Rent","Debt_consolidation",0
88609,35,3391,0.62,"8539",30.39,100.83,60.6,"Unemployed","Rent","Debt_consolidation",0
88781,35,1567,0.55,"1287",24.78,83.01,53.9,"Unemployed","Rent","Debt_consolidation",0
88789,35,6375,-0.47,"8342",11.24,41.35,40.9,"Unemployed","Rent","Other",0
88875,35,4011,0.54,"5138",39.87,130.81,62.5,"Unemployed","Rent","Debt_consolidation",1
89098,35,5219,0.46,"10192",0.92,16.34,23.1,"Unemployed","Rent","Vehicle",1
89104,35,4113,0.52,"8979",27.86,92.18,57.9,"Unemployed","Rent","Debt_consolidation",1
89271,35,6217,0.5,"14156",25.14,83.27,48,"Unemployed","Rent","Debt_consolidation",1
89477,35,3687,0.56,"5364",4.08,22.85,30.6,"Unemployed","Rent","Debt_consolidation",1
89481,35,5718,0.56,"8577",18.73,67.39,45.2,"Unemployed","Rent","Debt_consolidation",0
89636,35,4680,0.57,"13552",35.41,115.69,58,"Unemployed","Rent","Debt_consolidation",1
89878,35,4788,0.51,"13731",25.32,85.5,49.1,"Unemployed","Rent","Other",1
90003,18.75,205127,1.43,"716055",22.54,75.08,52.8,"Salaried","Rent","Vehicle",0
90006,17.75,350150,1.31,"1034110",19.93,67.03,53.4,"Salaried","Mortgage","Vehicle",0
90007,34.75,5215,0.54,"19525",19.69,71.6,52.5,"Unemployed","Mortgage","Debt_consolidation",1
90015,32.25,2890,0.45,"7806",31.13,105.99,55,"Unemployed","Rent","Debt_consolidation",0
90016,18.75,324719,0.87,"449911",9.34,42.05,33.3,"Salaried","Rent","Vehicle",0
90019,16.75,390408,1.52,"902110",27.21,89.55,54.1,"Salaried","Mortgage","Home_improvement",0
90021,14.25,489764,1.74,"300640",22.14,78.8,56.2,"Salaried","Mortgage","Home_improvement",0
90025,22.75,1426910,2.22,"3570464",34.37,114.94,68.1,"Self-employed","Own","Debt_consolidation",0
90035,23.25,436553,0.9,"1589856",38.98,126.14,67.8,"Salaried","Rent","Other",0
90039,18.25,556184,1.4,"1544634",5.87,27.54,31.7,"Salaried","Mortgage","Home_improvement",0
90041,33.25,4138,0.45,"3555",13.15,49.51,40,"Unemployed","Rent","Other",0
90043,19.25,398954,1.45,"1187624",18.18,60.8,52,"Salaried","Own","Debt_consolidation",0
90053,19.25,223243,1.36,"184539",11.42,44.67,39.8,"Salaried","Own","Debt_consolidation",0
90062,17.75,430067,1.39,"655662",19.44,69.36,43.8,"Salaried","Mortgage","Vehicle",0
90084,16.75,469278,1.57,"470294",7.39,36.27,32,"Salaried","Mortgage","Home_improvement",1
90095,19.25,578437,1.99,"1537593",15.96,63.01,41.9,"Salaried","Own","Debt_consolidation",1
90099,16.75,379738,1.09,"665987",13.61,54.06,43.1,"Salaried","Mortgage","Home_improvement",0
90100,17.75,306618,1.45,"742943",14.72,54.55,49.6,"Salaried","Mortgage","Vehicle",0
90128,18.25,293173,1.55,"1017950",3.95,21.14,31.3,"Salaried","Mortgage","Home_improvement",0
90132,25.25,2323307,1.64,"8709853",33.44,108.99,68.3,"Self-employed","Rent","Other",1
90136,18.25,463720,1.57,"1292740",3.45,19.53,34.1,"Salaried","Mortgage","Home_improvement",1
90140,17.75,187944,1.06,"518766",13.76,54.75,38,"Salaried","Mortgage","Vehicle",0
90141,18.75,573702,2.43,"368397",38.83,128.61,62.2,"Self-employed","Mortgage","Vehicle",1
90155,18.75,442052,0.96,"1315611",23.37,83.32,52.5,"Salaried","Rent","Vehicle",0
90156,25.25,3043681,2.24,"10475612",36.37,116.59,66.1,"Self-employed","Rent","Other",1
90157,15.25,305706,0.97,"120220",11.51,43.21,35.1,"Salaried","Mortgage","Vehicle",0
90159,17.75,272556,1.39,"630197",32.42,108.54,55,"Salaried","Mortgage","Vehicle",0
90173,34.75,6005,0.57,"10777",15.62,51.4,49.6,"Unemployed","Mortgage","Debt_consolidation",1
90182,16.75,283755,0.92,"468380",29.99,101.1,53.3,"Salaried","Mortgage","Home_improvement",1
90186,18.25,291425,1.46,"652660",30.39,104.53,65.2,"Salaried","Mortgage","Home_improvement",1
90189,18.75,412903,1.99,"316855",12.1,45.55,46.3,"Salaried","Rent","Vehicle",0
90199,18.25,181915,1.28,"628804",3.46,18.92,26.8,"Salaried","Mortgage","Home_improvement",1
90210,16.75,552238,1.2,"283628",36.6,119.62,63.8,"Salaried","Mortgage","Vehicle",1
90241,22.75,519029,1.19,"956042",0.64,7.43,24.9,"Salaried","Mortgage","Vehicle",0
90266,23.25,397886,1.54,"1043837",5.1,21.41,27.3,"Salaried","Rent","Other",1
90280,17.75,302746,1.67,"410426",25.25,85.78,58.2,"Salaried","Mortgage","Vehicle",0
90291,20.25,516206,1.67,"277345",28.25,96.54,60.9,"Self-employed","Own","Debt_consolidation",1
90295,17.75,458392,1.6,"1203033",29.08,94.18,59.6,"Salaried","Mortgage","Vehicle",0
90307,25.25,2672592,2.08,"4477423",39.45,127.69,73.7,"Self-employed","Rent","Other",1
90315,15.75,463792,0.69,"287468",39.85,130.56,67,"Salaried","Mortgage","Home_improvement",1
90318,21.75,345653,1.42,"359606",25.05,83.33,54.4,"Salaried","Rent","Other",0
90322,17.75,130519,1.52,"155956",18.51,68.35,48.6,"Salaried","Mortgage","Vehicle",0
90326,17.75,176049,1.55,"328187",10.97,48.11,39.3,"Salaried","Mortgage","Vehicle",0
90328,18.75,647261,2.34,"466282",29.21,95.45,54.5,"Self-employed","Mortgage","Home_improvement",1
90329,22.75,249767,1.12,"620440",0.61,10.35,35.1,"Salaried","Own","Debt_consolidation",1
90330,23.75,564678,1.52,"1225348",18.49,60.52,45.5,"Self-employed","Rent","Other",1
90348,17.25,1762965,1.67,"1004702",26.4,95.44,52.4,"Self-employed","Mortgage","Vehicle",1
90366,25.25,948900,1.83,"1832393",13.44,51.48,40.1,"Contract","Rent","Other",1
90378,25.25,582082,1.97,"1153449",10.07,43.65,43.4,"Contract","Rent","Other",0
90384,18.75,3217720,1.93,"5626485",15.75,57.8,50.2,"Self-employed","Mortgage","Home_improvement",0
90389,23.75,965868,1.92,"2137705",25.27,90.43,52.6,"Self-employed","Rent","Other",1
90398,16.75,110657,1,"330191",8.4,39.27,32.4,"Salaried","Mortgage","Home_improvement",0
90413,21.25,310106,2.05,"550930",13.56,52.21,40.8,"Contract","Mortgage","Vehicle",1
90422,16.75,292462,2.27,"592582",18.04,62.59,52.1,"Salaried","Mortgage","Home_improvement",1
90433,16.75,265296,1.48,"902957",16.61,61.57,51.3,"Salaried","Mortgage","Home_improvement",0
90436,20.75,227992,1.18,"400380",34.17,116.31,64.2,"Salaried","Own","Debt_consolidation",1
90457,25.25,1573002,2.33,"4540291",21.55,78.02,45,"Contract","Rent","Other",1
90461,19.25,174998,1.45,"222533",20.83,75.1,45.8,"Salaried","Own","Debt_consolidation",0
90464,35,7098,0.49,"9574",29.94,106.77,57,"Unemployed","Rent","Debt_consolidation",1
90465,25.25,2018849,2.13,"1796669",30.41,101.74,63.4,"Self-employed","Rent","Other",1
90468,35,5726,0.51,"18658",16.36,56.09,39.4,"Unemployed","Rent","Debt_consolidation",1
90477,22.75,383963,1.79,"729436",36.66,121.62,70.4,"Contract","Mortgage","Vehicle",1
90482,20.25,526058,1.63,"1441736",37.67,113.86,61.5,"Salaried","Rent","Vehicle",0
90493,35,5144,0.58,"10372",24.81,90.6,47,"Unemployed","Rent","Debt_consolidation",1
90494,20.25,266195,1.24,"522366",3.17,13.68,30.9,"Salaried","Rent","Vehicle",0
90495,18.75,865920,1.83,"451590",16.1,59.86,40.3,"Contract","Mortgage","Vehicle",0
90512,20.25,301775,1.55,"963058",30.77,98.43,62.6,"Salaried","Rent","Vehicle",1
90513,21.25,141237,1.38,"44034",16.65,59.34,46.1,"Contract","Rent","Other",1
90516,17.75,291993,1.88,"399502",19.63,65.27,46.2,"Salaried","Mortgage","Vehicle",1
90519,16.75,415382,1.03,"358885",16.06,56.35,49.8,"Salaried","Mortgage","Home_improvement",0
90529,21.25,551335,1.37,"1398583",31.89,103.11,64.2,"Self-employed","Mortgage","Vehicle",1
90534,18.75,118717,1.97,"236299",7.34,31.69,42.2,"Salaried","Rent","Vehicle",0
90537,18.25,307200,1.71,"1163335",39.42,127.02,73.8,"Salaried","Mortgage","Home_improvement",1
90541,35,2995,0.56,"9814",14.13,53.38,42.8,"Unemployed","Rent","Other",1
90551,16.75,195994,1.53,"695243",17.04,62.32,46.3,"Salaried","Mortgage","Home_improvement",0
90566,19.25,199616,1.54,"467034",6.69,26.72,35.4,"Salaried","Mortgage","Vehicle",0
90575,18.75,683844,1.17,"1026998",34.08,115.79,57.8,"Salaried","Rent","Vehicle",0
90591,18.25,243295,0.95,"431637",3.08,17.9,30.6,"Salaried","Mortgage","Home_improvement",0
90594,35,4023,0.52,"6877",4.53,24.48,35,"Unemployed","Rent","Debt_consolidation",0
90610,21.25,717548,1.6,"322607",32.1,111.14,61.3,"Contract","Rent","Vehicle",0
90627,17.75,384764,0.67,"264650",11.66,42.18,38.6,"Salaried","Mortgage","Vehicle",0
90631,23.75,1354487,1.79,"2705963",31.1,105.06,61.5,"Contract","Rent","Vehicle",1
90649,23.75,301242,1.37,"784083",1.6,14.74,24.4,"Salaried","Rent","Vehicle",1
90659,21.75,349995,0.82,"1160269",17.45,62.17,51.4,"Salaried","Rent","Other",0
90660,16.25,392955,2.01,"136899",30.88,106.55,56.5,"Salaried","Rent","Vehicle",1
90666,19.25,588218,1.49,"1699681",31.33,108.73,62.6,"Salaried","Mortgage","Vehicle",0
90705,22.25,784170,1.66,"1938497",18.3,63.56,44.9,"Contract","Rent","Vehicle",0
90729,27.25,6288,0.34,"2591",10.79,43.31,41.7,"Unemployed","Rent","Debt_consolidation",1
90744,17.75,285074,1.8,"360363",15.08,55.52,48.2,"Salaried","Mortgage","Vehicle",1
90745,19.25,278541,1.6,"488028",12.62,47.41,35.2,"Salaried","Own","Debt_consolidation",1
90750,35,5165,0.46,"11129",35.54,117.06,59.6,"Unemployed","Rent","Debt_consolidation",0
90757,19.25,338148,1.56,"478003",15.65,61.24,42.6,"Salaried","Own","Debt_consolidation",0
90780,19.25,362370,1.78,"1177280",22.29,76.36,55.7,"Salaried","Own","Debt_consolidation",0
90796,19.25,318232,1.19,"849875",13.76,47.32,38.6,"Salaried","Own","Debt_consolidation",0
90805,23.75,3270128,1.41,"3696447",22.29,75.09,55.6,"Self-employed","Rent","Other",0
90807,18.75,683117,1.44,"2507726",19.25,67.14,52,"Salaried","Rent","Vehicle",0
90821,34.75,2717,0.56,"9070",22.62,75.01,46.5,"Unemployed","Mortgage","Debt_consolidation",1
90834,19.25,211011,1.28,"168655",13.66,47.71,36.4,"Salaried","Own","Debt_consolidation",0
90841,16.25,575401,1.74,"237587",27.4,95.18,51.6,"Salaried","Rent","Vehicle",0
90855,16.75,374068,1.46,"418559",8.01,31.25,33,"Salaried","Mortgage","Home_improvement",0
90909,21.25,788079,1.52,"1875998",25.88,84.72,52.3,"Contract","Mortgage","Vehicle",0
90918,23.75,3083801,2.35,"10148983",25.54,84.63,56.7,"Self-employed","Rent","Other",1
90925,18.75,456833,1.22,"486897",28.68,98.73,59.2,"Salaried","Rent","Vehicle",1
90948,21.75,314054,1.45,"794589",22.86,77.51,52.6,"Salaried","Rent","Other",0
90949,21.25,905570,1.39,"1056175",4.36,20.64,31.4,"Self-employed","Mortgage","Vehicle",0
90951,16.75,391963,1.59,"427559",15.66,62.59,43,"Salaried","Mortgage","Home_improvement",0
90963,21.75,107769,1.3,"73139",2.33,14.31,24.4,"Salaried","Mortgage","Home_improvement",0
90964,17.75,333526,1.52,"732707",17.64,62.68,51.2,"Salaried","Mortgage","Vehicle",0
90973,17.75,383153,1.56,"608303",8.97,42.32,40.5,"Salaried","Mortgage","Vehicle",0
90991,25.25,1829556,2.05,"5864096",3.87,13.83,27.3,"Self-employed","Rent","Other",1
91007,18.75,834831,1.42,"2041861",14.76,50.42,43.8,"Salaried","Rent","Vehicle",0
91014,16.25,3012826,2.36,"1666978",22.78,77.15,51.9,"Self-employed","Mortgage","Home_improvement",1
91016,21.25,1160314,1.7,"1091831",7.13,33.63,36.9,"Contract","Mortgage","Vehicle",1
91020,25.25,3256916,1.78,"8175536",6.85,31.93,41.8,"Self-employed","Rent","Other",0
91032,20.75,314991,2.05,"453419",32.65,105.47,62.6,"Salaried","Own","Debt_consolidation",1
91040,19.25,691295,1.4,"503330",6.84,27.9,37.6,"Salaried","Mortgage","Vehicle",0
91049,22.25,212409,1.8,"377896",14.03,50.44,46.3,"Contract","Rent","Vehicle",0
91054,24.75,499744,1.46,"1889280",5.79,28.5,37.3,"Contract","Mortgage","Debt_consolidation",0
91077,16.75,463041,1.17,"1006495",18.94,64.37,52.1,"Salaried","Mortgage","Home_improvement",0
91088,18.75,357102,1.31,"358509",24.37,81.04,54.6,"Salaried","Rent","Vehicle",1
91098,16.75,285097,1.21,"147757",3.93,27.66,31.4,"Salaried","Mortgage","Vehicle",0
91108,17.75,319436,1.5,"585705",13.38,52.1,40.6,"Salaried","Mortgage","Vehicle",0
91114,16.75,71348,1.18,"193550",30.07,96.97,58.5,"Salaried","Mortgage","Home_improvement",0
91125,35,5793,0.65,"6341",5.47,23.44,40.4,"Unemployed","Rent","Debt_consolidation",0
91126,33.25,2156,0.35,"4285",0.59,12.03,30.9,"Unemployed","Rent","Debt_consolidation",1
91137,33.75,8726,0.68,"15420",10.75,44.83,35.7,"Unemployed","Rent","Vehicle",1
91145,23.75,2060561,2,"2801013",19.99,70.9,42.9,"Self-employed","Rent","Other",0
91149,25.75,1108021,1.69,"2445841",2.63,11.49,25.8,"Contract","Rent","Vehicle",1
91152,21.75,318332,1.65,"1078233",18.73,67.34,49.3,"Salaried","Rent","Other",0
91162,20.25,364558,1.25,"1354589",28.25,95.85,60.2,"Salaried","Rent","Vehicle",0
91170,23.75,3873622,2.52,"6697379",30.06,97.1,53,"Self-employed","Rent","Other",1
91176,17.25,3107052,1.4,"1590711",30.78,108.98,54.3,"Self-employed","Mortgage","Vehicle",0
91178,20.75,504487,1.59,"225983",5.11,26.98,35.7,"Salaried","Rent","Other",0
91182,22.75,427911,1.29,"766131",11.8,48.91,40.2,"Contract","Own","Debt_consolidation",0
91183,18.75,695714,1.24,"882971",23.08,81.04,57.6,"Salaried","Rent","Vehicle",0
91186,12.75,203412,0.98,"63120",12.62,45.45,46.2,"Salaried","Mortgage","Home_improvement",0
91213,21.75,969790,2.12,"1828179",15.68,51.17,42.7,"Self-employed","Mortgage","Debt_consolidation",0
91215,16.75,314482,1.51,"1108412",23.92,85.86,47.8,"Salaried","Mortgage","Home_improvement",1
91229,35,2824,0.61,"2756",27.99,91.37,62.8,"Unemployed","Rent","Debt_consolidation",1
91230,16.75,400023,1.54,"997166",22.74,78.45,44.9,"Salaried","Mortgage","Home_improvement",1
91233,21.75,278250,1.43,"916884",15.21,55.94,40.5,"Salaried","Rent","Other",1
91242,29.75,4418,0.35,"6698",16.53,60.7,45.2,"Unemployed","Rent","Debt_consolidation",0
91252,21.75,657801,1.38,"2219136",22.03,70.72,50.6,"Salaried","Rent","Other",0
91265,18.25,493731,1.38,"1529428",5.34,25.93,34.8,"Salaried","Mortgage","Home_improvement",0
91268,17.75,540944,1.12,"790553",19.23,61.38,50.9,"Salaried","Mortgage","Vehicle",0
91279,17.75,409394,1.61,"1368240",34.27,115,57.9,"Salaried","Mortgage","Vehicle",1
91299,19.75,449041,1.08,"1280786",28.05,92.11,53.1,"Self-employed","Mortgage","Vehicle",0
91302,19.25,188333,1.77,"484814",25.74,87.23,56.8,"Salaried","Own","Debt_consolidation",0
91309,23.75,1080493,1.85,"924940",29.32,104.23,59.2,"Self-employed","Rent","Other",0
91310,19.25,356840,1.72,"543051",37.27,117.92,69.6,"Salaried","Mortgage","Vehicle",0
91319,20.75,129649,1.74,"104021",30.12,103.65,61.1,"Salaried","Own","Debt_consolidation",0
91333,20.75,590909,0.88,"1581397",34.08,112.84,61,"Salaried","Own","Debt_consolidation",1
91334,18.75,223679,2.18,"799788",32.04,105.56,59.4,"Salaried","Rent","Vehicle",1
91335,35,6141,0.5,"10186",31.8,103.23,65.3,"Unemployed","Rent","Other",1
91346,19.25,358326,1.56,"623850",10.2,40,35.3,"Salaried","Own","Debt_consolidation",1
91349,25.25,924624,2.28,"1992315",24.52,83.11,47.6,"Contract","Rent","Other",1
91358,18.75,2600082,1.18,"4092660",15.14,53.97,40.5,"Self-employed","Mortgage","Home_improvement",0
91362,22.75,278603,1.64,"456867",1.79,15.67,24,"Salaried","Mortgage","Vehicle",0
91378,18.25,284357,1.39,"903012",33.17,113.41,64.2,"Salaried","Mortgage","Home_improvement",0
91382,17.75,493062,1.26,"1750522",19.77,66.75,52.2,"Salaried","Mortgage","Vehicle",0
91383,14.25,248492,2.28,"124013",7.87,37.45,31.1,"Salaried","Mortgage","Home_improvement",1
91398,22.75,2583886,1.58,"1382758",36.88,118.59,65.1,"Self-employed","Rent","Other",0
91410,21.75,508821,1.76,"788636",13.04,48.41,44.1,"Salaried","Rent","Other",1
91426,24.75,538327,1.24,"769994",2.31,16.64,29.5,"Contract","Mortgage","Vehicle",1
91436,22.75,1914451,1.78,"6485747",34.44,111.89,63.1,"Self-employed","Own","Debt_consolidation",1
91446,16.75,562048,1.1,"1897299",13.01,48.6,42.6,"Salaried","Mortgage","Home_improvement",0
91449,19.25,1281269,2.43,"516916",31.58,100.32,57.2,"Self-employed","Mortgage","Debt_consolidation",1
91450,16.75,182692,1.52,"347404",23.46,78.99,50.3,"Salaried","Mortgage","Home_improvement",1
91459,21.75,488685,1.44,"412632",19.49,67.34,42.3,"Salaried","Rent","Other",0
91469,26.75,378025,1.71,"632830",31.63,104.52,62.4,"Contract","Rent","Other",0
91470,17.75,638756,1.58,"1088080",15.91,53.78,48.6,"Salaried","Mortgage","Vehicle",0
91490,16.75,243558,1.82,"330650",15.13,55.03,44.5,"Salaried","Mortgage","Home_improvement",0
91497,18.75,781411,1.14,"1974555",7.28,30.99,33.4,"Salaried","Rent","Vehicle",0
91503,18.75,452288,1.73,"1462731",18.47,63.02,42.6,"Salaried","Rent","Vehicle",1
91505,19.25,424191,1.29,"1506032",5.97,26.59,39.9,"Salaried","Mortgage","Vehicle",1
91506,21.75,387395,1.15,"258152",6.49,28.22,35.2,"Contract","Own","Debt_consolidation",0
91509,22.75,886794,1.85,"3214221",28.02,90.77,62.4,"Contract","Mortgage","Vehicle",0
91514,19.25,237604,1.37,"598849",14.87,59.33,37.9,"Salaried","Own","Debt_consolidation",0
91519,18.75,193346,1.18,"434927",19.58,68.1,50.1,"Salaried","Rent","Vehicle",0
91522,25.25,358558,2.3,"885258",9.61,42.56,39.6,"Contract","Rent","Other",1
91535,16.75,578183,1.48,"1781294",9.04,34.98,41.4,"Salaried","Mortgage","Home_improvement",0
91539,32.75,6623,0.59,"9801",18.65,67.74,46.4,"Unemployed","Rent","Home_improvement",1
91542,17.25,1944689,1.83,"788265",11.67,47.96,44.2,"Self-employed","Mortgage","Vehicle",0
91543,18.75,368966,1.31,"1037210",17.2,58.15,39.9,"Salaried","Rent","Vehicle",0
91544,25.25,417296,1.68,"877321",16.94,59.13,47.2,"Contract","Rent","Other",0
91572,18.75,334535,1.19,"333146",9.66,40.02,41.5,"Salaried","Rent","Vehicle",0
91587,21.25,232037,0.96,"554262",1.47,16.67,36,"Salaried","Mortgage","Vehicle",0
91612,16.75,205225,1.63,"646138",25.69,85.64,48.7,"Salaried","Mortgage","Home_improvement",0
91622,19.75,716429,1.67,"860699",32.04,111.33,56.9,"Self-employed","Mortgage","Vehicle",1
91626,21.75,437308,1.14,"1230184",23.79,78.74,50.5,"Salaried","Rent","Other",1
91644,21.75,102743,2.11,"369137",10.3,37.15,41.1,"Salaried","Rent","Other",1
91646,23.25,717369,1.48,"2283053",4.65,18.48,37.3,"Self-employed","Mortgage","Debt_consolidation",0
91652,21.75,272121,1.24,"221035",20.64,74.82,49.1,"Salaried","Rent","Other",1
91661,17.75,322492,1.66,"605642",31.4,97.69,57.1,"Salaried","Mortgage","Vehicle",1
91676,17.75,251868,1.29,"577103",19.07,63.45,42.9,"Salaried","Mortgage","Vehicle",0
91677,19.25,122184,1.22,"116094",37.42,124.73,62.4,"Salaried","Mortgage","Vehicle",0
91679,17.75,349687,1.51,"758257",26.12,93.38,51.4,"Salaried","Mortgage","Vehicle",0
91695,22.25,1416832,1.89,"5185421",23.62,80.19,52.6,"Contract","Rent","Vehicle",1
91701,23.25,422273,1.81,"420333",32.06,111.55,60.5,"Salaried","Rent","Other",1
91704,25.25,2829675,1.46,"7297706",36.85,119.6,62.3,"Self-employed","Rent","Other",1
91751,17.75,455531,1.81,"479898",9.01,41.38,35.5,"Salaried","Mortgage","Vehicle",1
91755,20.25,2236231,1.7,"1329671",36.26,121.59,66.7,"Self-employed","Own","Debt_consolidation",1
91761,19.25,503131,1.3,"849266",38.4,125.87,61.8,"Salaried","Mortgage","Vehicle",0
91763,20.75,472290,2.09,"535804",32.45,107.08,60.9,"Salaried","Own","Debt_consolidation",0
91772,19.25,448269,1.34,"255342",7.05,32.45,30.1,"Salaried","Rent","Other",0
91779,16.75,525499,1.59,"1266112",18.83,72.18,50.2,"Salaried","Mortgage","Home_improvement",1
91786,21.25,440336,1.1,"796648",11.17,41.58,39.4,"Contract","Mortgage","Vehicle",0
91795,20.25,390987,1.22,"590481",38.72,127.49,70.1,"Salaried","Rent","Vehicle",1
91804,16.75,604108,1.99,"1267387",26.67,90.1,55.6,"Salaried","Mortgage","Home_improvement",1
91815,18.75,388590,1.01,"1237828",33.11,109.5,58.5,"Salaried","Rent","Vehicle",1
91821,19.25,169332,1.29,"277850",14.26,50.74,46.4,"Salaried","Own","Debt_consolidation",0
91858,26.75,782931,1.37,"2862311",38.42,121.02,61.6,"Contract","Rent","Other",1
91869,19.25,448382,1.39,"1139052",33.41,109,64.2,"Salaried","Mortgage","Vehicle",0
91880,18.75,434370,1.6,"395847",31.13,104.87,59.6,"Salaried","Rent","Vehicle",0
91885,34.75,4947,0.46,"12278",24.59,83.58,56.6,"Unemployed","Mortgage","Debt_consolidation",0
91897,22.75,1754767,1.39,"612052",34.62,106.55,60.2,"Self-employed","Rent","Other",1
91900,18.25,177808,0.89,"506267",39.08,128.69,64.7,"Salaried","Mortgage","Home_improvement",0
91902,22.25,626312,1.59,"1903121",11.23,44.42,37,"Contract","Rent","Vehicle",1
91903,35,2075,0.49,"4250",35.68,116.46,58.2,"Unemployed","Rent","Debt_consolidation",1
91922,22.25,446885,1.68,"890564",34.1,114.18,58.1,"Contract","Rent","Vehicle",1
91925,22.75,1354004,1.69,"452776",35.68,114.14,65.7,"Self-employed","Rent","Other",0
91929,17.75,121954,1.57,"149947",7.92,39.53,35.9,"Salaried","Mortgage","Vehicle",0
91935,16.75,160079,1.56,"361036",7.95,31.88,40,"Salaried","Mortgage","Home_improvement",0
91941,35,6142,0.55,"8303",8.47,35.84,31.8,"Unemployed","Rent","Debt_consolidation",0
91946,18.25,227291,1.26,"641261",34.76,113.1,64.5,"Salaried","Mortgage","Home_improvement",1
91949,22.75,233835,1.84,"224943",26.51,94.5,53.8,"Contract","Own","Debt_consolidation",1
91957,18.75,246747,1.39,"203682",18.87,65.86,53.4,"Salaried","Rent","Vehicle",1
91962,19.25,766020,0.74,"2881486",22.87,80.36,50,"Salaried","Own","Debt_consolidation",0
91963,16.75,535441,1.33,"657448",28.42,95.11,58,"Salaried","Mortgage","Home_improvement",0
91968,25.25,315845,1.77,"968507",36.63,123.43,70.8,"Self-employed","Rent","Other",1
91970,18.25,252929,1.7,"455635",38.45,124.57,61.4,"Salaried","Mortgage","Home_improvement",0
91976,22.25,422102,1.3,"1406761",2,16.68,34.3,"Salaried","Rent","Vehicle",0
91979,25.25,2354538,1.98,"8072493",4.44,19.32,32.2,"Self-employed","Rent","Other",1
91982,23.25,279975,0.93,"342618",5.81,24.62,29.2,"Salaried","Rent","Other",0
91988,32.25,2014,0.42,"2524",19.24,72.07,41.5,"Unemployed","Rent","Debt_consolidation",1
91991,18.75,338983,2.05,"684565",20.86,68.29,51.5,"Salaried","Rent","Vehicle",1
91996,21.25,474383,1.24,"1470886",20.65,71.37,42.7,"Contract","Mortgage","Vehicle",1
92003,18.75,113626,1.33,"371892",23.58,81.14,46.7,"Salaried","Rent","Vehicle",0
92004,22.25,197194,1.17,"184901",0.9,15.01,31.7,"Salaried","Rent","Vehicle",0
92043,23.25,1893767,2.22,"5236188",26.7,86.08,61.4,"Self-employed","Mortgage","Debt_consolidation",1
92044,18.25,107729,2,"353764",4.66,20.92,32.7,"Salaried","Mortgage","Home_improvement",0
92046,19.75,3339891,1.53,"3244873",18.14,67.06,40.7,"Self-employed","Mortgage","Vehicle",1
92054,18.75,512289,2.23,"1496815",15.24,55.48,42.5,"Salaried","Rent","Vehicle",0
92062,23.75,897220,2.18,"3208313",32.43,105.87,58.4,"Self-employed","Rent","Other",1
92066,17.75,746488,0.96,"1999031",18.8,64.69,52.3,"Salaried","Mortgage","Vehicle",0
92079,27.25,1379754,1.77,"1275573",1.71,20.9,25.7,"Self-employed","Rent","Other",1
92081,16.75,301613,1.6,"174612",22.77,83.64,56.7,"Salaried","Own","Debt_consolidation",0
92086,33.25,4812,0.61,"1858",12.8,51.06,44.9,"Unemployed","Rent","Debt_consolidation",1
92106,23.75,2499006,2.27,"2653905",15.59,58.88,44.7,"Self-employed","Rent","Other",1
92125,18.75,164211,1.38,"273680",28.73,96.97,51.5,"Salaried","Rent","Vehicle",0
92140,16.75,641906,1.46,"1976104",21.5,75.51,48.8,"Salaried","Mortgage","Home_improvement",1
92146,32.25,7297,0.45,"27644",17.8,64.96,46.9,"Unemployed","Rent","Debt_consolidation",1
92157,35,6340,0.49,"17428",34.32,116.15,61.3,"Unemployed","Rent","Debt_consolidation",1
92180,18.75,608823,1.51,"1162071",10.5,43.05,33.4,"Salaried","Rent","Vehicle",0
92182,33.25,5390,0.32,"20357",2.45,20.4,31.3,"Unemployed","Rent","Debt_consolidation",0
92186,18.75,501944,1.49,"1140090",36.41,116.4,59.1,"Salaried","Rent","Vehicle",1
92191,18.75,521488,1.55,"1015665",26.59,86.45,51.7,"Salaried","Rent","Vehicle",0
92196,19.25,531089,1.73,"1779733",30.63,106.06,65.5,"Salaried","Mortgage","Vehicle",1
92220,25.25,452776,2.22,"1175201",13.49,55.11,46.1,"Contract","Rent","Other",0
92221,19.25,127768,1.74,"313534",20.95,74.4,44.3,"Salaried","Own","Debt_consolidation",1
92262,14.25,296390,1.4,"153651",11.76,43.76,34.2,"Salaried","Mortgage","Home_improvement",0
92282,21.25,1071343,1.62,"2808285",30.81,101.7,60.7,"Self-employed","Mortgage","Vehicle",1
92296,18.75,238054,1.61,"553391",26.29,86.64,57.8,"Salaried","Rent","Vehicle",1
92299,21.75,108845,1.83,"238373",9.39,37.67,31.9,"Salaried","Rent","Other",0
92304,19.75,1460132,2.15,"5447955",36.52,121.63,59.2,"Self-employed","Mortgage","Vehicle",1
92309,35,4636,0.6,"12009",24.79,88.73,53.4,"Unemployed","Rent","Other",1
92314,21.75,154529,1.71,"416195",7.42,32.5,33.6,"Salaried","Rent","Other",1
92320,21.75,3436982,2,"12582743",32.77,110.49,59.5,"Self-employed","Mortgage","Debt_consolidation",1
92334,21.25,2505411,2.19,"2635112",20.82,69.57,47.5,"Self-employed","Own","Debt_consolidation",1
92341,34.75,6122,0.56,"6148",33.66,107.09,58,"Unemployed","Mortgage","Debt_consolidation",1
92369,16.75,228910,0.71,"820052",14.47,52.12,39.3,"Salaried","Mortgage","Home_improvement",0
92371,19.25,459731,1.24,"1299195",7.14,32.15,37.9,"Salaried","Own","Debt_consolidation",0
92381,19.25,511386,1.45,"790460",23.37,82.16,258,"Salaried","Own","Debt_consolidation",1
92392,23.75,702072,2.13,"1675572",16.01,61.85,38.7,"Self-employed","Rent","Other",1
92411,18.75,139158,1.48,"185389",14.9,52.95,38.3,"Salaried","Rent","Vehicle",0
92414,16.75,539186,1.84,"252244",3.99,23.49,31.1,"Salaried","Mortgage","Vehicle",0
92415,20.25,483242,1.76,"1548142",5,28.37,33.4,"Salaried","Rent","Vehicle",0
92440,20.25,2156798,2.04,"2573317",38.15,125.87,70.2,"Self-employed","Mortgage","Home_improvement",0
92443,35,4060,0.67,"14543",27.58,91.62,56.8,"Unemployed","Rent","Debt_consolidation",1
92450,35,6963,0.48,"12072",39.89,130.43,70,"Unemployed","Rent","Debt_consolidation",1
92458,23.75,1008550,1.58,"1656973",32.79,106.82,60.1,"Contract","Rent","Vehicle",0
92464,23.25,217934,1.65,"498709",39.21,128.61,62.5,"Salaried","Rent","Other",1
92483,25.25,2701742,1.4,"6378018",36.58,117.74,69.9,"Self-employed","Rent","Other",1
92484,35,3433,0.54,"11493",31.73,100.48,59.7,"Unemployed","Rent","Debt_consolidation",1
92496,21.75,3574427,2.39,"9760045",15.42,57.27,45.2,"Self-employed","Mortgage","Debt_consolidation",1
92514,18.25,304358,1.9,"927954",34.65,111.12,66.7,"Salaried","Mortgage","Home_improvement",1
92515,20.25,567216,1.89,"698192",38.11,124.57,64.9,"Salaried","Rent","Vehicle",0
92529,16.75,567735,1.38,"1759545",22.43,76.29,52,"Salaried","Mortgage","Home_improvement",1
92530,21.25,1128611,1.78,"2015502",18.24,62.9,47.8,"Contract","Mortgage","Vehicle",1
92565,16.25,359412,1.21,"235229",15.78,59.89,49.6,"Salaried","Rent","Vehicle",0
92567,18.75,414759,1.05,"1437903",23.34,83.26,50,"Salaried","Rent","Vehicle",0
92578,16.75,524159,1.48,"1133014",17.45,63.92,50.5,"Salaried","Mortgage","Home_improvement",1
92580,23.75,237454,1.99,"689300",30.67,103.13,65.6,"Contract","Rent","Vehicle",0
92581,19.25,501423,0.79,"841404",3.81,16.03,37.6,"Salaried","Mortgage","Vehicle",0
92595,17.75,404797,1.55,"600741",19.36,66.4,46.5,"Salaried","Mortgage","Vehicle",0
92613,17.75,259419,1.15,"629326",12.02,49.89,38.8,"Salaried","Mortgage","Vehicle",0
92618,18.75,408905,1.73,"1520890",24.22,84.2,56.2,"Salaried","Rent","Vehicle",1
92623,18.75,355208,0.86,"493086",8.33,40.15,34.7,"Salaried","Rent","Vehicle",0
92624,23.75,794016,1.66,"2260508",25.62,86.15,59.6,"Self-employed","Rent","Other",1
92626,35,2085,0.5,"6293",39.05,125.51,73.2,"Unemployed","Rent","Vehicle",0
92642,16.75,573073,1.53,"708456",16.65,59.33,45.8,"Salaried","Mortgage","Home_improvement",0
92649,20.75,139907,1.45,"506689",3.71,20.97,29.3,"Salaried","Own","Debt_consolidation",0
92650,18.75,124344,1.36,"377755",14.91,57.7,41.3,"Salaried","Rent","Vehicle",0
92672,35,3228,0.51,"11835",19.36,69.78,51.8,"Unemployed","Rent","Other",1
92681,21.75,345441,1.59,"739331",14.98,52.16,42.9,"Salaried","Rent","Other",1
92683,17.75,454277,1.38,"1141939",21.97,74.73,50.1,"Salaried","Mortgage","Vehicle",0
92684,35,8885,0.53,"10444",12.19,47.35,35.9,"Unemployed","Rent","Debt_consolidation",1
92722,19.25,520830,1.55,"1785569",26.87,90.89,60.7,"Salaried","Mortgage","Vehicle",0
92723,18.25,291504,1.64,"1075409",5.83,27.09,28.7,"Salaried","Mortgage","Home_improvement",1
92729,19.75,749402,1.61,"1168764",22.86,76.66,57,"Self-employed","Mortgage","Vehicle",1
92733,35,7711,0.56,"11759",0.82,11.42,32.9,"Unemployed","Rent","Debt_consolidation",0
92739,23.25,1948937,1.31,"7316655",2.29,19.37,33.7,"Self-employed","Mortgage","Vehicle",1
92753,25.25,1480169,1.71,"3727146",3.96,20.87,32.9,"Self-employed","Rent","Other",0
92757,18.25,501204,1.87,"1610812",32.13,106.22,65.5,"Salaried","Mortgage","Home_improvement",0
92765,23.25,2716023,1.78,"9289310",6.42,25.75,39.7,"Self-employed","Mortgage","Debt_consolidation",1
92767,16.75,675621,1.42,"769676",20.84,76.36,55.6,"Salaried","Mortgage","Home_improvement",1
92773,16.75,305925,1.62,"975662",9.78,39.4,42.5,"Salaried","Mortgage","Home_improvement",1
92779,17.75,208068,1.23,"560280",24.55,83.26,0.53,"Salaried","Mortgage","Vehicle",0
92795,20.25,776357,1.39,"782704",33.37,106.25,66.7,"Salaried","Rent","Vehicle",0
92796,17.75,281443,1.32,"576368",30.02,103.16,52.7,"Salaried","Mortgage","Vehicle",1
92810,25.25,2103663,2.07,"4146203",35.68,117.56,62.4,"Self-employed","Rent","Other",1
92814,18.25,464934,1.35,"523772",5.02,21.55,29.8,"Salaried","Mortgage","Home_improvement",0
92818,20.25,659334,1.35,"632836",34.4,111.66,59.5,"Contract","Mortgage","Home_improvement",1
92823,21.75,3302254,1.9,"11383338",11.26,44.7,37.7,"Self-employed","Mortgage","Debt_consolidation",1
92839,16.75,140964,1.24,"412031",13.67,50.18,39.5,"Salaried","Mortgage","Home_improvement",0
92863,23.75,1423320,2.63,"4593712",25.87,84.25,53.8,"Self-employed","Rent","Other",1
92867,18.75,303342,1.42,"196873",0.48,9.67,33,"Salaried","Mortgage","Vehicle",0
92872,16.75,718781,1.07,"2578061",15.09,56.78,40.4,"Salaried","Mortgage","Home_improvement",0
92884,18.25,415040,1.99,"1087446",6.81,34.1,40.3,"Salaried","Mortgage","Home_improvement",1
92886,29.75,7836,0.4,"3112",20.15,73.94,44,"Unemployed","Rent","Debt_consolidation",0
92888,19.25,452024,1.17,"1387396",17.63,63.31,49.6,"Salaried","Own","Debt_consolidation",1
92889,20.25,545669,2.06,"643230",3.39,19.48,30.6,"Salaried","Rent","Vehicle",1
92891,17.75,349772,1.79,"766186",30,103.64,55.5,"Salaried","Mortgage","Vehicle",1
92909,19.75,1169125,1.68,"1828386",28.11,92.85,57.2,"Self-employed","Mortgage","Vehicle",1
92923,25.25,1688857,1.41,"2609135",39.17,130.86,72.4,"Self-employed","Rent","Other",1
92957,25.25,495958,2.13,"1589114",7.57,29.56,39.9,"Contract","Rent","Other",0
92960,25.25,186731,1.46,"390010",0.35,9.99,33.3,"Salaried","Rent","Other",0
92961,1775,138592,1.73,"397470",15.19,52.74,43.1,"Salaried","Mortgage","Vehicle",0
92979,16.75,317811,1.37,"808073",28.1,96.94,50.8,"Salaried","Mortgage","Home_improvement",0
92984,25.25,317233,1.25,"570985",0.75,12.55,27.5,"Salaried","Rent","Other",1
92994,35,4363,0.53,"6174",17.44,65.07,45,"Unemployed","Rent","Debt_consolidation",1
93006,17.75,158527,1.45,"68828",28.72,94.89,60.9,"Salaried","Rent","Vehicle",1
93007,17.75,750008,1.62,"2018570",12.52,43.13,36.4,"Salaried","Mortgage","Vehicle",0
93021,22.75,1949375,2.47,"5015371",36.81,117.71,66.3,"Self-employed","Own","Debt_consolidation",1
93025,16.75,194241,1.39,"370575",22.75,77.79,48.1,"Salaried","Mortgage","Home_improvement",0
93029,17.75,466882,1.21,"795702",36.66,122.15,59.9,"Salaried","Mortgage","Vehicle",1
93039,34.75,6282,0.46,"9275",16.23,61.28,48.4,"Unemployed","Mortgage","Debt_consolidation",1
93045,21.75,1324491,1.32,"1622571",12.55,43.24,46.2,"Self-employed","Mortgage","Debt_consolidation",1
93057,18.75,314914,1.43,"566542",26.99,88.5,52.2,"Salaried","Rent","Vehicle",1
93065,18.25,175456,1.76,"477339",4.11,24.44,33.3,"Salaried","Mortgage","Home_improvement",0
93142,20.25,339099,2.06,"539336",39.59,130.65,64.1,"Salaried","Rent","Vehicle",1
93151,25.25,3422757,1.87,"6235116",3.58,21.41,34.6,"Self-employed","Rent","Other",0
93152,23.75,2007017,2.31,"6048437",21.4,75.03,54.1,"Self-employed","Rent","Other",0
93153,18.75,340898,1.46,"798979",17.22,65.86,44.2,"Salaried","Rent","Vehicle",0
93162,31.25,9802,0.33,"17972",3.46,23.45,35.8,"Unemployed","Rent","Debt_consolidation",1
93176,25.25,615726,1.18,"1947443",0.24,11.25,27.1,"Salaried","Rent","Other",1
93235,33.75,3727,0.44,"3357",29.7,101.09,64.5,"Unemployed","Rent","Debt_consolidation",0
93248,18.25,545830,1.53,"809931",32.58,103.88,63.1,"Salaried","Mortgage","Home_improvement",0
93251,18.25,408009,1.95,"634143",35.11,114.91,65.3,"Salaried","Mortgage","Home_improvement",0
93264,21.25,918386,1.53,"819564",29.69,98.78,55.4,"Self-employed","Own","Debt_consolidation",0
93283,22.75,582740,2.19,"796885",29.56,101.2,56.2,"Contract","Own","Debt_consolidation",1
93286,3075,4584,0.36,"11323",18.29,67.71,42.6,"Unemployed","Rent","Other",1
93288,20.25,493680,1.7,"1015551",2.25,17.19,37,"Salaried","Mortgage","Home_improvement",0
93295,17.75,165074,1.7,"601331",21.76,78.3,48.6,"Salaried","Mortgage","Vehicle",0
93305,16.75,168196,1.45,"86230",31.79,109.57,54.8,"Salaried","Own","Debt_consolidation",0
93307,16.75,894294,1.47,"2225863",10,41.42,38.6,"Salaried","Mortgage","Home_improvement",0
93325,24.75,1132445,1.72,"4241657",5,26.64,39.1,"Contract","Mortgage","Debt_consolidation",0
93329,22.75,2085775,2.46,"5633331",32.68,111.36,61.8,"Self-employed","Own","Debt_consolidation",0
93339,17.25,1289843,1.47,"531832",23.11,77.27,56.1,"Self-employed","Mortgage","Vehicle",0
93342,19.25,447538,1.76,"867972",29.56,98.1,59.1,"Salaried","Own","Debt_consolidation",0
93343,18.75,442391,1.64,"408202",18.86,62.11,41.3,"Salaried","Rent","Vehicle",0
93345,18.25,81757,1.72,"277257",36.52,122.46,62.4,"Salaried","Mortgage","Home_improvement",1
93374,22.25,1627065,2.36,"2648561",21.96,73.53,55.9,"Contract","Rent","Vehicle",1
93377,17.75,371809,1.48,"556979",18.2,63.42,41.2,"Salaried","Mortgage","Vehicle",1
93380,22.75,1191067,1.61,"4341155",34.79,113.53,68.2,"Self-employed","Own","Debt_consolidation",1
93383,23.25,118848,1.68,"203836",35.28,117.52,66.2,"Salaried","Rent","Other",1
93401,19.25,180992,1.46,"517114",39.11,128.4,65.9,"Salaried","Mortgage","Vehicle",0
93403,23.75,1018080,1.64,"1868584",23.44,84.03,53.7,"Self-employed","Rent","Other",1
93408,20.25,349742,1.25,"369635",33.18,105.66,66.8,"Salaried","Rent","Vehicle",1
93414,18.75,840813,1.97,"2327037",27.21,87.77,56.6,"Self-employed","Mortgage","Home_improvement",1
93415,17.75,744356,1.65,"2827517",17.86,63.57,45.2,"Salaried","Mortgage","Vehicle",1
93438,20.25,707285,2.85,"1718934",5.17,30.3,32.4,"Self-employed","Mortgage","Home_improvement",1
93443,25.25,271299,1.11,"250650",0.15,11.28,27.8,"Salaried","Rent","Other",0
93471,20.25,1528388,1.79,"578200",29.88,98.24,62,"Contract","Mortgage","Vehicle",0
93490,18.75,81549,1.32,"308622",16.68,59.2,45.5,"Salaried","Rent","Vehicle",0
93506,20.25,404498,1.24,"577169",36.67,119.01,65.1,"Salaried","Rent","Vehicle",1
93508,16.75,219504,1.41,"152362",30.28,102.73,52.5,"Salaried","Mortgage","Home_improvement",1
93521,22.25,1419775,1.26,"1529406",22.91,83.31,54,"Contract","Rent","Vehicle",0
93523,30.25,6120,0.44,"19316",21.34,76.54,54.1,"Unemployed","Rent","Vehicle",1
93540,32.25,6728,0.4,"10134",19.62,69.14,49.4,"Unemployed","Rent","Debt_consolidation",0
93553,17.75,457928,1.69,"384239",18.47,65.86,43.3,"Salaried","Mortgage","Vehicle",0
93558,16.75,289087,1.28,"823586",29.76,100.71,56.3,"Salaried","Mortgage","Home_improvement",0
93580,20.75,298867,1.78,"273797",36.52,121.12,67.6,"Salaried","Own","Debt_consolidation",1
93582,17.75,553788,1.35,"395118",29.56,97.85,52,"Salaried","Mortgage","Vehicle",0
93588,18.25,91527,1.4,"74730",35.08,114.28,66.6,"Salaried","Mortgage","Home_improvement",1
93590,18.25,364225,1.33,"607067",38.62,123.98,73.2,"Salaried","Mortgage","Home_improvement",1
93594,15.25,263975,1.63,"144453",35.6,117.77,59.7,"Salaried","Mortgage","Vehicle",1
93615,18.75,437894,1.48,"699617",13.89,54.21,42.3,"Salaried","Rent","Vehicle",1
93618,16.75,553060,1.45,"1217931",13.37,50.3,41.6,"Salaried","Mortgage","Home_improvement",1
93634,19.25,186346,1.42,"375640",31.73,105.04,61.6,"Salaried","Mortgage","Vehicle",1
93640,17.75,202641,1.98,"88848",34.08,110.85,62.9,"Salaried","Rent","Vehicle",1
93648,19.25,123846,1.18,"46007",29.62,106.07,59.4,"Salaried","Rent","Other",1
93657,20.75,503737,1.75,"786728",37.86,119.66,67,"Salaried","Own","Debt_consolidation",1
93671,35,6633,0.63,"10770",29.18,91.43,51.4,"Unemployed","Rent","Debt_consolidation",1
93700,18.75,474287,1.08,"528702",19.12,64.33,46.6,"Salaried","Rent","Vehicle",1
93723,32.25,3420,0.41,"4245",18.54,68.62,48.5,"Unemployed","Rent","Debt_consolidation",1
93727,35,4832,0.54,"14840",3.88,22.39,27.6,"Unemployed","Rent","Debt_consolidation",0
93731,21.75,394278,1.24,"1296163",26.21,88.19,51.7,"Salaried","Rent","Other",0
93741,17.75,330135,1.4,"677190",8.73,35.65,40.2,"Salaried","Mortgage","Vehicle",0
93743,35,6469,0.57,"22766",4.24,23.01,30,"Unemployed","Rent","Debt_consolidation",0
93755,18.75,652210,1.74,"2102935",24.51,86.8,53.3,"Salaried","Rent","Vehicle",0
93756,18.25,483752,1.77,"229935",35.03,111.07,60.7,"Salaried","Own","Debt_consolidation",0
93764,2075,586979,2.06,"2228346",6.75,31.48,31.3,"Salaried","Own","Debt_consolidation",1
93767,35,2174,0.58,"4559",20.44,68.49,43.8,"Unemployed","Rent","Other",1
93768,22.25,980700,2.05,"1215871",13.58,58.22,36.3,"Contract","Rent","Vehicle",1
93769,23.75,548776,1.45,"1935426",35.69,114.56,70,"Contract","Rent","Vehicle",1
93784,18.75,405887,0.91,"1467443",7.84,33.42,39.9,"Salaried","Rent","Vehicle",0
93785,35,3831,0.54,"4188",1.91,15.01,31.1,"Unemployed","Rent","Debt_consolidation",0
93788,17.75,257783,1.2,"366394",28.79,97.42,51.3,"Salaried","Mortgage","Vehicle",0
93806,22.25,811733,1.47,"922984",22.77,76.92,54.9,"Contract","Rent","Vehicle",0
93814,23.25,727402,1.45,"2318504",4.93,27.38,28.4,"Salaried","Rent","Other",0
93829,20.25,1672242,0.99,"5834744",36.37,121.79,67.3,"Self-employed","Mortgage","Home_improvement",0
93835,22.75,235851,1.34,"267159",31.95,104.39,62,"Contract","Mortgage","Vehicle",0
93851,23.75,2697539,1.98,"7043965",16.22,59.7,41.6,"Self-employed","Rent","Other",1
93854,18.75,335097,1.1,"518322",21.33,73.4,48.2,"Salaried","Rent","Vehicle",1
93858,17.75,436197,1.36,"1577046",21.13,77.99,53,"Salaried","Mortgage","Vehicle",0
93860,19.25,382540,0.98,"322850",3.18,19.97,36.1,"Salaried","Mortgage","Vehicle",0
93863,20.75,302690,1.67,"612112",32.44,104.92,62.3,"Salaried","Own","Debt_consolidation",1
93864,16.75,563048,1.4,"1227883",22.35,73.71,55.2,"Salaried","Mortgage","Home_improvement",0
93868,14.25,884381,1.56,"383752",11.41,46.81,33.9,"Salaried","Mortgage","Home_improvement",0
93895,19.25,339272,1.35,"543562",17.13,60.81,44.9,"Salaried","Own","Debt_consolidation",0
93903,22.75,1012335,1.83,"3034534",39.83,129.35,64.1,"Contract","Mortgage","Vehicle",1
93910,25.25,617312,1.75,"955806",0.59,9.34,23.7,"Contract","Mortgage","Home_improvement",1
93914,35,4895,0.54,"6421",38.93,127.62,70.5,"Unemployed","Rent","Debt_consolidation",1
93922,21.25,1745432,1.72,"4748451",27.69,94.57,60.3,"Self-employed","Mortgage","Vehicle",1
93936,20.25,1913576,1.83,"5759944",36.1,123.03,63,"Self-employed","Mortgage","Home_improvement",1
93938,18.25,490733,1.92,"1429591",29.02,94.1,62.3,"Salaried","Mortgage","Home_improvement",1
93945,21.75,549228,1.77,"1199131",3.34,24.75,37.7,"Contract","Mortgage","Home_improvement",1
93948,15.75,204402,1.57,"94043",39.83,129.49,73,"Salaried","Mortgage","Home_improvement",0
93959,21.75,212378,0.72,"744048",10.88,38.62,39.8,"Salaried","Rent","Other",0
93970,17.25,844903,1.71,"368230",28.28,95.47,50.9,"Self-employed","Mortgage","Vehicle",1
93971,16.75,130414,1.71,"245238",14.81,54.63,44.6,"Salaried","Mortgage","Home_improvement",0
93975,18.75,526954,1.52,"1159610",9.93,38.84,33.1,"Salaried","Rent","Vehicle",1
93979,20.25,697456,1.59,"458761",38.07,125.88,67.1,"Contract","Mortgage","Vehicle",1
93983,18.75,217379,0.87,"344118",26.34,91.58,53.9,"Salaried","Rent","Vehicle",1
93989,16.75,322871,1.85,"474551",13.61,54.07,44.1,"Salaried","Mortgage","Home_improvement",0
93997,21.25,1027281,1.31,"1597251",18.74,65.86,52.7,"Contract","Mortgage","Vehicle",0
94003,20.25,258571,1.78,"382519",34.71,112.96,66.9,"Salaried","Rent","Vehicle",1
94004,16.75,564205,1.15,"546606",26.11,93.76,53.4,"Salaried","Mortgage","Home_improvement",1
94006,18.25,526723,1.5,"158970",2.61,17.24,28,"Salaried","Rent","Vehicle",0
94009,23.75,1615911,1.76,"2837776",19.29,68.4,48,"Self-employed","Rent","Other",0
94012,15.75,350489,1.75,"156244",35.09,114.12,68.2,"Salaried","Mortgage","Home_improvement",0
94015,17.75,363236,1.79,"1005374",16.54,55.77,48.9,"Salaried","Mortgage","Vehicle",1
94035,16.75,350653,1.7,"903633",22.78,78.52,52.1,"Salaried","Mortgage","Home_improvement",0
94038,16.75,263819,1.5,"597497",18.79,62.58,43.4,"Salaried","Mortgage","Home_improvement",0
94039,17.75,457956,1.54,"798555",19.19,61.83,51.3,"Salaried","Mortgage","Vehicle",0
94041,23.25,265090,1.51,"487440",3.72,18.05,29.3,"Salaried","Rent","Other",0
94050,16.75,365467,1.13,"444098",22.11,79.27,50.1,"Salaried","Mortgage","Home_improvement",1
94051,16.75,571971,1.16,"1894162",8.2,35.85,40.2,"Salaried","Mortgage","Home_improvement",1
94062,35,5262,0.4,"6655",2.83,23.62,32.7,"Unemployed","Rent","Debt_consolidation",1
94066,18.75,612132,1.16,"494614",10.69,38.48,38.9,"Salaried","Rent","Vehicle",0
94073,35,5021,0.66,"14340",32.11,104.87,65.3,"Unemployed","Rent","Debt_consolidation",0
94079,22.75,186644,1.52,"677766",1.94,16.7,26.3,"Salaried","Own","Debt_consolidation",0
94086,19.25,929397,1.15,"525984",6.39,28.48,28.5,"Contract","Mortgage","Home_improvement",1
94088,21.25,1297918,1.49,"2145962",15.79,57.54,45,"Contract","Mortgage","Vehicle",1
94092,21.75,633027,1.39,"770739",17.32,57.91,45.8,"Salaried","Rent","Other",0
94095,21.25,455809,2.33,"1162878",28.92,93.36,63,"Self-employed","Mortgage","Vehicle",1
94120,34.25,6942,0.61,"3102",16.27,62.39,50.1,"Unemployed","Rent","Other",1
94133,17.75,311490,1.76,"215300",21.87,74.26,54.8,"Salaried","Mortgage","Vehicle",1
94137,19.25,614434,1.51,"1189267",26.16,87.9,54.9,"Salaried","Own","Debt_consolidation",0
94147,21.25,868496,1.38,"642784",28.69,98.79,56.9,"Contract","Mortgage","Vehicle",1
94155,18.75,258905,1.71,"221519",24.07,86.23,48.1,"Salaried","Rent","Vehicle",1
94164,18.75,145247,1.32,"176518",11.07,45.39,36.2,"Salaried","Rent","Vehicle",0
94170,21.25,743437,1.75,"579861",0.77,13,30.3,"Salaried","Mortgage","Vehicle",0
94171,21.25,316418,2.21,"874381",21.36,70.43,51.5,"Contract","Mortgage","Vehicle",1
94201,17.75,210573,1.6,"234929",27.54,92.03,56.7,"Salaried","Mortgage","Vehicle",0
94208,21.25,387232,1.69,"731887",22.85,81.29,54.2,"Contract","Mortgage","Vehicle",1
94211,20.25,436459,0.85,"724483",1,18.1,33,"Salaried","Mortgage","Home_improvement",1
94212,17.75,306315,1.25,"890633",15.11,54.67,39.9,"Salaried","Mortgage","Vehicle",0
94213,19.25,170391,1.69,"196049",6.01,28.19,40.8,"Salaried","Mortgage","Vehicle",0
94215,19.75,1418572,2.29,"5181561",9.43,35.95,43,"Self-employed","Mortgage","Vehicle",1
94217,19.25,262613,1.37,"331465",15.05,58.47,40.4,"Salaried","Own","Debt_consolidation",0
94226,26.75,154587,2.44,"367298",4.04,19.95,28.6,"Contract","Rent","Other",1
94229,18.75,2755873,1.54,"2887777",24.44,82.83,50,"Self-employed","Mortgage","Home_improvement",1
94231,21.75,298662,0.92,"1081782",21.63,77.8,53.2,"Salaried","Rent","Other",1
94244,35,7326,0.5,"23298",16.18,56.52,45.2,"Unemployed","Rent","Debt_consolidation",1
94245,19.75,1175751,1.36,"2111763",14.19,52.3,44.1,"Self-employed","Mortgage","Vehicle",0
94247,15.25,76639,1.78,"28671",9.2,33.73,34.3,"Salaried","Mortgage","Vehicle",0
94248,17.75,181033,1.41,"614155",24.75,84.27,52.1,"Salaried","Mortgage","Vehicle",0
94254,22.75,437296,1.44,"1327577",1.53,12.47,25.6,"Salaried","Own","Debt_consolidation",0
94256,35,4697,0.52,"5788",1.18,14.22,26.5,"Unemployed","Mortgage","Debt_consolidation",1
94257,21.25,318797,1.29,"655152",19.35,64.22,43,"Contract","Mortgage","Vehicle",1
94271,19.25,373283,0.86,"307136",27.96,97.18,57.3,"Salaried","Own","Debt_consolidation",0
94280,18.75,663110,1.33,"814052",9.5,43.41,36.9,"Salaried","Rent","Vehicle",0
94285,20.25,249630,1.7,"746543",36.13,117.06,64.1,"Salaried","Rent","Vehicle",0
94312,20.25,206458,1.41,"310628",6.76,30.6,39.4,"Salaried","Rent","Vehicle",0
94323,20.25,348616,1.31,"983255",28.66,93.35,61.5,"Salaried","Rent","Vehicle",0
94326,21.25,2163447,1.17,"1914513",21.79,71.61,49.8,"Self-employed","Own","Debt_consolidation",1
94328,31.75,8125,0.51,"2568",24.18,82.1,55.2,"Unemployed","Rent","Debt_consolidation",0
94331,18.75,176507,2.04,"133593",26.81,93.06,50.6,"Salaried","Rent","Vehicle",1
94333,18.75,293622,1.43,"392112",9.91,38,34.1,"Salaried","Rent","Vehicle",0
94334,18.75,350941,1.96,"530410",20.85,72.3,50.8,"Salaried","Rent","Vehicle",0
94336,18.75,186225,1.52,"566370",14.59,53.82,40.4,"Salaried","Rent","Vehicle",0
94348,19.25,1890419,1.83,"579848",1.64,18.19,34.6,"Self-employed","Mortgage","Vehicle",0
94351,20.25,438628,1.72,"1443291",2.03,11.24,30.9,"Salaried","Mortgage","Home_improvement",0
94361,17.75,206916,1.02,"469683",29.97,100.92,59.1,"Salaried","Mortgage","Vehicle",0
94364,35,6205,0.64,"14337",35.66,115.7,62.3,"Unemployed","Rent","Debt_consolidation",1
94366,21.25,1499992,2.29,"4232584",9.79,40.89,32.7,"Self-employed","Own","Debt_consolidation",1
94383,35,5255,0.53,"10497",26.3,78.3,57.6,"Unemployed","Rent","Other",1
94385,18.75,285612,1.83,"272183",24.91,83.09,55.1,"Salaried","Rent","Vehicle",1
94389,18.25,228883,1.44,"684375",4.76,21.39,28.5,"Salaried","Mortgage","Home_improvement",0
94391,19.25,434035,1.68,"1002424",19.13,72.84,46.8,"Salaried","Own","Debt_consolidation",1
94400,17.75,212292,1.56,"723170",24.72,84.88,54.3,"Salaried","Mortgage","Vehicle",1
94403,18.75,526380,1.64,"1548836",14.62,52.04,40.7,"Salaried","Rent","Vehicle",1
94406,19.25,369204,0.92,"755782",34.93,112.97,61.9,"Salaried","Mortgage","Vehicle",0
94429,25.25,1304671,1.52,"4748013",4.03,20.76,27.3,"Self-employed","Rent","Other",0
94458,17.75,402664,0.96,"486001",26.27,84.46,49.5,"Salaried","Mortgage","Vehicle",1
94465,23.75,1464518,2.05,"3015875",22.04,78.81,47.9,"Self-employed","Rent","Other",0
94477,17.75,754248,1.75,"1737735",12.6,40.51,44.1,"Salaried","Mortgage","Vehicle",1
94490,20.25,223636,1.32,"614113",1.76,14.71,32.6,"Salaried","Mortgage","Home_improvement",0
94496,21.25,299151,1.42,"627012",0.42,11.64,30.5,"Salaried","Mortgage","Vehicle",0
94532,33.25,3437,0.39,"7997",20.25,69.82,48.8,"Unemployed","Rent","Other",0
94538,16.75,309666,1.51,"1107777",22.05,78.82,44.8,"Salaried","Mortgage","Home_improvement",0
94540,18.75,477497,1.82,"1165267",7.42,32.37,36.6,"Salaried","Rent","Vehicle",0
94542,19.25,146099,1.54,"476079",21.81,77.79,55.4,"Salaried","Own","Debt_consolidation",0
94547,19.25,452410,1.67,"454889",34.46,111.83,64.5,"Salaried","Mortgage","Vehicle",1
94556,17.75,294788,1.12,"913997",16.78,63.42,51.1,"Salaried","Mortgage","Vehicle",1
94559,18.75,178332,1.94,"256025",7.43,27.63,40.1,"Salaried","Rent","Vehicle",0
94565,16.75,361249,1.6,"128545",8.74,36.74,31.4,"Salaried","Own","Debt_consolidation",0
94571,22.75,862611,1.72,"364060",15.44,53.89,40.9,"Contract","Rent","Other",1
94574,15.25,478670,1.18,"273067",19.39,67.98,45,"Salaried","Mortgage","Vehicle",0
94580,18.25,317806,1.67,"130374",32.86,106.02,63,"Salaried","Own","Debt_consolidation",1
94589,23.25,3456079,1.84,"6131397",0.17,9.76,30.3,"Self-employed","Mortgage","Vehicle",0
94593,19.25,227576,1.27,"704177",36.77,119.52,67,"Salaried","Mortgage","Vehicle",1
94602,21.75,614803,0.96,"709835",24.13,80.02,47.5,"Salaried","Rent","Other",1
94603,20.25,1331634,1.17,"2599135",5.84,29,40,"Self-employed","Mortgage","Home_improvement",0
94615,16.75,339650,0.6,"1211607",30.68,108.35,58.3,"Salaried","Mortgage","Home_improvement",1
94637,18.75,508372,1.87,"703070",17.69,64.29,40.5,"Salaried","Rent","Vehicle",1
94645,21.75,596574,1.59,"708294",12.29,47.18,45.7,"Salaried","Rent","Other",0
94654,20.25,368042,1.18,"832962",33.76,108.99,62.3,"Salaried","Rent","Vehicle",1
94672,22.25,602056,1.53,"476426",33.13,108.24,57.1,"Contract","Rent","Vehicle",1
94699,17.75,553218,1.26,"1426791",14.41,59.24,37.8,"Salaried","Mortgage","Vehicle",0
94723,35,7623,0.49,"16096",24.68,86.63,58.1,"Unemployed","Rent","Debt_consolidation",0
94727,21.75,328509,1.14,"329151",11.77,48.4,39.1,"Salaried","Rent","Other",1
94745,16.75,334232,1.97,"587324",10.32,43.86,37.6,"Salaried","Mortgage","Home_improvement",1
94753,16.75,787956,1.11,"489297",32.5,104.43,60.8,"Salaried","Mortgage","Vehicle",1
94757,19.75,1598318,1.91,"1540349",33.62,111.32,56.4,"Self-employed","Mortgage","Vehicle",1
94760,23.25,307417,1.11,"550345",33.67,107.96,60.5,"Salaried","Rent","Other",1
94762,20.25,583244,1.3,"1750287",22.2,78,51.9,"Contract","Mortgage","Home_improvement",1
94795,24.25,231584,1.3,"178625",0.85,10.14,23.2,"Salaried","Own","Debt_consolidation",0
94806,23.25,745193,1.66,"1513017",28.73,90.63,52.5,"Contract","Mortgage","Debt_consolidation",1
94812,24.25,1118917,1.78,"1296149",39.24,129.65,72.7,"Contract","Own","Debt_consolidation",1
94835,18.75,308380,1.41,"742765",24.36,80.53,49.4,"Salaried","Rent","Vehicle",1
94842,18.75,659029,1.38,"1989418",28.86,97.47,57,"Salaried","Rent","Vehicle",0
94858,35,4737,0.52,"15397",27.01,89,55.8,"Unemployed","Rent","Debt_consolidation",1
94861,18.75,309684,1.57,"349770",9.26,41.02,39.2,"Salaried","Rent","Vehicle",0
94872,17.75,700223,1.41,"493301",16.87,65.65,43.1,"Salaried","Mortgage","Vehicle",1
94875,20.75,537023,1.4,"1954389",39.76,136.38,70.6,"Salaried","Own","Debt_consolidation",0
94891,16.75,264673,1.48,"1005443",25.09,85.13,49.4,"Salaried","Mortgage","Home_improvement",0
94898,20.25,562062,1.05,"1143823",38.99,125.39,73.6,"Salaried","Rent","Vehicle",0
94901,16.75,107529,1.21,"318853",23.62,78.01,52.9,"Salaried","Mortgage","Home_improvement",0
94905,21.75,362180,1.64,"300532",29.19,99.59,53.3,"Salaried","Rent","Other",1
94925,21.25,1009472,1.65,"2790126",30.95,100.34,58.5,"Contract","Mortgage","Vehicle",1
94931,23.25,2001441,1.27,"3513241",5.67,22.94,28.9,"Self-employed","Mortgage","Debt_consolidation",0
94936,16.75,226110,1.55,"124725",29.55,99.66,61.3,"Salaried","Mortgage","Vehicle",0
94959,35,2785,0.61,"7578",38.06,123.17,63,"Unemployed","Rent","Debt_consolidation",1
94967,23.75,429753,1.61,"336403",7.13,27.98,29.4,"Self-employed","Rent","Other",0
94971,20.25,519898,1.49,"1257882",31.66,106.13,65.1,"Salaried","Rent","Vehicle",0
95021,23.25,156447,1.78,"402537",38.56,122.78,72.9,"Salaried","Rent","Other",0
95032,18.25,496111,1.56,"1462385",33.76,113.14,63.5,"Salaried","Mortgage","Home_improvement",1
95075,19.75,578884,1.39,"487959",11.8,44.7,37.7,"Self-employed","Mortgage","Vehicle",1
95079,17.75,223760,1.49,"750200",15.08,58.59,41.5,"Salaried","Mortgage","Vehicle",0
95080,19.25,142112,1.08,"156161",4.91,23.64,38.3,"Salaried","Mortgage","Vehicle",0
95086,18.75,339505,0.99,"624775",33.9,115.21,57.5,"Salaried","Rent","Vehicle",0
95111,20.75,222848,1.58,"825483",3.2,18.68,35.4,"Salaried","Own","Debt_consolidation",0
95112,19.75,366390,2.25,"383142",21.63,75.52,52.8,"Self-employed","Mortgage","Vehicle",1
95121,16.75,300265,1.02,"825727",27.51,93.56,55.8,"Salaried","Mortgage","Home_improvement",1
95122,22.75,412742,1.36,"767698",0.58,18.16,24.5,"Salaried","Mortgage","Vehicle",0
95128,18.25,571408,1.29,"533352",38.69,125.69,62.1,"Salaried","Mortgage","Home_improvement",1
95134,35,5148,0.59,"6970",33.39,110.42,65.3,"Unemployed","Rent","Debt_consolidation",1
95150,34.25,3783,0.67,"11551",6.59,31.4,39.8,"Unemployed","Rent","Home_improvement",1
95163,22.25,190232,1.71,"449115",0.05,6.8,27.1,"Salaried","Rent","Vehicle",0
95171,32.75,8854,0.45,"17256",3.98,21.15,37.9,"Unemployed","Mortgage","Debt_consolidation",1
95190,25.25,1134985,2.09,"1406165",3.3,22.27,28,"Self-employed","Rent","Other",1
95191,33.75,1440,0.65,"3348",11.12,43.32,39.7,"Unemployed","Rent","Vehicle",0
95221,18.25,426165,1.35,"234446",5.11,24.13,28.4,"Salaried","Own","Debt_consolidation",0
95238,25.25,1230180,1.94,"2778622",32.36,107.66,61.2,"Self-employed","Rent","Other",1
95239,18.75,430096,1.52,"1621230",16.44,57.71,41.3,"Salaried","Rent","Vehicle",0
95243,20.25,538709,1.08,"1422524",3.45,20.09,30.5,"Salaried","Rent","Vehicle",0
95251,33.25,7522,0.42,"10994",25.67,86.32,59.3,"Unemployed","Rent","Other",1
95253,16.75,393330,1.25,"992576",28.83,93.03,54.1,"Salaried","Mortgage","Home_improvement",0
95257,16.75,611169,1,"1106213",7.3,32.28,29.5,"Salaried","Mortgage","Home_improvement",0
95260,17.75,212274,1.42,"507580",31.34,104.29,59.2,"Salaried","Mortgage","Vehicle",1
95269,25.25,1388658,1.99,"1790232",39.19,128.68,65.7,"Self-employed","Rent","Other",1
95271,20.75,224321,2.16,"480509",6.25,26,39.6,"Salaried","Own","Debt_consolidation",0
95291,16.75,257363,1.77,"932849",25.86,84.15,51.9,"Salaried","Mortgage","Home_improvement",1
95311,35,3369,0.58,"12321",19.99,69.81,49.3,"Unemployed","Rent","Debt_consolidation",0
95321,23.25,670880,1.14,"1077835",30.62,101.11,63.6,"Salaried","Rent","Other",1
95323,16.25,270645,1.1,"109574",12.49,49.28,35.7,"Salaried","Rent","Vehicle",1
95326,23.75,1574888,2.41,"5065262",13.72,55.56,42.9,"Self-employed","Rent","Other",0
95346,21.75,201794,1.05,"323209",31.37,104.34,56,"Salaried","Rent","Other",1
95358,18.75,243935,1.09,"616421",37.04,120.09,59.2,"Salaried","Rent","Vehicle",0
95385,18.75,616748,1.29,"1585157",28.11,94.73,52.5,"Salaried","Rent","Vehicle",1
95387,35,6677,0.64,"13928",34.73,110.21,69.3,"Unemployed","Rent","Debt_consolidation",1
95391,22.75,430700,1.74,"161693",17.31,62.01,50.3,"Contract","Rent","Other",1
95392,19.25,601287,1.97,"1938467",13.08,51.38,43.2,"Salaried","Own","Debt_consolidation",1
95394,19.25,345629,2.15,"172782",23.92,83.07,57.8,"Salaried","Rent","Other",1
95397,18.75,360232,1.36,"787536",27.97,89.52,51.1,"Salaried","Rent","Vehicle",0
95401,15.25,666670,1.53,"205973",23.41,75.23,52.2,"Salaried","Own","Debt_consolidation",0
95402,34.75,1977,0.49,"7447",7.93,33.66,31.7,"Unemployed","Mortgage","Debt_consolidation",0
95411,18.25,663808,1.8,"1078858",29.51,96.91,60.1,"Salaried","Mortgage","Home_improvement",1
95417,17.75,598299,0.91,"1695372",30.67,100.72,59,"Salaried","Mortgage","Vehicle",1
95428,17.75,399506,1.61,"897949",27,90.08,51.8,"Salaried","Mortgage","Vehicle",0
95434,25.25,2570509,1.39,"5404312",29.67,100.07,64.6,"Self-employed","Rent","Other",1
95437,20.25,338267,1.45,"376750",1.99,15.62,35.9,"Salaried","Mortgage","Home_improvement",0
95455,23.75,1276905,1.47,"2401914",33.06,110.11,67.4,"Contract","Rent","Vehicle",0
95463,21.75,265127,1.9,"718801",35.66,112.3,68.3,"Contract","Mortgage","Home_improvement",0
95469,20.25,421959,1.51,"969758",4.32,23.62,31.5,"Salaried","Rent","Vehicle",1
95482,18.25,350822,1.11,"1285870",38.33,130.43,71.4,"Salaried","Mortgage","Home_improvement",1
95484,20.75,3498733,1.3,"2190510",39.45,127.66,69,"Self-employed","Mortgage","Debt_consolidation",1
95494,23.75,1888140,1.9,"2208101",9.26,32.77,39,"Self-employed","Rent","Other",1
95535,22.75,262054,1.23,"694834",6.41,30.34,35.3,"Contract","Mortgage","Vehicle",1
95564,20.25,465648,1.7,"933327",29.38,99.46,62.1,"Salaried","Rent","Vehicle",1
95571,19.25,724927,1.49,"2574392",9.97,35.38,43.6,"Salaried","Own","Debt_consolidation",0
95582,18.75,247483,1.28,"632042",21.4,71.28,48.5,"Salaried","Rent","Vehicle",0
95592,16.75,219936,1.54,"473953",20.66,71.48,46.2,"Salaried","Mortgage","Home_improvement",0
95603,23.75,2224101,2,"7959052",1.08,16.56,24.9,"Self-employed","Mortgage","Home_improvement",0
95626,15.25,596786,1.72,"186586",20.77,70.12,46.2,"Salaried","Own","Debt_consolidation",0
95646,31.25,4685,0.6,"2915",14.71,55.53,39.7,"Unemployed","Rent","Vehicle",0
95689,18.25,296596,1.35,"878884",5.14,20.27,35.4,"Salaried","Mortgage","Home_improvement",1
95694,20.25,291604,1.14,"273143",37.59,122.74,61.6,"Salaried","Rent","Vehicle",0
95708,23.75,1815068,1.84,"6160135",24,78.37,49.9,"Self-employed","Rent","Other",1
95717,26.75,763020,1.32,"2033130",37.13,117.66,62.7,"Contract","Rent","Other",1
95720,20.25,274392,1.74,"764762",34.18,120.72,68.9,"Salaried","Rent","Vehicle",1
95747,18.75,228598,1.47,"424661",8.63,38.22,38.2,"Salaried","Rent","Vehicle",0
95751,18.75,331147,1.18,"426497",30.42,99.35,55.4,"Salaried","Rent","Vehicle",1
95753,17.75,197618,0.96,"560129",25.9,88.66,53.9,"Salaried","Mortgage","Vehicle",0
95758,28.25,5266,0.36,"5918",4.15,20.66,39,"Unemployed","Rent","Home_improvement",0
95759,17.75,208500,1.68,"387588",20.81,73.81,44.8,"Salaried","Mortgage","Vehicle",0
95770,33.75,4823,0.44,"12197",4.46,26.75,33.6,"Unemployed","Rent","Debt_consolidation",1
95774,17.75,275607,1.19,"641769",13.5,50.48,42.6,"Salaried","Mortgage","Vehicle",0
95776,21.75,603453,1.6,"2258280",13.84,51.71,36.2,"Salaried","Rent","Other",1
95779,17.75,519368,1.89,"1204057",23.75,80.11,57.1,"Salaried","Mortgage","Vehicle",0
95780,16.75,695474,1.63,"279094",3.39,20.6,37.4,"Salaried","Mortgage","Vehicle",0
95784,18.75,188078,1.07,"526121",9.05,31.91,32.1,"Salaried","Rent","Vehicle",1
95788,32.25,4546,0.39,"16787",35.68,115.81,58.9,"Unemployed","Rent","Debt_consolidation",1
95794,20.25,852558,2.69,"2824534",19.56,66.43,54.3,"Contract","Mortgage","Home_improvement",0
95802,21.75,450002,1.96,"885776",12.38,48.91,44.7,"Salaried","Rent","Other",0
95815,25.25,1859129,2.05,"4710063",32.02,103.74,63.1,"Self-employed","Rent","Other",1
95816,18.75,185296,1.26,"674370",9.18,38.58,37.5,"Salaried","Rent","Vehicle",0
95817,17.75,302964,1.69,"973317",8.87,36.41,43.1,"Salaried","Mortgage","Vehicle",0
95820,17.75,158545,1.72,"413010",8.73,28.08,31.2,"Salaried","Mortgage","Vehicle",0
95841,25.25,186597,1.04,"128758",39.22,124.73,61.4,"Self-employed","Rent","Other",1
95851,18.75,296158,2.09,"911235",12.7,48.15,39.9,"Salaried","Rent","Vehicle",0
95880,22.25,632510,1.95,"2199381",7.7,27.73,40.5,"Contract","Rent","Vehicle",1
95915,21.75,564146,1.55,"804076",7.26,30.81,40.8,"Salaried","Rent","Other",1
95922,22.75,1469518,2.07,"3397806",4.22,22.72,33.7,"Self-employed","Own","Debt_consolidation",1
95923,19.25,639331,1.52,"1266885",9.73,37.23,40.3,"Salaried","Own","Debt_consolidation",1
95950,30.25,3644,0.39,"8527",23.17,74.99,57.3,"Unemployed","Rent","Vehicle",0
95961,20.75,92813,1.86,"45981",33.88,114.52,61.3,"Salaried","Rent","Other",0
95962,20.75,414246,1.06,"1445401",37.2,123.51,60.5,"Salaried","Own","Debt_consolidation",1
95972,21.75,405910,2.17,"372163",36.65,125.44,59.9,"Salaried","Rent","Other",1
95978,35,6024,0.59,"16151",37.56,121.08,67.2,"Unemployed","Rent","Debt_consolidation",1
95994,24.75,655531,1.55,"1248942",0.62,14.3,28.3,"Contract","Mortgage","Vehicle",1
95997,23.25,707401,1.54,"1185293",32.14,106.41,58.9,"Contract","Mortgage","Debt_consolidation",0
96011,20.25,339874,1.25,"1290157",34.51,111.45,60.2,"Salaried","Rent","Vehicle",1
96032,21.75,869986,1.31,"685795",18.63,60.29,51,"Self-employed","Mortgage","Debt_consolidation",1
96034,19.75,1172865,1.54,"2629851",14.69,54.1,49.2,"Self-employed","Mortgage","Vehicle",1
96038,16.75,135220,1.08,"78514",18.05,62.71,42.5,"Salaried","Own","Debt_consolidation",0
96041,17.75,205763,2.01,"450727",11.75,42.69,43.1,"Salaried","Mortgage","Vehicle",1
96048,22.75,852376,1.4,"917153",38.94,125.4,63.6,"Contract","Mortgage","Vehicle",0
96054,25.25,1946399,1.35,"5915248",26.4,84.6,60.7,"Self-employed","Rent","Other",0
96060,15.25,603143,1.26,"334061",20.83,73.94,52.5,"Salaried","Mortgage","Vehicle",1
96069,22.75,296927,1.44,"757368",28.9,97.47,52.3,"Contract","Own","Debt_consolidation",1
96087,21.25,1275997,1.46,"3567185",21.33,76.61,55.4,"Self-employed","Own","Debt_consolidation",1
96133,28.75,7444,0.29,"24326",24.1,85.74,52.4,"Unemployed","Mortgage","Debt_consolidation",1
96139,18.25,305515,1.23,"627777",35.59,116.97,62.7,"Salaried","Mortgage","Home_improvement",1
96182,19.25,541174,1.81,"511517",36.56,116.93,60.5,"Salaried","Mortgage","Vehicle",1
96188,21.75,284931,1.21,"703285",6.27,26.69,36.1,"Contract","Mortgage","Home_improvement",1
96192,18.75,507058,1.56,"912736",22.47,76.14,52.9,"Salaried","Rent","Vehicle",1
96202,33.25,2486,0.64,"1137",12.47,47.53,44.2,"Unemployed","Rent","Debt_consolidation",1
96215,16.25,528272,1.39,"183148",29.9,101.92,56.4,"Salaried","Rent","Vehicle",0
96235,18.25,350049,1.38,"318104",3.68,21.58,27.5,"Salaried","Mortgage","Home_improvement",1
96258,17.75,349743,1.82,"444862",7.12,31.89,40.3,"Salaried","Mortgage","Vehicle",0
96269,16.75,152187,1.17,"80442",6.92,33.8,30.6,"Salaried","Mortgage","Vehicle",0
96328,17.75,264744,1.54,"476279",20.07,74.91,50.7,"Salaried","Mortgage","Vehicle",0
96336,23.75,3590147,2.66,"12571344",11.17,44.11,37,"Self-employed","Rent","Other",1
96342,27.25,2401915,1.62,"3445024",1.64,12.37,32.5,"Self-employed","Rent","Other",1
96350,20.75,646212,1.81,"1382362",29.42,94.01,63.8,"Salaried","Own","Debt_consolidation",1
96352,18.25,525621,1.2,"224281",6.68,28.02,33.2,"Salaried","Own","Debt_consolidation",0
96362,16.75,388120,1.25,"324909",12.16,45.31,41.1,"Salaried","Mortgage","Home_improvement",0
96371,18.75,304947,1.79,"272204",25.96,92.47,54.5,"Salaried","Rent","Vehicle",1
96379,35,2118,0.49,"4523",17.81,61.37,48.2,"Unemployed","Rent","Other",1
96384,35,6370,0.61,"13053",39.08,123.03,67.1,"Unemployed","Rent","Debt_consolidation",1
96387,21.25,700355,1.45,"1703874",7.44,37.88,38.2,"Contract","Mortgage","Vehicle",0
96393,34.75,7983,0.56,"7500",28.17,94,51.9,"Unemployed","Mortgage","Debt_consolidation",1
96398,24.75,565074,1.92,"1012814",34.57,113.82,69,"Contract","Mortgage","Debt_consolidation",1
96414,17.75,562509,1.35,"1266939",12.13,42.13,43.5,"Salaried","Mortgage","Vehicle",1
96417,16.75,353698,1.25,"222883",6.35,32.09,38.1,"Salaried","Mortgage","Vehicle",1
96426,23.25,319489,1.23,"954053",38.88,122.31,73.6,"Salaried","Rent","Other",1
96432,25.25,585393,1.77,"899798",18.93,66.67,44.4,"Contract","Rent","Other",1
96435,20.25,758298,1.3,"1739477",4.36,19.95,38.4,"Salaried","Rent","Vehicle",1
96442,20.75,548840,1.32,"1185718",5.88,27.65,37.4,"Salaried","Own","Debt_consolidation",1
96450,33.75,4058,0.51,"6050",15.3,57.86,43,"Unemployed","Rent","Vehicle",0
96459,18.75,215678,1.41,"403566",20.72,74.69,54.2,"Salaried","Rent","Vehicle",1
96460,17.75,257884,1.29,"769013",18.55,70.65,53,"Salaried","Mortgage","Vehicle",1
96475,17.75,81579,1.59,"206138",29.74,97.23,55.3,"Salaried","Mortgage","Vehicle",1
96479,25.25,2036411,2.07,"7684736",5.87,27.73,35.4,"Self-employed","Rent","Other",1
96497,17.25,2059686,1.85,"641425",3.07,21.78,26.2,"Self-employed","Mortgage","Vehicle",0
96500,23.25,1001926,1.97,"3226646",13.96,52.7,42.4,"Contract","Mortgage","Debt_consolidation",1
96522,23.75,1004337,1.27,"3305596",25.97,90.11,56.8,"Self-employed","Rent","Other",0
96534,18.75,404765,1.65,"512665",10.71,38.21,34.3,"Salaried","Rent","Vehicle",0
96538,35,5152,0.61,"13696",11.01,44.83,43.6,"Unemployed","Rent","Debt_consolidation",1
96547,20.25,271389,1.65,"990494",2.46,15.12,30.8,"Salaried","Mortgage","Home_improvement",1
96559,23.75,2535013,1.93,"5610332",28.53,88.12,54.1,"Self-employed","Rent","Other",0
96564,18.75,212480,1.87,"625494",20.93,70.42,50.8,"Salaried","Rent","Vehicle",0
96575,21.25,2224389,1.89,"1654293",30.36,95.96,58.9,"Self-employed","Own","Debt_consolidation",0
96577,20.25,414086,1.3,"529400",6.74,29.62,36.7,"Salaried","Rent","Vehicle",0
96584,16.75,271859,1.1,"342649",26.04,89.37,59.8,"Salaried","Mortgage","Home_improvement",1
96590,17.75,126992,1.35,"135548",17.96,60.9,49.5,"Salaried","Mortgage","Vehicle",1
96591,24.25,655792,1.68,"1364364",37.22,120.56,65.9,"Contract","Own","Debt_consolidation",0
96602,23.25,200719,1.99,"257694",37.61,126.47,65.6,"Salaried","Rent","Other",1
96603,18.75,673295,2.07,"731378",19.95,70.19,43.8,"Salaried","Rent","Vehicle",0
96605,17.75,229720,1.36,"135828",3.75,20.01,27.6,"Salaried","Rent","Vehicle",0
96612,17.75,453623,1.72,"509975",21.98,77.69,51.7,"Salaried","Mortgage","Vehicle",1
96614,34.75,4572,0.57,"1703",4.78,27.8,39,"Unemployed","Rent","Debt_consolidation",0
96615,21.75,274658,1.66,"682787",9.46,35.27,31.5,"Salaried","Rent","Other",0
96617,18.25,243928,1.43,"807127",34.19,112.19,60.3,"Salaried","Mortgage","Home_improvement",1
96620,23.75,3305469,1.93,"3851796",10.04,38.04,40.8,"Self-employed","Rent","Other",1
96633,26.75,703849,2.24,"1672337",31.68,105.86,64.8,"Contract","Rent","Other",1
96641,32.25,4114,0.4,"14904",12.78,49.78,38.3,"Unemployed","Rent","Debt_consolidation",1
96643,23.75,2812957,1.45,"1973638",10.14,45.34,43.3,"Self-employed","Rent","Other",1
96646,20.25,341357,1.21,"901344",33.97,108.5,61.5,"Salaried","Rent","Vehicle",0
96652,21.75,1384912,1.92,"1334172",27.47,89.11,55,"Self-employed","Mortgage","Debt_consolidation",1
96659,23.75,456387,1.78,"1257509",4.19,22.91,28.1,"Contract","Rent","Vehicle",0
96672,18.75,1642433,2.19,"3572712",29.15,98.9,53.9,"Self-employed","Mortgage","Home_improvement",1
96673,20.25,339177,1.73,"397348",6.36,33.16,34.3,"Salaried","Rent","Vehicle",0
96680,19.25,536040,1.56,"1828691",24.47,81.93,51.4,"Salaried","Own","Debt_consolidation",1
96688,22.75,1231069,1.72,"1941070",27.46,93.44,61.3,"Contract","Mortgage","Vehicle",1
96713,20.25,779009,1.89,"801983",0.43,14.14,33,"Salaried","Mortgage","Home_improvement",0
96732,22.75,2868525,2.06,"4345307",6.1,27.4,35.2,"Self-employed","Own","Debt_consolidation",1
96737,19.25,86053,1.29,"139816",35.15,117.89,70.1,"Salaried","Mortgage","Vehicle",1
96743,23.25,1839816,1.72,"2384684",4.39,25.86,36.8,"Self-employed","Mortgage","Debt_consolidation",0
96754,17.75,197484,1.25,"202024",7.34,29.88,35.2,"Salaried","Mortgage","Vehicle",0
96761,16.75,322759,1.63,"264806",9.86,42.05,44.1,"Salaried","Mortgage","Home_improvement",0
96768,26.25,673707,1.69,"2526086",2.03,20.66,30.1,"Contract","Own","Debt_consolidation",1
96770,21.25,447000,1.23,"1029280",16.12,60.21,48.2,"Self-employed","Own","Debt_consolidation",0
96790,19.25,209570,1.33,"669316",6.37,33.69,29.1,"Salaried","Mortgage","Vehicle",1
96806,17.75,695585,1.33,"787100",20.2,64.23,48.6,"Salaried","Mortgage","Vehicle",1
96809,20.25,341969,1.18,"1000864",6.35,26.31,36.6,"Salaried","Rent","Vehicle",0
96812,16.75,629810,1.87,"414251",31.64,101.7,64.9,"Salaried","Mortgage","Vehicle",0
96813,16.75,116655,1.58,"144052",18.08,65.08,50.5,"Salaried","Mortgage","Home_improvement",0
96814,23.25,1012872,1.77,"3104084",30.21,102.11,58.4,"Contract","Mortgage","Debt_consolidation",1
96815,19.75,833005,2.22,"271342",15.96,53.58,47.2,"Self-employed","Rent","Other",0
96817,18.75,361303,1.39,"813553",27.98,100.18,58.1,"Salaried","Rent","Vehicle",0
96829,19.25,1738719,1.98,"1027911",12.76,44.25,39.9,"Self-employed","Mortgage","Debt_consolidation",1
96846,20.25,513648,1.48,"1348926",38.48,124.73,60.8,"Salaried","Rent","Vehicle",1
96861,27.25,2604610,1.66,"9614634",2.09,15.97,28.7,"Self-employed","Rent","Other",1
96871,24.75,446718,1.45,"1549709",27.71,89.64,61.7,"Contract","Mortgage","Debt_consolidation",1
96875,21.25,266151,0.96,"745383",2.26,17.24,29.4,"Salaried","Mortgage","Vehicle",0
96876,19.25,229919,1.46,"258379",38.89,124.38,68.4,"Salaried","Mortgage","Vehicle",1
96896,17.75,870022,2.34,"565179",26.96,90.73,61.9,"Self-employed","Mortgage","Home_improvement",1
96900,22.75,189144,1.68,"531390",1.46,13.06,32.9,"Salaried","Own","Debt_consolidation",0
96910,18.75,177231,1.56,"167844",13.13,48.48,45.7,"Salaried","Rent","Vehicle",0
96917,17.75,383040,2.09,"301774",31.18,106.8,53.4,"Salaried","Mortgage","Vehicle",1
96921,19.25,543956,1.52,"1931976",21.27,72.4,54.3,"Salaried","Own","Debt_consolidation",0
96958,19.75,2550678,0.9,"1931853",12.69,50.02,41.6,"Self-employed","Mortgage","Vehicle",0
96961,16.75,666454,2.09,"1928586",11,39.62,43.2,"Salaried","Mortgage","Home_improvement",0
96967,19.25,651508,1.57,"1459567",35.15,116.74,66.7,"Salaried","Mortgage","Vehicle",1
96970,21.25,2420072,1.78,"8936157",9.71,35.4,43.4,"Self-employed","Own","Debt_consolidation",1
96972,20.75,245644,1.36,"261621",5.93,25.86,38.8,"Salaried","Own","Debt_consolidation",0
96976,16.75,415145,1.73,"978377",7.52,30.56,35.5,"Salaried","Mortgage","Home_improvement",0
96978,27.25,3405285,1.62,"9804615",2.04,15.32,28.9,"Self-employed","Rent","Other",1
96999,21.75,390230,1.24,"1117251",30.68,102.66,59.1,"Salaried","Rent","Other",0
97015,24.75,1276944,1.78,"2600935",1.14,12.54,28.8,"Self-employed","Own","Debt_consolidation",1
97021,16.75,165957,1.54,"386272",31.25,106.07,56.1,"Salaried","Mortgage","Home_improvement",0
97041,22.25,349626,1.7,"770727",0.18,12.55,29.8,"Salaried","Rent","Vehicle",0
97042,21.25,733561,1.77,"937458",20.8,70.44,43.3,"Self-employed","Own","Debt_consolidation",1
97045,17.75,564387,1.6,"1342737",22.08,74.44,51.7,"Salaried","Mortgage","Vehicle",1
97055,21.25,504968,2.3,"464145",4.72,20.04,34.9,"Self-employed","Mortgage","Vehicle",0
97067,35,4011,0.63,"5219",15.36,55.86,44.6,"Unemployed","Rent","Debt_consolidation",0
97071,25.25,968226,1.42,"2757664",5.46,21.4,34.7,"Self-employed","Rent","Other",0
97084,22.25,396144,1.76,"1286363",1.02,11.54,34.9,"Salaried","Rent","Vehicle",0
97127,35,7101,0.6,"7192",34.07,108.38,66.7,"Unemployed","Rent","Debt_consolidation",1
97142,19.75,1487415,1.59,"1249015",28.74,95.86,55.8,"Self-employed","Mortgage","Vehicle",1
97146,17.75,401676,1.4,"1068261",7.72,32.16,30,"Salaried","Mortgage","Vehicle",1
97155,18.25,194280,1.91,"372269",37.29,119.09,68.7,"Salaried","Mortgage","Home_improvement",0
97186,15.25,558321,1.26,"200888",25.02,88.77,59.1,"Salaried","Mortgage","Vehicle",1
97215,23.75,2446335,1.72,"1401170",2.01,18.64,24.6,"Self-employed","Own","Debt_consolidation",1
97222,18.75,602351,1.7,"2056372",16.29,63.47,45.3,"Salaried","Rent","Vehicle",0
97230,17.75,260546,1.07,"430858",17.83,63.81,50.5,"Salaried","Mortgage","Vehicle",1
97232,19.25,333868,1.27,"589316",15.59,55.19,48.4,"Salaried","Own","Debt_consolidation",0
97236,20.25,354476,1.16,"1251448",2.29,15.36,33.3,"Salaried","Mortgage","Home_improvement",0
97245,21.75,595887,1.59,"598394",24.7,88.17,48.6,"Salaried","Rent","Other",1
97251,18.75,133028,2.15,"267614",26.63,83.06,58,"Salaried","Rent","Vehicle",1
97259,22.75,1055130,1.6,"2412772",7.75,30.2,39.2,"Contract","Own","Debt_consolidation",1
97267,23.25,1383708,2.34,"4979642",8.28,37.92,35.4,"Contract","Mortgage","Debt_consolidation",1
97272,20.25,1197105,1.13,"2253843",23.41,79.85,58.1,"Contract","Mortgage","Home_improvement",0
97278,18.75,443020,1.46,"1016626",25.54,87.85,58.2,"Salaried","Rent","Vehicle",1
97283,15.25,154266,1.27,"65812",24.63,86.01,55.2,"Salaried","Mortgage","Vehicle",0
97292,20.75,1243526,1.71,"557388",11.47,42.9,37.1,"Contract","Mortgage","Debt_consolidation",1
97308,18.75,88724,1.36,"177574",18.97,69.83,43.3,"Salaried","Rent","Vehicle",1
97309,21.25,3159650,1.51,"1549805",28.49,94.35,53.1,"Self-employed","Rent","Other",0
97337,16.75,238284,1.4,"344583",23.18,76.75,51.1,"Salaried","Mortgage","Home_improvement",1
97342,18.75,224434,1.19,"220637",7.69,33.8,31,"Salaried","Rent","Vehicle",0
97352,17.75,522292,1.39,"1004246",15.95,55.93,39.4,"Salaried","Mortgage","Vehicle",0
97358,15.75,705599,1.32,"357407",35.41,115.12,67.9,"Salaried","Mortgage","Home_improvement",1
97366,21.75,546579,1.31,"1024848",25.48,85.49,48.4,"Salaried","Rent","Other",0
97371,20.25,404596,1.52,"899440",2.56,13.18,31.3,"Salaried","Mortgage","Home_improvement",0
97377,21.75,1738367,1.46,"5167412",10.14,37.86,40.1,"Self-employed","Mortgage","Debt_consolidation",1
97385,23.75,2203059,2.05,"2149368",23.42,78.85,46.8,"Self-employed","Rent","Other",1
97387,19.25,407388,1.72,"1380099",15.04,55.94,42.3,"Salaried","Own","Debt_consolidation",0
97396,19.75,2737151,2.69,"10266294",33.01,111.18,55.5,"Self-employed","Mortgage","Vehicle",1
97401,20.25,296139,1.96,"334191",33.78,113.14,65.5,"Salaried","Rent","Vehicle",1
97409,19.75,1572378,1.91,"4089659",15.54,56.57,39.4,"Self-employed","Mortgage","Vehicle",1
97412,19.25,395552,2,"737296",3.57,20.7,36,"Salaried","Mortgage","Vehicle",0
97413,21.25,850754,2.04,"2291639",33.79,114.41,64.7,"Self-employed","Mortgage","Vehicle",1
97433,16.75,362379,1.14,"1029960",17.93,70.6,41.3,"Salaried","Mortgage","Home_improvement",0
97438,35,7426,0.62,"21883",5.13,27.65,33.7,"Unemployed","Rent","Debt_consolidation",0
97439,19.25,271953,1.48,"895087",6.42,26.25,37.8,"Salaried","Mortgage","Vehicle",0
97447,17.75,768328,0.9,"2222514",22.8,73.92,46.2,"Salaried","Mortgage","Vehicle",0
97450,20.25,430686,1.77,"696357",35.99,119.43,63.8,"Salaried","Rent","Vehicle",1
97451,23.25,385145,1.62,"741961",39.55,125.86,62.1,"Salaried","Rent","Other",1
97463,20.75,96810,1.99,"160135",6.79,29.56,35.2,"Salaried","Own","Debt_consolidation",0
97470,22.25,322010,1.21,"831035",2.04,15.25,32.9,"Salaried","Rent","Vehicle",0
97474,19.75,1267384,2,"3720253",27.63,90.78,56,"Self-employed","Mortgage","Vehicle",0
97491,18.75,888075,1.27,"292635",34.94,116.77,60.4,"Contract","Mortgage","Vehicle",1
97499,18.25,340384,1.63,"1028723",37.88,124.42,63.5,"Salaried","Mortgage","Home_improvement",1
97505,16.75,309019,1.51,"505265",29.03,95.58,59.6,"Salaried","Mortgage","Home_improvement",1
97507,16.75,184059,1.01,"270124",17.49,62.19,43.5,"Salaried","Mortgage","Home_improvement",1
97518,19.75,1953560,2.06,"5043413",17.87,63.08,46.8,"Self-employed","Mortgage","Vehicle",1
97526,15.25,463133,1.43,"195908",16.31,55.28,49.8,"Salaried","Mortgage","Vehicle",0
97528,19.25,202333,1.7,"344190",33.37,109.72,60.1,"Salaried","Mortgage","Vehicle",0
97536,19.25,541428,1.28,"1008916",34.21,117.39,57.8,"Salaried","Own","Debt_consolidation",0
97545,21.25,1487624,1.1,"5147792",15.97,57.76,40.3,"Self-employed","Own","Debt_consolidation",1
97549,23.25,1141927,1.29,"3465654",5.51,29.27,34.6,"Self-employed","Mortgage","Debt_consolidation",0
97553,21.75,2428920,1.81,"6993972",21.75,75.9,49.2,"Self-employed","Mortgage","Debt_consolidation",1
97563,20.25,2861712,2.21,"7438580",37.54,125.14,70,"Self-employed","Mortgage","Home_improvement",1
97602,17.75,549924,1.77,"238462",39.3,128.5,74.2,"Salaried","Rent","Vehicle",1
97633,17.75,235756,1.72,"252209",14.94,49.33,47.8,"Salaried","Mortgage","Vehicle",0
97638,27.25,1783267,1.12,"4992803",0.14,14.01,28.1,"Self-employed","Rent","Other",0
97658,17.75,244849,1.77,"662028",19.98,72.68,46.7,"Salaried","Mortgage","Vehicle",0
97659,23.75,2590176,1.99,"5419190",7.35,32.23,30,"Self-employed","Rent","Other",1
97662,20.75,523335,0.81,"1099066",32.44,105.95,66.8,"Salaried","Own","Debt_consolidation",1
97678,21.25,1468448,1.82,"1610336",30.56,106.78,53.3,"Self-employed","Own","Debt_consolidation",1
97679,18.75,676557,1.46,"2111822",24.76,82.66,49.6,"Salaried","Rent","Vehicle",0
97689,33.25,2635,0.47,"1638",9.34,37.71,42.4,"Unemployed","Rent","Debt_consolidation",1
97694,17.75,433422,1.22,"715775",19.87,68.63,52.8,"Salaried","Mortgage","Vehicle",0
97696,26.75,1085567,2.16,"1406909",39.41,124.89,65.7,"Contract","Rent","Other",0
97702,35,8206,0.7,"13731",20.28,72.79,49.6,"Unemployed","Rent","Debt_consolidation",1
97705,20.75,158890,1.34,"398075",33.79,108.52,66.7,"Salaried","Own","Debt_consolidation",0
97716,16.75,185098,1.72,"411270",12.72,46.7,36.3,"Salaried","Mortgage","Home_improvement",0
97728,21.25,2095617,1.72,"6614685",13.74,56.17,47.6,"Self-employed","Own","Debt_consolidation",0
97732,18.75,234595,0.98,"174061",15.05,56.28,37.5,"Salaried","Rent","Vehicle",1
97737,16.75,200040,1.75,"550530",19,69.06,53.6,"Salaried","Mortgage","Home_improvement",1
97745,16.75,718877,1.56,"1667783",9.83,41.72,38.4,"Salaried","Mortgage","Home_improvement",1
97747,29.25,1838,0.42,"1514",22.04,75.17,47.6,"Unemployed","Rent","Home_improvement",1
97750,21.75,269987,1.47,"714591",0.94,12.92,24.5,"Salaried","Mortgage","Home_improvement",0
97774,18.25,304971,1.66,"990637",29.17,99.21,61.4,"Salaried","Mortgage","Home_improvement",0
97787,19.25,186216,1.7,"674978",26.11,88.69,61,"Salaried","Mortgage","Vehicle",1
97792,18.75,197943,1.39,"706250",26.13,87.79,55.3,"Salaried","Rent","Vehicle",1
97793,17.75,202725,1.16,"647506",8.43,34.04,35,"Salaried","Mortgage","Vehicle",0
97807,19.25,133541,1.49,"213335",15.43,60.26,41,"Salaried","Own","Debt_consolidation",1
97817,21.25,645853,2.3,"886999",7.98,30.42,42.8,"Contract","Mortgage","Vehicle",0
97821,18.75,350563,1.26,"919947",7.07,35.88,41.5,"Salaried","Rent","Vehicle",0
97831,19.75,563762,1.79,"927136",28.8,95.68,56.9,"Self-employed","Mortgage","Vehicle",1
97839,18.75,263930,1.47,"952068",27.62,88.76,57.8,"Salaried","Rent","Vehicle",0
97841,33.25,8059,0.43,"16160",16.86,62.53,44.4,"Unemployed","Rent","Other",0
97843,17.75,705766,1.04,"2368650",15.46,52.83,42.5,"Salaried","Mortgage","Vehicle",1
97854,19.25,240047,1.97,"106137",19.95,65.58,43.9,"Salaried","Rent","Other",0
97856,18.75,1243652,1.65,"695248",7.36,33.75,40.8,"Contract","Mortgage","Vehicle",1
97864,22.75,381607,1.69,"1143245",1.78,9.94,34.9,"Salaried","Own","Debt_consolidation",1
97865,35,4503,0.57,"3108",32.19,108.75,58.8,"Unemployed","Rent","Other",1
97867,19.75,2447285,0.96,"1822731",7.8,33.74,41.5,"Self-employed","Mortgage","Vehicle",0
97872,16.75,415297,2.01,"1408869",9.75,35.53,39.1,"Salaried","Mortgage","Home_improvement",1
97882,16.75,206797,1.17,"514940",10.36,38.38,38.7,"Salaried","Mortgage","Home_improvement",0
97889,21.25,1442468,1.61,"1984015",39.23,127.88,65.7,"Self-employed","Mortgage","Vehicle",1
97910,35,5235,0.46,"9469",17.24,61.88,49.4,"Unemployed","Rent","Other",1
97911,19.75,1348092,1.37,"4532067",21.68,77.79,51.1,"Self-employed","Mortgage","Vehicle",0
97935,33.75,4491,0.4,"3378",34.25,117.53,63.4,"Unemployed","Rent","Debt_consolidation",1
97937,24.75,354206,1.86,"799334",2.25,15.22,26.3,"Self-employed","Own","Debt_consolidation",0
97939,18.75,583951,1.71,"2119758",11.06,43.23,40,"Salaried","Rent","Vehicle",1
97940,18.75,389096,1.67,"785176",21.41,67.01,50,"Salaried","Rent","Vehicle",0
97943,19.75,1642434,1.92,"2073799",14.9,49.79,39.9,"Self-employed","Mortgage","Vehicle",1
97947,14.25,165010,1.62,"104738",20.5,74.37,49.7,"Salaried","Mortgage","Home_improvement",0
97952,18.25,369305,1.28,"1132948",30.55,103.01,65.2,"Salaried","Mortgage","Home_improvement",0
97963,18.75,368794,1.97,"1027334",32.11,107.57,56.2,"Salaried","Rent","Vehicle",1
97970,23.25,209514,1.36,"548718",39.99,129.8,68.1,"Salaried","Rent","Other",0
97976,18.75,541677,1.7,"852225",27.1,94.64,53.3,"Salaried","Rent","Vehicle",0
97980,19.25,311241,0.79,"1158997",8.47,32.69,40.8,"Salaried","Own","Debt_consolidation",0
97985,20.25,487737,1.4,"1737848",27.15,93.47,61.7,"Salaried","Rent","Vehicle",0
98021,26.75,798948,1.3,"702113",37.87,124.57,70.7,"Contract","Rent","Other",1
98024,21.75,458375,1.32,"907963",20.85,69.42,51.7,"Salaried","Rent","Other",1
98025,19.25,443119,1.56,"1224986",10.16,42.26,34.6,"Salaried","Own","Debt_consolidation",0
98036,17.75,316797,1.89,"159498",33.88,112.59,66.9,"Salaried","Rent","Vehicle",1
98099,22.75,993512,1.5,"2866437",24.97,82.91,53.4,"Contract","Own","Debt_consolidation",0
98103,23.75,1184249,1.28,"1924191",25.08,82.38,57.1,"Self-employed","Rent","Other",0
98113,18.75,1847240,1.58,"2106314",9.61,36.3,36.5,"Self-employed","Mortgage","Home_improvement",1
98119,19.25,1335228,1.89,"751883",4.99,27,38.9,"Contract","Mortgage","Home_improvement",0
98144,24.25,502878,1.96,"940075",4.17,22.04,32.5,"Contract","Own","Debt_consolidation",0
98148,19.25,545466,1.32,"2066111",5.16,25.12,35.7,"Salaried","Mortgage","Vehicle",0
98149,19.25,548047,1.46,"904298",15.84,59.79,39.8,"Salaried","Own","Debt_consolidation",0
98150,19.75,3127993,1.96,"9046399",19.18,71.54,49.9,"Self-employed","Mortgage","Vehicle",1
98164,23.25,857582,1.58,"795667",12.08,43.55,45,"Contract","Mortgage","Debt_consolidation",0
98166,18.25,242756,1.48,"548320",31.99,108.44,60.1,"Salaried","Mortgage","Home_improvement",0
98203,18.75,357515,1.87,"539918",15.16,53.11,40.2,"Salaried","Rent","Vehicle",0
98236,19.75,567160,2.12,"262089",12.56,48.5,38.1,"Contract","Rent","Vehicle",0
98249,33.25,4713,0.5,"3129",24.22,87.53,57.3,"Unemployed","Rent","Debt_consolidation",0
98253,20.25,921393,1.97,"488674",27,94.85,55.4,"Contract","Own","Debt_consolidation",1
98261,19.25,696140,1.7,"2216530",38.66,127.64,65.3,"Salaried","Mortgage","Vehicle",1
98263,21.25,271417,1.82,"932266",0.6,13.17,31.4,"Salaried","Mortgage","Vehicle",0
98273,32.25,1971,0.43,"1740",24.01,81.05,53.7,"Unemployed","Rent","Debt_consolidation",1
98280,20.75,254096,1.81,"229060",3.18,18.68,31.5,"Salaried","Own","Debt_consolidation",0
98283,18.25,543192,1.26,"361152",32.68,105.37,63.8,"Salaried","Own","Debt_consolidation",1
98295,17.75,387743,1.62,"1294269",32.23,106.91,55.9,"Salaried","Mortgage","Vehicle",1
98298,20.25,392576,1.13,"294777",1.16,12.68,28.2,"Salaried","Mortgage","Home_improvement",0
98306,18.75,443112,1.02,"1618796",27.09,88.2,58,"Salaried","Rent","Vehicle",0
98316,16.75,687604,1.61,"1549494",31.17,104.08,57.6,"Salaried","Mortgage","Home_improvement",0
98317,16.75,434874,1.45,"1025669",14.96,54.95,42.1,"Salaried","Mortgage","Home_improvement",0
98325,20.75,172523,1.78,"370231",39.28,132.66,66.3,"Salaried","Own","Debt_consolidation",1
98339,20.25,464653,1.53,"760424",36.87,119.17,70.2,"Salaried","Rent","Vehicle",0
98342,22.25,312134,2.05,"690007",1.61,11.68,32.6,"Salaried","Rent","Vehicle",1
98343,34.25,4204,0.63,"1548",12.35,46.13,37.6,"Unemployed","Rent","Other",1
98351,19.25,856437,1.7,"2875229",27.7,87.29,59.6,"Salaried","Own","Debt_consolidation",1
98360,19.25,167563,1.54,"350696",17.69,64.02,45.4,"Salaried","Own","Debt_consolidation",1
98362,22.75,1127067,1.82,"3576272",28.45,97.88,56.4,"Contract","Own","Debt_consolidation",1
98366,21.75,706111,1.62,"2038529",21.04,80.63,47.1,"Salaried","Rent","Other",0
98372,21.25,989537,1.55,"2879094",18.38,65.37,42.7,"Contract","Mortgage","Vehicle",1
98379,35,8545,0.55,"5788",32.74,107.85,57.3,"Unemployed","Rent","Debt_consolidation",1
98384,25.25,1031686,2.23,"2238386",34.87,112.26,69.1,"Self-employed","Rent","Other",1
98390,16.75,106345,1.69,"218452",15.38,60.04,45.8,"Salaried","Mortgage","Home_improvement",1
98391,19.25,512900,1.78,"614486",27.52,89.5,51.5,"Salaried","Own","Debt_consolidation",1
98392,25.25,2173294,2.08,"1988907",33.2,111.68,67.1,"Self-employed","Rent","Other",1
98394,35,3840,0.55,"7262",24.11,84.09,56.2,"Unemployed","Rent","Debt_consolidation",1
98405,18.75,207960,1.38,"436143",23.88,84.28,57.9,"Salaried","Rent","Vehicle",0
98418,21.75,239612,1.74,"552367",16.72,63.42,49.2,"Salaried","Rent","Other",1
98422,25.25,222423,1.49,"213966",2.13,20.27,25.4,"Salaried","Rent","Other",0
98423,20.25,376755,1.78,"991418",3.54,21.64,28.9,"Salaried","Rent","Vehicle",0
98433,17.75,512180,2.13,"763842",13.42,52.59,38.1,"Salaried","Mortgage","Vehicle",1
98434,35,4765,0.55,"11435",35.18,121.1,62.4,"Unemployed","Rent","Debt_consolidation",1
98436,23.75,320777,2.31,"352670",31.11,101.66,59.5,"Self-employed","Rent","Other",1
98444,23.75,2212496,2.03,"4355695",10.86,42.1,41.2,"Self-employed","Rent","Other",1
98446,20.75,332972,1.74,"1146353",31.07,106.08,62,"Salaried","Own","Debt_consolidation",1
98455,27.25,2420712,1.97,"7830291",2.67,18.69,34.8,"Self-employed","Rent","Other",0
98459,22.25,483350,1.38,"1602060",2.02,9.74,27.1,"Salaried","Rent","Vehicle",1
98462,18.25,373403,0.98,"442085",36.15,120.64,63.8,"Salaried","Mortgage","Home_improvement",1
98467,22.25,291141,1.45,"297610",10.45,40.34,37.8,"Contract","Rent","Vehicle",0
98468,20.25,318623,1.74,"867398",3.13,17.32,34.1,"Salaried","Rent","Vehicle",0
98478,13.75,210046,1.95,"63465",18.92,63.05,44.1,"Salaried","Mortgage","Vehicle",0
98485,17.75,283631,1.59,"433956",24.99,83.9,58.2,"Salaried","Mortgage","Vehicle",0
98505,20.25,595714,1.14,"261375",37.88,116.87,72.4,"Contract","Mortgage","Vehicle",1
98517,18.25,199474,1.37,"500789",32.49,106.94,63.9,"Salaried","Mortgage","Home_improvement",1
98519,22.25,534717,2.21,"511158",25.91,89.44,54.9,"Contract","Rent","Vehicle",1
98536,21.75,90707,1.58,"233703",34.71,119.42,58.3,"Salaried","Rent","Other",1
98545,19.75,1750930,1.74,"2858911",25.1,81.12,48.7,"Self-employed","Mortgage","Vehicle",1
98554,24.75,292355,2.08,"405104",36.2,118.17,61.2,"Contract","Mortgage","Debt_consolidation",1
98559,18.75,82965,1.38,"82190",8.7,39.51,40.3,"Salaried","Rent","Vehicle",1
98563,19.25,500428,1.24,"1347436",27.08,92.46,53.9,"Salaried","Own","Debt_consolidation",1
98568,17.75,439530,1.72,"1138658",19.71,69.92,52.3,"Salaried","Mortgage","Vehicle",0
98569,16.75,168221,1.43,"334643",23.51,82.89,56.3,"Salaried","Mortgage","Home_improvement",1
98574,20.25,1239507,1.69,"3168338",26.38,88.63,55.9,"Contract","Mortgage","Home_improvement",0
98576,21.25,841755,1.86,"525624",33.85,103.54,66.6,"Contract","Rent","Vehicle",0
98595,25.25,1654358,1.69,"2888562",32.15,105.36,63.2,"Self-employed","Rent","Other",0
98599,17.75,138470,1.28,"187363",27.43,99.22,52.5,"Salaried","Mortgage","Vehicle",0
98602,19.75,765944,1.91,"2819174",17.67,64.85,45.4,"Self-employed","Mortgage","Vehicle",1
98625,17.75,245954,1.45,"882891",31.03,102.25,58.7,"Salaried","Mortgage","Vehicle",0
98635,22.75,649650,1.87,"964173",33.6,114.4,64.7,"Contract","Mortgage","Vehicle",1
98639,35,6350,0.47,"4603",27.65,93.23,61.8,"Unemployed","Rent","Debt_consolidation",0
98640,18.25,511863,1.28,"740971",6.77,28.41,34.8,"Salaried","Mortgage","Home_improvement",0
98648,19.25,339128,0.94,"628716",36.13,117.72,65.6,"Salaried","Mortgage","Vehicle",1
98669,17.75,311967,1.47,"1042819",18.83,61.03,53.6,"Salaried","Mortgage","Vehicle",0
98678,21.75,100683,1.75,"363056",21.89,79.55,50.4,"Salaried","Rent","Other",1
98679,19.25,288723,1.85,"292836",24.43,85.21,48,"Salaried","Own","Debt_consolidation",1
98689,25.25,1029705,2.03,"2726792",29.25,100.88,56.3,"Contract","Rent","Other",0
98706,16.75,223478,1.5,"669022",8.8,38.2,42.1,"Salaried","Mortgage","Home_improvement",1
98710,27.25,1244424,1.76,"3063515",0.95,14.59,35.8,"Self-employed","Rent","Other",1
98714,17.75,241378,0.85,"524593",8.04,36.37,31.5,"Salaried","Mortgage","Vehicle",0
98718,23.75,763898,1.76,"1732866",29.28,96.15,56.7,"Self-employed","Rent","Other",0
98721,26.75,255199,2.04,"427079",30.71,103.35,62,"Contract","Rent","Other",0
98724,21.75,192802,2.07,"260687",12.43,46.36,39,"Salaried","Rent","Other",1
98730,23.25,497391,1.32,"1574950",32.12,112.38,65.3,"Salaried","Rent","Other",1
98736,16.75,192203,1.83,"528387",25.02,86.67,49.3,"Salaried","Mortgage","Home_improvement",0
98739,16.75,77473,1.65,"282902",29.16,97.66,53.6,"Salaried","Mortgage","Home_improvement",1
98768,21.75,179990,1.47,"497783",22.89,82.57,56.6,"Salaried","Rent","Other",1
98776,23.75,534316,1.4,"617476",9.15,36.56,43,"Self-employed","Rent","Other",1
98785,35,2956,0.47,"7234",37.55,120.18,70.2,"Unemployed","Rent","Debt_consolidation",1
98786,20.25,637927,1.81,"2092336",0.1,9.26,27.9,"Salaried","Mortgage","Home_improvement",0
98796,19.75,1656699,2.14,"4245142",23.29,75.51,48.7,"Self-employed","Mortgage","Vehicle",1
98797,18.75,681443,1.37,"1719949",18.08,66.65,48.7,"Salaried","Rent","Vehicle",1
98809,17.75,323623,1.08,"592781",20.72,70.9,49.2,"Salaried","Mortgage","Vehicle",0
98810,35,1228,0.56,"1492",8.26,29.92,30.4,"Unemployed","Rent","Debt_consolidation",1
98817,35,2110,0.66,"4054",15.06,53.88,42.4,"Unemployed","Rent","Debt_consolidation",0
98835,19.25,216228,1.68,"782611",6.26,29.03,38,"Salaried","Mortgage","Vehicle",0
98840,19.75,1203466,1.94,"1960051",22.07,76.31,56,"Self-employed","Mortgage","Vehicle",1
98860,18.75,543223,1.77,"222577",2.83,12.61,36.3,"Salaried","Mortgage","Vehicle",1
98908,20.75,590226,1.42,"1551409",5.31,25.07,35.3,"Salaried","Own","Debt_consolidation",0
98931,21.75,707258,1.39,"2019547",16.56,58.72,46.9,"Salaried","Rent","Other",0
98937,19.75,1277056,2.34,"892197",23.8,87.23,49.9,"Self-employed","Mortgage","Vehicle",0
98938,22.25,848573,1.65,"2838017",12.88,47.47,41.7,"Contract","Rent","Vehicle",0
98947,16.75,692513,1.42,"1269215",20.52,71.13,54.7,"Salaried","Mortgage","Home_improvement",0
98956,19.25,373918,1.49,"781176",10.58,40.79,37.9,"Salaried","Own","Debt_consolidation",0
98993,20.25,392124,1.55,"1233022",5.84,31.36,31.4,"Salaried","Rent","Vehicle",1
99004,35,6772,0.6,"22443",8.49,33.72,33.2,"Unemployed","Rent","Debt_consolidation",1
99012,19.25,716733,2.13,"466408",25.95,87.58,56.4,"Salaried","Rent","Other",1
99021,20.25,316855,1.41,"389277",4.15,20.14,29.8,"Salaried","Rent","Vehicle",1
99023,20.75,319181,1.36,"194739",33.24,106.61,63.7,"Salaried","Rent","Other",1
99033,16.75,542173,1.56,"1449875",16.32,58.44,44,"Salaried","Mortgage","Home_improvement",1
99041,17.75,188006,1.89,"686268",12.62,41.89,38.2,"Salaried","Mortgage","Vehicle",1
99044,20.25,431719,1.21,"798509",30.07,100,60.4,"Salaried","Rent","Vehicle",0
99052,18.75,212082,1.46,"315242",17.9,68.7,51,"Salaried","Rent","Vehicle",0
99057,17.75,424512,1.18,"809076",17.81,65.17,47,"Salaried","Mortgage","Vehicle",0
99070,23.75,408540,1.51,"938724",0.55,11.63,22.7,"Salaried","Rent","Vehicle",0
99074,16.25,153102,1.8,"80030",16.85,63.95,46.2,"Salaried","Rent","Vehicle",0
99075,19.25,102697,1.33,"281180",20.41,70.97,53.3,"Salaried","Own","Debt_consolidation",1
99085,19.25,114729,1.6,"395651",31.55,112.03,65.6,"Salaried","Mortgage","Vehicle",0
99093,18.75,2752987,0.61,"8352467",30.85,100.08,53.8,"Self-employed","Mortgage","Home_improvement",0
99100,23.25,570793,1.99,"497013",6.85,29.44,36.4,"Salaried","Rent","Other",0
99103,18.25,431094,1.73,"1406702",37.04,115.76,63.4,"Salaried","Mortgage","Home_improvement",0
99111,31.25,2375,0.34,"4469",37.04,123.29,61.2,"Unemployed","Rent","Debt_consolidation",1
99121,18.25,327820,1.96,"319114",38.48,125.49,62.2,"Salaried","Mortgage","Home_improvement",1
99140,16.75,561379,1.62,"1342573",16.33,58.71,42.7,"Salaried","Mortgage","Home_improvement",0
99142,23.75,361083,2.35,"879207",20.42,73.76,49.7,"Self-employed","Rent","Other",1
99145,18.75,481720,1.1,"1127209",14.99,57.61,42.9,"Salaried","Rent","Vehicle",1
99152,18.75,331977,1.94,"1175915",17.71,64.79,42.4,"Salaried","Rent","Vehicle",0
99158,19.75,1001585,2.05,"2937465",29.02,99.65,51.5,"Self-employed","Mortgage","Vehicle",1
99162,19.75,2431277,1.08,"5360782",30.44,101.48,57.8,"Self-employed","Mortgage","Vehicle",1
99163,25.25,2556272,1.79,"8161302",5.62,24.42,30.7,"Self-employed","Rent","Other",1
99164,17.75,521973,1.08,"793511",23.77,83.56,49.9,"Salaried","Mortgage","Vehicle",0
99177,18.75,241920,1.57,"493606",15.9,59.11,39.5,"Salaried","Rent","Vehicle",0
99186,21.75,2792488,1.56,"2232878",11.34,44.55,44.9,"Self-employed","Mortgage","Debt_consolidation",1
99190,16.75,775262,1.81,"2917102",12.29,46.85,38,"Salaried","Mortgage","Home_improvement",0
99193,19.75,1150366,1.69,"1530426",21.71,74.91,48.5,"Self-employed","Mortgage","Vehicle",0
99198,35,8213,0.51,"20157",1.06,10.3,28.2,"Unemployed","Rent","Debt_consolidation",1
99199,35,7343,0.58,"21789",25.27,81.86,49.7,"Unemployed","Rent","Debt_consolidation",1
99206,18.75,487600,1.56,"1726999",21.15,71.65,55.1,"Salaried","Rent","Vehicle",1
99238,35,8688,0.51,"18467",32.31,102.21,62,"Unemployed","Rent","Debt_consolidation",1
99245,20.25,429024,1.36,"1159611",33.94,108.77,62.5,"Salaried","Rent","Vehicle",1
99248,18.75,338273,1.33,"507370",24.28,83.23,52.4,"Salaried","Rent","Vehicle",1
99256,20.75,351362,1.72,"470865",33.09,114.62,62.4,"Salaried","Own","Debt_consolidation",1
99260,34.75,7062,0.62,"7932",23.39,81.13,53.4,"Unemployed","Mortgage","Debt_consolidation",1
99281,17.75,91069,2.07,"303766",18.83,72.87,41.4,"Salaried","Mortgage","Vehicle",0
99303,16.75,137110,1.56,"177456",26.02,87.81,58.4,"Salaried","Mortgage","Home_improvement",1
99315,21.75,518289,1.64,"1375482",16.79,65.25,44.4,"Salaried","Rent","Other",0
99349,19.75,473643,1.09,"1232488",31.32,99.1,56.4,"Self-employed","Mortgage","Vehicle",1
99353,17.75,334859,1.42,"1184311",35.45,120.48,58.9,"Salaried","Mortgage","Vehicle",1
99362,19.25,462959,1.15,"1394219",31.61,105.38,61.1,"Salaried","Mortgage","Vehicle",0
99367,20.25,405548,1.29,"718293",0.75,11.66,34.7,"Salaried","Mortgage","Home_improvement",0
99395,18.25,204615,1.29,"150286",37.29,123.13,65.6,"Salaried","Mortgage","Home_improvement",1
99401,16.25,1700293,1.99,"695200",17.72,63.68,46.3,"Self-employed","Mortgage","Home_improvement",1
99406,19.25,325593,0.83,"571069",16.43,56.43,51,"Salaried","Own","Debt_consolidation",1
99411,26.75,1424101,1.46,"5357351",30.19,101.29,61.5,"Contract","Rent","Other",1
99417,18.25,459549,1.16,"1036437",3.69,19.75,30.3,"Salaried","Mortgage","Home_improvement",0
99429,32.25,2863,0.4,"8353",28.79,98.27,54.2,"Unemployed","Rent","Debt_consolidation",1
99434,25.25,852048,1.8,"2179890",30.79,99.38,60.4,"Self-employed","Rent","Other",1
99436,17.25,1835658,2.07,"920501",7.57,26.32,33.6,"Self-employed","Mortgage","Vehicle",0
99441,14.25,555365,1.63,"187923",32.93,112.31,55.5,"Salaried","Mortgage","Home_improvement",1
99442,35,1783,0.51,"6307",15.8,57.94,43.9,"Unemployed","Rent","Debt_consolidation",1
99443,18.75,72991,1.39,"273287",7.11,26.69,40.2,"Salaried","Rent","Vehicle",0
99458,19.25,271207,1.36,"711443",21.73,75.81,46.2,"Salaried","Own","Debt_consolidation",1
99463,20.25,434220,1.38,"1370680",4.7,24.51,38.4,"Salaried","Rent","Vehicle",0
99474,19.25,90386,1.49,"225216",26.29,91.6,51.9,"Salaried","Own","Debt_consolidation",1
99484,23.75,1535063,1.64,"2668994",31.09,104.24,58.2,"Self-employed","Rent","Other",0
99492,18.75,407049,1.55,"512626",10.94,45.13,36.9,"Salaried","Rent","Vehicle",0
99511,25.25,2383909,1.87,"8026732",34.16,112.53,68,"Self-employed","Rent","Other",1
99520,21.25,1575964,0.96,"2603731",32.74,105.38,57.5,"Contract","Mortgage","Vehicle",1
99534,21.75,456293,1.53,"319730",19.67,69.47,44.4,"Salaried","Rent","Other",1
99538,18.75,419395,1.19,"890930",22.24,74.63,54.4,"Salaried","Rent","Vehicle",0
99545,18.75,235551,1.48,"510253",24.32,83.36,57.2,"Salaried","Rent","Vehicle",1
99561,35,3367,0.62,"9735",32.9,112.84,66.1,"Unemployed","Rent","Debt_consolidation",1
99563,24.75,592866,2.06,"1756893",1.36,16.28,29.1,"Self-employed","Own","Debt_consolidation",1
99568,18.75,337117,1.46,"832194",27.56,94.3,49.7,"Salaried","Rent","Vehicle",1
99573,22.75,1519985,1.9,"4269239",36.69,117.54,67,"Self-employed","Own","Debt_consolidation",1
99586,19.75,2352873,1.11,"4698618",10.95,38.74,36,"Self-employed","Mortgage","Vehicle",0
99587,17.75,207282,1.66,"592295",18.02,63.05,42.5,"Salaried","Mortgage","Vehicle",0
99596,21.25,894321,1.58,"2180914",39.75,126.34,71.2,"Self-employed","Mortgage","Vehicle",1
99605,18.75,1883769,1.67,"3670645",14.42,54.69,43.2,"Self-employed","Mortgage","Home_improvement",1
99607,20.25,457356,1.57,"883371",31.74,102.82,65.3,"Salaried","Rent","Vehicle",1
99637,21.25,347909,1.99,"513202",13.66,54,41.7,"Contract","Mortgage","Vehicle",1
99646,22.25,323707,1.68,"298768",1.93,17.98,29.1,"Salaried","Rent","Vehicle",0
99662,20.25,2181565,1.11,"6013961",29.31,99.59,61.7,"Self-employed","Mortgage","Home_improvement",1
99666,18.25,266564,1.76,"510000",34.34,116.72,69.2,"Salaried","Mortgage","Home_improvement",0
99667,17.75,335686,1.46,"284353",11.64,42.05,42.6,"Salaried","Mortgage","Vehicle",1
99692,35,2075,0.5,"5597",31.58,104.57,59.2,"Unemployed","Rent","Other",0
99699,18.75,721064,1.67,"1421666",10.88,44.15,43.7,"Salaried","Rent","Vehicle",0
99726,19.25,107479,1.15,"326978",22.86,79.7,47.7,"Salaried","Own","Debt_consolidation",0
99735,19.75,1362692,1.91,"3622177",22.53,78.13,49.2,"Self-employed","Mortgage","Vehicle",1
99747,20.75,255880,1.57,"764269",33.93,113.39,68.3,"Salaried","Own","Debt_consolidation",0
99752,19.25,491383,1.81,"1335418",36.57,122.32,63.6,"Salaried","Mortgage","Vehicle",1
99756,19.25,320109,1.6,"225272",36.02,118.58,63.5,"Salaried","Mortgage","Vehicle",1
99759,21.25,883540,2.54,"3113172",12.29,46.44,39.3,"Self-employed","Own","Debt_consolidation",1
99760,25.25,309564,1.48,"1090471",0.81,18.09,28.9,"Salaried","Rent","Other",0
99782,19.75,2768729,2.2,"4031778",31.13,102.73,55,"Self-employed","Mortgage","Vehicle",1
99783,19.25,556322,1.33,"1437213",39.97,126.82,74,"Salaried","Mortgage","Vehicle",0
99784,17.75,117590,0.91,"417857",11.03,45.34,44.3,"Salaried","Mortgage","Vehicle",0
99785,20.25,186804,1.37,"627262",0.29,8.33,34.6,"Salaried","Mortgage","Home_improvement",0
99812,18.75,735299,2.32,"956666",23.26,75.28,52.2,"Self-employed","Mortgage","Home_improvement",1
99826,21.75,662424,2.39,"2290925",14.6,63.86,38.4,"Self-employed","Mortgage","Debt_consolidation",0
99828,19.25,152630,1.95,"360822",12.66,52.89,35,"Salaried","Own","Debt_consolidation",1
99833,23.25,439533,1.49,"579422",3.19,23.07,30.5,"Salaried","Rent","Other",0
99834,18.75,676749,1.89,"215073",27.94,90.69,60.5,"Contract","Mortgage","Vehicle",1
99842,32.75,4775,0.6,"9320",9.58,40.23,32,"Unemployed","Rent","Home_improvement",1
99853,14.25,251682,1.4,"93236",35.83,110.13,59,"Salaried","Mortgage","Home_improvement",0
99860,19.25,525656,1.78,"796267",12.76,46.89,47.5,"Salaried","Own","Debt_consolidation",1
99865,19.25,531756,1.81,"1943857",3.21,16.68,26.2,"Salaried","Mortgage","Vehicle",0
99888,25.25,559744,1.39,"1847008",26.6,95.04,56.4,"Contract","Rent","Other",1
99896,21.75,94356,1.15,"152607",39.59,131.24,61.9,"Contract","Mortgage","Home_improvement",0
99914,35,5056,0.51,"5621",30.53,101.66,63.7,"Unemployed","Rent","Debt_consolidation",0
99915,21.25,3049932,1.49,"10765154",6.2,23.2,28.7,"Self-employed","Mortgage","Vehicle",0
99944,23.25,2957177,1.8,"4862336",37.62,131.3,60.3,"Self-employed","Mortgage","Debt_consolidation",1
99957,16.75,412738,2,"813044",11.49,40.23,45.2,"Salaried","Mortgage","Home_improvement",0
99973,20.25,540395,1.56,"2034218",18.32,61.28,50.4,"Contract","Mortgage","Home_improvement",1
99981,32.75,3648,0.45,"6496",0.46,9.17,32.3,"Unemployed","Rent","Home_improvement",1
99983,21.75,735595,1.23,"1407215",2.35,20.5,24.7,"Salaried","Mortgage","Home_improvement",0
99984,26.75,308024,1.12,"1012955",3.13,19.1,37.5,"Contract","Rent","Other",1
99990,17.75,209245,1.7,"348287",26.59,86.9,56.7,"Salaried","Mortgage","Vehicle",0
99995,14.75,643123,1.95,"198908",18.81,65.65,51.8,"Salaried","Rent","Vehicle",1
99997,35,5728,0.55,"8169",29.67,98.39,57,"Unemployed","Rent","Debt_consolidation",1
